{"get": "standings", "parameters": {"league": "140", "season": "2025"}, "errors": [], "results": 1, "paging": {"current": 1, "total": 1}, "response": [{"league": {"id": 140, "name": "La Liga", "country": "Spain", "logo": "https://media.api-sports.io/football/leagues/140.png", "flag": "https://media.api-sports.io/flags/es.svg", "season": 2025, "standings": [[{"rank": 1, "team": {"id": 541, "name": "Real Madrid", "logo": "https://media.api-sports.io/football/teams/541.png"}, "points": 60, "goalsDiff": 34, "group": "Primera Divisi\u00f3n", "form": "WWWWW", "status": "same", "description": "Promotion - Champions League (League phase)", "all": {"played": 24, "win": 19, "draw": 3, "lose": 2, "goals": {"for": 53, "against": 19}}, "home": {"played": 12, "win": 11, "draw": 0, "lose": 1, "goals": {"for": 29, "against": 8}}, "away": {"played": 12, "win": 8, "draw": 3, "lose": 1, "goals": {"for": 24, "against": 11}}, "update": "2026-02-15T00:00:00+00:00"}, {"rank": 2, "team": {"id": 529, "name": "Barcelona", "logo": "https://media.api-sports.io/football/teams/529.png"}, "points": 58, "goalsDiff": 40, "group": "Primera Divisi\u00f3n", "form": "WWWLW", "status": "same", "description": "Promotion - Champions League (League phase)", "all": {"played": 23, "win": 19, "draw": 1, "lose": 3, "goals": {"for": 63, "against": 23}}, "home": {"played": 11, "win": 11, "draw": 0, "lose": 0, "goals": {"for": 34, "against": 5}}, "away": {"played": 12, "win": 8, "draw": 1, "lose": 3, "goals": {"for": 29, "against": 18}}, "update": "2026-02-15T00:00:00+00:00"}, {"rank": 3, "team": {"id": 533, "name": "Villarreal", "logo": "https://media.api-sports.io/football/teams/533.png"}, "points": 45, "goalsDiff": 18, "group": "Primera Divisi\u00f3n", "form": "LWDLL", "status": "same", "description": "Promotion - Champions League (League phase)", "all": {"played": 23, "win": 14, "draw": 3, "lose": 6, "goals": {"for": 44, "against": 26}}, "home": {"played": 12, "win": 9, "draw": 1, "lose": 2, "goals": {"for": 27, "against": 10}}, "away": {"played": 11, "win": 5, "draw": 2, "lose": 4, "goals": {"for": 17, "against": 16}}, "update": "2026-02-15T00:00:00+00:00"}, {"rank": 4, "team": {"id": 530, "name": "Atletico Madrid", "logo": "https://media.api-sports.io/football/teams/530.png"}, "points": 45, "goalsDiff": 17, "group": "Primera Divisi\u00f3n", "form": "LLDWW", "status": "same", "description": "Promotion - Champions League (League phase)", "all": {"played": 24, "win": 13, "draw": 6, "lose": 5, "goals": {"for": 38, "against": 21}}, "home": {"played": 12, "win": 10, "draw": 1, "lose": 1, "goals": {"for": 26, "against": 8}}, "away": {"played": 12, "win": 3, "draw": 5, "lose": 4, "goals": {"for": 12, "against": 13}}, "update": "2026-02-15T00:00:00+00:00"}, {"rank": 5, "team": {"id": 543, "name": "Real Betis", "logo": "https://media.api-sports.io/football/teams/543.png"}, "points": 41, "goalsDiff": 10, "group": "Primera Divisi\u00f3n", "form": "WWWLW", "status": "same", "description": "Promotion - Europa League (League phase)", "all": {"played": 24, "win": 11, "draw": 8, "lose": 5, "goals": {"for": 39, "against": 29}}, "home": {"played": 11, "win": 7, "draw": 1, "lose": 3, "goals": {"for": 22, "against": 12}}, "away": {"played": 13, "win": 4, "draw": 7, "lose": 2, "goals": {"for": 17, "against": 17}}, "update": "2026-02-15T00:00:00+00:00"}, {"rank": 6, "team": {"id": 540, "name": "Espanyol", "logo": "https://media.api-sports.io/football/teams/540.png"}, "points": 35, "goalsDiff": -4, "group": "Primera Divisi\u00f3n", "form": "DLLLL", "status": "same", "description": "Promotion - Conference League (Qualification)", "all": {"played": 24, "win": 10, "draw": 5, "lose": 9, "goals": {"for": 29, "against": 33}}, "home": {"played": 13, "win": 6, "draw": 2, "lose": 5, "goals": {"for": 16, "against": 18}}, "away": {"played": 11, "win": 4, "draw": 3, "lose": 4, "goals": {"for": 13, "against": 15}}, "update": "2026-02-15T00:00:00+00:00"}, {"rank": 7, "team": {"id": 538, "name": "Celta Vigo", "logo": "https://media.api-sports.io/football/teams/538.png"}, "points": 34, "goalsDiff": 5, "group": "Primera Divisi\u00f3n", "form": "DLDLW", "status": "same", "description": null, "all": {"played": 24, "win": 8, "draw": 10, "lose": 6, "goals": {"for": 32, "against": 27}}, "home": {"played": 12, "win": 3, "draw": 5, "lose": 4, "goals": {"for": 17, "against": 15}}, "away": {"played": 12, "win": 5, "draw": 5, "lose": 2, "goals": {"for": 15, "against": 12}}, "update": "2026-02-15T00:00:00+00:00"}, {"rank": 8, "team": {"id": 548, "name": "Real Sociedad", "logo": "https://media.api-sports.io/football/teams/548.png"}, "points": 31, "goalsDiff": -1, "group": "Primera Divisi\u00f3n", "form": "LWDWW", "status": "same", "description": null, "all": {"played": 24, "win": 8, "draw": 7, "lose": 9, "goals": {"for": 34, "against": 35}}, "home": {"played": 12, "win": 6, "draw": 2, "lose": 4, "goals": {"for": 21, "against": 17}}, "away": {"played": 12, "win": 2, "draw": 5, "lose": 5, "goals": {"for": 13, "against": 18}}, "update": "2026-02-15T00:00:00+00:00"}, {"rank": 9, "team": {"id": 531, "name": "Athletic Club", "logo": "https://media.api-sports.io/football/teams/531.png"}, "points": 31, "goalsDiff": -7, "group": "Primera Divisi\u00f3n", "form": "WWDLL", "status": "same", "description": null, "all": {"played": 24, "win": 9, "draw": 4, "lose": 11, "goals": {"for": 27, "against": 34}}, "home": {"played": 12, "win": 6, "draw": 2, "lose": 4, "goals": {"for": 15, "against": 14}}, "away": {"played": 12, "win": 3, "draw": 2, "lose": 7, "goals": {"for": 12, "against": 20}}, "update": "2026-02-15T00:00:00+00:00"}, {"rank": 10, "team": {"id": 727, "name": "Osasuna", "logo": "https://media.api-sports.io/football/teams/727.png"}, "points": 30, "goalsDiff": 0, "group": "Primera Divisi\u00f3n", "form": "DWDWW", "status": "same", "description": null, "all": {"played": 24, "win": 8, "draw": 6, "lose": 10, "goals": {"for": 28, "against": 28}}, "home": {"played": 11, "win": 6, "draw": 3, "lose": 2, "goals": {"for": 20, "against": 13}}, "away": {"played": 13, "win": 2, "draw": 3, "lose": 8, "goals": {"for": 8, "against": 15}}, "update": "2026-02-15T00:00:00+00:00"}, {"rank": 11, "team": {"id": 546, "name": "Getafe", "logo": "https://media.api-sports.io/football/teams/546.png"}, "points": 29, "goalsDiff": -8, "group": "Primera Divisi\u00f3n", "form": "WWDDL", "status": "same", "description": null, "all": {"played": 24, "win": 8, "draw": 5, "lose": 11, "goals": {"for": 20, "against": 28}}, "home": {"played": 12, "win": 4, "draw": 3, "lose": 5, "goals": {"for": 10, "against": 10}}, "away": {"played": 12, "win": 4, "draw": 2, "lose": 6, "goals": {"for": 10, "against": 18}}, "update": "2026-02-15T00:00:00+00:00"}, {"rank": 12, "team": {"id": 536, "name": "Sevilla", "logo": "https://media.api-sports.io/football/teams/536.png"}, "points": 26, "goalsDiff": -8, "group": "Primera Divisi\u00f3n", "form": "DDLWD", "status": "same", "description": null, "all": {"played": 24, "win": 7, "draw": 5, "lose": 12, "goals": {"for": 31, "against": 39}}, "home": {"played": 13, "win": 4, "draw": 3, "lose": 6, "goals": {"for": 18, "against": 19}}, "away": {"played": 11, "win": 3, "draw": 2, "lose": 6, "goals": {"for": 13, "against": 20}}, "update": "2026-02-15T00:00:00+00:00"}, {"rank": 13, "team": {"id": 542, "name": "Alaves", "logo": "https://media.api-sports.io/football/teams/542.png"}, "points": 26, "goalsDiff": -9, "group": "Primera Divisi\u00f3n", "form": "DLWWL", "status": "same", "description": null, "all": {"played": 24, "win": 7, "draw": 5, "lose": 12, "goals": {"for": 21, "against": 30}}, "home": {"played": 12, "win": 5, "draw": 3, "lose": 4, "goals": {"for": 14, "against": 13}}, "away": {"played": 12, "win": 2, "draw": 2, "lose": 8, "goals": {"for": 7, "against": 17}}, "update": "2026-02-15T00:00:00+00:00"}, {"rank": 14, "team": {"id": 532, "name": "Valencia", "logo": "https://media.api-sports.io/football/teams/532.png"}, "points": 26, "goalsDiff": -12, "group": "Primera Divisi\u00f3n", "form": "WLLWW", "status": "same", "description": null, "all": {"played": 24, "win": 6, "draw": 8, "lose": 10, "goals": {"for": 25, "against": 37}}, "home": {"played": 12, "win": 4, "draw": 5, "lose": 3, "goals": {"for": 15, "against": 13}}, "away": {"played": 12, "win": 2, "draw": 3, "lose": 7, "goals": {"for": 10, "against": 24}}, "update": "2026-02-15T00:00:00+00:00"}, {"rank": 15, "team": {"id": 547, "name": "Girona", "logo": "https://media.api-sports.io/football/teams/547.png"}, "points": 26, "goalsDiff": -15, "group": "Primera Divisi\u00f3n", "form": "DLDWW", "status": "same", "description": null, "all": {"played": 23, "win": 6, "draw": 8, "lose": 9, "goals": {"for": 22, "against": 37}}, "home": {"played": 11, "win": 3, "draw": 4, "lose": 4, "goals": {"for": 10, "against": 18}}, "away": {"played": 12, "win": 3, "draw": 4, "lose": 5, "goals": {"for": 12, "against": 19}}, "update": "2026-02-15T00:00:00+00:00"}, {"rank": 16, "team": {"id": 797, "name": "Elche", "logo": "https://media.api-sports.io/football/teams/797.png"}, "points": 25, "goalsDiff": -4, "group": "Primera Divisi\u00f3n", "form": "DLLLD", "status": "same", "description": null, "all": {"played": 24, "win": 5, "draw": 10, "lose": 9, "goals": {"for": 31, "against": 35}}, "home": {"played": 13, "win": 5, "draw": 6, "lose": 2, "goals": {"for": 20, "against": 13}}, "away": {"played": 11, "win": 0, "draw": 4, "lose": 7, "goals": {"for": 11, "against": 22}}, "update": "2026-02-15T00:00:00+00:00"}, {"rank": 17, "team": {"id": 728, "name": "Rayo Vallecano", "logo": "https://media.api-sports.io/football/teams/728.png"}, "points": 25, "goalsDiff": -9, "group": "Primera Divisi\u00f3n", "form": "WLLLW", "status": "same", "description": null, "all": {"played": 23, "win": 6, "draw": 7, "lose": 10, "goals": {"for": 21, "against": 30}}, "home": {"played": 11, "win": 3, "draw": 6, "lose": 2, "goals": {"for": 11, "against": 9}}, "away": {"played": 12, "win": 3, "draw": 1, "lose": 8, "goals": {"for": 10, "against": 21}}, "update": "2026-02-15T00:00:00+00:00"}, {"rank": 18, "team": {"id": 798, "name": "Mallorca", "logo": "https://media.api-sports.io/football/teams/798.png"}, "points": 24, "goalsDiff": -10, "group": "Primera Divisi\u00f3n", "form": "LLWLW", "status": "same", "description": "Relegation - LaLiga2", "all": {"played": 24, "win": 6, "draw": 6, "lose": 12, "goals": {"for": 29, "against": 39}}, "home": {"played": 12, "win": 5, "draw": 4, "lose": 3, "goals": {"for": 19, "against": 16}}, "away": {"played": 12, "win": 1, "draw": 2, "lose": 9, "goals": {"for": 10, "against": 23}}, "update": "2026-02-15T00:00:00+00:00"}, {"rank": 19, "team": {"id": 539, "name": "Levante", "logo": "https://media.api-sports.io/football/teams/539.png"}, "points": 18, "goalsDiff": -14, "group": "Primera Divisi\u00f3n", "form": "LLDWL", "status": "same", "description": "Relegation - LaLiga2", "all": {"played": 23, "win": 4, "draw": 6, "lose": 13, "goals": {"for": 26, "against": 40}}, "home": {"played": 11, "win": 1, "draw": 4, "lose": 6, "goals": {"for": 11, "against": 22}}, "away": {"played": 12, "win": 3, "draw": 2, "lose": 7, "goals": {"for": 15, "against": 18}}, "update": "2026-02-15T00:00:00+00:00"}, {"rank": 20, "team": {"id": 718, "name": "Oviedo", "logo": "https://media.api-sports.io/football/teams/718.png"}, "points": 16, "goalsDiff": -23, "group": "Primera Divisi\u00f3n", "form": "LWLLD", "status": "same", "description": "Relegation - LaLiga2", "all": {"played": 23, "win": 3, "draw": 7, "lose": 13, "goals": {"for": 13, "against": 36}}, "home": {"played": 12, "win": 2, "draw": 5, "lose": 5, "goals": {"for": 5, "against": 13}}, "away": {"played": 11, "win": 1, "draw": 2, "lose": 8, "goals": {"for": 8, "against": 23}}, "update": "2026-02-15T00:00:00+00:00"}]]}}]}