{"get": "injuries", "parameters": {"league": "78", "season": "2025", "team": "180"}, "errors": [], "results": 79, "paging": {"current": 1, "total": 1}, "response": [{"player": {"id": 8959, "name": "Adrian Beck", "photo": "https://media.api-sports.io/football/players/8959.png", "type": "Missing Fixture", "reason": "Bruise"}, "team": {"id": 180, "name": "1. FC Heidenheim", "logo": "https://media.api-sports.io/football/teams/180.png"}, "fixture": {"id": 1388313, "timezone": "UTC", "date": "2025-08-23T13:30:00+00:00", "timestamp": 1755955800}, "league": {"id": 78, "season": 2025, "name": "Bundesliga", "country": "Germany", "logo": "https://media.api-sports.io/football/leagues/78.png", "flag": "https://media.api-sports.io/flags/de.svg"}}, {"player": {"id": 125723, "name": "Thomas Keller", "photo": "https://media.api-sports.io/football/players/125723.png", "type": "Missing Fixture", "reason": "Ankle Injury"}, "team": {"id": 180, "name": "1. FC Heidenheim", "logo": "https://media.api-sports.io/football/teams/180.png"}, "fixture": {"id": 1388313, "timezone": "UTC", "date": "2025-08-23T13:30:00+00:00", "timestamp": 1755955800}, "league": {"id": 78, "season": 2025, "name": "Bundesliga", "country": "Germany", "logo": "https://media.api-sports.io/football/leagues/78.png", "flag": "https://media.api-sports.io/flags/de.svg"}}, {"player": {"id": 178106, "name": "Marvin Pieringer", "photo": "https://media.api-sports.io/football/players/178106.png", "type": "Missing Fixture", "reason": "Ankle Injury"}, "team": {"id": 180, "name": "1. FC Heidenheim", "logo": "https://media.api-sports.io/football/teams/180.png"}, "fixture": {"id": 1388313, "timezone": "UTC", "date": "2025-08-23T13:30:00+00:00", "timestamp": 1755955800}, "league": {"id": 78, "season": 2025, "name": "Bundesliga", "country": "Germany", "logo": "https://media.api-sports.io/football/leagues/78.png", "flag": "https://media.api-sports.io/flags/de.svg"}}, {"player": {"id": 328008, "name": "Frank Feller", "photo": "https://media.api-sports.io/football/players/328008.png", "type": "Missing Fixture", "reason": "Sideband tear in the knee"}, "team": {"id": 180, "name": "1. FC Heidenheim", "logo": "https://media.api-sports.io/football/teams/180.png"}, "fixture": {"id": 1388313, "timezone": "UTC", "date": "2025-08-23T13:30:00+00:00", "timestamp": 1755955800}, "league": {"id": 78, "season": 2025, "name": "Bundesliga", "country": "Germany", "logo": "https://media.api-sports.io/football/leagues/78.png", "flag": "https://media.api-sports.io/flags/de.svg"}}, {"player": {"id": 328008, "name": "F. Feller", "photo": "https://media.api-sports.io/football/players/328008.png", "type": "Missing Fixture", "reason": "Knee Injury"}, "team": {"id": 180, "name": "1. FC Heidenheim", "logo": "https://media.api-sports.io/football/teams/180.png"}, "fixture": {"id": 1388339, "timezone": "UTC", "date": "2025-09-20T13:30:00+00:00", "timestamp": 1758375000}, "league": {"id": 78, "season": 2025, "name": "Bundesliga", "country": "Germany", "logo": "https://media.api-sports.io/football/leagues/78.png", "flag": "https://media.api-sports.io/flags/de.svg"}}, {"player": {"id": 24955, "name": "M. Honsak", "photo": "https://media.api-sports.io/football/players/24955.png", "type": "Missing Fixture", "reason": "Muscle Injury"}, "team": {"id": 180, "name": "1. FC Heidenheim", "logo": "https://media.api-sports.io/football/teams/180.png"}, "fixture": {"id": 1388339, "timezone": "UTC", "date": "2025-09-20T13:30:00+00:00", "timestamp": 1758375000}, "league": {"id": 78, "season": 2025, "name": "Bundesliga", "country": "Germany", "logo": "https://media.api-sports.io/football/leagues/78.png", "flag": "https://media.api-sports.io/flags/de.svg"}}, {"player": {"id": 125723, "name": "T. Keller", "photo": "https://media.api-sports.io/football/players/125723.png", "type": "Missing Fixture", "reason": "Knee Injury"}, "team": {"id": 180, "name": "1. FC Heidenheim", "logo": "https://media.api-sports.io/football/teams/180.png"}, "fixture": {"id": 1388339, "timezone": "UTC", "date": "2025-09-20T13:30:00+00:00", "timestamp": 1758375000}, "league": {"id": 78, "season": 2025, "name": "Bundesliga", "country": "Germany", "logo": "https://media.api-sports.io/football/leagues/78.png", "flag": "https://media.api-sports.io/flags/de.svg"}}, {"player": {"id": 25178, "name": "L. Paqarada", "photo": "https://media.api-sports.io/football/players/25178.png", "type": "Missing Fixture", "reason": "Knee Injury"}, "team": {"id": 180, "name": "1. FC Heidenheim", "logo": "https://media.api-sports.io/football/teams/180.png"}, "fixture": {"id": 1388339, "timezone": "UTC", "date": "2025-09-20T13:30:00+00:00", "timestamp": 1758375000}, "league": {"id": 78, "season": 2025, "name": "Bundesliga", "country": "Germany", "logo": "https://media.api-sports.io/football/leagues/78.png", "flag": "https://media.api-sports.io/flags/de.svg"}}, {"player": {"id": 178106, "name": "M. Pieringer", "photo": "https://media.api-sports.io/football/players/178106.png", "type": "Missing Fixture", "reason": "Ankle Injury"}, "team": {"id": 180, "name": "1. FC Heidenheim", "logo": "https://media.api-sports.io/football/teams/180.png"}, "fixture": {"id": 1388339, "timezone": "UTC", "date": "2025-09-20T13:30:00+00:00", "timestamp": 1758375000}, "league": {"id": 78, "season": 2025, "name": "Bundesliga", "country": "Germany", "logo": "https://media.api-sports.io/football/leagues/78.png", "flag": "https://media.api-sports.io/flags/de.svg"}}, {"player": {"id": 24641, "name": "B. Zivzivadze", "photo": "https://media.api-sports.io/football/players/24641.png", "type": "Missing Fixture", "reason": "Red Card"}, "team": {"id": 180, "name": "1. FC Heidenheim", "logo": "https://media.api-sports.io/football/teams/180.png"}, "fixture": {"id": 1388339, "timezone": "UTC", "date": "2025-09-20T13:30:00+00:00", "timestamp": 1758375000}, "league": {"id": 78, "season": 2025, "name": "Bundesliga", "country": "Germany", "logo": "https://media.api-sports.io/football/leagues/78.png", "flag": "https://media.api-sports.io/flags/de.svg"}}, {"player": {"id": 328008, "name": "F. Feller", "photo": "https://media.api-sports.io/football/players/328008.png", "type": "Missing Fixture", "reason": "Knee Injury"}, "team": {"id": 180, "name": "1. FC Heidenheim", "logo": "https://media.api-sports.io/football/teams/180.png"}, "fixture": {"id": 1388348, "timezone": "UTC", "date": "2025-09-27T13:30:00+00:00", "timestamp": 1758979800}, "league": {"id": 78, "season": 2025, "name": "Bundesliga", "country": "Germany", "logo": "https://media.api-sports.io/football/leagues/78.png", "flag": "https://media.api-sports.io/flags/de.svg"}}, {"player": {"id": 125723, "name": "T. Keller", "photo": "https://media.api-sports.io/football/players/125723.png", "type": "Missing Fixture", "reason": "Knee Injury"}, "team": {"id": 180, "name": "1. FC Heidenheim", "logo": "https://media.api-sports.io/football/teams/180.png"}, "fixture": {"id": 1388348, "timezone": "UTC", "date": "2025-09-27T13:30:00+00:00", "timestamp": 1758979800}, "league": {"id": 78, "season": 2025, "name": "Bundesliga", "country": "Germany", "logo": "https://media.api-sports.io/football/leagues/78.png", "flag": "https://media.api-sports.io/flags/de.svg"}}, {"player": {"id": 25178, "name": "L. Paqarada", "photo": "https://media.api-sports.io/football/players/25178.png", "type": "Missing Fixture", "reason": "Knee Injury"}, "team": {"id": 180, "name": "1. FC Heidenheim", "logo": "https://media.api-sports.io/football/teams/180.png"}, "fixture": {"id": 1388348, "timezone": "UTC", "date": "2025-09-27T13:30:00+00:00", "timestamp": 1758979800}, "league": {"id": 78, "season": 2025, "name": "Bundesliga", "country": "Germany", "logo": "https://media.api-sports.io/football/leagues/78.png", "flag": "https://media.api-sports.io/flags/de.svg"}}, {"player": {"id": 178106, "name": "M. Pieringer", "photo": "https://media.api-sports.io/football/players/178106.png", "type": "Missing Fixture", "reason": "Ankle Injury"}, "team": {"id": 180, "name": "1. FC Heidenheim", "logo": "https://media.api-sports.io/football/teams/180.png"}, "fixture": {"id": 1388348, "timezone": "UTC", "date": "2025-09-27T13:30:00+00:00", "timestamp": 1758979800}, "league": {"id": 78, "season": 2025, "name": "Bundesliga", "country": "Germany", "logo": "https://media.api-sports.io/football/leagues/78.png", "flag": "https://media.api-sports.io/flags/de.svg"}}, {"player": {"id": 24641, "name": "B. Zivzivadze", "photo": "https://media.api-sports.io/football/players/24641.png", "type": "Missing Fixture", "reason": "Red Card"}, "team": {"id": 180, "name": "1. FC Heidenheim", "logo": "https://media.api-sports.io/football/teams/180.png"}, "fixture": {"id": 1388348, "timezone": "UTC", "date": "2025-09-27T13:30:00+00:00", "timestamp": 1758979800}, "league": {"id": 78, "season": 2025, "name": "Bundesliga", "country": "Germany", "logo": "https://media.api-sports.io/football/leagues/78.png", "flag": "https://media.api-sports.io/flags/de.svg"}}, {"player": {"id": 24955, "name": "M. Honsak", "photo": "https://media.api-sports.io/football/players/24955.png", "type": "Questionable", "reason": "Muscle Injury"}, "team": {"id": 180, "name": "1. FC Heidenheim", "logo": "https://media.api-sports.io/football/teams/180.png"}, "fixture": {"id": 1388348, "timezone": "UTC", "date": "2025-09-27T13:30:00+00:00", "timestamp": 1758979800}, "league": {"id": 78, "season": 2025, "name": "Bundesliga", "country": "Germany", "logo": "https://media.api-sports.io/football/leagues/78.png", "flag": "https://media.api-sports.io/flags/de.svg"}}, {"player": {"id": 328008, "name": "F. Feller", "photo": "https://media.api-sports.io/football/players/328008.png", "type": "Missing Fixture", "reason": "Knee Injury"}, "team": {"id": 180, "name": "1. FC Heidenheim", "logo": "https://media.api-sports.io/football/teams/180.png"}, "fixture": {"id": 1388360, "timezone": "UTC", "date": "2025-10-05T13:30:00+00:00", "timestamp": 1759671000}, "league": {"id": 78, "season": 2025, "name": "Bundesliga", "country": "Germany", "logo": "https://media.api-sports.io/football/leagues/78.png", "flag": "https://media.api-sports.io/flags/de.svg"}}, {"player": {"id": 25178, "name": "L. Paqarada", "photo": "https://media.api-sports.io/football/players/25178.png", "type": "Missing Fixture", "reason": "Knee Injury"}, "team": {"id": 180, "name": "1. FC Heidenheim", "logo": "https://media.api-sports.io/football/teams/180.png"}, "fixture": {"id": 1388360, "timezone": "UTC", "date": "2025-10-05T13:30:00+00:00", "timestamp": 1759671000}, "league": {"id": 78, "season": 2025, "name": "Bundesliga", "country": "Germany", "logo": "https://media.api-sports.io/football/leagues/78.png", "flag": "https://media.api-sports.io/flags/de.svg"}}, {"player": {"id": 178106, "name": "M. Pieringer", "photo": "https://media.api-sports.io/football/players/178106.png", "type": "Missing Fixture", "reason": "Ankle Injury"}, "team": {"id": 180, "name": "1. FC Heidenheim", "logo": "https://media.api-sports.io/football/teams/180.png"}, "fixture": {"id": 1388360, "timezone": "UTC", "date": "2025-10-05T13:30:00+00:00", "timestamp": 1759671000}, "league": {"id": 78, "season": 2025, "name": "Bundesliga", "country": "Germany", "logo": "https://media.api-sports.io/football/leagues/78.png", "flag": "https://media.api-sports.io/flags/de.svg"}}, {"player": {"id": 24641, "name": "B. Zivzivadze", "photo": "https://media.api-sports.io/football/players/24641.png", "type": "Missing Fixture", "reason": "Red Card"}, "team": {"id": 180, "name": "1. FC Heidenheim", "logo": "https://media.api-sports.io/football/teams/180.png"}, "fixture": {"id": 1388360, "timezone": "UTC", "date": "2025-10-05T13:30:00+00:00", "timestamp": 1759671000}, "league": {"id": 78, "season": 2025, "name": "Bundesliga", "country": "Germany", "logo": "https://media.api-sports.io/football/leagues/78.png", "flag": "https://media.api-sports.io/flags/de.svg"}}, {"player": {"id": 125720, "name": "S. Conteh", "photo": "https://media.api-sports.io/football/players/125720.png", "type": "Questionable", "reason": "Injury"}, "team": {"id": 180, "name": "1. FC Heidenheim", "logo": "https://media.api-sports.io/football/teams/180.png"}, "fixture": {"id": 1388360, "timezone": "UTC", "date": "2025-10-05T13:30:00+00:00", "timestamp": 1759671000}, "league": {"id": 78, "season": 2025, "name": "Bundesliga", "country": "Germany", "logo": "https://media.api-sports.io/football/leagues/78.png", "flag": "https://media.api-sports.io/flags/de.svg"}}, {"player": {"id": 24955, "name": "M. Honsak", "photo": "https://media.api-sports.io/football/players/24955.png", "type": "Questionable", "reason": "Muscle Injury"}, "team": {"id": 180, "name": "1. FC Heidenheim", "logo": "https://media.api-sports.io/football/teams/180.png"}, "fixture": {"id": 1388360, "timezone": "UTC", "date": "2025-10-05T13:30:00+00:00", "timestamp": 1759671000}, "league": {"id": 78, "season": 2025, "name": "Bundesliga", "country": "Germany", "logo": "https://media.api-sports.io/football/leagues/78.png", "flag": "https://media.api-sports.io/flags/de.svg"}}, {"player": {"id": 125720, "name": "S. Conteh", "photo": "https://media.api-sports.io/football/players/125720.png", "type": "Missing Fixture", "reason": "Knee Injury"}, "team": {"id": 180, "name": "1. FC Heidenheim", "logo": "https://media.api-sports.io/football/teams/180.png"}, "fixture": {"id": 1388365, "timezone": "UTC", "date": "2025-10-18T13:30:00+00:00", "timestamp": 1760794200}, "league": {"id": 78, "season": 2025, "name": "Bundesliga", "country": "Germany", "logo": "https://media.api-sports.io/football/leagues/78.png", "flag": "https://media.api-sports.io/flags/de.svg"}}, {"player": {"id": 328008, "name": "F. Feller", "photo": "https://media.api-sports.io/football/players/328008.png", "type": "Missing Fixture", "reason": "Knee Injury"}, "team": {"id": 180, "name": "1. FC Heidenheim", "logo": "https://media.api-sports.io/football/teams/180.png"}, "fixture": {"id": 1388365, "timezone": "UTC", "date": "2025-10-18T13:30:00+00:00", "timestamp": 1760794200}, "league": {"id": 78, "season": 2025, "name": "Bundesliga", "country": "Germany", "logo": "https://media.api-sports.io/football/leagues/78.png", "flag": "https://media.api-sports.io/flags/de.svg"}}, {"player": {"id": 25178, "name": "L. Paqarada", "photo": "https://media.api-sports.io/football/players/25178.png", "type": "Missing Fixture", "reason": "Knee Injury"}, "team": {"id": 180, "name": "1. FC Heidenheim", "logo": "https://media.api-sports.io/football/teams/180.png"}, "fixture": {"id": 1388365, "timezone": "UTC", "date": "2025-10-18T13:30:00+00:00", "timestamp": 1760794200}, "league": {"id": 78, "season": 2025, "name": "Bundesliga", "country": "Germany", "logo": "https://media.api-sports.io/football/leagues/78.png", "flag": "https://media.api-sports.io/flags/de.svg"}}, {"player": {"id": 125720, "name": "S. Conteh", "photo": "https://media.api-sports.io/football/players/125720.png", "type": "Missing Fixture", "reason": "Knee Injury"}, "team": {"id": 180, "name": "1. FC Heidenheim", "logo": "https://media.api-sports.io/football/teams/180.png"}, "fixture": {"id": 1388377, "timezone": "UTC", "date": "2025-10-25T13:30:00+00:00", "timestamp": 1761399000}, "league": {"id": 78, "season": 2025, "name": "Bundesliga", "country": "Germany", "logo": "https://media.api-sports.io/football/leagues/78.png", "flag": "https://media.api-sports.io/flags/de.svg"}}, {"player": {"id": 328008, "name": "F. Feller", "photo": "https://media.api-sports.io/football/players/328008.png", "type": "Missing Fixture", "reason": "Knee Injury"}, "team": {"id": 180, "name": "1. FC Heidenheim", "logo": "https://media.api-sports.io/football/teams/180.png"}, "fixture": {"id": 1388377, "timezone": "UTC", "date": "2025-10-25T13:30:00+00:00", "timestamp": 1761399000}, "league": {"id": 78, "season": 2025, "name": "Bundesliga", "country": "Germany", "logo": "https://media.api-sports.io/football/leagues/78.png", "flag": "https://media.api-sports.io/flags/de.svg"}}, {"player": {"id": 15732, "name": "M. Kaufmann", "photo": "https://media.api-sports.io/football/players/15732.png", "type": "Missing Fixture", "reason": "Muscle Injury"}, "team": {"id": 180, "name": "1. FC Heidenheim", "logo": "https://media.api-sports.io/football/teams/180.png"}, "fixture": {"id": 1388377, "timezone": "UTC", "date": "2025-10-25T13:30:00+00:00", "timestamp": 1761399000}, "league": {"id": 78, "season": 2025, "name": "Bundesliga", "country": "Germany", "logo": "https://media.api-sports.io/football/leagues/78.png", "flag": "https://media.api-sports.io/flags/de.svg"}}, {"player": {"id": 25178, "name": "L. Paqarada", "photo": "https://media.api-sports.io/football/players/25178.png", "type": "Missing Fixture", "reason": "Knee Injury"}, "team": {"id": 180, "name": "1. FC Heidenheim", "logo": "https://media.api-sports.io/football/teams/180.png"}, "fixture": {"id": 1388377, "timezone": "UTC", "date": "2025-10-25T13:30:00+00:00", "timestamp": 1761399000}, "league": {"id": 78, "season": 2025, "name": "Bundesliga", "country": "Germany", "logo": "https://media.api-sports.io/football/leagues/78.png", "flag": "https://media.api-sports.io/flags/de.svg"}}, {"player": {"id": 125720, "name": "S. Conteh", "photo": "https://media.api-sports.io/football/players/125720.png", "type": "Missing Fixture", "reason": "Knee Injury"}, "team": {"id": 180, "name": "1. FC Heidenheim", "logo": "https://media.api-sports.io/football/teams/180.png"}, "fixture": {"id": 1388383, "timezone": "UTC", "date": "2025-11-01T14:30:00+00:00", "timestamp": 1762007400}, "league": {"id": 78, "season": 2025, "name": "Bundesliga", "country": "Germany", "logo": "https://media.api-sports.io/football/leagues/78.png", "flag": "https://media.api-sports.io/flags/de.svg"}}, {"player": {"id": 328008, "name": "F. Feller", "photo": "https://media.api-sports.io/football/players/328008.png", "type": "Missing Fixture", "reason": "Knee Injury"}, "team": {"id": 180, "name": "1. FC Heidenheim", "logo": "https://media.api-sports.io/football/teams/180.png"}, "fixture": {"id": 1388383, "timezone": "UTC", "date": "2025-11-01T14:30:00+00:00", "timestamp": 1762007400}, "league": {"id": 78, "season": 2025, "name": "Bundesliga", "country": "Germany", "logo": "https://media.api-sports.io/football/leagues/78.png", "flag": "https://media.api-sports.io/flags/de.svg"}}, {"player": {"id": 25178, "name": "L. Paqarada", "photo": "https://media.api-sports.io/football/players/25178.png", "type": "Missing Fixture", "reason": "Knee Injury"}, "team": {"id": 180, "name": "1. FC Heidenheim", "logo": "https://media.api-sports.io/football/teams/180.png"}, "fixture": {"id": 1388383, "timezone": "UTC", "date": "2025-11-01T14:30:00+00:00", "timestamp": 1762007400}, "league": {"id": 78, "season": 2025, "name": "Bundesliga", "country": "Germany", "logo": "https://media.api-sports.io/football/leagues/78.png", "flag": "https://media.api-sports.io/flags/de.svg"}}, {"player": {"id": 15732, "name": "M. Kaufmann", "photo": "https://media.api-sports.io/football/players/15732.png", "type": "Questionable", "reason": "Muscle Injury"}, "team": {"id": 180, "name": "1. FC Heidenheim", "logo": "https://media.api-sports.io/football/teams/180.png"}, "fixture": {"id": 1388383, "timezone": "UTC", "date": "2025-11-01T14:30:00+00:00", "timestamp": 1762007400}, "league": {"id": 78, "season": 2025, "name": "Bundesliga", "country": "Germany", "logo": "https://media.api-sports.io/football/leagues/78.png", "flag": "https://media.api-sports.io/flags/de.svg"}}, {"player": {"id": 125720, "name": "S. Conteh", "photo": "https://media.api-sports.io/football/players/125720.png", "type": "Missing Fixture", "reason": "Knee Injury"}, "team": {"id": 180, "name": "1. FC Heidenheim", "logo": "https://media.api-sports.io/football/teams/180.png"}, "fixture": {"id": 1388389, "timezone": "UTC", "date": "2025-11-08T14:30:00+00:00", "timestamp": 1762612200}, "league": {"id": 78, "season": 2025, "name": "Bundesliga", "country": "Germany", "logo": "https://media.api-sports.io/football/leagues/78.png", "flag": "https://media.api-sports.io/flags/de.svg"}}, {"player": {"id": 328008, "name": "F. Feller", "photo": "https://media.api-sports.io/football/players/328008.png", "type": "Missing Fixture", "reason": "Knee Injury"}, "team": {"id": 180, "name": "1. FC Heidenheim", "logo": "https://media.api-sports.io/football/teams/180.png"}, "fixture": {"id": 1388389, "timezone": "UTC", "date": "2025-11-08T14:30:00+00:00", "timestamp": 1762612200}, "league": {"id": 78, "season": 2025, "name": "Bundesliga", "country": "Germany", "logo": "https://media.api-sports.io/football/leagues/78.png", "flag": "https://media.api-sports.io/flags/de.svg"}}, {"player": {"id": 15732, "name": "M. Kaufmann", "photo": "https://media.api-sports.io/football/players/15732.png", "type": "Missing Fixture", "reason": "Muscle Injury"}, "team": {"id": 180, "name": "1. FC Heidenheim", "logo": "https://media.api-sports.io/football/teams/180.png"}, "fixture": {"id": 1388389, "timezone": "UTC", "date": "2025-11-08T14:30:00+00:00", "timestamp": 1762612200}, "league": {"id": 78, "season": 2025, "name": "Bundesliga", "country": "Germany", "logo": "https://media.api-sports.io/football/leagues/78.png", "flag": "https://media.api-sports.io/flags/de.svg"}}, {"player": {"id": 25178, "name": "L. Paqarada", "photo": "https://media.api-sports.io/football/players/25178.png", "type": "Missing Fixture", "reason": "Knee Injury"}, "team": {"id": 180, "name": "1. FC Heidenheim", "logo": "https://media.api-sports.io/football/teams/180.png"}, "fixture": {"id": 1388389, "timezone": "UTC", "date": "2025-11-08T14:30:00+00:00", "timestamp": 1762612200}, "league": {"id": 78, "season": 2025, "name": "Bundesliga", "country": "Germany", "logo": "https://media.api-sports.io/football/leagues/78.png", "flag": "https://media.api-sports.io/flags/de.svg"}}, {"player": {"id": 125720, "name": "S. Conteh", "photo": "https://media.api-sports.io/football/players/125720.png", "type": "Missing Fixture", "reason": "Knee Injury"}, "team": {"id": 180, "name": "1. FC Heidenheim", "logo": "https://media.api-sports.io/football/teams/180.png"}, "fixture": {"id": 1388402, "timezone": "UTC", "date": "2025-11-22T14:30:00+00:00", "timestamp": 1763821800}, "league": {"id": 78, "season": 2025, "name": "Bundesliga", "country": "Germany", "logo": "https://media.api-sports.io/football/leagues/78.png", "flag": "https://media.api-sports.io/flags/de.svg"}}, {"player": {"id": 328008, "name": "F. Feller", "photo": "https://media.api-sports.io/football/players/328008.png", "type": "Missing Fixture", "reason": "Knee Injury"}, "team": {"id": 180, "name": "1. FC Heidenheim", "logo": "https://media.api-sports.io/football/teams/180.png"}, "fixture": {"id": 1388402, "timezone": "UTC", "date": "2025-11-22T14:30:00+00:00", "timestamp": 1763821800}, "league": {"id": 78, "season": 2025, "name": "Bundesliga", "country": "Germany", "logo": "https://media.api-sports.io/football/leagues/78.png", "flag": "https://media.api-sports.io/flags/de.svg"}}, {"player": {"id": 15732, "name": "M. Kaufmann", "photo": "https://media.api-sports.io/football/players/15732.png", "type": "Missing Fixture", "reason": "Muscle Injury"}, "team": {"id": 180, "name": "1. FC Heidenheim", "logo": "https://media.api-sports.io/football/teams/180.png"}, "fixture": {"id": 1388402, "timezone": "UTC", "date": "2025-11-22T14:30:00+00:00", "timestamp": 1763821800}, "league": {"id": 78, "season": 2025, "name": "Bundesliga", "country": "Germany", "logo": "https://media.api-sports.io/football/leagues/78.png", "flag": "https://media.api-sports.io/flags/de.svg"}}, {"player": {"id": 25178, "name": "L. Paqarada", "photo": "https://media.api-sports.io/football/players/25178.png", "type": "Missing Fixture", "reason": "Knee Injury"}, "team": {"id": 180, "name": "1. FC Heidenheim", "logo": "https://media.api-sports.io/football/teams/180.png"}, "fixture": {"id": 1388402, "timezone": "UTC", "date": "2025-11-22T14:30:00+00:00", "timestamp": 1763821800}, "league": {"id": 78, "season": 2025, "name": "Bundesliga", "country": "Germany", "logo": "https://media.api-sports.io/football/leagues/78.png", "flag": "https://media.api-sports.io/flags/de.svg"}}, {"player": {"id": 125720, "name": "S. Conteh", "photo": "https://media.api-sports.io/football/players/125720.png", "type": "Missing Fixture", "reason": "Knee Injury"}, "team": {"id": 180, "name": "1. FC Heidenheim", "logo": "https://media.api-sports.io/football/teams/180.png"}, "fixture": {"id": 1388414, "timezone": "UTC", "date": "2025-11-29T14:30:00+00:00", "timestamp": 1764426600}, "league": {"id": 78, "season": 2025, "name": "Bundesliga", "country": "Germany", "logo": "https://media.api-sports.io/football/leagues/78.png", "flag": "https://media.api-sports.io/flags/de.svg"}}, {"player": {"id": 328008, "name": "F. Feller", "photo": "https://media.api-sports.io/football/players/328008.png", "type": "Missing Fixture", "reason": "Knee Injury"}, "team": {"id": 180, "name": "1. FC Heidenheim", "logo": "https://media.api-sports.io/football/teams/180.png"}, "fixture": {"id": 1388414, "timezone": "UTC", "date": "2025-11-29T14:30:00+00:00", "timestamp": 1764426600}, "league": {"id": 78, "season": 2025, "name": "Bundesliga", "country": "Germany", "logo": "https://media.api-sports.io/football/leagues/78.png", "flag": "https://media.api-sports.io/flags/de.svg"}}, {"player": {"id": 15732, "name": "M. Kaufmann", "photo": "https://media.api-sports.io/football/players/15732.png", "type": "Missing Fixture", "reason": "Groin Injury"}, "team": {"id": 180, "name": "1. FC Heidenheim", "logo": "https://media.api-sports.io/football/teams/180.png"}, "fixture": {"id": 1388414, "timezone": "UTC", "date": "2025-11-29T14:30:00+00:00", "timestamp": 1764426600}, "league": {"id": 78, "season": 2025, "name": "Bundesliga", "country": "Germany", "logo": "https://media.api-sports.io/football/leagues/78.png", "flag": "https://media.api-sports.io/flags/de.svg"}}, {"player": {"id": 25178, "name": "L. Paqarada", "photo": "https://media.api-sports.io/football/players/25178.png", "type": "Missing Fixture", "reason": "Knee Injury"}, "team": {"id": 180, "name": "1. FC Heidenheim", "logo": "https://media.api-sports.io/football/teams/180.png"}, "fixture": {"id": 1388414, "timezone": "UTC", "date": "2025-11-29T14:30:00+00:00", "timestamp": 1764426600}, "league": {"id": 78, "season": 2025, "name": "Bundesliga", "country": "Germany", "logo": "https://media.api-sports.io/football/leagues/78.png", "flag": "https://media.api-sports.io/flags/de.svg"}}, {"player": {"id": 24641, "name": "B. Zivzivadze", "photo": "https://media.api-sports.io/football/players/24641.png", "type": "Missing Fixture", "reason": "Knee Injury"}, "team": {"id": 180, "name": "1. FC Heidenheim", "logo": "https://media.api-sports.io/football/teams/180.png"}, "fixture": {"id": 1388414, "timezone": "UTC", "date": "2025-11-29T14:30:00+00:00", "timestamp": 1764426600}, "league": {"id": 78, "season": 2025, "name": "Bundesliga", "country": "Germany", "logo": "https://media.api-sports.io/football/leagues/78.png", "flag": "https://media.api-sports.io/flags/de.svg"}}, {"player": {"id": 125720, "name": "S. Conteh", "photo": "https://media.api-sports.io/football/players/125720.png", "type": "Missing Fixture", "reason": "Knee Injury"}, "team": {"id": 180, "name": "1. FC Heidenheim", "logo": "https://media.api-sports.io/football/teams/180.png"}, "fixture": {"id": 1388420, "timezone": "UTC", "date": "2025-12-06T14:30:00+00:00", "timestamp": 1765031400}, "league": {"id": 78, "season": 2025, "name": "Bundesliga", "country": "Germany", "logo": "https://media.api-sports.io/football/leagues/78.png", "flag": "https://media.api-sports.io/flags/de.svg"}}, {"player": {"id": 328008, "name": "F. Feller", "photo": "https://media.api-sports.io/football/players/328008.png", "type": "Missing Fixture", "reason": "Knee Injury"}, "team": {"id": 180, "name": "1. FC Heidenheim", "logo": "https://media.api-sports.io/football/teams/180.png"}, "fixture": {"id": 1388420, "timezone": "UTC", "date": "2025-12-06T14:30:00+00:00", "timestamp": 1765031400}, "league": {"id": 78, "season": 2025, "name": "Bundesliga", "country": "Germany", "logo": "https://media.api-sports.io/football/leagues/78.png", "flag": "https://media.api-sports.io/flags/de.svg"}}, {"player": {"id": 15732, "name": "M. Kaufmann", "photo": "https://media.api-sports.io/football/players/15732.png", "type": "Missing Fixture", "reason": "Groin Injury"}, "team": {"id": 180, "name": "1. FC Heidenheim", "logo": "https://media.api-sports.io/football/teams/180.png"}, "fixture": {"id": 1388420, "timezone": "UTC", "date": "2025-12-06T14:30:00+00:00", "timestamp": 1765031400}, "league": {"id": 78, "season": 2025, "name": "Bundesliga", "country": "Germany", "logo": "https://media.api-sports.io/football/leagues/78.png", "flag": "https://media.api-sports.io/flags/de.svg"}}, {"player": {"id": 25178, "name": "L. Paqarada", "photo": "https://media.api-sports.io/football/players/25178.png", "type": "Missing Fixture", "reason": "Knee Injury"}, "team": {"id": 180, "name": "1. FC Heidenheim", "logo": "https://media.api-sports.io/football/teams/180.png"}, "fixture": {"id": 1388420, "timezone": "UTC", "date": "2025-12-06T14:30:00+00:00", "timestamp": 1765031400}, "league": {"id": 78, "season": 2025, "name": "Bundesliga", "country": "Germany", "logo": "https://media.api-sports.io/football/leagues/78.png", "flag": "https://media.api-sports.io/flags/de.svg"}}, {"player": {"id": 24641, "name": "B. Zivzivadze", "photo": "https://media.api-sports.io/football/players/24641.png", "type": "Missing Fixture", "reason": "Knee Injury"}, "team": {"id": 180, "name": "1. FC Heidenheim", "logo": "https://media.api-sports.io/football/teams/180.png"}, "fixture": {"id": 1388420, "timezone": "UTC", "date": "2025-12-06T14:30:00+00:00", "timestamp": 1765031400}, "league": {"id": 78, "season": 2025, "name": "Bundesliga", "country": "Germany", "logo": "https://media.api-sports.io/football/leagues/78.png", "flag": "https://media.api-sports.io/flags/de.svg"}}, {"player": {"id": 328008, "name": "F. Feller", "photo": "https://media.api-sports.io/football/players/328008.png", "type": "Missing Fixture", "reason": "Knee Injury"}, "team": {"id": 180, "name": "1. FC Heidenheim", "logo": "https://media.api-sports.io/football/teams/180.png"}, "fixture": {"id": 1388431, "timezone": "UTC", "date": "2025-12-13T14:30:00+00:00", "timestamp": 1765636200}, "league": {"id": 78, "season": 2025, "name": "Bundesliga", "country": "Germany", "logo": "https://media.api-sports.io/football/leagues/78.png", "flag": "https://media.api-sports.io/flags/de.svg"}}, {"player": {"id": 25178, "name": "L. Paqarada", "photo": "https://media.api-sports.io/football/players/25178.png", "type": "Missing Fixture", "reason": "Knee Injury"}, "team": {"id": 180, "name": "1. FC Heidenheim", "logo": "https://media.api-sports.io/football/teams/180.png"}, "fixture": {"id": 1388431, "timezone": "UTC", "date": "2025-12-13T14:30:00+00:00", "timestamp": 1765636200}, "league": {"id": 78, "season": 2025, "name": "Bundesliga", "country": "Germany", "logo": "https://media.api-sports.io/football/leagues/78.png", "flag": "https://media.api-sports.io/flags/de.svg"}}, {"player": {"id": 24641, "name": "B. Zivzivadze", "photo": "https://media.api-sports.io/football/players/24641.png", "type": "Questionable", "reason": "Knee Injury"}, "team": {"id": 180, "name": "1. FC Heidenheim", "logo": "https://media.api-sports.io/football/teams/180.png"}, "fixture": {"id": 1388431, "timezone": "UTC", "date": "2025-12-13T14:30:00+00:00", "timestamp": 1765636200}, "league": {"id": 78, "season": 2025, "name": "Bundesliga", "country": "Germany", "logo": "https://media.api-sports.io/football/leagues/78.png", "flag": "https://media.api-sports.io/flags/de.svg"}}, {"player": {"id": 328008, "name": "F. Feller", "photo": "https://media.api-sports.io/football/players/328008.png", "type": "Missing Fixture", "reason": "Knee Injury"}, "team": {"id": 180, "name": "1. FC Heidenheim", "logo": "https://media.api-sports.io/football/teams/180.png"}, "fixture": {"id": 1388438, "timezone": "UTC", "date": "2025-12-21T16:30:00+00:00", "timestamp": 1766334600}, "league": {"id": 78, "season": 2025, "name": "Bundesliga", "country": "Germany", "logo": "https://media.api-sports.io/football/leagues/78.png", "flag": "https://media.api-sports.io/flags/de.svg"}}, {"player": {"id": 25178, "name": "L. Paqarada", "photo": "https://media.api-sports.io/football/players/25178.png", "type": "Missing Fixture", "reason": "Knee Injury"}, "team": {"id": 180, "name": "1. FC Heidenheim", "logo": "https://media.api-sports.io/football/teams/180.png"}, "fixture": {"id": 1388438, "timezone": "UTC", "date": "2025-12-21T16:30:00+00:00", "timestamp": 1766334600}, "league": {"id": 78, "season": 2025, "name": "Bundesliga", "country": "Germany", "logo": "https://media.api-sports.io/football/leagues/78.png", "flag": "https://media.api-sports.io/flags/de.svg"}}, {"player": {"id": 24641, "name": "B. Zivzivadze", "photo": "https://media.api-sports.io/football/players/24641.png", "type": "Missing Fixture", "reason": "Knee Injury"}, "team": {"id": 180, "name": "1. FC Heidenheim", "logo": "https://media.api-sports.io/football/teams/180.png"}, "fixture": {"id": 1388438, "timezone": "UTC", "date": "2025-12-21T16:30:00+00:00", "timestamp": 1766334600}, "league": {"id": 78, "season": 2025, "name": "Bundesliga", "country": "Germany", "logo": "https://media.api-sports.io/football/leagues/78.png", "flag": "https://media.api-sports.io/flags/de.svg"}}, {"player": {"id": 353143, "name": "H. Behrens", "photo": "https://media.api-sports.io/football/players/353143.png", "type": "Missing Fixture", "reason": "Injury"}, "team": {"id": 180, "name": "1. FC Heidenheim", "logo": "https://media.api-sports.io/football/teams/180.png"}, "fixture": {"id": 1388469, "timezone": "UTC", "date": "2026-01-17T14:30:00+00:00", "timestamp": 1768660200}, "league": {"id": 78, "season": 2025, "name": "Bundesliga", "country": "Germany", "logo": "https://media.api-sports.io/football/leagues/78.png", "flag": "https://media.api-sports.io/flags/de.svg"}}, {"player": {"id": 25178, "name": "L. Paqarada", "photo": "https://media.api-sports.io/football/players/25178.png", "type": "Missing Fixture", "reason": "Knee Injury"}, "team": {"id": 180, "name": "1. FC Heidenheim", "logo": "https://media.api-sports.io/football/teams/180.png"}, "fixture": {"id": 1388469, "timezone": "UTC", "date": "2026-01-17T14:30:00+00:00", "timestamp": 1768660200}, "league": {"id": 78, "season": 2025, "name": "Bundesliga", "country": "Germany", "logo": "https://media.api-sports.io/football/leagues/78.png", "flag": "https://media.api-sports.io/flags/de.svg"}}, {"player": {"id": 24641, "name": "B. Zivzivadze", "photo": "https://media.api-sports.io/football/players/24641.png", "type": "Missing Fixture", "reason": "Knee Injury"}, "team": {"id": 180, "name": "1. FC Heidenheim", "logo": "https://media.api-sports.io/football/teams/180.png"}, "fixture": {"id": 1388469, "timezone": "UTC", "date": "2026-01-17T14:30:00+00:00", "timestamp": 1768660200}, "league": {"id": 78, "season": 2025, "name": "Bundesliga", "country": "Germany", "logo": "https://media.api-sports.io/football/leagues/78.png", "flag": "https://media.api-sports.io/flags/de.svg"}}, {"player": {"id": 64302, "name": "C. Conteh", "photo": "https://media.api-sports.io/football/players/64302.png", "type": "Missing Fixture", "reason": "Knock"}, "team": {"id": 180, "name": "1. FC Heidenheim", "logo": "https://media.api-sports.io/football/teams/180.png"}, "fixture": {"id": 1388475, "timezone": "UTC", "date": "2026-01-24T14:30:00+00:00", "timestamp": 1769265000}, "league": {"id": 78, "season": 2025, "name": "Bundesliga", "country": "Germany", "logo": "https://media.api-sports.io/football/leagues/78.png", "flag": "https://media.api-sports.io/flags/de.svg"}}, {"player": {"id": 25178, "name": "L. Paqarada", "photo": "https://media.api-sports.io/football/players/25178.png", "type": "Missing Fixture", "reason": "Knee Injury"}, "team": {"id": 180, "name": "1. FC Heidenheim", "logo": "https://media.api-sports.io/football/teams/180.png"}, "fixture": {"id": 1388475, "timezone": "UTC", "date": "2026-01-24T14:30:00+00:00", "timestamp": 1769265000}, "league": {"id": 78, "season": 2025, "name": "Bundesliga", "country": "Germany", "logo": "https://media.api-sports.io/football/leagues/78.png", "flag": "https://media.api-sports.io/flags/de.svg"}}, {"player": {"id": 24641, "name": "B. Zivzivadze", "photo": "https://media.api-sports.io/football/players/24641.png", "type": "Missing Fixture", "reason": "Knee Injury"}, "team": {"id": 180, "name": "1. FC Heidenheim", "logo": "https://media.api-sports.io/football/teams/180.png"}, "fixture": {"id": 1388475, "timezone": "UTC", "date": "2026-01-24T14:30:00+00:00", "timestamp": 1769265000}, "league": {"id": 78, "season": 2025, "name": "Bundesliga", "country": "Germany", "logo": "https://media.api-sports.io/football/leagues/78.png", "flag": "https://media.api-sports.io/flags/de.svg"}}, {"player": {"id": 15732, "name": "M. Kaufmann", "photo": "https://media.api-sports.io/football/players/15732.png", "type": "Questionable", "reason": "Illness"}, "team": {"id": 180, "name": "1. FC Heidenheim", "logo": "https://media.api-sports.io/football/teams/180.png"}, "fixture": {"id": 1388475, "timezone": "UTC", "date": "2026-01-24T14:30:00+00:00", "timestamp": 1769265000}, "league": {"id": 78, "season": 2025, "name": "Bundesliga", "country": "Germany", "logo": "https://media.api-sports.io/football/leagues/78.png", "flag": "https://media.api-sports.io/flags/de.svg"}}, {"player": {"id": 64302, "name": "C. Conteh", "photo": "https://media.api-sports.io/football/players/64302.png", "type": "Missing Fixture", "reason": "Knock"}, "team": {"id": 180, "name": "1. FC Heidenheim", "logo": "https://media.api-sports.io/football/teams/180.png"}, "fixture": {"id": 1388480, "timezone": "UTC", "date": "2026-02-01T16:30:00+00:00", "timestamp": 1769963400}, "league": {"id": 78, "season": 2025, "name": "Bundesliga", "country": "Germany", "logo": "https://media.api-sports.io/football/leagues/78.png", "flag": "https://media.api-sports.io/flags/de.svg"}}, {"player": {"id": 25203, "name": "B. Gimber", "photo": "https://media.api-sports.io/football/players/25203.png", "type": "Missing Fixture", "reason": "Yellow Cards"}, "team": {"id": 180, "name": "1. FC Heidenheim", "logo": "https://media.api-sports.io/football/teams/180.png"}, "fixture": {"id": 1388480, "timezone": "UTC", "date": "2026-02-01T16:30:00+00:00", "timestamp": 1769963400}, "league": {"id": 78, "season": 2025, "name": "Bundesliga", "country": "Germany", "logo": "https://media.api-sports.io/football/leagues/78.png", "flag": "https://media.api-sports.io/flags/de.svg"}}, {"player": {"id": 431917, "name": "A. Kolle", "photo": "https://media.api-sports.io/football/players/431917.png", "type": "Missing Fixture", "reason": "Muscle Injury"}, "team": {"id": 180, "name": "1. FC Heidenheim", "logo": "https://media.api-sports.io/football/teams/180.png"}, "fixture": {"id": 1388480, "timezone": "UTC", "date": "2026-02-01T16:30:00+00:00", "timestamp": 1769963400}, "league": {"id": 78, "season": 2025, "name": "Bundesliga", "country": "Germany", "logo": "https://media.api-sports.io/football/leagues/78.png", "flag": "https://media.api-sports.io/flags/de.svg"}}, {"player": {"id": 25178, "name": "L. Paqarada", "photo": "https://media.api-sports.io/football/players/25178.png", "type": "Missing Fixture", "reason": "Knee Injury"}, "team": {"id": 180, "name": "1. FC Heidenheim", "logo": "https://media.api-sports.io/football/teams/180.png"}, "fixture": {"id": 1388480, "timezone": "UTC", "date": "2026-02-01T16:30:00+00:00", "timestamp": 1769963400}, "league": {"id": 78, "season": 2025, "name": "Bundesliga", "country": "Germany", "logo": "https://media.api-sports.io/football/leagues/78.png", "flag": "https://media.api-sports.io/flags/de.svg"}}, {"player": {"id": 383729, "name": "N. Rothweiler", "photo": "https://media.api-sports.io/football/players/383729.png", "type": "Missing Fixture", "reason": "Illness"}, "team": {"id": 180, "name": "1. FC Heidenheim", "logo": "https://media.api-sports.io/football/teams/180.png"}, "fixture": {"id": 1388480, "timezone": "UTC", "date": "2026-02-01T16:30:00+00:00", "timestamp": 1769963400}, "league": {"id": 78, "season": 2025, "name": "Bundesliga", "country": "Germany", "logo": "https://media.api-sports.io/football/leagues/78.png", "flag": "https://media.api-sports.io/flags/de.svg"}}, {"player": {"id": 48481, "name": "L. Stergiou", "photo": "https://media.api-sports.io/football/players/48481.png", "type": "Missing Fixture", "reason": "Muscle Injury"}, "team": {"id": 180, "name": "1. FC Heidenheim", "logo": "https://media.api-sports.io/football/teams/180.png"}, "fixture": {"id": 1388480, "timezone": "UTC", "date": "2026-02-01T16:30:00+00:00", "timestamp": 1769963400}, "league": {"id": 78, "season": 2025, "name": "Bundesliga", "country": "Germany", "logo": "https://media.api-sports.io/football/leagues/78.png", "flag": "https://media.api-sports.io/flags/de.svg"}}, {"player": {"id": 24641, "name": "B. Zivzivadze", "photo": "https://media.api-sports.io/football/players/24641.png", "type": "Missing Fixture", "reason": "Knee Injury"}, "team": {"id": 180, "name": "1. FC Heidenheim", "logo": "https://media.api-sports.io/football/teams/180.png"}, "fixture": {"id": 1388480, "timezone": "UTC", "date": "2026-02-01T16:30:00+00:00", "timestamp": 1769963400}, "league": {"id": 78, "season": 2025, "name": "Bundesliga", "country": "Germany", "logo": "https://media.api-sports.io/football/leagues/78.png", "flag": "https://media.api-sports.io/flags/de.svg"}}, {"player": {"id": 431917, "name": "A. Kolle", "photo": "https://media.api-sports.io/football/players/431917.png", "type": "Missing Fixture", "reason": "Muscle Injury"}, "team": {"id": 180, "name": "1. FC Heidenheim", "logo": "https://media.api-sports.io/football/teams/180.png"}, "fixture": {"id": 1388492, "timezone": "UTC", "date": "2026-02-07T14:30:00+00:00", "timestamp": 1770474600}, "league": {"id": 78, "season": 2025, "name": "Bundesliga", "country": "Germany", "logo": "https://media.api-sports.io/football/leagues/78.png", "flag": "https://media.api-sports.io/flags/de.svg"}}, {"player": {"id": 25178, "name": "L. Paqarada", "photo": "https://media.api-sports.io/football/players/25178.png", "type": "Missing Fixture", "reason": "Knee Injury"}, "team": {"id": 180, "name": "1. FC Heidenheim", "logo": "https://media.api-sports.io/football/teams/180.png"}, "fixture": {"id": 1388492, "timezone": "UTC", "date": "2026-02-07T14:30:00+00:00", "timestamp": 1770474600}, "league": {"id": 78, "season": 2025, "name": "Bundesliga", "country": "Germany", "logo": "https://media.api-sports.io/football/leagues/78.png", "flag": "https://media.api-sports.io/flags/de.svg"}}, {"player": {"id": 48481, "name": "L. Stergiou", "photo": "https://media.api-sports.io/football/players/48481.png", "type": "Missing Fixture", "reason": "Muscle Injury"}, "team": {"id": 180, "name": "1. FC Heidenheim", "logo": "https://media.api-sports.io/football/teams/180.png"}, "fixture": {"id": 1388492, "timezone": "UTC", "date": "2026-02-07T14:30:00+00:00", "timestamp": 1770474600}, "league": {"id": 78, "season": 2025, "name": "Bundesliga", "country": "Germany", "logo": "https://media.api-sports.io/football/leagues/78.png", "flag": "https://media.api-sports.io/flags/de.svg"}}, {"player": {"id": 328008, "name": "F. Feller", "photo": "https://media.api-sports.io/football/players/328008.png", "type": "Missing Fixture", "reason": "Knee Injury"}, "team": {"id": 180, "name": "1. FC Heidenheim", "logo": "https://media.api-sports.io/football/teams/180.png"}, "fixture": {"id": 1388497, "timezone": "UTC", "date": "2026-02-15T14:30:00+00:00", "timestamp": 1771165800}, "league": {"id": 78, "season": 2025, "name": "Bundesliga", "country": "Germany", "logo": "https://media.api-sports.io/football/leagues/78.png", "flag": "https://media.api-sports.io/flags/de.svg"}}, {"player": {"id": 25178, "name": "L. Paqarada", "photo": "https://media.api-sports.io/football/players/25178.png", "type": "Missing Fixture", "reason": "Knee Injury"}, "team": {"id": 180, "name": "1. FC Heidenheim", "logo": "https://media.api-sports.io/football/teams/180.png"}, "fixture": {"id": 1388497, "timezone": "UTC", "date": "2026-02-15T14:30:00+00:00", "timestamp": 1771165800}, "league": {"id": 78, "season": 2025, "name": "Bundesliga", "country": "Germany", "logo": "https://media.api-sports.io/football/leagues/78.png", "flag": "https://media.api-sports.io/flags/de.svg"}}, {"player": {"id": 24904, "name": "N. Dorsch", "photo": "https://media.api-sports.io/football/players/24904.png", "type": "Questionable", "reason": "Illness"}, "team": {"id": 180, "name": "1. FC Heidenheim", "logo": "https://media.api-sports.io/football/teams/180.png"}, "fixture": {"id": 1388497, "timezone": "UTC", "date": "2026-02-15T14:30:00+00:00", "timestamp": 1771165800}, "league": {"id": 78, "season": 2025, "name": "Bundesliga", "country": "Germany", "logo": "https://media.api-sports.io/football/leagues/78.png", "flag": "https://media.api-sports.io/flags/de.svg"}}, {"player": {"id": 24955, "name": "M. Honsak", "photo": "https://media.api-sports.io/football/players/24955.png", "type": "Questionable", "reason": "Thigh Injury"}, "team": {"id": 180, "name": "1. FC Heidenheim", "logo": "https://media.api-sports.io/football/teams/180.png"}, "fixture": {"id": 1388497, "timezone": "UTC", "date": "2026-02-15T14:30:00+00:00", "timestamp": 1771165800}, "league": {"id": 78, "season": 2025, "name": "Bundesliga", "country": "Germany", "logo": "https://media.api-sports.io/football/leagues/78.png", "flag": "https://media.api-sports.io/flags/de.svg"}}, {"player": {"id": 48481, "name": "L. Stergiou", "photo": "https://media.api-sports.io/football/players/48481.png", "type": "Questionable", "reason": "Muscle Injury"}, "team": {"id": 180, "name": "1. FC Heidenheim", "logo": "https://media.api-sports.io/football/teams/180.png"}, "fixture": {"id": 1388497, "timezone": "UTC", "date": "2026-02-15T14:30:00+00:00", "timestamp": 1771165800}, "league": {"id": 78, "season": 2025, "name": "Bundesliga", "country": "Germany", "logo": "https://media.api-sports.io/football/leagues/78.png", "flag": "https://media.api-sports.io/flags/de.svg"}}]}