{"get": "fixtures", "parameters": {"league": "140", "season": "2025", "team": "543", "status": "FT", "last": "10"}, "errors": [], "results": 10, "paging": {"current": 1, "total": 1}, "response": [{"fixture": {"id": 1391041, "referee": "Mateo Busquets Ferrer, Spain", "timezone": "UTC", "date": "2026-02-08T17:30:00+00:00", "timestamp": 1770571800, "periods": {"first": 1770571800, "second": 1770575400}, "venue": {"id": null, "name": "Riyadh Air Metropolitano", "city": "Madrid"}, "status": {"long": "Match Finished", "short": "FT", "elapsed": 90, "extra": 5}}, "league": {"id": 140, "name": "La Liga", "country": "Spain", "logo": "https://media.api-sports.io/football/leagues/140.png", "flag": "https://media.api-sports.io/flags/es.svg", "season": 2025, "round": "Regular Season - 23", "standings": true}, "teams": {"home": {"id": 530, "name": "Atletico Madrid", "logo": "https://media.api-sports.io/football/teams/530.png", "winner": false}, "away": {"id": 543, "name": "Real Betis", "logo": "https://media.api-sports.io/football/teams/543.png", "winner": true}}, "goals": {"home": 0, "away": 1}, "score": {"halftime": {"home": 0, "away": 1}, "fulltime": {"home": 0, "away": 1}, "extratime": {"home": null, "away": null}, "penalty": {"home": null, "away": null}}}, {"fixture": {"id": 1391030, "referee": "Jos\u00e9 Mar\u00eda S\u00e1nchez Mart\u00ednez, Spain", "timezone": "UTC", "date": "2026-02-01T15:15:00+00:00", "timestamp": 1769958900, "periods": {"first": 1769958900, "second": 1769962500}, "venue": {"id": null, "name": "Estadio de la Cartuja", "city": "Seville"}, "status": {"long": "Match Finished", "short": "FT", "elapsed": 90, "extra": 7}}, "league": {"id": 140, "name": "La Liga", "country": "Spain", "logo": "https://media.api-sports.io/football/leagues/140.png", "flag": "https://media.api-sports.io/flags/es.svg", "season": 2025, "round": "Regular Season - 22", "standings": true}, "teams": {"home": {"id": 543, "name": "Real Betis", "logo": "https://media.api-sports.io/football/teams/543.png", "winner": true}, "away": {"id": 532, "name": "Valencia", "logo": "https://media.api-sports.io/football/teams/532.png", "winner": false}}, "goals": {"home": 2, "away": 1}, "score": {"halftime": {"home": 1, "away": 1}, "fulltime": {"home": 2, "away": 1}, "extratime": {"home": null, "away": null}, "penalty": {"home": null, "away": null}}}, {"fixture": {"id": 1391019, "referee": "Miguel Angel Ortiz Arias, Spain", "timezone": "UTC", "date": "2026-01-25T20:00:00+00:00", "timestamp": 1769371200, "periods": {"first": 1769371200, "second": 1769374800}, "venue": {"id": 1470, "name": "Estadio Mendizorrotza", "city": "Vitoria-Gasteiz"}, "status": {"long": "Match Finished", "short": "FT", "elapsed": 90, "extra": 7}}, "league": {"id": 140, "name": "La Liga", "country": "Spain", "logo": "https://media.api-sports.io/football/leagues/140.png", "flag": "https://media.api-sports.io/flags/es.svg", "season": 2025, "round": "Regular Season - 21", "standings": true}, "teams": {"home": {"id": 542, "name": "Alaves", "logo": "https://media.api-sports.io/football/teams/542.png", "winner": true}, "away": {"id": 543, "name": "Real Betis", "logo": "https://media.api-sports.io/football/teams/543.png", "winner": false}}, "goals": {"home": 2, "away": 1}, "score": {"halftime": {"home": 1, "away": 0}, "fulltime": {"home": 2, "away": 1}, "extratime": {"home": null, "away": null}, "penalty": {"home": null, "away": null}}}, {"fixture": {"id": 1391010, "referee": "Victor Garcia Verdura, Spain", "timezone": "UTC", "date": "2026-01-17T20:00:00+00:00", "timestamp": 1768680000, "periods": {"first": 1768680000, "second": 1768683600}, "venue": {"id": null, "name": "Benito Villamarin", "city": "Seville"}, "status": {"long": "Match Finished", "short": "FT", "elapsed": 90, "extra": 6}}, "league": {"id": 140, "name": "La Liga", "country": "Spain", "logo": "https://media.api-sports.io/football/leagues/140.png", "flag": "https://media.api-sports.io/flags/es.svg", "season": 2025, "round": "Regular Season - 20", "standings": true}, "teams": {"home": {"id": 543, "name": "Real Betis", "logo": "https://media.api-sports.io/football/teams/543.png", "winner": true}, "away": {"id": 533, "name": "Villarreal", "logo": "https://media.api-sports.io/football/teams/533.png", "winner": false}}, "goals": {"home": 2, "away": 0}, "score": {"halftime": {"home": 0, "away": 0}, "fulltime": {"home": 2, "away": 0}, "extratime": {"home": null, "away": null}, "penalty": {"home": null, "away": null}}}, {"fixture": {"id": 1391005, "referee": "Guillermo Cuadra Fernandez, Spain", "timezone": "UTC", "date": "2026-01-10T13:00:00+00:00", "timestamp": 1768050000, "periods": {"first": 1768050000, "second": 1768053600}, "venue": {"id": 1490, "name": "Estadio Nuevo Carlos Tartiere", "city": "Oviedo"}, "status": {"long": "Match Finished", "short": "FT", "elapsed": 90, "extra": 7}}, "league": {"id": 140, "name": "La Liga", "country": "Spain", "logo": "https://media.api-sports.io/football/leagues/140.png", "flag": "https://media.api-sports.io/flags/es.svg", "season": 2025, "round": "Regular Season - 19", "standings": true}, "teams": {"home": {"id": 718, "name": "Oviedo", "logo": "https://media.api-sports.io/football/teams/718.png", "winner": null}, "away": {"id": 543, "name": "Real Betis", "logo": "https://media.api-sports.io/football/teams/543.png", "winner": null}}, "goals": {"home": 1, "away": 1}, "score": {"halftime": {"home": 0, "away": 0}, "fulltime": {"home": 1, "away": 1}, "extratime": {"home": null, "away": null}, "penalty": {"home": null, "away": null}}}, {"fixture": {"id": 1390996, "referee": "Alejandro Hernandez, Spain", "timezone": "UTC", "date": "2026-01-04T15:15:00+00:00", "timestamp": 1767539700, "periods": {"first": 1767539700, "second": 1767543300}, "venue": {"id": 1456, "name": "Estadio Santiago Bernab\u00e9u", "city": "Madrid"}, "status": {"long": "Match Finished", "short": "FT", "elapsed": 90, "extra": 5}}, "league": {"id": 140, "name": "La Liga", "country": "Spain", "logo": "https://media.api-sports.io/football/leagues/140.png", "flag": "https://media.api-sports.io/flags/es.svg", "season": 2025, "round": "Regular Season - 18", "standings": true}, "teams": {"home": {"id": 541, "name": "Real Madrid", "logo": "https://media.api-sports.io/football/teams/541.png", "winner": true}, "away": {"id": 543, "name": "Real Betis", "logo": "https://media.api-sports.io/football/teams/543.png", "winner": false}}, "goals": {"home": 5, "away": 1}, "score": {"halftime": {"home": 1, "away": 0}, "fulltime": {"home": 5, "away": 1}, "extratime": {"home": null, "away": null}, "penalty": {"home": null, "away": null}}}, {"fixture": {"id": 1390980, "referee": "Miguel Sesma Espinosa, Spain", "timezone": "UTC", "date": "2025-12-21T20:00:00+00:00", "timestamp": 1766347200, "periods": {"first": 1766347200, "second": 1766350800}, "venue": {"id": null, "name": "Estadio de la Cartuja", "city": "Seville"}, "status": {"long": "Match Finished", "short": "FT", "elapsed": 90, "extra": 9}}, "league": {"id": 140, "name": "La Liga", "country": "Spain", "logo": "https://media.api-sports.io/football/leagues/140.png", "flag": "https://media.api-sports.io/flags/es.svg", "season": 2025, "round": "Regular Season - 17", "standings": true}, "teams": {"home": {"id": 543, "name": "Real Betis", "logo": "https://media.api-sports.io/football/teams/543.png", "winner": true}, "away": {"id": 546, "name": "Getafe", "logo": "https://media.api-sports.io/football/teams/546.png", "winner": false}}, "goals": {"home": 4, "away": 0}, "score": {"halftime": {"home": 1, "away": 0}, "fulltime": {"home": 4, "away": 0}, "extratime": {"home": null, "away": null}, "penalty": {"home": null, "away": null}}}, {"fixture": {"id": 1390976, "referee": "Ricardo De Burgos Bengoetxea, Spain", "timezone": "UTC", "date": "2025-12-15T20:00:00+00:00", "timestamp": 1765828800, "periods": {"first": 1765828800, "second": 1765832400}, "venue": {"id": 1488, "name": "Campo de Futbol de Vallecas", "city": "Madrid"}, "status": {"long": "Match Finished", "short": "FT", "elapsed": 90, "extra": 3}}, "league": {"id": 140, "name": "La Liga", "country": "Spain", "logo": "https://media.api-sports.io/football/leagues/140.png", "flag": "https://media.api-sports.io/flags/es.svg", "season": 2025, "round": "Regular Season - 16", "standings": true}, "teams": {"home": {"id": 728, "name": "Rayo Vallecano", "logo": "https://media.api-sports.io/football/teams/728.png", "winner": null}, "away": {"id": 543, "name": "Real Betis", "logo": "https://media.api-sports.io/football/teams/543.png", "winner": null}}, "goals": {"home": 0, "away": 0}, "score": {"halftime": {"home": 0, "away": 0}, "fulltime": {"home": 0, "away": 0}, "extratime": {"home": null, "away": null}, "penalty": {"home": null, "away": null}}}, {"fixture": {"id": 1390961, "referee": "Francisco Hernandez Maeso, Spain", "timezone": "UTC", "date": "2025-12-06T17:30:00+00:00", "timestamp": 1765042200, "periods": {"first": 1765042200, "second": 1765045800}, "venue": {"id": null, "name": "Estadio de la Cartuja", "city": "Seville"}, "status": {"long": "Match Finished", "short": "FT", "elapsed": 90, "extra": 7}}, "league": {"id": 140, "name": "La Liga", "country": "Spain", "logo": "https://media.api-sports.io/football/leagues/140.png", "flag": "https://media.api-sports.io/flags/es.svg", "season": 2025, "round": "Regular Season - 15", "standings": true}, "teams": {"home": {"id": 543, "name": "Real Betis", "logo": "https://media.api-sports.io/football/teams/543.png", "winner": false}, "away": {"id": 529, "name": "Barcelona", "logo": "https://media.api-sports.io/football/teams/529.png", "winner": true}}, "goals": {"home": 3, "away": 5}, "score": {"halftime": {"home": 1, "away": 4}, "fulltime": {"home": 3, "away": 5}, "extratime": {"home": null, "away": null}, "penalty": {"home": null, "away": null}}}, {"fixture": {"id": 1390958, "referee": "Jos\u00e9 Luis Munuera Montero, Spain", "timezone": "UTC", "date": "2025-11-30T15:15:00+00:00", "timestamp": 1764515700, "periods": {"first": 1764515700, "second": 1764519300}, "venue": {"id": 1494, "name": "Estadio Ram\u00f3n S\u00e1nchez Pizju\u00e1n", "city": "Sevilla"}, "status": {"long": "Match Finished", "short": "FT", "elapsed": 90, "extra": 8}}, "league": {"id": 140, "name": "La Liga", "country": "Spain", "logo": "https://media.api-sports.io/football/leagues/140.png", "flag": "https://media.api-sports.io/flags/es.svg", "season": 2025, "round": "Regular Season - 14", "standings": true}, "teams": {"home": {"id": 536, "name": "Sevilla", "logo": "https://media.api-sports.io/football/teams/536.png", "winner": false}, "away": {"id": 543, "name": "Real Betis", "logo": "https://media.api-sports.io/football/teams/543.png", "winner": true}}, "goals": {"home": 0, "away": 2}, "score": {"halftime": {"home": 0, "away": 0}, "fulltime": {"home": 0, "away": 2}, "extratime": {"home": null, "away": null}, "penalty": {"home": null, "away": null}}}]}