{"get": "fixtures", "parameters": {"league": "140", "season": "2025", "team": "531", "status": "FT", "last": "10"}, "errors": [], "results": 10, "paging": {"current": 1, "total": 1}, "response": [{"fixture": {"id": 1391040, "referee": "Alejandro Mu\u00f1iz Ruiz, Spain", "timezone": "UTC", "date": "2026-02-08T15:15:00+00:00", "timestamp": 1770563700, "periods": {"first": 1770563700, "second": 1770567300}, "venue": {"id": null, "name": "San Mam\u00e9s", "city": "Bilbao"}, "status": {"long": "Match Finished", "short": "FT", "elapsed": 90, "extra": 10}}, "league": {"id": 140, "name": "La Liga", "country": "Spain", "logo": "https://media.api-sports.io/football/leagues/140.png", "flag": "https://media.api-sports.io/flags/es.svg", "season": 2025, "round": "Regular Season - 23", "standings": true}, "teams": {"home": {"id": 531, "name": "Athletic Club", "logo": "https://media.api-sports.io/football/teams/531.png", "winner": true}, "away": {"id": 539, "name": "Levante", "logo": "https://media.api-sports.io/football/teams/539.png", "winner": false}}, "goals": {"home": 4, "away": 2}, "score": {"halftime": {"home": 2, "away": 0}, "fulltime": {"home": 4, "away": 2}, "extratime": {"home": null, "away": null}, "penalty": {"home": null, "away": null}}}, {"fixture": {"id": 1391029, "referee": "Guillermo Cuadra Fernandez, Spain", "timezone": "UTC", "date": "2026-02-01T20:00:00+00:00", "timestamp": 1769976000, "periods": {"first": 1769976000, "second": 1769979600}, "venue": {"id": null, "name": "San Mam\u00e9s", "city": "Bilbao"}, "status": {"long": "Match Finished", "short": "FT", "elapsed": 90, "extra": 5}}, "league": {"id": 140, "name": "La Liga", "country": "Spain", "logo": "https://media.api-sports.io/football/leagues/140.png", "flag": "https://media.api-sports.io/flags/es.svg", "season": 2025, "round": "Regular Season - 22", "standings": true}, "teams": {"home": {"id": 531, "name": "Athletic Club", "logo": "https://media.api-sports.io/football/teams/531.png", "winner": null}, "away": {"id": 548, "name": "Real Sociedad", "logo": "https://media.api-sports.io/football/teams/548.png", "winner": null}}, "goals": {"home": 1, "away": 1}, "score": {"halftime": {"home": 0, "away": 1}, "fulltime": {"home": 1, "away": 1}, "extratime": {"home": null, "away": null}, "penalty": {"home": null, "away": null}}}, {"fixture": {"id": 1391026, "referee": "Francisco Hernandez Maeso, Spain", "timezone": "UTC", "date": "2026-01-24T17:30:00+00:00", "timestamp": 1769275800, "periods": {"first": 1769275800, "second": 1769279400}, "venue": {"id": 1494, "name": "Estadio Ram\u00f3n S\u00e1nchez Pizju\u00e1n", "city": "Sevilla"}, "status": {"long": "Match Finished", "short": "FT", "elapsed": 90, "extra": 7}}, "league": {"id": 140, "name": "La Liga", "country": "Spain", "logo": "https://media.api-sports.io/football/leagues/140.png", "flag": "https://media.api-sports.io/flags/es.svg", "season": 2025, "round": "Regular Season - 21", "standings": true}, "teams": {"home": {"id": 536, "name": "Sevilla", "logo": "https://media.api-sports.io/football/teams/536.png", "winner": true}, "away": {"id": 531, "name": "Athletic Club", "logo": "https://media.api-sports.io/football/teams/531.png", "winner": false}}, "goals": {"home": 2, "away": 1}, "score": {"halftime": {"home": 1, "away": 1}, "fulltime": {"home": 2, "away": 1}, "extratime": {"home": null, "away": null}, "penalty": {"home": null, "away": null}}}, {"fixture": {"id": 1391015, "referee": "Jose Luis Guzman Mansilla, Spain", "timezone": "UTC", "date": "2026-01-17T15:15:00+00:00", "timestamp": 1768662900, "periods": {"first": 1768662900, "second": 1768666500}, "venue": {"id": 19940, "name": "Estadi Mallorca Son Moix", "city": "Palma de Mallorca"}, "status": {"long": "Match Finished", "short": "FT", "elapsed": 90, "extra": 12}}, "league": {"id": 140, "name": "La Liga", "country": "Spain", "logo": "https://media.api-sports.io/football/leagues/140.png", "flag": "https://media.api-sports.io/flags/es.svg", "season": 2025, "round": "Regular Season - 20", "standings": true}, "teams": {"home": {"id": 798, "name": "Mallorca", "logo": "https://media.api-sports.io/football/teams/798.png", "winner": true}, "away": {"id": 531, "name": "Athletic Club", "logo": "https://media.api-sports.io/football/teams/531.png", "winner": false}}, "goals": {"home": 3, "away": 2}, "score": {"halftime": {"home": 2, "away": 2}, "fulltime": {"home": 3, "away": 2}, "extratime": {"home": null, "away": null}, "penalty": {"home": null, "away": null}}}, {"fixture": {"id": 1390994, "referee": "Jos\u00e9 Luis Munuera Montero, Spain", "timezone": "UTC", "date": "2026-01-03T15:15:00+00:00", "timestamp": 1767453300, "periods": {"first": 1767453300, "second": 1767456900}, "venue": {"id": null, "name": "Estadio El Sadar", "city": "Pamplona"}, "status": {"long": "Match Finished", "short": "FT", "elapsed": 90, "extra": 5}}, "league": {"id": 140, "name": "La Liga", "country": "Spain", "logo": "https://media.api-sports.io/football/leagues/140.png", "flag": "https://media.api-sports.io/flags/es.svg", "season": 2025, "round": "Regular Season - 18", "standings": true}, "teams": {"home": {"id": 727, "name": "Osasuna", "logo": "https://media.api-sports.io/football/teams/727.png", "winner": null}, "away": {"id": 531, "name": "Athletic Club", "logo": "https://media.api-sports.io/football/teams/531.png", "winner": null}}, "goals": {"home": 1, "away": 1}, "score": {"halftime": {"home": 1, "away": 0}, "fulltime": {"home": 1, "away": 1}, "extratime": {"home": null, "away": null}, "penalty": {"home": null, "away": null}}}, {"fixture": {"id": 1390979, "referee": "Mateo Busquets Ferrer, Spain", "timezone": "UTC", "date": "2025-12-22T20:00:00+00:00", "timestamp": 1766433600, "periods": {"first": 1766433600, "second": 1766437200}, "venue": {"id": null, "name": "San Mam\u00e9s", "city": "Bilbao"}, "status": {"long": "Match Finished", "short": "FT", "elapsed": 90, "extra": 3}}, "league": {"id": 140, "name": "La Liga", "country": "Spain", "logo": "https://media.api-sports.io/football/leagues/140.png", "flag": "https://media.api-sports.io/flags/es.svg", "season": 2025, "round": "Regular Season - 17", "standings": true}, "teams": {"home": {"id": 531, "name": "Athletic Club", "logo": "https://media.api-sports.io/football/teams/531.png", "winner": false}, "away": {"id": 540, "name": "Espanyol", "logo": "https://media.api-sports.io/football/teams/540.png", "winner": true}}, "goals": {"home": 1, "away": 2}, "score": {"halftime": {"home": 1, "away": 1}, "fulltime": {"home": 1, "away": 2}, "extratime": {"home": null, "away": null}, "penalty": {"home": null, "away": null}}}, {"fixture": {"id": 1390972, "referee": "Alejandro Hernandez, Spain", "timezone": "UTC", "date": "2025-12-14T15:15:00+00:00", "timestamp": 1765725300, "periods": {"first": 1765725300, "second": 1765728900}, "venue": {"id": null, "name": "Estadio Abanca Bala\u00eddos", "city": "Vigo"}, "status": {"long": "Match Finished", "short": "FT", "elapsed": 90, "extra": 8}}, "league": {"id": 140, "name": "La Liga", "country": "Spain", "logo": "https://media.api-sports.io/football/leagues/140.png", "flag": "https://media.api-sports.io/flags/es.svg", "season": 2025, "round": "Regular Season - 16", "standings": true}, "teams": {"home": {"id": 538, "name": "Celta Vigo", "logo": "https://media.api-sports.io/football/teams/538.png", "winner": true}, "away": {"id": 531, "name": "Athletic Club", "logo": "https://media.api-sports.io/football/teams/531.png", "winner": false}}, "goals": {"home": 2, "away": 0}, "score": {"halftime": {"home": 0, "away": 0}, "fulltime": {"home": 2, "away": 0}, "extratime": {"home": null, "away": null}, "penalty": {"home": null, "away": null}}}, {"fixture": {"id": 1390960, "referee": "Alejandro Mu\u00f1iz Ruiz, Spain", "timezone": "UTC", "date": "2025-12-06T20:00:00+00:00", "timestamp": 1765051200, "periods": {"first": 1765051200, "second": 1765054800}, "venue": {"id": null, "name": "San Mam\u00e9s", "city": "Bilbao"}, "status": {"long": "Match Finished", "short": "FT", "elapsed": 90, "extra": 6}}, "league": {"id": 140, "name": "La Liga", "country": "Spain", "logo": "https://media.api-sports.io/football/leagues/140.png", "flag": "https://media.api-sports.io/flags/es.svg", "season": 2025, "round": "Regular Season - 15", "standings": true}, "teams": {"home": {"id": 531, "name": "Athletic Club", "logo": "https://media.api-sports.io/football/teams/531.png", "winner": true}, "away": {"id": 530, "name": "Atletico Madrid", "logo": "https://media.api-sports.io/football/teams/530.png", "winner": false}}, "goals": {"home": 1, "away": 0}, "score": {"halftime": {"home": 0, "away": 0}, "fulltime": {"home": 1, "away": 0}, "extratime": {"home": null, "away": null}, "penalty": {"home": null, "away": null}}}, {"fixture": {"id": 1390999, "referee": "Jesus Gil Manzano, Spain", "timezone": "UTC", "date": "2025-12-03T18:00:00+00:00", "timestamp": 1764784800, "periods": {"first": 1764784800, "second": 1764788400}, "venue": {"id": null, "name": "San Mam\u00e9s", "city": "Bilbao"}, "status": {"long": "Match Finished", "short": "FT", "elapsed": 90, "extra": 4}}, "league": {"id": 140, "name": "La Liga", "country": "Spain", "logo": "https://media.api-sports.io/football/leagues/140.png", "flag": "https://media.api-sports.io/flags/es.svg", "season": 2025, "round": "Regular Season - 19", "standings": true}, "teams": {"home": {"id": 531, "name": "Athletic Club", "logo": "https://media.api-sports.io/football/teams/531.png", "winner": false}, "away": {"id": 541, "name": "Real Madrid", "logo": "https://media.api-sports.io/football/teams/541.png", "winner": true}}, "goals": {"home": 0, "away": 3}, "score": {"halftime": {"home": 0, "away": 2}, "fulltime": {"home": 0, "away": 3}, "extratime": {"home": null, "away": null}, "penalty": {"home": null, "away": null}}}, {"fixture": {"id": 1390954, "referee": "Adrian Cordero Vega, Spain", "timezone": "UTC", "date": "2025-11-29T17:30:00+00:00", "timestamp": 1764437400, "periods": {"first": 1764437400, "second": 1764441000}, "venue": {"id": 1482, "name": "Estadio Ciudad de Valencia", "city": "Valencia"}, "status": {"long": "Match Finished", "short": "FT", "elapsed": 90, "extra": 5}}, "league": {"id": 140, "name": "La Liga", "country": "Spain", "logo": "https://media.api-sports.io/football/leagues/140.png", "flag": "https://media.api-sports.io/flags/es.svg", "season": 2025, "round": "Regular Season - 14", "standings": true}, "teams": {"home": {"id": 539, "name": "Levante", "logo": "https://media.api-sports.io/football/teams/539.png", "winner": false}, "away": {"id": 531, "name": "Athletic Club", "logo": "https://media.api-sports.io/football/teams/531.png", "winner": true}}, "goals": {"home": 0, "away": 2}, "score": {"halftime": {"home": 0, "away": 2}, "fulltime": {"home": 0, "away": 2}, "extratime": {"home": null, "away": null}, "penalty": {"home": null, "away": null}}}]}