{"get": "injuries", "parameters": {"league": "78", "season": "2025", "team": "168"}, "errors": [], "results": 89, "paging": {"current": 1, "total": 1}, "response": [{"player": {"id": 6002, "name": "Exequiel Palacios", "photo": "https://media.api-sports.io/football/players/6002.png", "type": "Missing Fixture", "reason": "Muscle Injury"}, "team": {"id": 168, "name": "Bayer Leverkusen", "logo": "https://media.api-sports.io/football/teams/168.png"}, "fixture": {"id": 1388309, "timezone": "UTC", "date": "2025-08-23T13:30:00+00:00", "timestamp": 1755955800}, "league": {"id": 78, "season": 2025, "name": "Bundesliga", "country": "Germany", "logo": "https://media.api-sports.io/football/leagues/78.png", "flag": "https://media.api-sports.io/flags/de.svg"}}, {"player": {"id": 663, "name": "Martin Terrier", "photo": "https://media.api-sports.io/football/players/663.png", "type": "Missing Fixture", "reason": "Achilles tendon rupture"}, "team": {"id": 168, "name": "Bayer Leverkusen", "logo": "https://media.api-sports.io/football/teams/168.png"}, "fixture": {"id": 1388309, "timezone": "UTC", "date": "2025-08-23T13:30:00+00:00", "timestamp": 1755955800}, "league": {"id": 78, "season": 2025, "name": "Bundesliga", "country": "Germany", "logo": "https://media.api-sports.io/football/leagues/78.png", "flag": "https://media.api-sports.io/flags/de.svg"}}, {"player": {"id": 39071, "name": "Victor Boniface", "photo": "https://media.api-sports.io/football/players/39071.png", "type": "Missing Fixture", "reason": "Injury"}, "team": {"id": 168, "name": "Bayer Leverkusen", "logo": "https://media.api-sports.io/football/teams/168.png"}, "fixture": {"id": 1388309, "timezone": "UTC", "date": "2025-08-23T13:30:00+00:00", "timestamp": 1755955800}, "league": {"id": 78, "season": 2025, "name": "Bundesliga", "country": "Germany", "logo": "https://media.api-sports.io/football/leagues/78.png", "flag": "https://media.api-sports.io/flags/de.svg"}}, {"player": {"id": 174918, "name": "Loic Bade", "photo": "https://media.api-sports.io/football/players/174918.png", "type": "Missing Fixture", "reason": "Muscle Injury"}, "team": {"id": 168, "name": "Bayer Leverkusen", "logo": "https://media.api-sports.io/football/teams/168.png"}, "fixture": {"id": 1388309, "timezone": "UTC", "date": "2025-08-23T13:30:00+00:00", "timestamp": 1755955800}, "league": {"id": 78, "season": 2025, "name": "Bundesliga", "country": "Germany", "logo": "https://media.api-sports.io/football/leagues/78.png", "flag": "https://media.api-sports.io/flags/de.svg"}}, {"player": {"id": 162037, "name": "Malik Tillman", "photo": "https://media.api-sports.io/football/players/162037.png", "type": "Missing Fixture", "reason": "Calf Injury"}, "team": {"id": 168, "name": "Bayer Leverkusen", "logo": "https://media.api-sports.io/football/teams/168.png"}, "fixture": {"id": 1388309, "timezone": "UTC", "date": "2025-08-23T13:30:00+00:00", "timestamp": 1755955800}, "league": {"id": 78, "season": 2025, "name": "Bundesliga", "country": "Germany", "logo": "https://media.api-sports.io/football/leagues/78.png", "flag": "https://media.api-sports.io/flags/de.svg"}}, {"player": {"id": 343316, "name": "J. Belocian", "photo": "https://media.api-sports.io/football/players/343316.png", "type": "Missing Fixture", "reason": "Cruciate ligament stretch"}, "team": {"id": 168, "name": "Bayer Leverkusen", "logo": "https://media.api-sports.io/football/teams/168.png"}, "fixture": {"id": 1388309, "timezone": "UTC", "date": "2025-08-23T13:30:00+00:00", "timestamp": 1755955800}, "league": {"id": 78, "season": 2025, "name": "Bundesliga", "country": "Germany", "logo": "https://media.api-sports.io/football/leagues/78.png", "flag": "https://media.api-sports.io/flags/de.svg"}}, {"player": {"id": 343316, "name": "J. Belocian", "photo": "https://media.api-sports.io/football/players/343316.png", "type": "Missing Fixture", "reason": "Cruciate ligament stretch"}, "team": {"id": 168, "name": "Bayer Leverkusen", "logo": "https://media.api-sports.io/football/teams/168.png"}, "fixture": {"id": 1388324, "timezone": "UTC", "date": "2025-08-30T13:30:00+00:00", "timestamp": 1756560600}, "league": {"id": 78, "season": 2025, "name": "Bundesliga", "country": "Germany", "logo": "https://media.api-sports.io/football/leagues/78.png", "flag": "https://media.api-sports.io/flags/de.svg"}}, {"player": {"id": 25635, "name": "J. Hofmann", "photo": "https://media.api-sports.io/football/players/25635.png", "type": "Missing Fixture", "reason": "Muscle bruise"}, "team": {"id": 168, "name": "Bayer Leverkusen", "logo": "https://media.api-sports.io/football/teams/168.png"}, "fixture": {"id": 1388309, "timezone": "UTC", "date": "2025-08-23T13:30:00+00:00", "timestamp": 1755955800}, "league": {"id": 78, "season": 2025, "name": "Bundesliga", "country": "Germany", "logo": "https://media.api-sports.io/football/leagues/78.png", "flag": "https://media.api-sports.io/flags/de.svg"}}, {"player": {"id": 25635, "name": "J. Hofmann", "photo": "https://media.api-sports.io/football/players/25635.png", "type": "Missing Fixture", "reason": "Muscle bruise"}, "team": {"id": 168, "name": "Bayer Leverkusen", "logo": "https://media.api-sports.io/football/teams/168.png"}, "fixture": {"id": 1388324, "timezone": "UTC", "date": "2025-08-30T13:30:00+00:00", "timestamp": 1756560600}, "league": {"id": 78, "season": 2025, "name": "Bundesliga", "country": "Germany", "logo": "https://media.api-sports.io/football/leagues/78.png", "flag": "https://media.api-sports.io/flags/de.svg"}}, {"player": {"id": 24903, "name": "R. Andrich", "photo": "https://media.api-sports.io/football/players/24903.png", "type": "Missing Fixture", "reason": "Red Card"}, "team": {"id": 168, "name": "Bayer Leverkusen", "logo": "https://media.api-sports.io/football/teams/168.png"}, "fixture": {"id": 1388336, "timezone": "UTC", "date": "2025-09-21T15:30:00+00:00", "timestamp": 1758468600}, "league": {"id": 78, "season": 2025, "name": "Bundesliga", "country": "Germany", "logo": "https://media.api-sports.io/football/leagues/78.png", "flag": "https://media.api-sports.io/flags/de.svg"}}, {"player": {"id": 237087, "name": "E. Fernandez", "photo": "https://media.api-sports.io/football/players/237087.png", "type": "Missing Fixture", "reason": "Red Card"}, "team": {"id": 168, "name": "Bayer Leverkusen", "logo": "https://media.api-sports.io/football/teams/168.png"}, "fixture": {"id": 1388336, "timezone": "UTC", "date": "2025-09-21T15:30:00+00:00", "timestamp": 1758468600}, "league": {"id": 78, "season": 2025, "name": "Bundesliga", "country": "Germany", "logo": "https://media.api-sports.io/football/leagues/78.png", "flag": "https://media.api-sports.io/flags/de.svg"}}, {"player": {"id": 6002, "name": "E. Palacios", "photo": "https://media.api-sports.io/football/players/6002.png", "type": "Missing Fixture", "reason": "Groin Injury"}, "team": {"id": 168, "name": "Bayer Leverkusen", "logo": "https://media.api-sports.io/football/teams/168.png"}, "fixture": {"id": 1388336, "timezone": "UTC", "date": "2025-09-21T15:30:00+00:00", "timestamp": 1758468600}, "league": {"id": 78, "season": 2025, "name": "Bundesliga", "country": "Germany", "logo": "https://media.api-sports.io/football/leagues/78.png", "flag": "https://media.api-sports.io/flags/de.svg"}}, {"player": {"id": 414384, "name": "A. Sarco", "photo": "https://media.api-sports.io/football/players/414384.png", "type": "Missing Fixture", "reason": "International duty"}, "team": {"id": 168, "name": "Bayer Leverkusen", "logo": "https://media.api-sports.io/football/teams/168.png"}, "fixture": {"id": 1388336, "timezone": "UTC", "date": "2025-09-21T15:30:00+00:00", "timestamp": 1758468600}, "league": {"id": 78, "season": 2025, "name": "Bundesliga", "country": "Germany", "logo": "https://media.api-sports.io/football/leagues/78.png", "flag": "https://media.api-sports.io/flags/de.svg"}}, {"player": {"id": 663, "name": "M. Terrier", "photo": "https://media.api-sports.io/football/players/663.png", "type": "Missing Fixture", "reason": "Achilles Tendon Injury"}, "team": {"id": 168, "name": "Bayer Leverkusen", "logo": "https://media.api-sports.io/football/teams/168.png"}, "fixture": {"id": 1388336, "timezone": "UTC", "date": "2025-09-21T15:30:00+00:00", "timestamp": 1758468600}, "league": {"id": 78, "season": 2025, "name": "Bundesliga", "country": "Germany", "logo": "https://media.api-sports.io/football/leagues/78.png", "flag": "https://media.api-sports.io/flags/de.svg"}}, {"player": {"id": 6002, "name": "E. Palacios", "photo": "https://media.api-sports.io/football/players/6002.png", "type": "Missing Fixture", "reason": "Groin Injury"}, "team": {"id": 168, "name": "Bayer Leverkusen", "logo": "https://media.api-sports.io/football/teams/168.png"}, "fixture": {"id": 1388350, "timezone": "UTC", "date": "2025-09-27T13:30:00+00:00", "timestamp": 1758979800}, "league": {"id": 78, "season": 2025, "name": "Bundesliga", "country": "Germany", "logo": "https://media.api-sports.io/football/leagues/78.png", "flag": "https://media.api-sports.io/flags/de.svg"}}, {"player": {"id": 414384, "name": "A. Sarco", "photo": "https://media.api-sports.io/football/players/414384.png", "type": "Missing Fixture", "reason": "International duty"}, "team": {"id": 168, "name": "Bayer Leverkusen", "logo": "https://media.api-sports.io/football/teams/168.png"}, "fixture": {"id": 1388350, "timezone": "UTC", "date": "2025-09-27T13:30:00+00:00", "timestamp": 1758979800}, "league": {"id": 78, "season": 2025, "name": "Bundesliga", "country": "Germany", "logo": "https://media.api-sports.io/football/leagues/78.png", "flag": "https://media.api-sports.io/flags/de.svg"}}, {"player": {"id": 663, "name": "M. Terrier", "photo": "https://media.api-sports.io/football/players/663.png", "type": "Missing Fixture", "reason": "Achilles Tendon Injury"}, "team": {"id": 168, "name": "Bayer Leverkusen", "logo": "https://media.api-sports.io/football/teams/168.png"}, "fixture": {"id": 1388350, "timezone": "UTC", "date": "2025-09-27T13:30:00+00:00", "timestamp": 1758979800}, "league": {"id": 78, "season": 2025, "name": "Bundesliga", "country": "Germany", "logo": "https://media.api-sports.io/football/leagues/78.png", "flag": "https://media.api-sports.io/flags/de.svg"}}, {"player": {"id": 231029, "name": "N. Tella", "photo": "https://media.api-sports.io/football/players/231029.png", "type": "Questionable", "reason": "Knee Injury"}, "team": {"id": 168, "name": "Bayer Leverkusen", "logo": "https://media.api-sports.io/football/teams/168.png"}, "fixture": {"id": 1388350, "timezone": "UTC", "date": "2025-09-27T13:30:00+00:00", "timestamp": 1758979800}, "league": {"id": 78, "season": 2025, "name": "Bundesliga", "country": "Germany", "logo": "https://media.api-sports.io/football/leagues/78.png", "flag": "https://media.api-sports.io/flags/de.svg"}}, {"player": {"id": 6002, "name": "E. Palacios", "photo": "https://media.api-sports.io/football/players/6002.png", "type": "Missing Fixture", "reason": "Groin Injury"}, "team": {"id": 168, "name": "Bayer Leverkusen", "logo": "https://media.api-sports.io/football/teams/168.png"}, "fixture": {"id": 1388354, "timezone": "UTC", "date": "2025-10-04T13:30:00+00:00", "timestamp": 1759584600}, "league": {"id": 78, "season": 2025, "name": "Bundesliga", "country": "Germany", "logo": "https://media.api-sports.io/football/leagues/78.png", "flag": "https://media.api-sports.io/flags/de.svg"}}, {"player": {"id": 414384, "name": "A. Sarco", "photo": "https://media.api-sports.io/football/players/414384.png", "type": "Missing Fixture", "reason": "International duty"}, "team": {"id": 168, "name": "Bayer Leverkusen", "logo": "https://media.api-sports.io/football/teams/168.png"}, "fixture": {"id": 1388354, "timezone": "UTC", "date": "2025-10-04T13:30:00+00:00", "timestamp": 1759584600}, "league": {"id": 78, "season": 2025, "name": "Bundesliga", "country": "Germany", "logo": "https://media.api-sports.io/football/leagues/78.png", "flag": "https://media.api-sports.io/flags/de.svg"}}, {"player": {"id": 794, "name": "P. Schick", "photo": "https://media.api-sports.io/football/players/794.png", "type": "Missing Fixture", "reason": "Muscle Injury"}, "team": {"id": 168, "name": "Bayer Leverkusen", "logo": "https://media.api-sports.io/football/teams/168.png"}, "fixture": {"id": 1388354, "timezone": "UTC", "date": "2025-10-04T13:30:00+00:00", "timestamp": 1759584600}, "league": {"id": 78, "season": 2025, "name": "Bundesliga", "country": "Germany", "logo": "https://media.api-sports.io/football/leagues/78.png", "flag": "https://media.api-sports.io/flags/de.svg"}}, {"player": {"id": 491103, "name": "A. Tape", "photo": "https://media.api-sports.io/football/players/491103.png", "type": "Missing Fixture", "reason": "Injury"}, "team": {"id": 168, "name": "Bayer Leverkusen", "logo": "https://media.api-sports.io/football/teams/168.png"}, "fixture": {"id": 1388354, "timezone": "UTC", "date": "2025-10-04T13:30:00+00:00", "timestamp": 1759584600}, "league": {"id": 78, "season": 2025, "name": "Bundesliga", "country": "Germany", "logo": "https://media.api-sports.io/football/leagues/78.png", "flag": "https://media.api-sports.io/flags/de.svg"}}, {"player": {"id": 663, "name": "M. Terrier", "photo": "https://media.api-sports.io/football/players/663.png", "type": "Missing Fixture", "reason": "Achilles Tendon Injury"}, "team": {"id": 168, "name": "Bayer Leverkusen", "logo": "https://media.api-sports.io/football/teams/168.png"}, "fixture": {"id": 1388354, "timezone": "UTC", "date": "2025-10-04T13:30:00+00:00", "timestamp": 1759584600}, "league": {"id": 78, "season": 2025, "name": "Bundesliga", "country": "Germany", "logo": "https://media.api-sports.io/football/leagues/78.png", "flag": "https://media.api-sports.io/flags/de.svg"}}, {"player": {"id": 231029, "name": "N. Tella", "photo": "https://media.api-sports.io/football/players/231029.png", "type": "Questionable", "reason": "Knee Injury"}, "team": {"id": 168, "name": "Bayer Leverkusen", "logo": "https://media.api-sports.io/football/teams/168.png"}, "fixture": {"id": 1388354, "timezone": "UTC", "date": "2025-10-04T13:30:00+00:00", "timestamp": 1759584600}, "league": {"id": 78, "season": 2025, "name": "Bundesliga", "country": "Germany", "logo": "https://media.api-sports.io/football/leagues/78.png", "flag": "https://media.api-sports.io/flags/de.svg"}}, {"player": {"id": 6002, "name": "E. Palacios", "photo": "https://media.api-sports.io/football/players/6002.png", "type": "Missing Fixture", "reason": "Groin Injury"}, "team": {"id": 168, "name": "Bayer Leverkusen", "logo": "https://media.api-sports.io/football/teams/168.png"}, "fixture": {"id": 1388366, "timezone": "UTC", "date": "2025-10-18T13:30:00+00:00", "timestamp": 1760794200}, "league": {"id": 78, "season": 2025, "name": "Bundesliga", "country": "Germany", "logo": "https://media.api-sports.io/football/leagues/78.png", "flag": "https://media.api-sports.io/flags/de.svg"}}, {"player": {"id": 158698, "name": "J. Quansah", "photo": "https://media.api-sports.io/football/players/158698.png", "type": "Missing Fixture", "reason": "Muscle Injury"}, "team": {"id": 168, "name": "Bayer Leverkusen", "logo": "https://media.api-sports.io/football/teams/168.png"}, "fixture": {"id": 1388366, "timezone": "UTC", "date": "2025-10-18T13:30:00+00:00", "timestamp": 1760794200}, "league": {"id": 78, "season": 2025, "name": "Bundesliga", "country": "Germany", "logo": "https://media.api-sports.io/football/leagues/78.png", "flag": "https://media.api-sports.io/flags/de.svg"}}, {"player": {"id": 414384, "name": "A. Sarco", "photo": "https://media.api-sports.io/football/players/414384.png", "type": "Missing Fixture", "reason": "International duty"}, "team": {"id": 168, "name": "Bayer Leverkusen", "logo": "https://media.api-sports.io/football/teams/168.png"}, "fixture": {"id": 1388366, "timezone": "UTC", "date": "2025-10-18T13:30:00+00:00", "timestamp": 1760794200}, "league": {"id": 78, "season": 2025, "name": "Bundesliga", "country": "Germany", "logo": "https://media.api-sports.io/football/leagues/78.png", "flag": "https://media.api-sports.io/flags/de.svg"}}, {"player": {"id": 794, "name": "P. Schick", "photo": "https://media.api-sports.io/football/players/794.png", "type": "Missing Fixture", "reason": "Muscle Injury"}, "team": {"id": 168, "name": "Bayer Leverkusen", "logo": "https://media.api-sports.io/football/teams/168.png"}, "fixture": {"id": 1388366, "timezone": "UTC", "date": "2025-10-18T13:30:00+00:00", "timestamp": 1760794200}, "league": {"id": 78, "season": 2025, "name": "Bundesliga", "country": "Germany", "logo": "https://media.api-sports.io/football/leagues/78.png", "flag": "https://media.api-sports.io/flags/de.svg"}}, {"player": {"id": 491103, "name": "A. Tape", "photo": "https://media.api-sports.io/football/players/491103.png", "type": "Missing Fixture", "reason": "Hamstring Injury"}, "team": {"id": 168, "name": "Bayer Leverkusen", "logo": "https://media.api-sports.io/football/teams/168.png"}, "fixture": {"id": 1388366, "timezone": "UTC", "date": "2025-10-18T13:30:00+00:00", "timestamp": 1760794200}, "league": {"id": 78, "season": 2025, "name": "Bundesliga", "country": "Germany", "logo": "https://media.api-sports.io/football/leagues/78.png", "flag": "https://media.api-sports.io/flags/de.svg"}}, {"player": {"id": 231029, "name": "N. Tella", "photo": "https://media.api-sports.io/football/players/231029.png", "type": "Questionable", "reason": "Knee Injury"}, "team": {"id": 168, "name": "Bayer Leverkusen", "logo": "https://media.api-sports.io/football/teams/168.png"}, "fixture": {"id": 1388366, "timezone": "UTC", "date": "2025-10-18T13:30:00+00:00", "timestamp": 1760794200}, "league": {"id": 78, "season": 2025, "name": "Bundesliga", "country": "Germany", "logo": "https://media.api-sports.io/football/leagues/78.png", "flag": "https://media.api-sports.io/flags/de.svg"}}, {"player": {"id": 757, "name": "Lucas", "photo": "https://media.api-sports.io/football/players/757.png", "type": "Missing Fixture", "reason": "Muscle Injury"}, "team": {"id": 168, "name": "Bayer Leverkusen", "logo": "https://media.api-sports.io/football/teams/168.png"}, "fixture": {"id": 1388372, "timezone": "UTC", "date": "2025-10-26T14:30:00+00:00", "timestamp": 1761489000}, "league": {"id": 78, "season": 2025, "name": "Bundesliga", "country": "Germany", "logo": "https://media.api-sports.io/football/leagues/78.png", "flag": "https://media.api-sports.io/flags/de.svg"}}, {"player": {"id": 6002, "name": "E. Palacios", "photo": "https://media.api-sports.io/football/players/6002.png", "type": "Missing Fixture", "reason": "Groin Injury"}, "team": {"id": 168, "name": "Bayer Leverkusen", "logo": "https://media.api-sports.io/football/teams/168.png"}, "fixture": {"id": 1388372, "timezone": "UTC", "date": "2025-10-26T14:30:00+00:00", "timestamp": 1761489000}, "league": {"id": 78, "season": 2025, "name": "Bundesliga", "country": "Germany", "logo": "https://media.api-sports.io/football/leagues/78.png", "flag": "https://media.api-sports.io/flags/de.svg"}}, {"player": {"id": 491103, "name": "A. Tape", "photo": "https://media.api-sports.io/football/players/491103.png", "type": "Missing Fixture", "reason": "Hamstring Injury"}, "team": {"id": 168, "name": "Bayer Leverkusen", "logo": "https://media.api-sports.io/football/teams/168.png"}, "fixture": {"id": 1388372, "timezone": "UTC", "date": "2025-10-26T14:30:00+00:00", "timestamp": 1761489000}, "league": {"id": 78, "season": 2025, "name": "Bundesliga", "country": "Germany", "logo": "https://media.api-sports.io/football/leagues/78.png", "flag": "https://media.api-sports.io/flags/de.svg"}}, {"player": {"id": 231029, "name": "N. Tella", "photo": "https://media.api-sports.io/football/players/231029.png", "type": "Missing Fixture", "reason": "Knee Injury"}, "team": {"id": 168, "name": "Bayer Leverkusen", "logo": "https://media.api-sports.io/football/teams/168.png"}, "fixture": {"id": 1388372, "timezone": "UTC", "date": "2025-10-26T14:30:00+00:00", "timestamp": 1761489000}, "league": {"id": 78, "season": 2025, "name": "Bundesliga", "country": "Germany", "logo": "https://media.api-sports.io/football/leagues/78.png", "flag": "https://media.api-sports.io/flags/de.svg"}}, {"player": {"id": 162037, "name": "M. Tillman", "photo": "https://media.api-sports.io/football/players/162037.png", "type": "Missing Fixture", "reason": "Muscle Injury"}, "team": {"id": 168, "name": "Bayer Leverkusen", "logo": "https://media.api-sports.io/football/teams/168.png"}, "fixture": {"id": 1388372, "timezone": "UTC", "date": "2025-10-26T14:30:00+00:00", "timestamp": 1761489000}, "league": {"id": 78, "season": 2025, "name": "Bundesliga", "country": "Germany", "logo": "https://media.api-sports.io/football/leagues/78.png", "flag": "https://media.api-sports.io/flags/de.svg"}}, {"player": {"id": 237087, "name": "E. Fernandez", "photo": "https://media.api-sports.io/football/players/237087.png", "type": "Missing Fixture", "reason": "Knee Injury"}, "team": {"id": 168, "name": "Bayer Leverkusen", "logo": "https://media.api-sports.io/football/teams/168.png"}, "fixture": {"id": 1388381, "timezone": "UTC", "date": "2025-11-01T17:30:00+00:00", "timestamp": 1762018200}, "league": {"id": 78, "season": 2025, "name": "Bundesliga", "country": "Germany", "logo": "https://media.api-sports.io/football/leagues/78.png", "flag": "https://media.api-sports.io/flags/de.svg"}}, {"player": {"id": 757, "name": "Lucas", "photo": "https://media.api-sports.io/football/players/757.png", "type": "Missing Fixture", "reason": "Muscle Injury"}, "team": {"id": 168, "name": "Bayer Leverkusen", "logo": "https://media.api-sports.io/football/teams/168.png"}, "fixture": {"id": 1388381, "timezone": "UTC", "date": "2025-11-01T17:30:00+00:00", "timestamp": 1762018200}, "league": {"id": 78, "season": 2025, "name": "Bundesliga", "country": "Germany", "logo": "https://media.api-sports.io/football/leagues/78.png", "flag": "https://media.api-sports.io/flags/de.svg"}}, {"player": {"id": 6002, "name": "E. Palacios", "photo": "https://media.api-sports.io/football/players/6002.png", "type": "Missing Fixture", "reason": "Groin Injury"}, "team": {"id": 168, "name": "Bayer Leverkusen", "logo": "https://media.api-sports.io/football/teams/168.png"}, "fixture": {"id": 1388381, "timezone": "UTC", "date": "2025-11-01T17:30:00+00:00", "timestamp": 1762018200}, "league": {"id": 78, "season": 2025, "name": "Bundesliga", "country": "Germany", "logo": "https://media.api-sports.io/football/leagues/78.png", "flag": "https://media.api-sports.io/flags/de.svg"}}, {"player": {"id": 491103, "name": "A. Tape", "photo": "https://media.api-sports.io/football/players/491103.png", "type": "Missing Fixture", "reason": "Hamstring Injury"}, "team": {"id": 168, "name": "Bayer Leverkusen", "logo": "https://media.api-sports.io/football/teams/168.png"}, "fixture": {"id": 1388381, "timezone": "UTC", "date": "2025-11-01T17:30:00+00:00", "timestamp": 1762018200}, "league": {"id": 78, "season": 2025, "name": "Bundesliga", "country": "Germany", "logo": "https://media.api-sports.io/football/leagues/78.png", "flag": "https://media.api-sports.io/flags/de.svg"}}, {"player": {"id": 231029, "name": "N. Tella", "photo": "https://media.api-sports.io/football/players/231029.png", "type": "Missing Fixture", "reason": "Knee Injury"}, "team": {"id": 168, "name": "Bayer Leverkusen", "logo": "https://media.api-sports.io/football/teams/168.png"}, "fixture": {"id": 1388381, "timezone": "UTC", "date": "2025-11-01T17:30:00+00:00", "timestamp": 1762018200}, "league": {"id": 78, "season": 2025, "name": "Bundesliga", "country": "Germany", "logo": "https://media.api-sports.io/football/leagues/78.png", "flag": "https://media.api-sports.io/flags/de.svg"}}, {"player": {"id": 162037, "name": "M. Tillman", "photo": "https://media.api-sports.io/football/players/162037.png", "type": "Questionable", "reason": "Hamstring Injury"}, "team": {"id": 168, "name": "Bayer Leverkusen", "logo": "https://media.api-sports.io/football/teams/168.png"}, "fixture": {"id": 1388381, "timezone": "UTC", "date": "2025-11-01T17:30:00+00:00", "timestamp": 1762018200}, "league": {"id": 78, "season": 2025, "name": "Bundesliga", "country": "Germany", "logo": "https://media.api-sports.io/football/leagues/78.png", "flag": "https://media.api-sports.io/flags/de.svg"}}, {"player": {"id": 237087, "name": "E. Fernandez", "photo": "https://media.api-sports.io/football/players/237087.png", "type": "Missing Fixture", "reason": "Knee Injury"}, "team": {"id": 168, "name": "Bayer Leverkusen", "logo": "https://media.api-sports.io/football/teams/168.png"}, "fixture": {"id": 1388389, "timezone": "UTC", "date": "2025-11-08T14:30:00+00:00", "timestamp": 1762612200}, "league": {"id": 78, "season": 2025, "name": "Bundesliga", "country": "Germany", "logo": "https://media.api-sports.io/football/leagues/78.png", "flag": "https://media.api-sports.io/flags/de.svg"}}, {"player": {"id": 757, "name": "Lucas", "photo": "https://media.api-sports.io/football/players/757.png", "type": "Missing Fixture", "reason": "Muscle Injury"}, "team": {"id": 168, "name": "Bayer Leverkusen", "logo": "https://media.api-sports.io/football/teams/168.png"}, "fixture": {"id": 1388389, "timezone": "UTC", "date": "2025-11-08T14:30:00+00:00", "timestamp": 1762612200}, "league": {"id": 78, "season": 2025, "name": "Bundesliga", "country": "Germany", "logo": "https://media.api-sports.io/football/leagues/78.png", "flag": "https://media.api-sports.io/flags/de.svg"}}, {"player": {"id": 6002, "name": "E. Palacios", "photo": "https://media.api-sports.io/football/players/6002.png", "type": "Missing Fixture", "reason": "Groin Injury"}, "team": {"id": 168, "name": "Bayer Leverkusen", "logo": "https://media.api-sports.io/football/teams/168.png"}, "fixture": {"id": 1388389, "timezone": "UTC", "date": "2025-11-08T14:30:00+00:00", "timestamp": 1762612200}, "league": {"id": 78, "season": 2025, "name": "Bundesliga", "country": "Germany", "logo": "https://media.api-sports.io/football/leagues/78.png", "flag": "https://media.api-sports.io/flags/de.svg"}}, {"player": {"id": 491103, "name": "A. Tape", "photo": "https://media.api-sports.io/football/players/491103.png", "type": "Missing Fixture", "reason": "Hamstring Injury"}, "team": {"id": 168, "name": "Bayer Leverkusen", "logo": "https://media.api-sports.io/football/teams/168.png"}, "fixture": {"id": 1388389, "timezone": "UTC", "date": "2025-11-08T14:30:00+00:00", "timestamp": 1762612200}, "league": {"id": 78, "season": 2025, "name": "Bundesliga", "country": "Germany", "logo": "https://media.api-sports.io/football/leagues/78.png", "flag": "https://media.api-sports.io/flags/de.svg"}}, {"player": {"id": 231029, "name": "N. Tella", "photo": "https://media.api-sports.io/football/players/231029.png", "type": "Missing Fixture", "reason": "Knee Injury"}, "team": {"id": 168, "name": "Bayer Leverkusen", "logo": "https://media.api-sports.io/football/teams/168.png"}, "fixture": {"id": 1388389, "timezone": "UTC", "date": "2025-11-08T14:30:00+00:00", "timestamp": 1762612200}, "league": {"id": 78, "season": 2025, "name": "Bundesliga", "country": "Germany", "logo": "https://media.api-sports.io/football/leagues/78.png", "flag": "https://media.api-sports.io/flags/de.svg"}}, {"player": {"id": 237087, "name": "E. Fernandez", "photo": "https://media.api-sports.io/football/players/237087.png", "type": "Missing Fixture", "reason": "Knee Injury"}, "team": {"id": 168, "name": "Bayer Leverkusen", "logo": "https://media.api-sports.io/football/teams/168.png"}, "fixture": {"id": 1388406, "timezone": "UTC", "date": "2025-11-22T14:30:00+00:00", "timestamp": 1763821800}, "league": {"id": 78, "season": 2025, "name": "Bundesliga", "country": "Germany", "logo": "https://media.api-sports.io/football/leagues/78.png", "flag": "https://media.api-sports.io/flags/de.svg"}}, {"player": {"id": 757, "name": "Lucas", "photo": "https://media.api-sports.io/football/players/757.png", "type": "Missing Fixture", "reason": "Muscle Injury"}, "team": {"id": 168, "name": "Bayer Leverkusen", "logo": "https://media.api-sports.io/football/teams/168.png"}, "fixture": {"id": 1388406, "timezone": "UTC", "date": "2025-11-22T14:30:00+00:00", "timestamp": 1763821800}, "league": {"id": 78, "season": 2025, "name": "Bundesliga", "country": "Germany", "logo": "https://media.api-sports.io/football/leagues/78.png", "flag": "https://media.api-sports.io/flags/de.svg"}}, {"player": {"id": 6002, "name": "E. Palacios", "photo": "https://media.api-sports.io/football/players/6002.png", "type": "Missing Fixture", "reason": "Groin Injury"}, "team": {"id": 168, "name": "Bayer Leverkusen", "logo": "https://media.api-sports.io/football/teams/168.png"}, "fixture": {"id": 1388406, "timezone": "UTC", "date": "2025-11-22T14:30:00+00:00", "timestamp": 1763821800}, "league": {"id": 78, "season": 2025, "name": "Bundesliga", "country": "Germany", "logo": "https://media.api-sports.io/football/leagues/78.png", "flag": "https://media.api-sports.io/flags/de.svg"}}, {"player": {"id": 491103, "name": "A. Tape", "photo": "https://media.api-sports.io/football/players/491103.png", "type": "Missing Fixture", "reason": "Hamstring Injury"}, "team": {"id": 168, "name": "Bayer Leverkusen", "logo": "https://media.api-sports.io/football/teams/168.png"}, "fixture": {"id": 1388406, "timezone": "UTC", "date": "2025-11-22T14:30:00+00:00", "timestamp": 1763821800}, "league": {"id": 78, "season": 2025, "name": "Bundesliga", "country": "Germany", "logo": "https://media.api-sports.io/football/leagues/78.png", "flag": "https://media.api-sports.io/flags/de.svg"}}, {"player": {"id": 352375, "name": "Arthur", "photo": "https://media.api-sports.io/football/players/352375.png", "type": "Questionable", "reason": "Back Injury"}, "team": {"id": 168, "name": "Bayer Leverkusen", "logo": "https://media.api-sports.io/football/teams/168.png"}, "fixture": {"id": 1388406, "timezone": "UTC", "date": "2025-11-22T14:30:00+00:00", "timestamp": 1763821800}, "league": {"id": 78, "season": 2025, "name": "Bundesliga", "country": "Germany", "logo": "https://media.api-sports.io/football/leagues/78.png", "flag": "https://media.api-sports.io/flags/de.svg"}}, {"player": {"id": 352375, "name": "Arthur", "photo": "https://media.api-sports.io/football/players/352375.png", "type": "Missing Fixture", "reason": "Back Injury"}, "team": {"id": 168, "name": "Bayer Leverkusen", "logo": "https://media.api-sports.io/football/teams/168.png"}, "fixture": {"id": 1388407, "timezone": "UTC", "date": "2025-11-29T17:30:00+00:00", "timestamp": 1764437400}, "league": {"id": 78, "season": 2025, "name": "Bundesliga", "country": "Germany", "logo": "https://media.api-sports.io/football/leagues/78.png", "flag": "https://media.api-sports.io/flags/de.svg"}}, {"player": {"id": 37246, "name": "J. Blaswich", "photo": "https://media.api-sports.io/football/players/37246.png", "type": "Missing Fixture", "reason": "Inactive"}, "team": {"id": 168, "name": "Bayer Leverkusen", "logo": "https://media.api-sports.io/football/teams/168.png"}, "fixture": {"id": 1388407, "timezone": "UTC", "date": "2025-11-29T17:30:00+00:00", "timestamp": 1764437400}, "league": {"id": 78, "season": 2025, "name": "Bundesliga", "country": "Germany", "logo": "https://media.api-sports.io/football/leagues/78.png", "flag": "https://media.api-sports.io/flags/de.svg"}}, {"player": {"id": 237087, "name": "E. Fernandez", "photo": "https://media.api-sports.io/football/players/237087.png", "type": "Missing Fixture", "reason": "Knee Injury"}, "team": {"id": 168, "name": "Bayer Leverkusen", "logo": "https://media.api-sports.io/football/teams/168.png"}, "fixture": {"id": 1388407, "timezone": "UTC", "date": "2025-11-29T17:30:00+00:00", "timestamp": 1764437400}, "league": {"id": 78, "season": 2025, "name": "Bundesliga", "country": "Germany", "logo": "https://media.api-sports.io/football/leagues/78.png", "flag": "https://media.api-sports.io/flags/de.svg"}}, {"player": {"id": 757, "name": "Lucas", "photo": "https://media.api-sports.io/football/players/757.png", "type": "Missing Fixture", "reason": "Muscle Injury"}, "team": {"id": 168, "name": "Bayer Leverkusen", "logo": "https://media.api-sports.io/football/teams/168.png"}, "fixture": {"id": 1388407, "timezone": "UTC", "date": "2025-11-29T17:30:00+00:00", "timestamp": 1764437400}, "league": {"id": 78, "season": 2025, "name": "Bundesliga", "country": "Germany", "logo": "https://media.api-sports.io/football/leagues/78.png", "flag": "https://media.api-sports.io/flags/de.svg"}}, {"player": {"id": 6002, "name": "E. Palacios", "photo": "https://media.api-sports.io/football/players/6002.png", "type": "Missing Fixture", "reason": "Groin Injury"}, "team": {"id": 168, "name": "Bayer Leverkusen", "logo": "https://media.api-sports.io/football/teams/168.png"}, "fixture": {"id": 1388407, "timezone": "UTC", "date": "2025-11-29T17:30:00+00:00", "timestamp": 1764437400}, "league": {"id": 78, "season": 2025, "name": "Bundesliga", "country": "Germany", "logo": "https://media.api-sports.io/football/leagues/78.png", "flag": "https://media.api-sports.io/flags/de.svg"}}, {"player": {"id": 491103, "name": "A. Tape", "photo": "https://media.api-sports.io/football/players/491103.png", "type": "Missing Fixture", "reason": "Hamstring Injury"}, "team": {"id": 168, "name": "Bayer Leverkusen", "logo": "https://media.api-sports.io/football/teams/168.png"}, "fixture": {"id": 1388407, "timezone": "UTC", "date": "2025-11-29T17:30:00+00:00", "timestamp": 1764437400}, "league": {"id": 78, "season": 2025, "name": "Bundesliga", "country": "Germany", "logo": "https://media.api-sports.io/football/leagues/78.png", "flag": "https://media.api-sports.io/flags/de.svg"}}, {"player": {"id": 237087, "name": "E. Fernandez", "photo": "https://media.api-sports.io/football/players/237087.png", "type": "Missing Fixture", "reason": "Knee Injury"}, "team": {"id": 168, "name": "Bayer Leverkusen", "logo": "https://media.api-sports.io/football/teams/168.png"}, "fixture": {"id": 1388416, "timezone": "UTC", "date": "2025-12-06T14:30:00+00:00", "timestamp": 1765031400}, "league": {"id": 78, "season": 2025, "name": "Bundesliga", "country": "Germany", "logo": "https://media.api-sports.io/football/leagues/78.png", "flag": "https://media.api-sports.io/flags/de.svg"}}, {"player": {"id": 757, "name": "Lucas", "photo": "https://media.api-sports.io/football/players/757.png", "type": "Missing Fixture", "reason": "Muscle Injury"}, "team": {"id": 168, "name": "Bayer Leverkusen", "logo": "https://media.api-sports.io/football/teams/168.png"}, "fixture": {"id": 1388416, "timezone": "UTC", "date": "2025-12-06T14:30:00+00:00", "timestamp": 1765031400}, "league": {"id": 78, "season": 2025, "name": "Bundesliga", "country": "Germany", "logo": "https://media.api-sports.io/football/leagues/78.png", "flag": "https://media.api-sports.io/flags/de.svg"}}, {"player": {"id": 6002, "name": "E. Palacios", "photo": "https://media.api-sports.io/football/players/6002.png", "type": "Missing Fixture", "reason": "Groin Injury"}, "team": {"id": 168, "name": "Bayer Leverkusen", "logo": "https://media.api-sports.io/football/teams/168.png"}, "fixture": {"id": 1388416, "timezone": "UTC", "date": "2025-12-06T14:30:00+00:00", "timestamp": 1765031400}, "league": {"id": 78, "season": 2025, "name": "Bundesliga", "country": "Germany", "logo": "https://media.api-sports.io/football/leagues/78.png", "flag": "https://media.api-sports.io/flags/de.svg"}}, {"player": {"id": 491103, "name": "A. Tape", "photo": "https://media.api-sports.io/football/players/491103.png", "type": "Questionable", "reason": "Hamstring Injury"}, "team": {"id": 168, "name": "Bayer Leverkusen", "logo": "https://media.api-sports.io/football/teams/168.png"}, "fixture": {"id": 1388416, "timezone": "UTC", "date": "2025-12-06T14:30:00+00:00", "timestamp": 1765031400}, "league": {"id": 78, "season": 2025, "name": "Bundesliga", "country": "Germany", "logo": "https://media.api-sports.io/football/leagues/78.png", "flag": "https://media.api-sports.io/flags/de.svg"}}, {"player": {"id": 6002, "name": "E. Palacios", "photo": "https://media.api-sports.io/football/players/6002.png", "type": "Missing Fixture", "reason": "Groin Injury"}, "team": {"id": 168, "name": "Bayer Leverkusen", "logo": "https://media.api-sports.io/football/teams/168.png"}, "fixture": {"id": 1388425, "timezone": "UTC", "date": "2025-12-13T17:30:00+00:00", "timestamp": 1765647000}, "league": {"id": 78, "season": 2025, "name": "Bundesliga", "country": "Germany", "logo": "https://media.api-sports.io/football/leagues/78.png", "flag": "https://media.api-sports.io/flags/de.svg"}}, {"player": {"id": 757, "name": "Lucas", "photo": "https://media.api-sports.io/football/players/757.png", "type": "Questionable", "reason": "Muscle Injury"}, "team": {"id": 168, "name": "Bayer Leverkusen", "logo": "https://media.api-sports.io/football/teams/168.png"}, "fixture": {"id": 1388425, "timezone": "UTC", "date": "2025-12-13T17:30:00+00:00", "timestamp": 1765647000}, "league": {"id": 78, "season": 2025, "name": "Bundesliga", "country": "Germany", "logo": "https://media.api-sports.io/football/leagues/78.png", "flag": "https://media.api-sports.io/flags/de.svg"}}, {"player": {"id": 794, "name": "P. Schick", "photo": "https://media.api-sports.io/football/players/794.png", "type": "Questionable", "reason": "Ankle Injury"}, "team": {"id": 168, "name": "Bayer Leverkusen", "logo": "https://media.api-sports.io/football/teams/168.png"}, "fixture": {"id": 1388425, "timezone": "UTC", "date": "2025-12-13T17:30:00+00:00", "timestamp": 1765647000}, "league": {"id": 78, "season": 2025, "name": "Bundesliga", "country": "Germany", "logo": "https://media.api-sports.io/football/leagues/78.png", "flag": "https://media.api-sports.io/flags/de.svg"}}, {"player": {"id": 343320, "name": "E. Ben Seghir", "photo": "https://media.api-sports.io/football/players/343320.png", "type": "Missing Fixture", "reason": "International duty"}, "team": {"id": 168, "name": "Bayer Leverkusen", "logo": "https://media.api-sports.io/football/teams/168.png"}, "fixture": {"id": 1388440, "timezone": "UTC", "date": "2025-12-20T17:30:00+00:00", "timestamp": 1766251800}, "league": {"id": 78, "season": 2025, "name": "Bundesliga", "country": "Germany", "logo": "https://media.api-sports.io/football/leagues/78.png", "flag": "https://media.api-sports.io/flags/de.svg"}}, {"player": {"id": 380587, "name": "I. Maza", "photo": "https://media.api-sports.io/football/players/380587.png", "type": "Missing Fixture", "reason": "International duty"}, "team": {"id": 168, "name": "Bayer Leverkusen", "logo": "https://media.api-sports.io/football/teams/168.png"}, "fixture": {"id": 1388440, "timezone": "UTC", "date": "2025-12-20T17:30:00+00:00", "timestamp": 1766251800}, "league": {"id": 78, "season": 2025, "name": "Bundesliga", "country": "Germany", "logo": "https://media.api-sports.io/football/leagues/78.png", "flag": "https://media.api-sports.io/flags/de.svg"}}, {"player": {"id": 6002, "name": "E. Palacios", "photo": "https://media.api-sports.io/football/players/6002.png", "type": "Missing Fixture", "reason": "Groin Injury"}, "team": {"id": 168, "name": "Bayer Leverkusen", "logo": "https://media.api-sports.io/football/teams/168.png"}, "fixture": {"id": 1388440, "timezone": "UTC", "date": "2025-12-20T17:30:00+00:00", "timestamp": 1766251800}, "league": {"id": 78, "season": 2025, "name": "Bundesliga", "country": "Germany", "logo": "https://media.api-sports.io/football/leagues/78.png", "flag": "https://media.api-sports.io/flags/de.svg"}}, {"player": {"id": 312840, "name": "E. Poku", "photo": "https://media.api-sports.io/football/players/312840.png", "type": "Missing Fixture", "reason": "Injury"}, "team": {"id": 168, "name": "Bayer Leverkusen", "logo": "https://media.api-sports.io/football/teams/168.png"}, "fixture": {"id": 1388440, "timezone": "UTC", "date": "2025-12-20T17:30:00+00:00", "timestamp": 1766251800}, "league": {"id": 78, "season": 2025, "name": "Bundesliga", "country": "Germany", "logo": "https://media.api-sports.io/football/leagues/78.png", "flag": "https://media.api-sports.io/flags/de.svg"}}, {"player": {"id": 158698, "name": "J. Quansah", "photo": "https://media.api-sports.io/football/players/158698.png", "type": "Missing Fixture", "reason": "Yellow Cards"}, "team": {"id": 168, "name": "Bayer Leverkusen", "logo": "https://media.api-sports.io/football/teams/168.png"}, "fixture": {"id": 1388440, "timezone": "UTC", "date": "2025-12-20T17:30:00+00:00", "timestamp": 1766251800}, "league": {"id": 78, "season": 2025, "name": "Bundesliga", "country": "Germany", "logo": "https://media.api-sports.io/football/leagues/78.png", "flag": "https://media.api-sports.io/flags/de.svg"}}, {"player": {"id": 41150, "name": "E. Tapsoba", "photo": "https://media.api-sports.io/football/players/41150.png", "type": "Missing Fixture", "reason": "International duty"}, "team": {"id": 168, "name": "Bayer Leverkusen", "logo": "https://media.api-sports.io/football/teams/168.png"}, "fixture": {"id": 1388440, "timezone": "UTC", "date": "2025-12-20T17:30:00+00:00", "timestamp": 1766251800}, "league": {"id": 78, "season": 2025, "name": "Bundesliga", "country": "Germany", "logo": "https://media.api-sports.io/football/leagues/78.png", "flag": "https://media.api-sports.io/flags/de.svg"}}, {"player": {"id": 343320, "name": "E. Ben Seghir", "photo": "https://media.api-sports.io/football/players/343320.png", "type": "Missing Fixture", "reason": "International duty"}, "team": {"id": 168, "name": "Bayer Leverkusen", "logo": "https://media.api-sports.io/football/teams/168.png"}, "fixture": {"id": 1388465, "timezone": "UTC", "date": "2026-01-17T14:30:00+00:00", "timestamp": 1768660200}, "league": {"id": 78, "season": 2025, "name": "Bundesliga", "country": "Germany", "logo": "https://media.api-sports.io/football/leagues/78.png", "flag": "https://media.api-sports.io/flags/de.svg"}}, {"player": {"id": 6002, "name": "E. Palacios", "photo": "https://media.api-sports.io/football/players/6002.png", "type": "Missing Fixture", "reason": "Groin Injury"}, "team": {"id": 168, "name": "Bayer Leverkusen", "logo": "https://media.api-sports.io/football/teams/168.png"}, "fixture": {"id": 1388465, "timezone": "UTC", "date": "2026-01-17T14:30:00+00:00", "timestamp": 1768660200}, "league": {"id": 78, "season": 2025, "name": "Bundesliga", "country": "Germany", "logo": "https://media.api-sports.io/football/leagues/78.png", "flag": "https://media.api-sports.io/flags/de.svg"}}, {"player": {"id": 491103, "name": "A. Tape", "photo": "https://media.api-sports.io/football/players/491103.png", "type": "Missing Fixture", "reason": "Inactive"}, "team": {"id": 168, "name": "Bayer Leverkusen", "logo": "https://media.api-sports.io/football/teams/168.png"}, "fixture": {"id": 1388465, "timezone": "UTC", "date": "2026-01-17T14:30:00+00:00", "timestamp": 1768660200}, "league": {"id": 78, "season": 2025, "name": "Bundesliga", "country": "Germany", "logo": "https://media.api-sports.io/football/leagues/78.png", "flag": "https://media.api-sports.io/flags/de.svg"}}, {"player": {"id": 41150, "name": "E. Tapsoba", "photo": "https://media.api-sports.io/football/players/41150.png", "type": "Missing Fixture", "reason": "Rest"}, "team": {"id": 168, "name": "Bayer Leverkusen", "logo": "https://media.api-sports.io/football/teams/168.png"}, "fixture": {"id": 1388465, "timezone": "UTC", "date": "2026-01-17T14:30:00+00:00", "timestamp": 1768660200}, "league": {"id": 78, "season": 2025, "name": "Bundesliga", "country": "Germany", "logo": "https://media.api-sports.io/football/leagues/78.png", "flag": "https://media.api-sports.io/flags/de.svg"}}, {"player": {"id": 343320, "name": "E. Ben Seghir", "photo": "https://media.api-sports.io/football/players/343320.png", "type": "Missing Fixture", "reason": "Ankle Injury"}, "team": {"id": 168, "name": "Bayer Leverkusen", "logo": "https://media.api-sports.io/football/teams/168.png"}, "fixture": {"id": 1388470, "timezone": "UTC", "date": "2026-01-24T14:30:00+00:00", "timestamp": 1769265000}, "league": {"id": 78, "season": 2025, "name": "Bundesliga", "country": "Germany", "logo": "https://media.api-sports.io/football/leagues/78.png", "flag": "https://media.api-sports.io/flags/de.svg"}}, {"player": {"id": 26232, "name": "M. Flekken", "photo": "https://media.api-sports.io/football/players/26232.png", "type": "Missing Fixture", "reason": "Injury"}, "team": {"id": 168, "name": "Bayer Leverkusen", "logo": "https://media.api-sports.io/football/teams/168.png"}, "fixture": {"id": 1388470, "timezone": "UTC", "date": "2026-01-24T14:30:00+00:00", "timestamp": 1769265000}, "league": {"id": 78, "season": 2025, "name": "Bundesliga", "country": "Germany", "logo": "https://media.api-sports.io/football/leagues/78.png", "flag": "https://media.api-sports.io/flags/de.svg"}}, {"player": {"id": 41150, "name": "E. Tapsoba", "photo": "https://media.api-sports.io/football/players/41150.png", "type": "Missing Fixture", "reason": "Rest"}, "team": {"id": 168, "name": "Bayer Leverkusen", "logo": "https://media.api-sports.io/football/teams/168.png"}, "fixture": {"id": 1388470, "timezone": "UTC", "date": "2026-01-24T14:30:00+00:00", "timestamp": 1769265000}, "league": {"id": 78, "season": 2025, "name": "Bundesliga", "country": "Germany", "logo": "https://media.api-sports.io/football/leagues/78.png", "flag": "https://media.api-sports.io/flags/de.svg"}}, {"player": {"id": 231029, "name": "N. Tella", "photo": "https://media.api-sports.io/football/players/231029.png", "type": "Missing Fixture", "reason": "Injury"}, "team": {"id": 168, "name": "Bayer Leverkusen", "logo": "https://media.api-sports.io/football/teams/168.png"}, "fixture": {"id": 1388470, "timezone": "UTC", "date": "2026-01-24T14:30:00+00:00", "timestamp": 1769265000}, "league": {"id": 78, "season": 2025, "name": "Bundesliga", "country": "Germany", "logo": "https://media.api-sports.io/football/leagues/78.png", "flag": "https://media.api-sports.io/flags/de.svg"}}, {"player": {"id": 174918, "name": "L. Bade", "photo": "https://media.api-sports.io/football/players/174918.png", "type": "Missing Fixture", "reason": "Yellow Cards"}, "team": {"id": 168, "name": "Bayer Leverkusen", "logo": "https://media.api-sports.io/football/teams/168.png"}, "fixture": {"id": 1388481, "timezone": "UTC", "date": "2026-01-31T14:30:00+00:00", "timestamp": 1769869800}, "league": {"id": 78, "season": 2025, "name": "Bundesliga", "country": "Germany", "logo": "https://media.api-sports.io/football/leagues/78.png", "flag": "https://media.api-sports.io/flags/de.svg"}}, {"player": {"id": 343320, "name": "E. Ben Seghir", "photo": "https://media.api-sports.io/football/players/343320.png", "type": "Missing Fixture", "reason": "Ankle Injury"}, "team": {"id": 168, "name": "Bayer Leverkusen", "logo": "https://media.api-sports.io/football/teams/168.png"}, "fixture": {"id": 1388481, "timezone": "UTC", "date": "2026-01-31T14:30:00+00:00", "timestamp": 1769869800}, "league": {"id": 78, "season": 2025, "name": "Bundesliga", "country": "Germany", "logo": "https://media.api-sports.io/football/leagues/78.png", "flag": "https://media.api-sports.io/flags/de.svg"}}, {"player": {"id": 26232, "name": "M. Flekken", "photo": "https://media.api-sports.io/football/players/26232.png", "type": "Missing Fixture", "reason": "Injury"}, "team": {"id": 168, "name": "Bayer Leverkusen", "logo": "https://media.api-sports.io/football/teams/168.png"}, "fixture": {"id": 1388481, "timezone": "UTC", "date": "2026-01-31T14:30:00+00:00", "timestamp": 1769869800}, "league": {"id": 78, "season": 2025, "name": "Bundesliga", "country": "Germany", "logo": "https://media.api-sports.io/football/leagues/78.png", "flag": "https://media.api-sports.io/flags/de.svg"}}, {"player": {"id": 231029, "name": "N. Tella", "photo": "https://media.api-sports.io/football/players/231029.png", "type": "Missing Fixture", "reason": "Injury"}, "team": {"id": 168, "name": "Bayer Leverkusen", "logo": "https://media.api-sports.io/football/teams/168.png"}, "fixture": {"id": 1388481, "timezone": "UTC", "date": "2026-01-31T14:30:00+00:00", "timestamp": 1769869800}, "league": {"id": 78, "season": 2025, "name": "Bundesliga", "country": "Germany", "logo": "https://media.api-sports.io/football/leagues/78.png", "flag": "https://media.api-sports.io/flags/de.svg"}}, {"player": {"id": 343320, "name": "E. Ben Seghir", "photo": "https://media.api-sports.io/football/players/343320.png", "type": "Missing Fixture", "reason": "Ankle Injury"}, "team": {"id": 168, "name": "Bayer Leverkusen", "logo": "https://media.api-sports.io/football/teams/168.png"}, "fixture": {"id": 1388489, "timezone": "UTC", "date": "2026-02-07T17:30:00+00:00", "timestamp": 1770485400}, "league": {"id": 78, "season": 2025, "name": "Bundesliga", "country": "Germany", "logo": "https://media.api-sports.io/football/leagues/78.png", "flag": "https://media.api-sports.io/flags/de.svg"}}, {"player": {"id": 26232, "name": "M. Flekken", "photo": "https://media.api-sports.io/football/players/26232.png", "type": "Missing Fixture", "reason": "Injury"}, "team": {"id": 168, "name": "Bayer Leverkusen", "logo": "https://media.api-sports.io/football/teams/168.png"}, "fixture": {"id": 1388489, "timezone": "UTC", "date": "2026-02-07T17:30:00+00:00", "timestamp": 1770485400}, "league": {"id": 78, "season": 2025, "name": "Bundesliga", "country": "Germany", "logo": "https://media.api-sports.io/football/leagues/78.png", "flag": "https://media.api-sports.io/flags/de.svg"}}, {"player": {"id": 380587, "name": "I. Maza", "photo": "https://media.api-sports.io/football/players/380587.png", "type": "Missing Fixture", "reason": "Knee Injury"}, "team": {"id": 168, "name": "Bayer Leverkusen", "logo": "https://media.api-sports.io/football/teams/168.png"}, "fixture": {"id": 1388489, "timezone": "UTC", "date": "2026-02-07T17:30:00+00:00", "timestamp": 1770485400}, "league": {"id": 78, "season": 2025, "name": "Bundesliga", "country": "Germany", "logo": "https://media.api-sports.io/football/leagues/78.png", "flag": "https://media.api-sports.io/flags/de.svg"}}, {"player": {"id": 231029, "name": "N. Tella", "photo": "https://media.api-sports.io/football/players/231029.png", "type": "Missing Fixture", "reason": "Injury"}, "team": {"id": 168, "name": "Bayer Leverkusen", "logo": "https://media.api-sports.io/football/teams/168.png"}, "fixture": {"id": 1388489, "timezone": "UTC", "date": "2026-02-07T17:30:00+00:00", "timestamp": 1770485400}, "league": {"id": 78, "season": 2025, "name": "Bundesliga", "country": "Germany", "logo": "https://media.api-sports.io/football/leagues/78.png", "flag": "https://media.api-sports.io/flags/de.svg"}}, {"player": {"id": 343320, "name": "E. Ben Seghir", "photo": "https://media.api-sports.io/football/players/343320.png", "type": "Missing Fixture", "reason": "Ankle Injury"}, "team": {"id": 168, "name": "Bayer Leverkusen", "logo": "https://media.api-sports.io/football/teams/168.png"}, "fixture": {"id": 1388498, "timezone": "UTC", "date": "2026-02-14T14:30:00+00:00", "timestamp": 1771079400}, "league": {"id": 78, "season": 2025, "name": "Bundesliga", "country": "Germany", "logo": "https://media.api-sports.io/football/leagues/78.png", "flag": "https://media.api-sports.io/flags/de.svg"}}, {"player": {"id": 26232, "name": "M. Flekken", "photo": "https://media.api-sports.io/football/players/26232.png", "type": "Missing Fixture", "reason": "Injury"}, "team": {"id": 168, "name": "Bayer Leverkusen", "logo": "https://media.api-sports.io/football/teams/168.png"}, "fixture": {"id": 1388498, "timezone": "UTC", "date": "2026-02-14T14:30:00+00:00", "timestamp": 1771079400}, "league": {"id": 78, "season": 2025, "name": "Bundesliga", "country": "Germany", "logo": "https://media.api-sports.io/football/leagues/78.png", "flag": "https://media.api-sports.io/flags/de.svg"}}, {"player": {"id": 231029, "name": "N. Tella", "photo": "https://media.api-sports.io/football/players/231029.png", "type": "Missing Fixture", "reason": "Injury"}, "team": {"id": 168, "name": "Bayer Leverkusen", "logo": "https://media.api-sports.io/football/teams/168.png"}, "fixture": {"id": 1388498, "timezone": "UTC", "date": "2026-02-14T14:30:00+00:00", "timestamp": 1771079400}, "league": {"id": 78, "season": 2025, "name": "Bundesliga", "country": "Germany", "logo": "https://media.api-sports.io/football/leagues/78.png", "flag": "https://media.api-sports.io/flags/de.svg"}}]}