{"get": "injuries", "parameters": {"league": "135", "season": "2025", "team": "499"}, "errors": [], "results": 80, "paging": {"current": 1, "total": 1}, "response": [{"player": {"id": 18767, "name": "Ademola Lookman", "photo": "https://media.api-sports.io/football/players/18767.png", "type": "Missing Fixture", "reason": "ineligible"}, "team": {"id": 499, "name": "Atalanta", "logo": "https://media.api-sports.io/football/teams/499.png"}, "fixture": {"id": 1377864, "timezone": "UTC", "date": "2025-08-24T18:45:00+00:00", "timestamp": 1756061100}, "league": {"id": 135, "season": 2025, "name": "Serie A", "country": "Italy", "logo": "https://media.api-sports.io/football/leagues/135.png", "flag": "https://media.api-sports.io/flags/it.svg"}}, {"player": {"id": 30544, "name": "G. Scamacca", "photo": "https://media.api-sports.io/football/players/30544.png", "type": "Missing Fixture", "reason": "Jumpers knee"}, "team": {"id": 499, "name": "Atalanta", "logo": "https://media.api-sports.io/football/teams/499.png"}, "fixture": {"id": 1377884, "timezone": "UTC", "date": "2025-09-14T13:00:00+00:00", "timestamp": 1757854800}, "league": {"id": 135, "season": 2025, "name": "Serie A", "country": "Italy", "logo": "https://media.api-sports.io/football/leagues/135.png", "flag": "https://media.api-sports.io/flags/it.svg"}}, {"player": {"id": 530, "name": "M. Bakker", "photo": "https://media.api-sports.io/football/players/530.png", "type": "Missing Fixture", "reason": "Jumpers knee"}, "team": {"id": 499, "name": "Atalanta", "logo": "https://media.api-sports.io/football/teams/499.png"}, "fixture": {"id": 1377864, "timezone": "UTC", "date": "2025-08-24T18:45:00+00:00", "timestamp": 1756061100}, "league": {"id": 135, "season": 2025, "name": "Serie A", "country": "Italy", "logo": "https://media.api-sports.io/football/leagues/135.png", "flag": "https://media.api-sports.io/flags/it.svg"}}, {"player": {"id": 530, "name": "M. Bakker", "photo": "https://media.api-sports.io/football/players/530.png", "type": "Missing Fixture", "reason": "Jumpers knee"}, "team": {"id": 499, "name": "Atalanta", "logo": "https://media.api-sports.io/football/teams/499.png"}, "fixture": {"id": 1377881, "timezone": "UTC", "date": "2025-08-30T16:30:00+00:00", "timestamp": 1756571400}, "league": {"id": 135, "season": 2025, "name": "Serie A", "country": "Italy", "logo": "https://media.api-sports.io/football/leagues/135.png", "flag": "https://media.api-sports.io/flags/it.svg"}}, {"player": {"id": 530, "name": "M. Bakker", "photo": "https://media.api-sports.io/football/players/530.png", "type": "Missing Fixture", "reason": "Jumpers knee"}, "team": {"id": 499, "name": "Atalanta", "logo": "https://media.api-sports.io/football/teams/499.png"}, "fixture": {"id": 1377884, "timezone": "UTC", "date": "2025-09-14T13:00:00+00:00", "timestamp": 1757854800}, "league": {"id": 135, "season": 2025, "name": "Serie A", "country": "Italy", "logo": "https://media.api-sports.io/football/leagues/135.png", "flag": "https://media.api-sports.io/flags/it.svg"}}, {"player": {"id": 10097, "name": "\u00c9derson", "photo": "https://media.api-sports.io/football/players/10097.png", "type": "Missing Fixture", "reason": "Jumpers knee"}, "team": {"id": 499, "name": "Atalanta", "logo": "https://media.api-sports.io/football/teams/499.png"}, "fixture": {"id": 1377881, "timezone": "UTC", "date": "2025-08-30T16:30:00+00:00", "timestamp": 1756571400}, "league": {"id": 135, "season": 2025, "name": "Serie A", "country": "Italy", "logo": "https://media.api-sports.io/football/leagues/135.png", "flag": "https://media.api-sports.io/flags/it.svg"}}, {"player": {"id": 10097, "name": "\u00c9derson", "photo": "https://media.api-sports.io/football/players/10097.png", "type": "Missing Fixture", "reason": "Jumpers knee"}, "team": {"id": 499, "name": "Atalanta", "logo": "https://media.api-sports.io/football/teams/499.png"}, "fixture": {"id": 1377884, "timezone": "UTC", "date": "2025-09-14T13:00:00+00:00", "timestamp": 1757854800}, "league": {"id": 135, "season": 2025, "name": "Serie A", "country": "Italy", "logo": "https://media.api-sports.io/football/leagues/135.png", "flag": "https://media.api-sports.io/flags/it.svg"}}, {"player": {"id": 1442, "name": "S. Kola\u0161inac", "photo": "https://media.api-sports.io/football/players/1442.png", "type": "Missing Fixture", "reason": "Jumpers knee"}, "team": {"id": 499, "name": "Atalanta", "logo": "https://media.api-sports.io/football/teams/499.png"}, "fixture": {"id": 1377864, "timezone": "UTC", "date": "2025-08-24T18:45:00+00:00", "timestamp": 1756061100}, "league": {"id": 135, "season": 2025, "name": "Serie A", "country": "Italy", "logo": "https://media.api-sports.io/football/leagues/135.png", "flag": "https://media.api-sports.io/flags/it.svg"}}, {"player": {"id": 1442, "name": "S. Kola\u0161inac", "photo": "https://media.api-sports.io/football/players/1442.png", "type": "Missing Fixture", "reason": "Jumpers knee"}, "team": {"id": 499, "name": "Atalanta", "logo": "https://media.api-sports.io/football/teams/499.png"}, "fixture": {"id": 1377881, "timezone": "UTC", "date": "2025-08-30T16:30:00+00:00", "timestamp": 1756571400}, "league": {"id": 135, "season": 2025, "name": "Serie A", "country": "Italy", "logo": "https://media.api-sports.io/football/leagues/135.png", "flag": "https://media.api-sports.io/flags/it.svg"}}, {"player": {"id": 1442, "name": "S. Kola\u0161inac", "photo": "https://media.api-sports.io/football/players/1442.png", "type": "Missing Fixture", "reason": "Jumpers knee"}, "team": {"id": 499, "name": "Atalanta", "logo": "https://media.api-sports.io/football/teams/499.png"}, "fixture": {"id": 1377884, "timezone": "UTC", "date": "2025-09-14T13:00:00+00:00", "timestamp": 1757854800}, "league": {"id": 135, "season": 2025, "name": "Serie A", "country": "Italy", "logo": "https://media.api-sports.io/football/leagues/135.png", "flag": "https://media.api-sports.io/flags/it.svg"}}, {"player": {"id": 530, "name": "M. Bakker", "photo": "https://media.api-sports.io/football/players/530.png", "type": "Missing Fixture", "reason": "Knee Injury"}, "team": {"id": 499, "name": "Atalanta", "logo": "https://media.api-sports.io/football/teams/499.png"}, "fixture": {"id": 1377901, "timezone": "UTC", "date": "2025-09-21T13:00:00+00:00", "timestamp": 1758459600}, "league": {"id": 135, "season": 2025, "name": "Serie A", "country": "Italy", "logo": "https://media.api-sports.io/football/leagues/135.png", "flag": "https://media.api-sports.io/flags/it.svg"}}, {"player": {"id": 147859, "name": "C. De Ketelaere", "photo": "https://media.api-sports.io/football/players/147859.png", "type": "Missing Fixture", "reason": "Injury"}, "team": {"id": 499, "name": "Atalanta", "logo": "https://media.api-sports.io/football/teams/499.png"}, "fixture": {"id": 1377901, "timezone": "UTC", "date": "2025-09-21T13:00:00+00:00", "timestamp": 1758459600}, "league": {"id": 135, "season": 2025, "name": "Serie A", "country": "Italy", "logo": "https://media.api-sports.io/football/leagues/135.png", "flag": "https://media.api-sports.io/flags/it.svg"}}, {"player": {"id": 10097, "name": "Ederson", "photo": "https://media.api-sports.io/football/players/10097.png", "type": "Missing Fixture", "reason": "Knee Injury"}, "team": {"id": 499, "name": "Atalanta", "logo": "https://media.api-sports.io/football/teams/499.png"}, "fixture": {"id": 1377901, "timezone": "UTC", "date": "2025-09-21T13:00:00+00:00", "timestamp": 1758459600}, "league": {"id": 135, "season": 2025, "name": "Serie A", "country": "Italy", "logo": "https://media.api-sports.io/football/leagues/135.png", "flag": "https://media.api-sports.io/flags/it.svg"}}, {"player": {"id": 1442, "name": "S. Kolasinac", "photo": "https://media.api-sports.io/football/players/1442.png", "type": "Missing Fixture", "reason": "Knee Injury"}, "team": {"id": 499, "name": "Atalanta", "logo": "https://media.api-sports.io/football/teams/499.png"}, "fixture": {"id": 1377901, "timezone": "UTC", "date": "2025-09-21T13:00:00+00:00", "timestamp": 1758459600}, "league": {"id": 135, "season": 2025, "name": "Serie A", "country": "Italy", "logo": "https://media.api-sports.io/football/leagues/135.png", "flag": "https://media.api-sports.io/flags/it.svg"}}, {"player": {"id": 289761, "name": "G. Scalvini", "photo": "https://media.api-sports.io/football/players/289761.png", "type": "Missing Fixture", "reason": "Injury"}, "team": {"id": 499, "name": "Atalanta", "logo": "https://media.api-sports.io/football/teams/499.png"}, "fixture": {"id": 1377901, "timezone": "UTC", "date": "2025-09-21T13:00:00+00:00", "timestamp": 1758459600}, "league": {"id": 135, "season": 2025, "name": "Serie A", "country": "Italy", "logo": "https://media.api-sports.io/football/leagues/135.png", "flag": "https://media.api-sports.io/flags/it.svg"}}, {"player": {"id": 30544, "name": "G. Scamacca", "photo": "https://media.api-sports.io/football/players/30544.png", "type": "Missing Fixture", "reason": "Knee Injury"}, "team": {"id": 499, "name": "Atalanta", "logo": "https://media.api-sports.io/football/teams/499.png"}, "fixture": {"id": 1377901, "timezone": "UTC", "date": "2025-09-21T13:00:00+00:00", "timestamp": 1758459600}, "league": {"id": 135, "season": 2025, "name": "Serie A", "country": "Italy", "logo": "https://media.api-sports.io/football/leagues/135.png", "flag": "https://media.api-sports.io/flags/it.svg"}}, {"player": {"id": 530, "name": "M. Bakker", "photo": "https://media.api-sports.io/football/players/530.png", "type": "Missing Fixture", "reason": "Knee Injury"}, "team": {"id": 499, "name": "Atalanta", "logo": "https://media.api-sports.io/football/teams/499.png"}, "fixture": {"id": 1377907, "timezone": "UTC", "date": "2025-09-27T16:00:00+00:00", "timestamp": 1758988800}, "league": {"id": 135, "season": 2025, "name": "Serie A", "country": "Italy", "logo": "https://media.api-sports.io/football/leagues/135.png", "flag": "https://media.api-sports.io/flags/it.svg"}}, {"player": {"id": 137976, "name": "I. Hien", "photo": "https://media.api-sports.io/football/players/137976.png", "type": "Missing Fixture", "reason": "Injury"}, "team": {"id": 499, "name": "Atalanta", "logo": "https://media.api-sports.io/football/teams/499.png"}, "fixture": {"id": 1377907, "timezone": "UTC", "date": "2025-09-27T16:00:00+00:00", "timestamp": 1758988800}, "league": {"id": 135, "season": 2025, "name": "Serie A", "country": "Italy", "logo": "https://media.api-sports.io/football/leagues/135.png", "flag": "https://media.api-sports.io/flags/it.svg"}}, {"player": {"id": 1442, "name": "S. Kolasinac", "photo": "https://media.api-sports.io/football/players/1442.png", "type": "Missing Fixture", "reason": "Knee Injury"}, "team": {"id": 499, "name": "Atalanta", "logo": "https://media.api-sports.io/football/teams/499.png"}, "fixture": {"id": 1377907, "timezone": "UTC", "date": "2025-09-27T16:00:00+00:00", "timestamp": 1758988800}, "league": {"id": 135, "season": 2025, "name": "Serie A", "country": "Italy", "logo": "https://media.api-sports.io/football/leagues/135.png", "flag": "https://media.api-sports.io/flags/it.svg"}}, {"player": {"id": 289761, "name": "G. Scalvini", "photo": "https://media.api-sports.io/football/players/289761.png", "type": "Missing Fixture", "reason": "Thigh Injury"}, "team": {"id": 499, "name": "Atalanta", "logo": "https://media.api-sports.io/football/teams/499.png"}, "fixture": {"id": 1377907, "timezone": "UTC", "date": "2025-09-27T16:00:00+00:00", "timestamp": 1758988800}, "league": {"id": 135, "season": 2025, "name": "Serie A", "country": "Italy", "logo": "https://media.api-sports.io/football/leagues/135.png", "flag": "https://media.api-sports.io/flags/it.svg"}}, {"player": {"id": 30544, "name": "G. Scamacca", "photo": "https://media.api-sports.io/football/players/30544.png", "type": "Missing Fixture", "reason": "Knee Injury"}, "team": {"id": 499, "name": "Atalanta", "logo": "https://media.api-sports.io/football/teams/499.png"}, "fixture": {"id": 1377907, "timezone": "UTC", "date": "2025-09-27T16:00:00+00:00", "timestamp": 1758988800}, "league": {"id": 135, "season": 2025, "name": "Serie A", "country": "Italy", "logo": "https://media.api-sports.io/football/leagues/135.png", "flag": "https://media.api-sports.io/flags/it.svg"}}, {"player": {"id": 203474, "name": "N. Zalewski", "photo": "https://media.api-sports.io/football/players/203474.png", "type": "Missing Fixture", "reason": "Thigh Injury"}, "team": {"id": 499, "name": "Atalanta", "logo": "https://media.api-sports.io/football/teams/499.png"}, "fixture": {"id": 1377907, "timezone": "UTC", "date": "2025-09-27T16:00:00+00:00", "timestamp": 1758988800}, "league": {"id": 135, "season": 2025, "name": "Serie A", "country": "Italy", "logo": "https://media.api-sports.io/football/leagues/135.png", "flag": "https://media.api-sports.io/flags/it.svg"}}, {"player": {"id": 530, "name": "M. Bakker", "photo": "https://media.api-sports.io/football/players/530.png", "type": "Missing Fixture", "reason": "Knee Injury"}, "team": {"id": 499, "name": "Atalanta", "logo": "https://media.api-sports.io/football/teams/499.png"}, "fixture": {"id": 1377914, "timezone": "UTC", "date": "2025-10-04T18:45:00+00:00", "timestamp": 1759603500}, "league": {"id": 135, "season": 2025, "name": "Serie A", "country": "Italy", "logo": "https://media.api-sports.io/football/leagues/135.png", "flag": "https://media.api-sports.io/flags/it.svg"}}, {"player": {"id": 91422, "name": "R. Bellanova", "photo": "https://media.api-sports.io/football/players/91422.png", "type": "Missing Fixture", "reason": "Muscle Injury"}, "team": {"id": 499, "name": "Atalanta", "logo": "https://media.api-sports.io/football/teams/499.png"}, "fixture": {"id": 1377914, "timezone": "UTC", "date": "2025-10-04T18:45:00+00:00", "timestamp": 1759603500}, "league": {"id": 135, "season": 2025, "name": "Serie A", "country": "Italy", "logo": "https://media.api-sports.io/football/leagues/135.png", "flag": "https://media.api-sports.io/flags/it.svg"}}, {"player": {"id": 147859, "name": "C. De Ketelaere", "photo": "https://media.api-sports.io/football/players/147859.png", "type": "Missing Fixture", "reason": "Muscle Injury"}, "team": {"id": 499, "name": "Atalanta", "logo": "https://media.api-sports.io/football/teams/499.png"}, "fixture": {"id": 1377914, "timezone": "UTC", "date": "2025-10-04T18:45:00+00:00", "timestamp": 1759603500}, "league": {"id": 135, "season": 2025, "name": "Serie A", "country": "Italy", "logo": "https://media.api-sports.io/football/leagues/135.png", "flag": "https://media.api-sports.io/flags/it.svg"}}, {"player": {"id": 30432, "name": "M. De Roon", "photo": "https://media.api-sports.io/football/players/30432.png", "type": "Missing Fixture", "reason": "Red Card"}, "team": {"id": 499, "name": "Atalanta", "logo": "https://media.api-sports.io/football/teams/499.png"}, "fixture": {"id": 1377914, "timezone": "UTC", "date": "2025-10-04T18:45:00+00:00", "timestamp": 1759603500}, "league": {"id": 135, "season": 2025, "name": "Serie A", "country": "Italy", "logo": "https://media.api-sports.io/football/leagues/135.png", "flag": "https://media.api-sports.io/flags/it.svg"}}, {"player": {"id": 1442, "name": "S. Kolasinac", "photo": "https://media.api-sports.io/football/players/1442.png", "type": "Missing Fixture", "reason": "Knee Injury"}, "team": {"id": 499, "name": "Atalanta", "logo": "https://media.api-sports.io/football/teams/499.png"}, "fixture": {"id": 1377914, "timezone": "UTC", "date": "2025-10-04T18:45:00+00:00", "timestamp": 1759603500}, "league": {"id": 135, "season": 2025, "name": "Serie A", "country": "Italy", "logo": "https://media.api-sports.io/football/leagues/135.png", "flag": "https://media.api-sports.io/flags/it.svg"}}, {"player": {"id": 48119, "name": "O. Kossounou", "photo": "https://media.api-sports.io/football/players/48119.png", "type": "Missing Fixture", "reason": "Muscle Injury"}, "team": {"id": 499, "name": "Atalanta", "logo": "https://media.api-sports.io/football/teams/499.png"}, "fixture": {"id": 1377914, "timezone": "UTC", "date": "2025-10-04T18:45:00+00:00", "timestamp": 1759603500}, "league": {"id": 135, "season": 2025, "name": "Serie A", "country": "Italy", "logo": "https://media.api-sports.io/football/leagues/135.png", "flag": "https://media.api-sports.io/flags/it.svg"}}, {"player": {"id": 289761, "name": "G. Scalvini", "photo": "https://media.api-sports.io/football/players/289761.png", "type": "Missing Fixture", "reason": "Thigh Injury"}, "team": {"id": 499, "name": "Atalanta", "logo": "https://media.api-sports.io/football/teams/499.png"}, "fixture": {"id": 1377914, "timezone": "UTC", "date": "2025-10-04T18:45:00+00:00", "timestamp": 1759603500}, "league": {"id": 135, "season": 2025, "name": "Serie A", "country": "Italy", "logo": "https://media.api-sports.io/football/leagues/135.png", "flag": "https://media.api-sports.io/flags/it.svg"}}, {"player": {"id": 30544, "name": "G. Scamacca", "photo": "https://media.api-sports.io/football/players/30544.png", "type": "Missing Fixture", "reason": "Knee Injury"}, "team": {"id": 499, "name": "Atalanta", "logo": "https://media.api-sports.io/football/teams/499.png"}, "fixture": {"id": 1377914, "timezone": "UTC", "date": "2025-10-04T18:45:00+00:00", "timestamp": 1759603500}, "league": {"id": 135, "season": 2025, "name": "Serie A", "country": "Italy", "logo": "https://media.api-sports.io/football/leagues/135.png", "flag": "https://media.api-sports.io/flags/it.svg"}}, {"player": {"id": 203474, "name": "N. Zalewski", "photo": "https://media.api-sports.io/football/players/203474.png", "type": "Missing Fixture", "reason": "Thigh Injury"}, "team": {"id": 499, "name": "Atalanta", "logo": "https://media.api-sports.io/football/teams/499.png"}, "fixture": {"id": 1377914, "timezone": "UTC", "date": "2025-10-04T18:45:00+00:00", "timestamp": 1759603500}, "league": {"id": 135, "season": 2025, "name": "Serie A", "country": "Italy", "logo": "https://media.api-sports.io/football/leagues/135.png", "flag": "https://media.api-sports.io/flags/it.svg"}}, {"player": {"id": 530, "name": "M. Bakker", "photo": "https://media.api-sports.io/football/players/530.png", "type": "Missing Fixture", "reason": "Knee Injury"}, "team": {"id": 499, "name": "Atalanta", "logo": "https://media.api-sports.io/football/teams/499.png"}, "fixture": {"id": 1377924, "timezone": "UTC", "date": "2025-10-19T16:00:00+00:00", "timestamp": 1760889600}, "league": {"id": 135, "season": 2025, "name": "Serie A", "country": "Italy", "logo": "https://media.api-sports.io/football/leagues/135.png", "flag": "https://media.api-sports.io/flags/it.svg"}}, {"player": {"id": 91422, "name": "R. Bellanova", "photo": "https://media.api-sports.io/football/players/91422.png", "type": "Missing Fixture", "reason": "Thigh Injury"}, "team": {"id": 499, "name": "Atalanta", "logo": "https://media.api-sports.io/football/teams/499.png"}, "fixture": {"id": 1377924, "timezone": "UTC", "date": "2025-10-19T16:00:00+00:00", "timestamp": 1760889600}, "league": {"id": 135, "season": 2025, "name": "Serie A", "country": "Italy", "logo": "https://media.api-sports.io/football/leagues/135.png", "flag": "https://media.api-sports.io/flags/it.svg"}}, {"player": {"id": 1442, "name": "S. Kolasinac", "photo": "https://media.api-sports.io/football/players/1442.png", "type": "Missing Fixture", "reason": "Knee Injury"}, "team": {"id": 499, "name": "Atalanta", "logo": "https://media.api-sports.io/football/teams/499.png"}, "fixture": {"id": 1377924, "timezone": "UTC", "date": "2025-10-19T16:00:00+00:00", "timestamp": 1760889600}, "league": {"id": 135, "season": 2025, "name": "Serie A", "country": "Italy", "logo": "https://media.api-sports.io/football/leagues/135.png", "flag": "https://media.api-sports.io/flags/it.svg"}}, {"player": {"id": 48119, "name": "O. Kossounou", "photo": "https://media.api-sports.io/football/players/48119.png", "type": "Missing Fixture", "reason": "Muscle Injury"}, "team": {"id": 499, "name": "Atalanta", "logo": "https://media.api-sports.io/football/teams/499.png"}, "fixture": {"id": 1377924, "timezone": "UTC", "date": "2025-10-19T16:00:00+00:00", "timestamp": 1760889600}, "league": {"id": 135, "season": 2025, "name": "Serie A", "country": "Italy", "logo": "https://media.api-sports.io/football/leagues/135.png", "flag": "https://media.api-sports.io/flags/it.svg"}}, {"player": {"id": 530, "name": "M. Bakker", "photo": "https://media.api-sports.io/football/players/530.png", "type": "Missing Fixture", "reason": "Knee Injury"}, "team": {"id": 499, "name": "Atalanta", "logo": "https://media.api-sports.io/football/teams/499.png"}, "fixture": {"id": 1377934, "timezone": "UTC", "date": "2025-10-25T18:45:00+00:00", "timestamp": 1761417900}, "league": {"id": 135, "season": 2025, "name": "Serie A", "country": "Italy", "logo": "https://media.api-sports.io/football/leagues/135.png", "flag": "https://media.api-sports.io/flags/it.svg"}}, {"player": {"id": 1442, "name": "S. Kolasinac", "photo": "https://media.api-sports.io/football/players/1442.png", "type": "Missing Fixture", "reason": "Knee Injury"}, "team": {"id": 499, "name": "Atalanta", "logo": "https://media.api-sports.io/football/teams/499.png"}, "fixture": {"id": 1377934, "timezone": "UTC", "date": "2025-10-25T18:45:00+00:00", "timestamp": 1761417900}, "league": {"id": 135, "season": 2025, "name": "Serie A", "country": "Italy", "logo": "https://media.api-sports.io/football/leagues/135.png", "flag": "https://media.api-sports.io/flags/it.svg"}}, {"player": {"id": 289761, "name": "G. Scalvini", "photo": "https://media.api-sports.io/football/players/289761.png", "type": "Missing Fixture", "reason": "Thigh Injury"}, "team": {"id": 499, "name": "Atalanta", "logo": "https://media.api-sports.io/football/teams/499.png"}, "fixture": {"id": 1377934, "timezone": "UTC", "date": "2025-10-25T18:45:00+00:00", "timestamp": 1761417900}, "league": {"id": 135, "season": 2025, "name": "Serie A", "country": "Italy", "logo": "https://media.api-sports.io/football/leagues/135.png", "flag": "https://media.api-sports.io/flags/it.svg"}}, {"player": {"id": 530, "name": "M. Bakker", "photo": "https://media.api-sports.io/football/players/530.png", "type": "Missing Fixture", "reason": "Knee Injury"}, "team": {"id": 499, "name": "Atalanta", "logo": "https://media.api-sports.io/football/teams/499.png"}, "fixture": {"id": 1377944, "timezone": "UTC", "date": "2025-10-28T19:45:00+00:00", "timestamp": 1761680700}, "league": {"id": 135, "season": 2025, "name": "Serie A", "country": "Italy", "logo": "https://media.api-sports.io/football/leagues/135.png", "flag": "https://media.api-sports.io/flags/it.svg"}}, {"player": {"id": 289761, "name": "G. Scalvini", "photo": "https://media.api-sports.io/football/players/289761.png", "type": "Missing Fixture", "reason": "Thigh Injury"}, "team": {"id": 499, "name": "Atalanta", "logo": "https://media.api-sports.io/football/teams/499.png"}, "fixture": {"id": 1377944, "timezone": "UTC", "date": "2025-10-28T19:45:00+00:00", "timestamp": 1761680700}, "league": {"id": 135, "season": 2025, "name": "Serie A", "country": "Italy", "logo": "https://media.api-sports.io/football/leagues/135.png", "flag": "https://media.api-sports.io/flags/it.svg"}}, {"player": {"id": 530, "name": "M. Bakker", "photo": "https://media.api-sports.io/football/players/530.png", "type": "Missing Fixture", "reason": "Knee Injury"}, "team": {"id": 499, "name": "Atalanta", "logo": "https://media.api-sports.io/football/teams/499.png"}, "fixture": {"id": 1377962, "timezone": "UTC", "date": "2025-11-01T14:00:00+00:00", "timestamp": 1762005600}, "league": {"id": 135, "season": 2025, "name": "Serie A", "country": "Italy", "logo": "https://media.api-sports.io/football/leagues/135.png", "flag": "https://media.api-sports.io/flags/it.svg"}}, {"player": {"id": 30432, "name": "M. De Roon", "photo": "https://media.api-sports.io/football/players/30432.png", "type": "Missing Fixture", "reason": "Thigh Injury"}, "team": {"id": 499, "name": "Atalanta", "logo": "https://media.api-sports.io/football/teams/499.png"}, "fixture": {"id": 1377962, "timezone": "UTC", "date": "2025-11-01T14:00:00+00:00", "timestamp": 1762005600}, "league": {"id": 135, "season": 2025, "name": "Serie A", "country": "Italy", "logo": "https://media.api-sports.io/football/leagues/135.png", "flag": "https://media.api-sports.io/flags/it.svg"}}, {"player": {"id": 134926, "name": "D. Maldini", "photo": "https://media.api-sports.io/football/players/134926.png", "type": "Missing Fixture", "reason": "Thigh Injury"}, "team": {"id": 499, "name": "Atalanta", "logo": "https://media.api-sports.io/football/teams/499.png"}, "fixture": {"id": 1377962, "timezone": "UTC", "date": "2025-11-01T14:00:00+00:00", "timestamp": 1762005600}, "league": {"id": 135, "season": 2025, "name": "Serie A", "country": "Italy", "logo": "https://media.api-sports.io/football/leagues/135.png", "flag": "https://media.api-sports.io/flags/it.svg"}}, {"player": {"id": 289761, "name": "G. Scalvini", "photo": "https://media.api-sports.io/football/players/289761.png", "type": "Missing Fixture", "reason": "Thigh Injury"}, "team": {"id": 499, "name": "Atalanta", "logo": "https://media.api-sports.io/football/teams/499.png"}, "fixture": {"id": 1377962, "timezone": "UTC", "date": "2025-11-01T14:00:00+00:00", "timestamp": 1762005600}, "league": {"id": 135, "season": 2025, "name": "Serie A", "country": "Italy", "logo": "https://media.api-sports.io/football/leagues/135.png", "flag": "https://media.api-sports.io/flags/it.svg"}}, {"player": {"id": 530, "name": "M. Bakker", "photo": "https://media.api-sports.io/football/players/530.png", "type": "Missing Fixture", "reason": "Knee Injury"}, "team": {"id": 499, "name": "Atalanta", "logo": "https://media.api-sports.io/football/teams/499.png"}, "fixture": {"id": 1377964, "timezone": "UTC", "date": "2025-11-09T11:30:00+00:00", "timestamp": 1762687800}, "league": {"id": 135, "season": 2025, "name": "Serie A", "country": "Italy", "logo": "https://media.api-sports.io/football/leagues/135.png", "flag": "https://media.api-sports.io/flags/it.svg"}}, {"player": {"id": 530, "name": "M. Bakker", "photo": "https://media.api-sports.io/football/players/530.png", "type": "Missing Fixture", "reason": "Knee Injury"}, "team": {"id": 499, "name": "Atalanta", "logo": "https://media.api-sports.io/football/teams/499.png"}, "fixture": {"id": 1377979, "timezone": "UTC", "date": "2025-11-22T19:45:00+00:00", "timestamp": 1763840700}, "league": {"id": 135, "season": 2025, "name": "Serie A", "country": "Italy", "logo": "https://media.api-sports.io/football/leagues/135.png", "flag": "https://media.api-sports.io/flags/it.svg"}}, {"player": {"id": 289761, "name": "G. Scalvini", "photo": "https://media.api-sports.io/football/players/289761.png", "type": "Missing Fixture", "reason": "Muscle Injury"}, "team": {"id": 499, "name": "Atalanta", "logo": "https://media.api-sports.io/football/teams/499.png"}, "fixture": {"id": 1377979, "timezone": "UTC", "date": "2025-11-22T19:45:00+00:00", "timestamp": 1763840700}, "league": {"id": 135, "season": 2025, "name": "Serie A", "country": "Italy", "logo": "https://media.api-sports.io/football/leagues/135.png", "flag": "https://media.api-sports.io/flags/it.svg"}}, {"player": {"id": 530, "name": "M. Bakker", "photo": "https://media.api-sports.io/football/players/530.png", "type": "Missing Fixture", "reason": "Knee Injury"}, "team": {"id": 499, "name": "Atalanta", "logo": "https://media.api-sports.io/football/teams/499.png"}, "fixture": {"id": 1377984, "timezone": "UTC", "date": "2025-11-30T17:00:00+00:00", "timestamp": 1764522000}, "league": {"id": 135, "season": 2025, "name": "Serie A", "country": "Italy", "logo": "https://media.api-sports.io/football/leagues/135.png", "flag": "https://media.api-sports.io/flags/it.svg"}}, {"player": {"id": 289761, "name": "G. Scalvini", "photo": "https://media.api-sports.io/football/players/289761.png", "type": "Missing Fixture", "reason": "Muscle Injury"}, "team": {"id": 499, "name": "Atalanta", "logo": "https://media.api-sports.io/football/teams/499.png"}, "fixture": {"id": 1377984, "timezone": "UTC", "date": "2025-11-30T17:00:00+00:00", "timestamp": 1764522000}, "league": {"id": 135, "season": 2025, "name": "Serie A", "country": "Italy", "logo": "https://media.api-sports.io/football/leagues/135.png", "flag": "https://media.api-sports.io/flags/it.svg"}}, {"player": {"id": 530, "name": "M. Bakker", "photo": "https://media.api-sports.io/football/players/530.png", "type": "Missing Fixture", "reason": "Knee Injury"}, "team": {"id": 499, "name": "Atalanta", "logo": "https://media.api-sports.io/football/teams/499.png"}, "fixture": {"id": 1378003, "timezone": "UTC", "date": "2025-12-06T19:45:00+00:00", "timestamp": 1765050300}, "league": {"id": 135, "season": 2025, "name": "Serie A", "country": "Italy", "logo": "https://media.api-sports.io/football/leagues/135.png", "flag": "https://media.api-sports.io/flags/it.svg"}}, {"player": {"id": 199837, "name": "K. Sulemana", "photo": "https://media.api-sports.io/football/players/199837.png", "type": "Missing Fixture", "reason": "Muscle Injury"}, "team": {"id": 499, "name": "Atalanta", "logo": "https://media.api-sports.io/football/teams/499.png"}, "fixture": {"id": 1378003, "timezone": "UTC", "date": "2025-12-06T19:45:00+00:00", "timestamp": 1765050300}, "league": {"id": 135, "season": 2025, "name": "Serie A", "country": "Italy", "logo": "https://media.api-sports.io/football/leagues/135.png", "flag": "https://media.api-sports.io/flags/it.svg"}}, {"player": {"id": 530, "name": "M. Bakker", "photo": "https://media.api-sports.io/football/players/530.png", "type": "Missing Fixture", "reason": "Knee Injury"}, "team": {"id": 499, "name": "Atalanta", "logo": "https://media.api-sports.io/football/teams/499.png"}, "fixture": {"id": 1378004, "timezone": "UTC", "date": "2025-12-13T19:45:00+00:00", "timestamp": 1765655100}, "league": {"id": 135, "season": 2025, "name": "Serie A", "country": "Italy", "logo": "https://media.api-sports.io/football/leagues/135.png", "flag": "https://media.api-sports.io/flags/it.svg"}}, {"player": {"id": 91422, "name": "R. Bellanova", "photo": "https://media.api-sports.io/football/players/91422.png", "type": "Missing Fixture", "reason": "Injury"}, "team": {"id": 499, "name": "Atalanta", "logo": "https://media.api-sports.io/football/teams/499.png"}, "fixture": {"id": 1378004, "timezone": "UTC", "date": "2025-12-13T19:45:00+00:00", "timestamp": 1765655100}, "league": {"id": 135, "season": 2025, "name": "Serie A", "country": "Italy", "logo": "https://media.api-sports.io/football/leagues/135.png", "flag": "https://media.api-sports.io/flags/it.svg"}}, {"player": {"id": 137976, "name": "I. Hien", "photo": "https://media.api-sports.io/football/players/137976.png", "type": "Missing Fixture", "reason": "Illness"}, "team": {"id": 499, "name": "Atalanta", "logo": "https://media.api-sports.io/football/teams/499.png"}, "fixture": {"id": 1378004, "timezone": "UTC", "date": "2025-12-13T19:45:00+00:00", "timestamp": 1765655100}, "league": {"id": 135, "season": 2025, "name": "Serie A", "country": "Italy", "logo": "https://media.api-sports.io/football/leagues/135.png", "flag": "https://media.api-sports.io/flags/it.svg"}}, {"player": {"id": 199837, "name": "K. Sulemana", "photo": "https://media.api-sports.io/football/players/199837.png", "type": "Missing Fixture", "reason": "Muscle Injury"}, "team": {"id": 499, "name": "Atalanta", "logo": "https://media.api-sports.io/football/teams/499.png"}, "fixture": {"id": 1378004, "timezone": "UTC", "date": "2025-12-13T19:45:00+00:00", "timestamp": 1765655100}, "league": {"id": 135, "season": 2025, "name": "Serie A", "country": "Italy", "logo": "https://media.api-sports.io/football/leagues/135.png", "flag": "https://media.api-sports.io/flags/it.svg"}}, {"player": {"id": 530, "name": "M. Bakker", "photo": "https://media.api-sports.io/football/players/530.png", "type": "Missing Fixture", "reason": "Knee Injury"}, "team": {"id": 499, "name": "Atalanta", "logo": "https://media.api-sports.io/football/teams/499.png"}, "fixture": {"id": 1378017, "timezone": "UTC", "date": "2025-12-21T19:45:00+00:00", "timestamp": 1766346300}, "league": {"id": 135, "season": 2025, "name": "Serie A", "country": "Italy", "logo": "https://media.api-sports.io/football/leagues/135.png", "flag": "https://media.api-sports.io/flags/it.svg"}}, {"player": {"id": 91422, "name": "R. Bellanova", "photo": "https://media.api-sports.io/football/players/91422.png", "type": "Missing Fixture", "reason": "Injury"}, "team": {"id": 499, "name": "Atalanta", "logo": "https://media.api-sports.io/football/teams/499.png"}, "fixture": {"id": 1378017, "timezone": "UTC", "date": "2025-12-21T19:45:00+00:00", "timestamp": 1766346300}, "league": {"id": 135, "season": 2025, "name": "Serie A", "country": "Italy", "logo": "https://media.api-sports.io/football/leagues/135.png", "flag": "https://media.api-sports.io/flags/it.svg"}}, {"player": {"id": 30421, "name": "B. Djimsiti", "photo": "https://media.api-sports.io/football/players/30421.png", "type": "Missing Fixture", "reason": "Injury"}, "team": {"id": 499, "name": "Atalanta", "logo": "https://media.api-sports.io/football/teams/499.png"}, "fixture": {"id": 1378017, "timezone": "UTC", "date": "2025-12-21T19:45:00+00:00", "timestamp": 1766346300}, "league": {"id": 135, "season": 2025, "name": "Serie A", "country": "Italy", "logo": "https://media.api-sports.io/football/leagues/135.png", "flag": "https://media.api-sports.io/flags/it.svg"}}, {"player": {"id": 48119, "name": "O. Kossounou", "photo": "https://media.api-sports.io/football/players/48119.png", "type": "Missing Fixture", "reason": "International duty"}, "team": {"id": 499, "name": "Atalanta", "logo": "https://media.api-sports.io/football/teams/499.png"}, "fixture": {"id": 1378017, "timezone": "UTC", "date": "2025-12-21T19:45:00+00:00", "timestamp": 1766346300}, "league": {"id": 135, "season": 2025, "name": "Serie A", "country": "Italy", "logo": "https://media.api-sports.io/football/leagues/135.png", "flag": "https://media.api-sports.io/flags/it.svg"}}, {"player": {"id": 18767, "name": "A. Lookman", "photo": "https://media.api-sports.io/football/players/18767.png", "type": "Missing Fixture", "reason": "International duty"}, "team": {"id": 499, "name": "Atalanta", "logo": "https://media.api-sports.io/football/teams/499.png"}, "fixture": {"id": 1378017, "timezone": "UTC", "date": "2025-12-21T19:45:00+00:00", "timestamp": 1766346300}, "league": {"id": 135, "season": 2025, "name": "Serie A", "country": "Italy", "logo": "https://media.api-sports.io/football/leagues/135.png", "flag": "https://media.api-sports.io/flags/it.svg"}}, {"player": {"id": 2763, "name": "M. Pasalic", "photo": "https://media.api-sports.io/football/players/2763.png", "type": "Missing Fixture", "reason": "Personal Reasons"}, "team": {"id": 499, "name": "Atalanta", "logo": "https://media.api-sports.io/football/teams/499.png"}, "fixture": {"id": 1378017, "timezone": "UTC", "date": "2025-12-21T19:45:00+00:00", "timestamp": 1766346300}, "league": {"id": 135, "season": 2025, "name": "Serie A", "country": "Italy", "logo": "https://media.api-sports.io/football/leagues/135.png", "flag": "https://media.api-sports.io/flags/it.svg"}}, {"player": {"id": 530, "name": "M. Bakker", "photo": "https://media.api-sports.io/football/players/530.png", "type": "Missing Fixture", "reason": "Knee Injury"}, "team": {"id": 499, "name": "Atalanta", "logo": "https://media.api-sports.io/football/teams/499.png"}, "fixture": {"id": 1378024, "timezone": "UTC", "date": "2025-12-28T19:45:00+00:00", "timestamp": 1766951100}, "league": {"id": 135, "season": 2025, "name": "Serie A", "country": "Italy", "logo": "https://media.api-sports.io/football/leagues/135.png", "flag": "https://media.api-sports.io/flags/it.svg"}}, {"player": {"id": 91422, "name": "R. Bellanova", "photo": "https://media.api-sports.io/football/players/91422.png", "type": "Missing Fixture", "reason": "Injury"}, "team": {"id": 499, "name": "Atalanta", "logo": "https://media.api-sports.io/football/teams/499.png"}, "fixture": {"id": 1378024, "timezone": "UTC", "date": "2025-12-28T19:45:00+00:00", "timestamp": 1766951100}, "league": {"id": 135, "season": 2025, "name": "Serie A", "country": "Italy", "logo": "https://media.api-sports.io/football/leagues/135.png", "flag": "https://media.api-sports.io/flags/it.svg"}}, {"player": {"id": 48119, "name": "O. Kossounou", "photo": "https://media.api-sports.io/football/players/48119.png", "type": "Missing Fixture", "reason": "International duty"}, "team": {"id": 499, "name": "Atalanta", "logo": "https://media.api-sports.io/football/teams/499.png"}, "fixture": {"id": 1378024, "timezone": "UTC", "date": "2025-12-28T19:45:00+00:00", "timestamp": 1766951100}, "league": {"id": 135, "season": 2025, "name": "Serie A", "country": "Italy", "logo": "https://media.api-sports.io/football/leagues/135.png", "flag": "https://media.api-sports.io/flags/it.svg"}}, {"player": {"id": 18767, "name": "A. Lookman", "photo": "https://media.api-sports.io/football/players/18767.png", "type": "Missing Fixture", "reason": "International duty"}, "team": {"id": 499, "name": "Atalanta", "logo": "https://media.api-sports.io/football/teams/499.png"}, "fixture": {"id": 1378024, "timezone": "UTC", "date": "2025-12-28T19:45:00+00:00", "timestamp": 1766951100}, "league": {"id": 135, "season": 2025, "name": "Serie A", "country": "Italy", "logo": "https://media.api-sports.io/football/leagues/135.png", "flag": "https://media.api-sports.io/flags/it.svg"}}, {"player": {"id": 530, "name": "M. Bakker", "photo": "https://media.api-sports.io/football/players/530.png", "type": "Missing Fixture", "reason": "Knee Injury"}, "team": {"id": 499, "name": "Atalanta", "logo": "https://media.api-sports.io/football/teams/499.png"}, "fixture": {"id": 1378034, "timezone": "UTC", "date": "2026-01-03T19:45:00+00:00", "timestamp": 1767469500}, "league": {"id": 135, "season": 2025, "name": "Serie A", "country": "Italy", "logo": "https://media.api-sports.io/football/leagues/135.png", "flag": "https://media.api-sports.io/flags/it.svg"}}, {"player": {"id": 91422, "name": "R. Bellanova", "photo": "https://media.api-sports.io/football/players/91422.png", "type": "Missing Fixture", "reason": "Injury"}, "team": {"id": 499, "name": "Atalanta", "logo": "https://media.api-sports.io/football/teams/499.png"}, "fixture": {"id": 1378034, "timezone": "UTC", "date": "2026-01-03T19:45:00+00:00", "timestamp": 1767469500}, "league": {"id": 135, "season": 2025, "name": "Serie A", "country": "Italy", "logo": "https://media.api-sports.io/football/leagues/135.png", "flag": "https://media.api-sports.io/flags/it.svg"}}, {"player": {"id": 48119, "name": "O. Kossounou", "photo": "https://media.api-sports.io/football/players/48119.png", "type": "Missing Fixture", "reason": "International duty"}, "team": {"id": 499, "name": "Atalanta", "logo": "https://media.api-sports.io/football/teams/499.png"}, "fixture": {"id": 1378034, "timezone": "UTC", "date": "2026-01-03T19:45:00+00:00", "timestamp": 1767469500}, "league": {"id": 135, "season": 2025, "name": "Serie A", "country": "Italy", "logo": "https://media.api-sports.io/football/leagues/135.png", "flag": "https://media.api-sports.io/flags/it.svg"}}, {"player": {"id": 18767, "name": "A. Lookman", "photo": "https://media.api-sports.io/football/players/18767.png", "type": "Missing Fixture", "reason": "International duty"}, "team": {"id": 499, "name": "Atalanta", "logo": "https://media.api-sports.io/football/teams/499.png"}, "fixture": {"id": 1378034, "timezone": "UTC", "date": "2026-01-03T19:45:00+00:00", "timestamp": 1767469500}, "league": {"id": 135, "season": 2025, "name": "Serie A", "country": "Italy", "logo": "https://media.api-sports.io/football/leagues/135.png", "flag": "https://media.api-sports.io/flags/it.svg"}}, {"player": {"id": 530, "name": "M. Bakker", "photo": "https://media.api-sports.io/football/players/530.png", "type": "Missing Fixture", "reason": "Knee Injury"}, "team": {"id": 499, "name": "Atalanta", "logo": "https://media.api-sports.io/football/teams/499.png"}, "fixture": {"id": 1378071, "timezone": "UTC", "date": "2026-01-16T19:45:00+00:00", "timestamp": 1768592700}, "league": {"id": 135, "season": 2025, "name": "Serie A", "country": "Italy", "logo": "https://media.api-sports.io/football/leagues/135.png", "flag": "https://media.api-sports.io/flags/it.svg"}}, {"player": {"id": 91422, "name": "R. Bellanova", "photo": "https://media.api-sports.io/football/players/91422.png", "type": "Missing Fixture", "reason": "Injury"}, "team": {"id": 499, "name": "Atalanta", "logo": "https://media.api-sports.io/football/teams/499.png"}, "fixture": {"id": 1378071, "timezone": "UTC", "date": "2026-01-16T19:45:00+00:00", "timestamp": 1768592700}, "league": {"id": 135, "season": 2025, "name": "Serie A", "country": "Italy", "logo": "https://media.api-sports.io/football/leagues/135.png", "flag": "https://media.api-sports.io/flags/it.svg"}}, {"player": {"id": 30421, "name": "B. Djimsiti", "photo": "https://media.api-sports.io/football/players/30421.png", "type": "Missing Fixture", "reason": "Injury"}, "team": {"id": 499, "name": "Atalanta", "logo": "https://media.api-sports.io/football/teams/499.png"}, "fixture": {"id": 1378071, "timezone": "UTC", "date": "2026-01-16T19:45:00+00:00", "timestamp": 1768592700}, "league": {"id": 135, "season": 2025, "name": "Serie A", "country": "Italy", "logo": "https://media.api-sports.io/football/leagues/135.png", "flag": "https://media.api-sports.io/flags/it.svg"}}, {"player": {"id": 18767, "name": "A. Lookman", "photo": "https://media.api-sports.io/football/players/18767.png", "type": "Missing Fixture", "reason": "International duty"}, "team": {"id": 499, "name": "Atalanta", "logo": "https://media.api-sports.io/football/teams/499.png"}, "fixture": {"id": 1378071, "timezone": "UTC", "date": "2026-01-16T19:45:00+00:00", "timestamp": 1768592700}, "league": {"id": 135, "season": 2025, "name": "Serie A", "country": "Italy", "logo": "https://media.api-sports.io/football/leagues/135.png", "flag": "https://media.api-sports.io/flags/it.svg"}}, {"player": {"id": 91422, "name": "R. Bellanova", "photo": "https://media.api-sports.io/football/players/91422.png", "type": "Missing Fixture", "reason": "Injury"}, "team": {"id": 499, "name": "Atalanta", "logo": "https://media.api-sports.io/football/teams/499.png"}, "fixture": {"id": 1378074, "timezone": "UTC", "date": "2026-01-25T14:00:00+00:00", "timestamp": 1769349600}, "league": {"id": 135, "season": 2025, "name": "Serie A", "country": "Italy", "logo": "https://media.api-sports.io/football/leagues/135.png", "flag": "https://media.api-sports.io/flags/it.svg"}}, {"player": {"id": 530, "name": "M. Bakker", "photo": "https://media.api-sports.io/football/players/530.png", "type": "Missing Fixture", "reason": "Knee Injury"}, "team": {"id": 499, "name": "Atalanta", "logo": "https://media.api-sports.io/football/teams/499.png"}, "fixture": {"id": 1378086, "timezone": "UTC", "date": "2026-02-01T14:00:00+00:00", "timestamp": 1769954400}, "league": {"id": 135, "season": 2025, "name": "Serie A", "country": "Italy", "logo": "https://media.api-sports.io/football/leagues/135.png", "flag": "https://media.api-sports.io/flags/it.svg"}}, {"player": {"id": 18767, "name": "A. Lookman", "photo": "https://media.api-sports.io/football/players/18767.png", "type": "Missing Fixture", "reason": "Coach's decision"}, "team": {"id": 499, "name": "Atalanta", "logo": "https://media.api-sports.io/football/teams/499.png"}, "fixture": {"id": 1378086, "timezone": "UTC", "date": "2026-02-01T14:00:00+00:00", "timestamp": 1769954400}, "league": {"id": 135, "season": 2025, "name": "Serie A", "country": "Italy", "logo": "https://media.api-sports.io/football/leagues/135.png", "flag": "https://media.api-sports.io/flags/it.svg"}}, {"player": {"id": 453906, "name": "H. Ahanor", "photo": "https://media.api-sports.io/football/players/453906.png", "type": "Missing Fixture", "reason": "Red Card"}, "team": {"id": 499, "name": "Atalanta", "logo": "https://media.api-sports.io/football/teams/499.png"}, "fixture": {"id": 1378094, "timezone": "UTC", "date": "2026-02-09T17:30:00+00:00", "timestamp": 1770658200}, "league": {"id": 135, "season": 2025, "name": "Serie A", "country": "Italy", "logo": "https://media.api-sports.io/football/leagues/135.png", "flag": "https://media.api-sports.io/flags/it.svg"}}, {"player": {"id": 30432, "name": "M. De Roon", "photo": "https://media.api-sports.io/football/players/30432.png", "type": "Missing Fixture", "reason": "Yellow Cards"}, "team": {"id": 499, "name": "Atalanta", "logo": "https://media.api-sports.io/football/teams/499.png"}, "fixture": {"id": 1378094, "timezone": "UTC", "date": "2026-02-09T17:30:00+00:00", "timestamp": 1770658200}, "league": {"id": 135, "season": 2025, "name": "Serie A", "country": "Italy", "logo": "https://media.api-sports.io/football/leagues/135.png", "flag": "https://media.api-sports.io/flags/it.svg"}}, {"player": {"id": 147859, "name": "C. De Ketelaere", "photo": "https://media.api-sports.io/football/players/147859.png", "type": "Missing Fixture", "reason": "Knee Injury"}, "team": {"id": 499, "name": "Atalanta", "logo": "https://media.api-sports.io/football/teams/499.png"}, "fixture": {"id": 1378108, "timezone": "UTC", "date": "2026-02-14T17:00:00+00:00", "timestamp": 1771088400}, "league": {"id": 135, "season": 2025, "name": "Serie A", "country": "Italy", "logo": "https://media.api-sports.io/football/leagues/135.png", "flag": "https://media.api-sports.io/flags/it.svg"}}, {"player": {"id": 30544, "name": "G. Scamacca", "photo": "https://media.api-sports.io/football/players/30544.png", "type": "Questionable", "reason": "Injury"}, "team": {"id": 499, "name": "Atalanta", "logo": "https://media.api-sports.io/football/teams/499.png"}, "fixture": {"id": 1378108, "timezone": "UTC", "date": "2026-02-14T17:00:00+00:00", "timestamp": 1771088400}, "league": {"id": 135, "season": 2025, "name": "Serie A", "country": "Italy", "logo": "https://media.api-sports.io/football/leagues/135.png", "flag": "https://media.api-sports.io/flags/it.svg"}}]}