{"get": "fixtures", "parameters": {"league": "140", "season": "2025", "team": "538", "status": "FT", "last": "10"}, "errors": [], "results": 10, "paging": {"current": 1, "total": 1}, "response": [{"fixture": {"id": 1391043, "referee": "Jos\u00e9 Luis Munuera Montero, Spain", "timezone": "UTC", "date": "2026-02-06T20:00:00+00:00", "timestamp": 1770408000, "periods": {"first": 1770408000, "second": 1770411600}, "venue": {"id": null, "name": "Estadio Abanca Bala\u00eddos", "city": "Vigo"}, "status": {"long": "Match Finished", "short": "FT", "elapsed": 90, "extra": 8}}, "league": {"id": 140, "name": "La Liga", "country": "Spain", "logo": "https://media.api-sports.io/football/leagues/140.png", "flag": "https://media.api-sports.io/flags/es.svg", "season": 2025, "round": "Regular Season - 23", "standings": true}, "teams": {"home": {"id": 538, "name": "Celta Vigo", "logo": "https://media.api-sports.io/football/teams/538.png", "winner": false}, "away": {"id": 727, "name": "Osasuna", "logo": "https://media.api-sports.io/football/teams/727.png", "winner": true}}, "goals": {"home": 1, "away": 2}, "score": {"halftime": {"home": 0, "away": 1}, "fulltime": {"home": 1, "away": 2}, "extratime": {"home": null, "away": null}, "penalty": {"home": null, "away": null}}}, {"fixture": {"id": 1391033, "referee": "Iosu Galech Apezteguia, Spain", "timezone": "UTC", "date": "2026-02-01T17:30:00+00:00", "timestamp": 1769967000, "periods": {"first": 1769967000, "second": 1769970600}, "venue": {"id": 20422, "name": "Coliseum", "city": "Getafe"}, "status": {"long": "Match Finished", "short": "FT", "elapsed": 90, "extra": 4}}, "league": {"id": 140, "name": "La Liga", "country": "Spain", "logo": "https://media.api-sports.io/football/leagues/140.png", "flag": "https://media.api-sports.io/flags/es.svg", "season": 2025, "round": "Regular Season - 22", "standings": true}, "teams": {"home": {"id": 546, "name": "Getafe", "logo": "https://media.api-sports.io/football/teams/546.png", "winner": null}, "away": {"id": 538, "name": "Celta Vigo", "logo": "https://media.api-sports.io/football/teams/538.png", "winner": null}}, "goals": {"home": 0, "away": 0}, "score": {"halftime": {"home": 0, "away": 0}, "fulltime": {"home": 0, "away": 0}, "extratime": {"home": null, "away": null}, "penalty": {"home": null, "away": null}}}, {"fixture": {"id": 1391025, "referee": "Javier Alberola Rojas, Spain", "timezone": "UTC", "date": "2026-01-25T17:30:00+00:00", "timestamp": 1769362200, "periods": {"first": 1769362200, "second": 1769365800}, "venue": {"id": null, "name": "Reale Arena", "city": "San Sebastian"}, "status": {"long": "Match Finished", "short": "FT", "elapsed": 90, "extra": 7}}, "league": {"id": 140, "name": "La Liga", "country": "Spain", "logo": "https://media.api-sports.io/football/leagues/140.png", "flag": "https://media.api-sports.io/flags/es.svg", "season": 2025, "round": "Regular Season - 21", "standings": true}, "teams": {"home": {"id": 548, "name": "Real Sociedad", "logo": "https://media.api-sports.io/football/teams/548.png", "winner": true}, "away": {"id": 538, "name": "Celta Vigo", "logo": "https://media.api-sports.io/football/teams/538.png", "winner": false}}, "goals": {"home": 3, "away": 1}, "score": {"halftime": {"home": 1, "away": 0}, "fulltime": {"home": 3, "away": 1}, "extratime": {"home": null, "away": null}, "penalty": {"home": null, "away": null}}}, {"fixture": {"id": 1391011, "referee": "Mateo Busquets Ferrer, Spain", "timezone": "UTC", "date": "2026-01-18T17:30:00+00:00", "timestamp": 1768757400, "periods": {"first": 1768757400, "second": 1768761000}, "venue": {"id": null, "name": "Estadio Abanca Bala\u00eddos", "city": "Vigo"}, "status": {"long": "Match Finished", "short": "FT", "elapsed": 90, "extra": 4}}, "league": {"id": 140, "name": "La Liga", "country": "Spain", "logo": "https://media.api-sports.io/football/leagues/140.png", "flag": "https://media.api-sports.io/flags/es.svg", "season": 2025, "round": "Regular Season - 20", "standings": true}, "teams": {"home": {"id": 538, "name": "Celta Vigo", "logo": "https://media.api-sports.io/football/teams/538.png", "winner": true}, "away": {"id": 728, "name": "Rayo Vallecano", "logo": "https://media.api-sports.io/football/teams/728.png", "winner": false}}, "goals": {"home": 3, "away": 0}, "score": {"halftime": {"home": 1, "away": 0}, "fulltime": {"home": 3, "away": 0}, "extratime": {"home": null, "away": null}, "penalty": {"home": null, "away": null}}}, {"fixture": {"id": 1391006, "referee": "Jos\u00e9 Mar\u00eda S\u00e1nchez Mart\u00ednez, Spain", "timezone": "UTC", "date": "2026-01-12T20:00:00+00:00", "timestamp": 1768248000, "periods": {"first": 1768248000, "second": 1768251600}, "venue": {"id": 1494, "name": "Estadio Ram\u00f3n S\u00e1nchez Pizju\u00e1n", "city": "Sevilla"}, "status": {"long": "Match Finished", "short": "FT", "elapsed": 90, "extra": 5}}, "league": {"id": 140, "name": "La Liga", "country": "Spain", "logo": "https://media.api-sports.io/football/leagues/140.png", "flag": "https://media.api-sports.io/flags/es.svg", "season": 2025, "round": "Regular Season - 19", "standings": true}, "teams": {"home": {"id": 536, "name": "Sevilla", "logo": "https://media.api-sports.io/football/teams/536.png", "winner": false}, "away": {"id": 538, "name": "Celta Vigo", "logo": "https://media.api-sports.io/football/teams/538.png", "winner": true}}, "goals": {"home": 0, "away": 1}, "score": {"halftime": {"home": 0, "away": 0}, "fulltime": {"home": 0, "away": 1}, "extratime": {"home": null, "away": null}, "penalty": {"home": null, "away": null}}}, {"fixture": {"id": 1390990, "referee": "Ricardo De Burgos Bengoetxea, Spain", "timezone": "UTC", "date": "2026-01-03T13:00:00+00:00", "timestamp": 1767445200, "periods": {"first": 1767445200, "second": 1767448800}, "venue": {"id": null, "name": "Estadio Abanca Bala\u00eddos", "city": "Vigo"}, "status": {"long": "Match Finished", "short": "FT", "elapsed": 90, "extra": 9}}, "league": {"id": 140, "name": "La Liga", "country": "Spain", "logo": "https://media.api-sports.io/football/leagues/140.png", "flag": "https://media.api-sports.io/flags/es.svg", "season": 2025, "round": "Regular Season - 18", "standings": true}, "teams": {"home": {"id": 538, "name": "Celta Vigo", "logo": "https://media.api-sports.io/football/teams/538.png", "winner": true}, "away": {"id": 532, "name": "Valencia", "logo": "https://media.api-sports.io/football/teams/532.png", "winner": false}}, "goals": {"home": 4, "away": 1}, "score": {"halftime": {"home": 1, "away": 0}, "fulltime": {"home": 4, "away": 1}, "extratime": {"home": null, "away": null}, "penalty": {"home": null, "away": null}}}, {"fixture": {"id": 1390986, "referee": "Francisco Hernandez Maeso, Spain", "timezone": "UTC", "date": "2025-12-20T13:00:00+00:00", "timestamp": 1766235600, "periods": {"first": 1766235600, "second": 1766239200}, "venue": {"id": 1490, "name": "Estadio Nuevo Carlos Tartiere", "city": "Oviedo"}, "status": {"long": "Match Finished", "short": "FT", "elapsed": 90, "extra": 6}}, "league": {"id": 140, "name": "La Liga", "country": "Spain", "logo": "https://media.api-sports.io/football/leagues/140.png", "flag": "https://media.api-sports.io/flags/es.svg", "season": 2025, "round": "Regular Season - 17", "standings": true}, "teams": {"home": {"id": 718, "name": "Oviedo", "logo": "https://media.api-sports.io/football/teams/718.png", "winner": null}, "away": {"id": 538, "name": "Celta Vigo", "logo": "https://media.api-sports.io/football/teams/538.png", "winner": null}}, "goals": {"home": 0, "away": 0}, "score": {"halftime": {"home": 0, "away": 0}, "fulltime": {"home": 0, "away": 0}, "extratime": {"home": null, "away": null}, "penalty": {"home": null, "away": null}}}, {"fixture": {"id": 1390972, "referee": "Alejandro Hernandez, Spain", "timezone": "UTC", "date": "2025-12-14T15:15:00+00:00", "timestamp": 1765725300, "periods": {"first": 1765725300, "second": 1765728900}, "venue": {"id": null, "name": "Estadio Abanca Bala\u00eddos", "city": "Vigo"}, "status": {"long": "Match Finished", "short": "FT", "elapsed": 90, "extra": 8}}, "league": {"id": 140, "name": "La Liga", "country": "Spain", "logo": "https://media.api-sports.io/football/leagues/140.png", "flag": "https://media.api-sports.io/flags/es.svg", "season": 2025, "round": "Regular Season - 16", "standings": true}, "teams": {"home": {"id": 538, "name": "Celta Vigo", "logo": "https://media.api-sports.io/football/teams/538.png", "winner": true}, "away": {"id": 531, "name": "Athletic Club", "logo": "https://media.api-sports.io/football/teams/531.png", "winner": false}}, "goals": {"home": 2, "away": 0}, "score": {"halftime": {"home": 0, "away": 0}, "fulltime": {"home": 2, "away": 0}, "extratime": {"home": null, "away": null}, "penalty": {"home": null, "away": null}}}, {"fixture": {"id": 1390965, "referee": "Alejandro Quintero Gonzalez, Spain", "timezone": "UTC", "date": "2025-12-07T20:00:00+00:00", "timestamp": 1765137600, "periods": {"first": 1765137600, "second": 1765141200}, "venue": {"id": 1456, "name": "Estadio Santiago Bernab\u00e9u", "city": "Madrid"}, "status": {"long": "Match Finished", "short": "FT", "elapsed": 90, "extra": 6}}, "league": {"id": 140, "name": "La Liga", "country": "Spain", "logo": "https://media.api-sports.io/football/leagues/140.png", "flag": "https://media.api-sports.io/flags/es.svg", "season": 2025, "round": "Regular Season - 15", "standings": true}, "teams": {"home": {"id": 541, "name": "Real Madrid", "logo": "https://media.api-sports.io/football/teams/541.png", "winner": false}, "away": {"id": 538, "name": "Celta Vigo", "logo": "https://media.api-sports.io/football/teams/538.png", "winner": true}}, "goals": {"home": 0, "away": 2}, "score": {"halftime": {"home": 0, "away": 0}, "fulltime": {"home": 0, "away": 2}, "extratime": {"home": null, "away": null}, "penalty": {"home": null, "away": null}}}, {"fixture": {"id": 1390951, "referee": "Isidro Diaz de Mera Escuderos, Spain", "timezone": "UTC", "date": "2025-11-30T17:30:00+00:00", "timestamp": 1764523800, "periods": {"first": 1764523800, "second": 1764527400}, "venue": {"id": null, "name": "Estadio Abanca Bala\u00eddos", "city": "Vigo"}, "status": {"long": "Match Finished", "short": "FT", "elapsed": 90, "extra": null}}, "league": {"id": 140, "name": "La Liga", "country": "Spain", "logo": "https://media.api-sports.io/football/leagues/140.png", "flag": "https://media.api-sports.io/flags/es.svg", "season": 2025, "round": "Regular Season - 14", "standings": true}, "teams": {"home": {"id": 538, "name": "Celta Vigo", "logo": "https://media.api-sports.io/football/teams/538.png", "winner": false}, "away": {"id": 540, "name": "Espanyol", "logo": "https://media.api-sports.io/football/teams/540.png", "winner": true}}, "goals": {"home": 0, "away": 1}, "score": {"halftime": {"home": 0, "away": 0}, "fulltime": {"home": 0, "away": 1}, "extratime": {"home": null, "away": null}, "penalty": {"home": null, "away": null}}}]}