{"get": "fixtures", "parameters": {"league": "135", "season": "2025", "team": "496", "status": "FT", "last": "10"}, "errors": [], "results": 10, "paging": {"current": 1, "total": 1}, "response": [{"fixture": {"id": 1378098, "referee": "Marco Guida, Italy", "timezone": "UTC", "date": "2026-02-08T19:45:00+00:00", "timestamp": 1770579900, "periods": {"first": 1770579900, "second": 1770583500}, "venue": {"id": null, "name": "Allianz Stadium", "city": "Turin"}, "status": {"long": "Match Finished", "short": "FT", "elapsed": 90, "extra": 9}}, "league": {"id": 135, "name": "Serie A", "country": "Italy", "logo": "https://media.api-sports.io/football/leagues/135.png", "flag": "https://media.api-sports.io/flags/it.svg", "season": 2025, "round": "Regular Season - 24", "standings": true}, "teams": {"home": {"id": 496, "name": "Juventus", "logo": "https://media.api-sports.io/football/teams/496.png", "winner": null}, "away": {"id": 487, "name": "Lazio", "logo": "https://media.api-sports.io/football/teams/487.png", "winner": null}}, "goals": {"home": 2, "away": 2}, "score": {"halftime": {"home": 0, "away": 1}, "fulltime": {"home": 2, "away": 2}, "extratime": {"home": null, "away": null}, "penalty": {"home": null, "away": null}}}, {"fixture": {"id": 1378090, "referee": "Francesco Fourneau, Italy", "timezone": "UTC", "date": "2026-02-01T19:45:00+00:00", "timestamp": 1769975100, "periods": {"first": 1769975100, "second": 1769978700}, "venue": {"id": 921, "name": "Stadio Ennio Tardini", "city": "Parma"}, "status": {"long": "Match Finished", "short": "FT", "elapsed": 90, "extra": 4}}, "league": {"id": 135, "name": "Serie A", "country": "Italy", "logo": "https://media.api-sports.io/football/leagues/135.png", "flag": "https://media.api-sports.io/flags/it.svg", "season": 2025, "round": "Regular Season - 23", "standings": true}, "teams": {"home": {"id": 523, "name": "Parma", "logo": "https://media.api-sports.io/football/teams/523.png", "winner": false}, "away": {"id": 496, "name": "Juventus", "logo": "https://media.api-sports.io/football/teams/496.png", "winner": true}}, "goals": {"home": 1, "away": 4}, "score": {"halftime": {"home": 0, "away": 2}, "fulltime": {"home": 1, "away": 4}, "extratime": {"home": null, "away": null}, "penalty": {"home": null, "away": null}}}, {"fixture": {"id": 1378079, "referee": "Maurizio Mariani, Italy", "timezone": "UTC", "date": "2026-01-25T17:00:00+00:00", "timestamp": 1769360400, "periods": {"first": 1769360400, "second": 1769364000}, "venue": {"id": null, "name": "Allianz Stadium", "city": "Turin"}, "status": {"long": "Match Finished", "short": "FT", "elapsed": 90, "extra": 4}}, "league": {"id": 135, "name": "Serie A", "country": "Italy", "logo": "https://media.api-sports.io/football/leagues/135.png", "flag": "https://media.api-sports.io/flags/it.svg", "season": 2025, "round": "Regular Season - 22", "standings": true}, "teams": {"home": {"id": 496, "name": "Juventus", "logo": "https://media.api-sports.io/football/teams/496.png", "winner": true}, "away": {"id": 492, "name": "Napoli", "logo": "https://media.api-sports.io/football/teams/492.png", "winner": false}}, "goals": {"home": 3, "away": 0}, "score": {"halftime": {"home": 1, "away": 0}, "fulltime": {"home": 3, "away": 0}, "extratime": {"home": null, "away": null}, "penalty": {"home": null, "away": null}}}, {"fixture": {"id": 1378065, "referee": "Davide Massa, Italy", "timezone": "UTC", "date": "2026-01-17T19:45:00+00:00", "timestamp": 1768679100, "periods": {"first": 1768679100, "second": 1768682700}, "venue": {"id": 12275, "name": "Unipol Domus", "city": "Cagliari"}, "status": {"long": "Match Finished", "short": "FT", "elapsed": 90, "extra": 6}}, "league": {"id": 135, "name": "Serie A", "country": "Italy", "logo": "https://media.api-sports.io/football/leagues/135.png", "flag": "https://media.api-sports.io/flags/it.svg", "season": 2025, "round": "Regular Season - 21", "standings": true}, "teams": {"home": {"id": 490, "name": "Cagliari", "logo": "https://media.api-sports.io/football/teams/490.png", "winner": true}, "away": {"id": 496, "name": "Juventus", "logo": "https://media.api-sports.io/football/teams/496.png", "winner": false}}, "goals": {"home": 1, "away": 0}, "score": {"halftime": {"home": 0, "away": 0}, "fulltime": {"home": 1, "away": 0}, "extratime": {"home": null, "away": null}, "penalty": {"home": null, "away": null}}}, {"fixture": {"id": 1378059, "referee": "Ermanno Feliciani, Italy", "timezone": "UTC", "date": "2026-01-12T19:45:00+00:00", "timestamp": 1768247100, "periods": {"first": 1768247100, "second": 1768250700}, "venue": {"id": null, "name": "Allianz Stadium", "city": "Turin"}, "status": {"long": "Match Finished", "short": "FT", "elapsed": 90, "extra": 3}}, "league": {"id": 135, "name": "Serie A", "country": "Italy", "logo": "https://media.api-sports.io/football/leagues/135.png", "flag": "https://media.api-sports.io/flags/it.svg", "season": 2025, "round": "Regular Season - 20", "standings": true}, "teams": {"home": {"id": 496, "name": "Juventus", "logo": "https://media.api-sports.io/football/teams/496.png", "winner": true}, "away": {"id": 520, "name": "Cremonese", "logo": "https://media.api-sports.io/football/teams/520.png", "winner": false}}, "goals": {"home": 5, "away": 0}, "score": {"halftime": {"home": 3, "away": 0}, "fulltime": {"home": 5, "away": 0}, "extratime": {"home": null, "away": null}, "penalty": {"home": null, "away": null}}}, {"fixture": {"id": 1378052, "referee": "Luca Zufferli, Italy", "timezone": "UTC", "date": "2026-01-06T19:45:00+00:00", "timestamp": 1767728700, "periods": {"first": 1767728700, "second": 1767732300}, "venue": {"id": 0, "name": "MAPEI Stadium - Citt\u00e0 del Tricolore", "city": "Reggio Emilia"}, "status": {"long": "Match Finished", "short": "FT", "elapsed": 90, "extra": 4}}, "league": {"id": 135, "name": "Serie A", "country": "Italy", "logo": "https://media.api-sports.io/football/leagues/135.png", "flag": "https://media.api-sports.io/flags/it.svg", "season": 2025, "round": "Regular Season - 19", "standings": true}, "teams": {"home": {"id": 488, "name": "Sassuolo", "logo": "https://media.api-sports.io/football/teams/488.png", "winner": false}, "away": {"id": 496, "name": "Juventus", "logo": "https://media.api-sports.io/football/teams/496.png", "winner": true}}, "goals": {"home": 0, "away": 3}, "score": {"halftime": {"home": 0, "away": 1}, "fulltime": {"home": 0, "away": 3}, "extratime": {"home": null, "away": null}, "penalty": {"home": null, "away": null}}}, {"fixture": {"id": 1378040, "referee": "Giuseppe Collu, Italy", "timezone": "UTC", "date": "2026-01-03T17:00:00+00:00", "timestamp": 1767459600, "periods": {"first": 1767459600, "second": 1767463200}, "venue": {"id": null, "name": "Allianz Stadium", "city": "Turin"}, "status": {"long": "Match Finished", "short": "FT", "elapsed": 90, "extra": 7}}, "league": {"id": 135, "name": "Serie A", "country": "Italy", "logo": "https://media.api-sports.io/football/leagues/135.png", "flag": "https://media.api-sports.io/flags/it.svg", "season": 2025, "round": "Regular Season - 18", "standings": true}, "teams": {"home": {"id": 496, "name": "Juventus", "logo": "https://media.api-sports.io/football/teams/496.png", "winner": null}, "away": {"id": 867, "name": "Lecce", "logo": "https://media.api-sports.io/football/teams/867.png", "winner": null}}, "goals": {"home": 1, "away": 1}, "score": {"halftime": {"home": 0, "away": 1}, "fulltime": {"home": 1, "away": 1}, "extratime": {"home": null, "away": null}, "penalty": {"home": null, "away": null}}}, {"fixture": {"id": 1378030, "referee": "Fabio Maresca, Italy", "timezone": "UTC", "date": "2025-12-27T19:45:00+00:00", "timestamp": 1766864700, "periods": {"first": 1766864700, "second": 1766868300}, "venue": {"id": 925, "name": "Arena Garibaldi - Stadio Romeo Anconetani", "city": "Pisa"}, "status": {"long": "Match Finished", "short": "FT", "elapsed": 90, "extra": 7}}, "league": {"id": 135, "name": "Serie A", "country": "Italy", "logo": "https://media.api-sports.io/football/leagues/135.png", "flag": "https://media.api-sports.io/flags/it.svg", "season": 2025, "round": "Regular Season - 17", "standings": true}, "teams": {"home": {"id": 801, "name": "Pisa", "logo": "https://media.api-sports.io/football/teams/801.png", "winner": false}, "away": {"id": 496, "name": "Juventus", "logo": "https://media.api-sports.io/football/teams/496.png", "winner": true}}, "goals": {"home": 0, "away": 2}, "score": {"halftime": {"home": 0, "away": 0}, "fulltime": {"home": 0, "away": 2}, "extratime": {"home": null, "away": null}, "penalty": {"home": null, "away": null}}}, {"fixture": {"id": 1378019, "referee": "Simone Sozza, Italy", "timezone": "UTC", "date": "2025-12-20T19:45:00+00:00", "timestamp": 1766259900, "periods": {"first": 1766259900, "second": 1766263500}, "venue": {"id": null, "name": "Allianz Stadium", "city": "Turin"}, "status": {"long": "Match Finished", "short": "FT", "elapsed": 90, "extra": 5}}, "league": {"id": 135, "name": "Serie A", "country": "Italy", "logo": "https://media.api-sports.io/football/leagues/135.png", "flag": "https://media.api-sports.io/flags/it.svg", "season": 2025, "round": "Regular Season - 16", "standings": true}, "teams": {"home": {"id": 496, "name": "Juventus", "logo": "https://media.api-sports.io/football/teams/496.png", "winner": true}, "away": {"id": 497, "name": "AS Roma", "logo": "https://media.api-sports.io/football/teams/497.png", "winner": false}}, "goals": {"home": 2, "away": 1}, "score": {"halftime": {"home": 1, "away": 0}, "fulltime": {"home": 2, "away": 1}, "extratime": {"home": null, "away": null}, "penalty": {"home": null, "away": null}}}, {"fixture": {"id": 1378005, "referee": "Davide Massa, Italy", "timezone": "UTC", "date": "2025-12-14T19:45:00+00:00", "timestamp": 1765741500, "periods": {"first": 1765741500, "second": 1765745100}, "venue": {"id": 881, "name": "Stadio Renato Dall'Ara", "city": "Bologna"}, "status": {"long": "Match Finished", "short": "FT", "elapsed": 90, "extra": 6}}, "league": {"id": 135, "name": "Serie A", "country": "Italy", "logo": "https://media.api-sports.io/football/leagues/135.png", "flag": "https://media.api-sports.io/flags/it.svg", "season": 2025, "round": "Regular Season - 15", "standings": true}, "teams": {"home": {"id": 500, "name": "Bologna", "logo": "https://media.api-sports.io/football/teams/500.png", "winner": false}, "away": {"id": 496, "name": "Juventus", "logo": "https://media.api-sports.io/football/teams/496.png", "winner": true}}, "goals": {"home": 0, "away": 1}, "score": {"halftime": {"home": 0, "away": 0}, "fulltime": {"home": 0, "away": 1}, "extratime": {"home": null, "away": null}, "penalty": {"home": null, "away": null}}}]}