{"get": "fixtures", "parameters": {"league": "140", "season": "2025", "team": "542", "status": "FT", "last": "10"}, "errors": [], "results": 10, "paging": {"current": 1, "total": 1}, "response": [{"fixture": {"id": 1391039, "referee": "Juan Martinez Munuera, Spain", "timezone": "UTC", "date": "2026-02-08T13:00:00+00:00", "timestamp": 1770555600, "periods": {"first": 1770555600, "second": 1770559200}, "venue": {"id": 1470, "name": "Estadio Mendizorrotza", "city": "Vitoria-Gasteiz"}, "status": {"long": "Match Finished", "short": "FT", "elapsed": 90, "extra": 5}}, "league": {"id": 140, "name": "La Liga", "country": "Spain", "logo": "https://media.api-sports.io/football/leagues/140.png", "flag": "https://media.api-sports.io/flags/es.svg", "season": 2025, "round": "Regular Season - 23", "standings": true}, "teams": {"home": {"id": 542, "name": "Alaves", "logo": "https://media.api-sports.io/football/teams/542.png", "winner": false}, "away": {"id": 546, "name": "Getafe", "logo": "https://media.api-sports.io/football/teams/546.png", "winner": true}}, "goals": {"home": 0, "away": 2}, "score": {"halftime": {"home": 0, "away": 0}, "fulltime": {"home": 0, "away": 2}, "extratime": {"home": null, "away": null}, "penalty": {"home": null, "away": null}}}, {"fixture": {"id": 1391032, "referee": "Miguel Sesma Espinosa, Spain", "timezone": "UTC", "date": "2026-01-30T20:00:00+00:00", "timestamp": 1769803200, "periods": {"first": 1769803200, "second": 1769806800}, "venue": {"id": null, "name": "RCDE Stadium", "city": "Cornella"}, "status": {"long": "Match Finished", "short": "FT", "elapsed": 90, "extra": 7}}, "league": {"id": 140, "name": "La Liga", "country": "Spain", "logo": "https://media.api-sports.io/football/leagues/140.png", "flag": "https://media.api-sports.io/flags/es.svg", "season": 2025, "round": "Regular Season - 22", "standings": true}, "teams": {"home": {"id": 540, "name": "Espanyol", "logo": "https://media.api-sports.io/football/teams/540.png", "winner": false}, "away": {"id": 542, "name": "Alaves", "logo": "https://media.api-sports.io/football/teams/542.png", "winner": true}}, "goals": {"home": 1, "away": 2}, "score": {"halftime": {"home": 1, "away": 1}, "fulltime": {"home": 1, "away": 2}, "extratime": {"home": null, "away": null}, "penalty": {"home": null, "away": null}}}, {"fixture": {"id": 1391019, "referee": "Miguel Angel Ortiz Arias, Spain", "timezone": "UTC", "date": "2026-01-25T20:00:00+00:00", "timestamp": 1769371200, "periods": {"first": 1769371200, "second": 1769374800}, "venue": {"id": 1470, "name": "Estadio Mendizorrotza", "city": "Vitoria-Gasteiz"}, "status": {"long": "Match Finished", "short": "FT", "elapsed": 90, "extra": 7}}, "league": {"id": 140, "name": "La Liga", "country": "Spain", "logo": "https://media.api-sports.io/football/leagues/140.png", "flag": "https://media.api-sports.io/flags/es.svg", "season": 2025, "round": "Regular Season - 21", "standings": true}, "teams": {"home": {"id": 542, "name": "Alaves", "logo": "https://media.api-sports.io/football/teams/542.png", "winner": true}, "away": {"id": 543, "name": "Real Betis", "logo": "https://media.api-sports.io/football/teams/543.png", "winner": false}}, "goals": {"home": 2, "away": 1}, "score": {"halftime": {"home": 1, "away": 0}, "fulltime": {"home": 2, "away": 1}, "extratime": {"home": null, "away": null}, "penalty": {"home": null, "away": null}}}, {"fixture": {"id": 1391009, "referee": "Guillermo Cuadra Fernandez, Spain", "timezone": "UTC", "date": "2026-01-18T15:15:00+00:00", "timestamp": 1768749300, "periods": {"first": 1768749300, "second": 1768752900}, "venue": {"id": null, "name": "Riyadh Air Metropolitano", "city": "Madrid"}, "status": {"long": "Match Finished", "short": "FT", "elapsed": 90, "extra": 6}}, "league": {"id": 140, "name": "La Liga", "country": "Spain", "logo": "https://media.api-sports.io/football/leagues/140.png", "flag": "https://media.api-sports.io/flags/es.svg", "season": 2025, "round": "Regular Season - 20", "standings": true}, "teams": {"home": {"id": 530, "name": "Atletico Madrid", "logo": "https://media.api-sports.io/football/teams/530.png", "winner": true}, "away": {"id": 542, "name": "Alaves", "logo": "https://media.api-sports.io/football/teams/542.png", "winner": false}}, "goals": {"home": 1, "away": 0}, "score": {"halftime": {"home": 0, "away": 0}, "fulltime": {"home": 1, "away": 0}, "extratime": {"home": null, "away": null}, "penalty": {"home": null, "away": null}}}, {"fixture": {"id": 1391008, "referee": "Alejandro Mu\u00f1iz Ruiz, Spain", "timezone": "UTC", "date": "2026-01-10T15:15:00+00:00", "timestamp": 1768058100, "periods": {"first": 1768058100, "second": 1768061700}, "venue": {"id": 1498, "name": "Estadio de la Ceramica", "city": "Villarreal"}, "status": {"long": "Match Finished", "short": "FT", "elapsed": 90, "extra": 7}}, "league": {"id": 140, "name": "La Liga", "country": "Spain", "logo": "https://media.api-sports.io/football/leagues/140.png", "flag": "https://media.api-sports.io/flags/es.svg", "season": 2025, "round": "Regular Season - 19", "standings": true}, "teams": {"home": {"id": 533, "name": "Villarreal", "logo": "https://media.api-sports.io/football/teams/533.png", "winner": true}, "away": {"id": 542, "name": "Alaves", "logo": "https://media.api-sports.io/football/teams/542.png", "winner": false}}, "goals": {"home": 3, "away": 1}, "score": {"halftime": {"home": 0, "away": 0}, "fulltime": {"home": 3, "away": 1}, "extratime": {"home": null, "away": null}, "penalty": {"home": null, "away": null}}}, {"fixture": {"id": 1390989, "referee": "Maria Eugenia Gil, Spain", "timezone": "UTC", "date": "2026-01-04T17:30:00+00:00", "timestamp": 1767547800, "periods": {"first": 1767547800, "second": 1767551400}, "venue": {"id": 1470, "name": "Estadio Mendizorrotza", "city": "Vitoria-Gasteiz"}, "status": {"long": "Match Finished", "short": "FT", "elapsed": 90, "extra": 7}}, "league": {"id": 140, "name": "La Liga", "country": "Spain", "logo": "https://media.api-sports.io/football/leagues/140.png", "flag": "https://media.api-sports.io/flags/es.svg", "season": 2025, "round": "Regular Season - 18", "standings": true}, "teams": {"home": {"id": 542, "name": "Alaves", "logo": "https://media.api-sports.io/football/teams/542.png", "winner": null}, "away": {"id": 718, "name": "Oviedo", "logo": "https://media.api-sports.io/football/teams/718.png", "winner": null}}, "goals": {"home": 1, "away": 1}, "score": {"halftime": {"home": 0, "away": 0}, "fulltime": {"home": 1, "away": 1}, "extratime": {"home": null, "away": null}, "penalty": {"home": null, "away": null}}}, {"fixture": {"id": 1390984, "referee": "C\u00e9sar Soto Grado, Spain", "timezone": "UTC", "date": "2025-12-20T17:30:00+00:00", "timestamp": 1766251800, "periods": {"first": 1766251800, "second": 1766255400}, "venue": {"id": null, "name": "Estadio El Sadar", "city": "Pamplona"}, "status": {"long": "Match Finished", "short": "FT", "elapsed": 90, "extra": 6}}, "league": {"id": 140, "name": "La Liga", "country": "Spain", "logo": "https://media.api-sports.io/football/leagues/140.png", "flag": "https://media.api-sports.io/flags/es.svg", "season": 2025, "round": "Regular Season - 17", "standings": true}, "teams": {"home": {"id": 727, "name": "Osasuna", "logo": "https://media.api-sports.io/football/teams/727.png", "winner": true}, "away": {"id": 542, "name": "Alaves", "logo": "https://media.api-sports.io/football/teams/542.png", "winner": false}}, "goals": {"home": 3, "away": 0}, "score": {"halftime": {"home": 0, "away": 0}, "fulltime": {"home": 3, "away": 0}, "extratime": {"home": null, "away": null}, "penalty": {"home": null, "away": null}}}, {"fixture": {"id": 1390969, "referee": "Victor Garcia Verdura, Spain", "timezone": "UTC", "date": "2025-12-14T20:00:00+00:00", "timestamp": 1765742400, "periods": {"first": 1765742400, "second": 1765746000}, "venue": {"id": 1470, "name": "Estadio Mendizorrotza", "city": "Vitoria-Gasteiz"}, "status": {"long": "Match Finished", "short": "FT", "elapsed": 90, "extra": 7}}, "league": {"id": 140, "name": "La Liga", "country": "Spain", "logo": "https://media.api-sports.io/football/leagues/140.png", "flag": "https://media.api-sports.io/flags/es.svg", "season": 2025, "round": "Regular Season - 16", "standings": true}, "teams": {"home": {"id": 542, "name": "Alaves", "logo": "https://media.api-sports.io/football/teams/542.png", "winner": false}, "away": {"id": 541, "name": "Real Madrid", "logo": "https://media.api-sports.io/football/teams/541.png", "winner": true}}, "goals": {"home": 1, "away": 2}, "score": {"halftime": {"home": 0, "away": 1}, "fulltime": {"home": 1, "away": 2}, "extratime": {"home": null, "away": null}, "penalty": {"home": null, "away": null}}}, {"fixture": {"id": 1390959, "referee": "Javier Alberola Rojas, Spain", "timezone": "UTC", "date": "2025-12-06T15:15:00+00:00", "timestamp": 1765034100, "periods": {"first": 1765034100, "second": 1765037700}, "venue": {"id": 1470, "name": "Estadio Mendizorrotza", "city": "Vitoria-Gasteiz"}, "status": {"long": "Match Finished", "short": "FT", "elapsed": 90, "extra": 4}}, "league": {"id": 140, "name": "La Liga", "country": "Spain", "logo": "https://media.api-sports.io/football/leagues/140.png", "flag": "https://media.api-sports.io/flags/es.svg", "season": 2025, "round": "Regular Season - 15", "standings": true}, "teams": {"home": {"id": 542, "name": "Alaves", "logo": "https://media.api-sports.io/football/teams/542.png", "winner": true}, "away": {"id": 548, "name": "Real Sociedad", "logo": "https://media.api-sports.io/football/teams/548.png", "winner": false}}, "goals": {"home": 1, "away": 0}, "score": {"halftime": {"home": 1, "away": 0}, "fulltime": {"home": 1, "away": 0}, "extratime": {"home": null, "away": null}, "penalty": {"home": null, "away": null}}}, {"fixture": {"id": 1390950, "referee": "Miguel Angel Ortiz Arias, Spain", "timezone": "UTC", "date": "2025-11-29T15:15:00+00:00", "timestamp": 1764429300, "periods": {"first": 1764429300, "second": 1764432900}, "venue": {"id": 19939, "name": "Camp Nou", "city": "Barcelona"}, "status": {"long": "Match Finished", "short": "FT", "elapsed": 90, "extra": 6}}, "league": {"id": 140, "name": "La Liga", "country": "Spain", "logo": "https://media.api-sports.io/football/leagues/140.png", "flag": "https://media.api-sports.io/flags/es.svg", "season": 2025, "round": "Regular Season - 14", "standings": true}, "teams": {"home": {"id": 529, "name": "Barcelona", "logo": "https://media.api-sports.io/football/teams/529.png", "winner": true}, "away": {"id": 542, "name": "Alaves", "logo": "https://media.api-sports.io/football/teams/542.png", "winner": false}}, "goals": {"home": 3, "away": 1}, "score": {"halftime": {"home": 2, "away": 1}, "fulltime": {"home": 3, "away": 1}, "extratime": {"home": null, "away": null}, "penalty": {"home": null, "away": null}}}]}