{"get": "injuries", "parameters": {"league": "78", "season": "2025", "team": "160"}, "errors": [], "results": 52, "paging": {"current": 1, "total": 1}, "response": [{"player": {"id": 26250, "name": "Nicolas Hofler", "photo": "https://media.api-sports.io/football/players/26250.png", "type": "Missing Fixture", "reason": "Back trouble"}, "team": {"id": 160, "name": "SC Freiburg", "logo": "https://media.api-sports.io/football/teams/160.png"}, "fixture": {"id": 1388312, "timezone": "UTC", "date": "2025-08-23T13:30:00+00:00", "timestamp": 1755955800}, "league": {"id": 78, "season": 2025, "name": "Bundesliga", "country": "Germany", "logo": "https://media.api-sports.io/football/leagues/78.png", "flag": "https://media.api-sports.io/flags/de.svg"}}, {"player": {"id": 202919, "name": "Max Rosenfelder", "photo": "https://media.api-sports.io/football/players/202919.png", "type": "Missing Fixture", "reason": "Hamstring Injury"}, "team": {"id": 160, "name": "SC Freiburg", "logo": "https://media.api-sports.io/football/teams/160.png"}, "fixture": {"id": 1388312, "timezone": "UTC", "date": "2025-08-23T13:30:00+00:00", "timestamp": 1755955800}, "league": {"id": 78, "season": 2025, "name": "Bundesliga", "country": "Germany", "logo": "https://media.api-sports.io/football/leagues/78.png", "flag": "https://media.api-sports.io/flags/de.svg"}}, {"player": {"id": 178769, "name": "Philipp Treu", "photo": "https://media.api-sports.io/football/players/178769.png", "type": "Missing Fixture", "reason": "Shoulder injury"}, "team": {"id": 160, "name": "SC Freiburg", "logo": "https://media.api-sports.io/football/teams/160.png"}, "fixture": {"id": 1388312, "timezone": "UTC", "date": "2025-08-23T13:30:00+00:00", "timestamp": 1755955800}, "league": {"id": 78, "season": 2025, "name": "Bundesliga", "country": "Germany", "logo": "https://media.api-sports.io/football/leagues/78.png", "flag": "https://media.api-sports.io/flags/de.svg"}}, {"player": {"id": 25530, "name": "D. Kyereh", "photo": "https://media.api-sports.io/football/players/25530.png", "type": "Missing Fixture", "reason": "Jumpers knee"}, "team": {"id": 160, "name": "SC Freiburg", "logo": "https://media.api-sports.io/football/teams/160.png"}, "fixture": {"id": 1388312, "timezone": "UTC", "date": "2025-08-23T13:30:00+00:00", "timestamp": 1755955800}, "league": {"id": 78, "season": 2025, "name": "Bundesliga", "country": "Germany", "logo": "https://media.api-sports.io/football/leagues/78.png", "flag": "https://media.api-sports.io/flags/de.svg"}}, {"player": {"id": 25530, "name": "D. Kyereh", "photo": "https://media.api-sports.io/football/players/25530.png", "type": "Missing Fixture", "reason": "Jumpers knee"}, "team": {"id": 160, "name": "SC Freiburg", "logo": "https://media.api-sports.io/football/teams/160.png"}, "fixture": {"id": 1388319, "timezone": "UTC", "date": "2025-08-31T17:30:00+00:00", "timestamp": 1756661400}, "league": {"id": 78, "season": 2025, "name": "Bundesliga", "country": "Germany", "logo": "https://media.api-sports.io/football/leagues/78.png", "flag": "https://media.api-sports.io/flags/de.svg"}}, {"player": {"id": 25530, "name": "D. Kyereh", "photo": "https://media.api-sports.io/football/players/25530.png", "type": "Missing Fixture", "reason": "Knee Injury"}, "team": {"id": 160, "name": "SC Freiburg", "logo": "https://media.api-sports.io/football/teams/160.png"}, "fixture": {"id": 1388343, "timezone": "UTC", "date": "2025-09-20T13:30:00+00:00", "timestamp": 1758375000}, "league": {"id": 78, "season": 2025, "name": "Bundesliga", "country": "Germany", "logo": "https://media.api-sports.io/football/leagues/78.png", "flag": "https://media.api-sports.io/flags/de.svg"}}, {"player": {"id": 406244, "name": "J. Manzambi", "photo": "https://media.api-sports.io/football/players/406244.png", "type": "Missing Fixture", "reason": "Red Card"}, "team": {"id": 160, "name": "SC Freiburg", "logo": "https://media.api-sports.io/football/teams/160.png"}, "fixture": {"id": 1388343, "timezone": "UTC", "date": "2025-09-20T13:30:00+00:00", "timestamp": 1758375000}, "league": {"id": 78, "season": 2025, "name": "Bundesliga", "country": "Germany", "logo": "https://media.api-sports.io/football/leagues/78.png", "flag": "https://media.api-sports.io/flags/de.svg"}}, {"player": {"id": 25530, "name": "D. Kyereh", "photo": "https://media.api-sports.io/football/players/25530.png", "type": "Missing Fixture", "reason": "Knee Injury"}, "team": {"id": 160, "name": "SC Freiburg", "logo": "https://media.api-sports.io/football/teams/160.png"}, "fixture": {"id": 1388347, "timezone": "UTC", "date": "2025-09-28T13:30:00+00:00", "timestamp": 1759066200}, "league": {"id": 78, "season": 2025, "name": "Bundesliga", "country": "Germany", "logo": "https://media.api-sports.io/football/leagues/78.png", "flag": "https://media.api-sports.io/flags/de.svg"}}, {"player": {"id": 406244, "name": "J. Manzambi", "photo": "https://media.api-sports.io/football/players/406244.png", "type": "Missing Fixture", "reason": "Red Card"}, "team": {"id": 160, "name": "SC Freiburg", "logo": "https://media.api-sports.io/football/teams/160.png"}, "fixture": {"id": 1388347, "timezone": "UTC", "date": "2025-09-28T13:30:00+00:00", "timestamp": 1759066200}, "league": {"id": 78, "season": 2025, "name": "Bundesliga", "country": "Germany", "logo": "https://media.api-sports.io/football/leagues/78.png", "flag": "https://media.api-sports.io/flags/de.svg"}}, {"player": {"id": 25530, "name": "D. Kyereh", "photo": "https://media.api-sports.io/football/players/25530.png", "type": "Missing Fixture", "reason": "Lacking Match Fitness"}, "team": {"id": 160, "name": "SC Freiburg", "logo": "https://media.api-sports.io/football/teams/160.png"}, "fixture": {"id": 1388355, "timezone": "UTC", "date": "2025-10-05T17:30:00+00:00", "timestamp": 1759685400}, "league": {"id": 78, "season": 2025, "name": "Bundesliga", "country": "Germany", "logo": "https://media.api-sports.io/football/leagues/78.png", "flag": "https://media.api-sports.io/flags/de.svg"}}, {"player": {"id": 431149, "name": "C. Irie", "photo": "https://media.api-sports.io/football/players/431149.png", "type": "Missing Fixture", "reason": "Illness"}, "team": {"id": 160, "name": "SC Freiburg", "logo": "https://media.api-sports.io/football/teams/160.png"}, "fixture": {"id": 1388364, "timezone": "UTC", "date": "2025-10-19T13:30:00+00:00", "timestamp": 1760880600}, "league": {"id": 78, "season": 2025, "name": "Bundesliga", "country": "Germany", "logo": "https://media.api-sports.io/football/leagues/78.png", "flag": "https://media.api-sports.io/flags/de.svg"}}, {"player": {"id": 25530, "name": "D. Kyereh", "photo": "https://media.api-sports.io/football/players/25530.png", "type": "Questionable", "reason": "Lacking Match Fitness"}, "team": {"id": 160, "name": "SC Freiburg", "logo": "https://media.api-sports.io/football/teams/160.png"}, "fixture": {"id": 1388364, "timezone": "UTC", "date": "2025-10-19T13:30:00+00:00", "timestamp": 1760880600}, "league": {"id": 78, "season": 2025, "name": "Bundesliga", "country": "Germany", "logo": "https://media.api-sports.io/football/leagues/78.png", "flag": "https://media.api-sports.io/flags/de.svg"}}, {"player": {"id": 25530, "name": "D. Kyereh", "photo": "https://media.api-sports.io/football/players/25530.png", "type": "Questionable", "reason": "Lacking Match Fitness"}, "team": {"id": 160, "name": "SC Freiburg", "logo": "https://media.api-sports.io/football/teams/160.png"}, "fixture": {"id": 1388372, "timezone": "UTC", "date": "2025-10-26T14:30:00+00:00", "timestamp": 1761489000}, "league": {"id": 78, "season": 2025, "name": "Bundesliga", "country": "Germany", "logo": "https://media.api-sports.io/football/leagues/78.png", "flag": "https://media.api-sports.io/flags/de.svg"}}, {"player": {"id": 25530, "name": "D. Kyereh", "photo": "https://media.api-sports.io/football/players/25530.png", "type": "Missing Fixture", "reason": "Lacking Match Fitness"}, "team": {"id": 160, "name": "SC Freiburg", "logo": "https://media.api-sports.io/football/teams/160.png"}, "fixture": {"id": 1388387, "timezone": "UTC", "date": "2025-11-01T14:30:00+00:00", "timestamp": 1762007400}, "league": {"id": 78, "season": 2025, "name": "Bundesliga", "country": "Germany", "logo": "https://media.api-sports.io/football/leagues/78.png", "flag": "https://media.api-sports.io/flags/de.svg"}}, {"player": {"id": 26240, "name": "P. Lienhart", "photo": "https://media.api-sports.io/football/players/26240.png", "type": "Missing Fixture", "reason": "Red Card"}, "team": {"id": 160, "name": "SC Freiburg", "logo": "https://media.api-sports.io/football/teams/160.png"}, "fixture": {"id": 1388387, "timezone": "UTC", "date": "2025-11-01T14:30:00+00:00", "timestamp": 1762007400}, "league": {"id": 78, "season": 2025, "name": "Bundesliga", "country": "Germany", "logo": "https://media.api-sports.io/football/leagues/78.png", "flag": "https://media.api-sports.io/flags/de.svg"}}, {"player": {"id": 163022, "name": "P. Osterhage", "photo": "https://media.api-sports.io/football/players/163022.png", "type": "Questionable", "reason": "Muscle Injury"}, "team": {"id": 160, "name": "SC Freiburg", "logo": "https://media.api-sports.io/football/teams/160.png"}, "fixture": {"id": 1388387, "timezone": "UTC", "date": "2025-11-01T14:30:00+00:00", "timestamp": 1762007400}, "league": {"id": 78, "season": 2025, "name": "Bundesliga", "country": "Germany", "logo": "https://media.api-sports.io/football/leagues/78.png", "flag": "https://media.api-sports.io/flags/de.svg"}}, {"player": {"id": 202526, "name": "E. Dinkci", "photo": "https://media.api-sports.io/football/players/202526.png", "type": "Missing Fixture", "reason": "Injury"}, "team": {"id": 160, "name": "SC Freiburg", "logo": "https://media.api-sports.io/football/teams/160.png"}, "fixture": {"id": 1388392, "timezone": "UTC", "date": "2025-11-09T14:30:00+00:00", "timestamp": 1762698600}, "league": {"id": 78, "season": 2025, "name": "Bundesliga", "country": "Germany", "logo": "https://media.api-sports.io/football/leagues/78.png", "flag": "https://media.api-sports.io/flags/de.svg"}}, {"player": {"id": 431149, "name": "C. Irie", "photo": "https://media.api-sports.io/football/players/431149.png", "type": "Missing Fixture", "reason": "Illness"}, "team": {"id": 160, "name": "SC Freiburg", "logo": "https://media.api-sports.io/football/teams/160.png"}, "fixture": {"id": 1388392, "timezone": "UTC", "date": "2025-11-09T14:30:00+00:00", "timestamp": 1762698600}, "league": {"id": 78, "season": 2025, "name": "Bundesliga", "country": "Germany", "logo": "https://media.api-sports.io/football/leagues/78.png", "flag": "https://media.api-sports.io/flags/de.svg"}}, {"player": {"id": 25530, "name": "D. Kyereh", "photo": "https://media.api-sports.io/football/players/25530.png", "type": "Missing Fixture", "reason": "Lacking Match Fitness"}, "team": {"id": 160, "name": "SC Freiburg", "logo": "https://media.api-sports.io/football/teams/160.png"}, "fixture": {"id": 1388392, "timezone": "UTC", "date": "2025-11-09T14:30:00+00:00", "timestamp": 1762698600}, "league": {"id": 78, "season": 2025, "name": "Bundesliga", "country": "Germany", "logo": "https://media.api-sports.io/football/leagues/78.png", "flag": "https://media.api-sports.io/flags/de.svg"}}, {"player": {"id": 431149, "name": "C. Irie", "photo": "https://media.api-sports.io/football/players/431149.png", "type": "Missing Fixture", "reason": "Illness"}, "team": {"id": 160, "name": "SC Freiburg", "logo": "https://media.api-sports.io/football/teams/160.png"}, "fixture": {"id": 1388399, "timezone": "UTC", "date": "2025-11-22T14:30:00+00:00", "timestamp": 1763821800}, "league": {"id": 78, "season": 2025, "name": "Bundesliga", "country": "Germany", "logo": "https://media.api-sports.io/football/leagues/78.png", "flag": "https://media.api-sports.io/flags/de.svg"}}, {"player": {"id": 25530, "name": "D. Kyereh", "photo": "https://media.api-sports.io/football/players/25530.png", "type": "Missing Fixture", "reason": "Lacking Match Fitness"}, "team": {"id": 160, "name": "SC Freiburg", "logo": "https://media.api-sports.io/football/teams/160.png"}, "fixture": {"id": 1388399, "timezone": "UTC", "date": "2025-11-22T14:30:00+00:00", "timestamp": 1763821800}, "league": {"id": 78, "season": 2025, "name": "Bundesliga", "country": "Germany", "logo": "https://media.api-sports.io/football/leagues/78.png", "flag": "https://media.api-sports.io/flags/de.svg"}}, {"player": {"id": 202526, "name": "E. Dinkci", "photo": "https://media.api-sports.io/football/players/202526.png", "type": "Missing Fixture", "reason": "Muscle Injury"}, "team": {"id": 160, "name": "SC Freiburg", "logo": "https://media.api-sports.io/football/teams/160.png"}, "fixture": {"id": 1388411, "timezone": "UTC", "date": "2025-11-30T18:30:00+00:00", "timestamp": 1764527400}, "league": {"id": 78, "season": 2025, "name": "Bundesliga", "country": "Germany", "logo": "https://media.api-sports.io/football/leagues/78.png", "flag": "https://media.api-sports.io/flags/de.svg"}}, {"player": {"id": 431149, "name": "C. Irie", "photo": "https://media.api-sports.io/football/players/431149.png", "type": "Missing Fixture", "reason": "Illness"}, "team": {"id": 160, "name": "SC Freiburg", "logo": "https://media.api-sports.io/football/teams/160.png"}, "fixture": {"id": 1388411, "timezone": "UTC", "date": "2025-11-30T18:30:00+00:00", "timestamp": 1764527400}, "league": {"id": 78, "season": 2025, "name": "Bundesliga", "country": "Germany", "logo": "https://media.api-sports.io/football/leagues/78.png", "flag": "https://media.api-sports.io/flags/de.svg"}}, {"player": {"id": 25530, "name": "D. Kyereh", "photo": "https://media.api-sports.io/football/players/25530.png", "type": "Missing Fixture", "reason": "Lacking Match Fitness"}, "team": {"id": 160, "name": "SC Freiburg", "logo": "https://media.api-sports.io/football/teams/160.png"}, "fixture": {"id": 1388411, "timezone": "UTC", "date": "2025-11-30T18:30:00+00:00", "timestamp": 1764527400}, "league": {"id": 78, "season": 2025, "name": "Bundesliga", "country": "Germany", "logo": "https://media.api-sports.io/football/leagues/78.png", "flag": "https://media.api-sports.io/flags/de.svg"}}, {"player": {"id": 191160, "name": "J. Makengo", "photo": "https://media.api-sports.io/football/players/191160.png", "type": "Missing Fixture", "reason": "Muscle Injury"}, "team": {"id": 160, "name": "SC Freiburg", "logo": "https://media.api-sports.io/football/teams/160.png"}, "fixture": {"id": 1388411, "timezone": "UTC", "date": "2025-11-30T18:30:00+00:00", "timestamp": 1764527400}, "league": {"id": 78, "season": 2025, "name": "Bundesliga", "country": "Germany", "logo": "https://media.api-sports.io/football/leagues/78.png", "flag": "https://media.api-sports.io/flags/de.svg"}}, {"player": {"id": 25530, "name": "D. Kyereh", "photo": "https://media.api-sports.io/football/players/25530.png", "type": "Missing Fixture", "reason": "Lacking Match Fitness"}, "team": {"id": 160, "name": "SC Freiburg", "logo": "https://media.api-sports.io/football/teams/160.png"}, "fixture": {"id": 1388420, "timezone": "UTC", "date": "2025-12-06T14:30:00+00:00", "timestamp": 1765031400}, "league": {"id": 78, "season": 2025, "name": "Bundesliga", "country": "Germany", "logo": "https://media.api-sports.io/football/leagues/78.png", "flag": "https://media.api-sports.io/flags/de.svg"}}, {"player": {"id": 202526, "name": "E. Dinkci", "photo": "https://media.api-sports.io/football/players/202526.png", "type": "Questionable", "reason": "Muscle Injury"}, "team": {"id": 160, "name": "SC Freiburg", "logo": "https://media.api-sports.io/football/teams/160.png"}, "fixture": {"id": 1388420, "timezone": "UTC", "date": "2025-12-06T14:30:00+00:00", "timestamp": 1765031400}, "league": {"id": 78, "season": 2025, "name": "Bundesliga", "country": "Germany", "logo": "https://media.api-sports.io/football/leagues/78.png", "flag": "https://media.api-sports.io/flags/de.svg"}}, {"player": {"id": 431149, "name": "C. Irie", "photo": "https://media.api-sports.io/football/players/431149.png", "type": "Questionable", "reason": "Illness"}, "team": {"id": 160, "name": "SC Freiburg", "logo": "https://media.api-sports.io/football/teams/160.png"}, "fixture": {"id": 1388420, "timezone": "UTC", "date": "2025-12-06T14:30:00+00:00", "timestamp": 1765031400}, "league": {"id": 78, "season": 2025, "name": "Bundesliga", "country": "Germany", "logo": "https://media.api-sports.io/football/leagues/78.png", "flag": "https://media.api-sports.io/flags/de.svg"}}, {"player": {"id": 191160, "name": "J. Makengo", "photo": "https://media.api-sports.io/football/players/191160.png", "type": "Questionable", "reason": "Muscle Injury"}, "team": {"id": 160, "name": "SC Freiburg", "logo": "https://media.api-sports.io/football/teams/160.png"}, "fixture": {"id": 1388420, "timezone": "UTC", "date": "2025-12-06T14:30:00+00:00", "timestamp": 1765031400}, "league": {"id": 78, "season": 2025, "name": "Bundesliga", "country": "Germany", "logo": "https://media.api-sports.io/football/leagues/78.png", "flag": "https://media.api-sports.io/flags/de.svg"}}, {"player": {"id": 25530, "name": "D. Kyereh", "photo": "https://media.api-sports.io/football/players/25530.png", "type": "Missing Fixture", "reason": "Lacking Match Fitness"}, "team": {"id": 160, "name": "SC Freiburg", "logo": "https://media.api-sports.io/football/teams/160.png"}, "fixture": {"id": 1388429, "timezone": "UTC", "date": "2025-12-14T14:30:00+00:00", "timestamp": 1765722600}, "league": {"id": 78, "season": 2025, "name": "Bundesliga", "country": "Germany", "logo": "https://media.api-sports.io/football/leagues/78.png", "flag": "https://media.api-sports.io/flags/de.svg"}}, {"player": {"id": 202919, "name": "M. Rosenfelder", "photo": "https://media.api-sports.io/football/players/202919.png", "type": "Missing Fixture", "reason": "Injury"}, "team": {"id": 160, "name": "SC Freiburg", "logo": "https://media.api-sports.io/football/teams/160.png"}, "fixture": {"id": 1388429, "timezone": "UTC", "date": "2025-12-14T14:30:00+00:00", "timestamp": 1765722600}, "league": {"id": 78, "season": 2025, "name": "Bundesliga", "country": "Germany", "logo": "https://media.api-sports.io/football/leagues/78.png", "flag": "https://media.api-sports.io/flags/de.svg"}}, {"player": {"id": 202526, "name": "E. Dinkci", "photo": "https://media.api-sports.io/football/players/202526.png", "type": "Questionable", "reason": "Muscle Injury"}, "team": {"id": 160, "name": "SC Freiburg", "logo": "https://media.api-sports.io/football/teams/160.png"}, "fixture": {"id": 1388429, "timezone": "UTC", "date": "2025-12-14T14:30:00+00:00", "timestamp": 1765722600}, "league": {"id": 78, "season": 2025, "name": "Bundesliga", "country": "Germany", "logo": "https://media.api-sports.io/football/leagues/78.png", "flag": "https://media.api-sports.io/flags/de.svg"}}, {"player": {"id": 25313, "name": "J. Beste", "photo": "https://media.api-sports.io/football/players/25313.png", "type": "Missing Fixture", "reason": "Illness"}, "team": {"id": 160, "name": "SC Freiburg", "logo": "https://media.api-sports.io/football/teams/160.png"}, "fixture": {"id": 1388442, "timezone": "UTC", "date": "2025-12-20T14:30:00+00:00", "timestamp": 1766241000}, "league": {"id": 78, "season": 2025, "name": "Bundesliga", "country": "Germany", "logo": "https://media.api-sports.io/football/leagues/78.png", "flag": "https://media.api-sports.io/flags/de.svg"}}, {"player": {"id": 431149, "name": "C. Irie", "photo": "https://media.api-sports.io/football/players/431149.png", "type": "Missing Fixture", "reason": "International duty"}, "team": {"id": 160, "name": "SC Freiburg", "logo": "https://media.api-sports.io/football/teams/160.png"}, "fixture": {"id": 1388442, "timezone": "UTC", "date": "2025-12-20T14:30:00+00:00", "timestamp": 1766241000}, "league": {"id": 78, "season": 2025, "name": "Bundesliga", "country": "Germany", "logo": "https://media.api-sports.io/football/leagues/78.png", "flag": "https://media.api-sports.io/flags/de.svg"}}, {"player": {"id": 25530, "name": "D. Kyereh", "photo": "https://media.api-sports.io/football/players/25530.png", "type": "Missing Fixture", "reason": "Lacking Match Fitness"}, "team": {"id": 160, "name": "SC Freiburg", "logo": "https://media.api-sports.io/football/teams/160.png"}, "fixture": {"id": 1388442, "timezone": "UTC", "date": "2025-12-20T14:30:00+00:00", "timestamp": 1766241000}, "league": {"id": 78, "season": 2025, "name": "Bundesliga", "country": "Germany", "logo": "https://media.api-sports.io/football/leagues/78.png", "flag": "https://media.api-sports.io/flags/de.svg"}}, {"player": {"id": 26240, "name": "P. Lienhart", "photo": "https://media.api-sports.io/football/players/26240.png", "type": "Missing Fixture", "reason": "Muscle Injury"}, "team": {"id": 160, "name": "SC Freiburg", "logo": "https://media.api-sports.io/football/teams/160.png"}, "fixture": {"id": 1388442, "timezone": "UTC", "date": "2025-12-20T14:30:00+00:00", "timestamp": 1766241000}, "league": {"id": 78, "season": 2025, "name": "Bundesliga", "country": "Germany", "logo": "https://media.api-sports.io/football/leagues/78.png", "flag": "https://media.api-sports.io/flags/de.svg"}}, {"player": {"id": 202919, "name": "M. Rosenfelder", "photo": "https://media.api-sports.io/football/players/202919.png", "type": "Missing Fixture", "reason": "Injury"}, "team": {"id": 160, "name": "SC Freiburg", "logo": "https://media.api-sports.io/football/teams/160.png"}, "fixture": {"id": 1388442, "timezone": "UTC", "date": "2025-12-20T14:30:00+00:00", "timestamp": 1766241000}, "league": {"id": 78, "season": 2025, "name": "Bundesliga", "country": "Germany", "logo": "https://media.api-sports.io/football/leagues/78.png", "flag": "https://media.api-sports.io/flags/de.svg"}}, {"player": {"id": 202526, "name": "E. Dinkci", "photo": "https://media.api-sports.io/football/players/202526.png", "type": "Questionable", "reason": "Muscle Injury"}, "team": {"id": 160, "name": "SC Freiburg", "logo": "https://media.api-sports.io/football/teams/160.png"}, "fixture": {"id": 1388442, "timezone": "UTC", "date": "2025-12-20T14:30:00+00:00", "timestamp": 1766241000}, "league": {"id": 78, "season": 2025, "name": "Bundesliga", "country": "Germany", "logo": "https://media.api-sports.io/football/leagues/78.png", "flag": "https://media.api-sports.io/flags/de.svg"}}, {"player": {"id": 25530, "name": "D. Kyereh", "photo": "https://media.api-sports.io/football/players/25530.png", "type": "Missing Fixture", "reason": "Lacking Match Fitness"}, "team": {"id": 160, "name": "SC Freiburg", "logo": "https://media.api-sports.io/football/teams/160.png"}, "fixture": {"id": 1388461, "timezone": "UTC", "date": "2026-01-18T16:30:00+00:00", "timestamp": 1768753800}, "league": {"id": 78, "season": 2025, "name": "Bundesliga", "country": "Germany", "logo": "https://media.api-sports.io/football/leagues/78.png", "flag": "https://media.api-sports.io/flags/de.svg"}}, {"player": {"id": 26240, "name": "P. Lienhart", "photo": "https://media.api-sports.io/football/players/26240.png", "type": "Missing Fixture", "reason": "Abdominal strain"}, "team": {"id": 160, "name": "SC Freiburg", "logo": "https://media.api-sports.io/football/teams/160.png"}, "fixture": {"id": 1388461, "timezone": "UTC", "date": "2026-01-18T16:30:00+00:00", "timestamp": 1768753800}, "league": {"id": 78, "season": 2025, "name": "Bundesliga", "country": "Germany", "logo": "https://media.api-sports.io/football/leagues/78.png", "flag": "https://media.api-sports.io/flags/de.svg"}}, {"player": {"id": 25530, "name": "D. Kyereh", "photo": "https://media.api-sports.io/football/players/25530.png", "type": "Missing Fixture", "reason": "Lacking Match Fitness"}, "team": {"id": 160, "name": "SC Freiburg", "logo": "https://media.api-sports.io/football/teams/160.png"}, "fixture": {"id": 1388474, "timezone": "UTC", "date": "2026-01-25T16:30:00+00:00", "timestamp": 1769358600}, "league": {"id": 78, "season": 2025, "name": "Bundesliga", "country": "Germany", "logo": "https://media.api-sports.io/football/leagues/78.png", "flag": "https://media.api-sports.io/flags/de.svg"}}, {"player": {"id": 26240, "name": "P. Lienhart", "photo": "https://media.api-sports.io/football/players/26240.png", "type": "Missing Fixture", "reason": "Abdominal strain"}, "team": {"id": 160, "name": "SC Freiburg", "logo": "https://media.api-sports.io/football/teams/160.png"}, "fixture": {"id": 1388474, "timezone": "UTC", "date": "2026-01-25T16:30:00+00:00", "timestamp": 1769358600}, "league": {"id": 78, "season": 2025, "name": "Bundesliga", "country": "Germany", "logo": "https://media.api-sports.io/football/leagues/78.png", "flag": "https://media.api-sports.io/flags/de.svg"}}, {"player": {"id": 25530, "name": "D. Kyereh", "photo": "https://media.api-sports.io/football/players/25530.png", "type": "Missing Fixture", "reason": "Lacking Match Fitness"}, "team": {"id": 160, "name": "SC Freiburg", "logo": "https://media.api-sports.io/football/teams/160.png"}, "fixture": {"id": 1388486, "timezone": "UTC", "date": "2026-02-01T14:30:00+00:00", "timestamp": 1769956200}, "league": {"id": 78, "season": 2025, "name": "Bundesliga", "country": "Germany", "logo": "https://media.api-sports.io/football/leagues/78.png", "flag": "https://media.api-sports.io/flags/de.svg"}}, {"player": {"id": 26239, "name": "L. Kubler", "photo": "https://media.api-sports.io/football/players/26239.png", "type": "Questionable", "reason": "Injury"}, "team": {"id": 160, "name": "SC Freiburg", "logo": "https://media.api-sports.io/football/teams/160.png"}, "fixture": {"id": 1388486, "timezone": "UTC", "date": "2026-02-01T14:30:00+00:00", "timestamp": 1769956200}, "league": {"id": 78, "season": 2025, "name": "Bundesliga", "country": "Germany", "logo": "https://media.api-sports.io/football/leagues/78.png", "flag": "https://media.api-sports.io/flags/de.svg"}}, {"player": {"id": 26240, "name": "P. Lienhart", "photo": "https://media.api-sports.io/football/players/26240.png", "type": "Questionable", "reason": "Abdominal strain"}, "team": {"id": 160, "name": "SC Freiburg", "logo": "https://media.api-sports.io/football/teams/160.png"}, "fixture": {"id": 1388486, "timezone": "UTC", "date": "2026-02-01T14:30:00+00:00", "timestamp": 1769956200}, "league": {"id": 78, "season": 2025, "name": "Bundesliga", "country": "Germany", "logo": "https://media.api-sports.io/football/leagues/78.png", "flag": "https://media.api-sports.io/flags/de.svg"}}, {"player": {"id": 26239, "name": "L. Kubler", "photo": "https://media.api-sports.io/football/players/26239.png", "type": "Missing Fixture", "reason": "Hamstring Injury"}, "team": {"id": 160, "name": "SC Freiburg", "logo": "https://media.api-sports.io/football/teams/160.png"}, "fixture": {"id": 1388491, "timezone": "UTC", "date": "2026-02-07T14:30:00+00:00", "timestamp": 1770474600}, "league": {"id": 78, "season": 2025, "name": "Bundesliga", "country": "Germany", "logo": "https://media.api-sports.io/football/leagues/78.png", "flag": "https://media.api-sports.io/flags/de.svg"}}, {"player": {"id": 25530, "name": "D. Kyereh", "photo": "https://media.api-sports.io/football/players/25530.png", "type": "Missing Fixture", "reason": "Lacking Match Fitness"}, "team": {"id": 160, "name": "SC Freiburg", "logo": "https://media.api-sports.io/football/teams/160.png"}, "fixture": {"id": 1388491, "timezone": "UTC", "date": "2026-02-07T14:30:00+00:00", "timestamp": 1770474600}, "league": {"id": 78, "season": 2025, "name": "Bundesliga", "country": "Germany", "logo": "https://media.api-sports.io/football/leagues/78.png", "flag": "https://media.api-sports.io/flags/de.svg"}}, {"player": {"id": 26240, "name": "P. Lienhart", "photo": "https://media.api-sports.io/football/players/26240.png", "type": "Missing Fixture", "reason": "Abdominal strain"}, "team": {"id": 160, "name": "SC Freiburg", "logo": "https://media.api-sports.io/football/teams/160.png"}, "fixture": {"id": 1388491, "timezone": "UTC", "date": "2026-02-07T14:30:00+00:00", "timestamp": 1770474600}, "league": {"id": 78, "season": 2025, "name": "Bundesliga", "country": "Germany", "logo": "https://media.api-sports.io/football/leagues/78.png", "flag": "https://media.api-sports.io/flags/de.svg"}}, {"player": {"id": 25530, "name": "D. Kyereh", "photo": "https://media.api-sports.io/football/players/25530.png", "type": "Missing Fixture", "reason": "Lacking Match Fitness"}, "team": {"id": 160, "name": "SC Freiburg", "logo": "https://media.api-sports.io/football/teams/160.png"}, "fixture": {"id": 1388502, "timezone": "UTC", "date": "2026-02-14T14:30:00+00:00", "timestamp": 1771079400}, "league": {"id": 78, "season": 2025, "name": "Bundesliga", "country": "Germany", "logo": "https://media.api-sports.io/football/leagues/78.png", "flag": "https://media.api-sports.io/flags/de.svg"}}, {"player": {"id": 406244, "name": "J. Manzambi", "photo": "https://media.api-sports.io/football/players/406244.png", "type": "Missing Fixture", "reason": "Red Card"}, "team": {"id": 160, "name": "SC Freiburg", "logo": "https://media.api-sports.io/football/teams/160.png"}, "fixture": {"id": 1388502, "timezone": "UTC", "date": "2026-02-14T14:30:00+00:00", "timestamp": 1771079400}, "league": {"id": 78, "season": 2025, "name": "Bundesliga", "country": "Germany", "logo": "https://media.api-sports.io/football/leagues/78.png", "flag": "https://media.api-sports.io/flags/de.svg"}}, {"player": {"id": 26239, "name": "L. Kubler", "photo": "https://media.api-sports.io/football/players/26239.png", "type": "Questionable", "reason": "Hamstring Injury"}, "team": {"id": 160, "name": "SC Freiburg", "logo": "https://media.api-sports.io/football/teams/160.png"}, "fixture": {"id": 1388502, "timezone": "UTC", "date": "2026-02-14T14:30:00+00:00", "timestamp": 1771079400}, "league": {"id": 78, "season": 2025, "name": "Bundesliga", "country": "Germany", "logo": "https://media.api-sports.io/football/leagues/78.png", "flag": "https://media.api-sports.io/flags/de.svg"}}, {"player": {"id": 26240, "name": "P. Lienhart", "photo": "https://media.api-sports.io/football/players/26240.png", "type": "Questionable", "reason": "Abdominal strain"}, "team": {"id": 160, "name": "SC Freiburg", "logo": "https://media.api-sports.io/football/teams/160.png"}, "fixture": {"id": 1388502, "timezone": "UTC", "date": "2026-02-14T14:30:00+00:00", "timestamp": 1771079400}, "league": {"id": 78, "season": 2025, "name": "Bundesliga", "country": "Germany", "logo": "https://media.api-sports.io/football/leagues/78.png", "flag": "https://media.api-sports.io/flags/de.svg"}}]}