{"get": "fixtures", "parameters": {"league": "39", "season": "2025", "team": "44", "status": "FT", "last": "10"}, "errors": [], "results": 10, "paging": {"current": 1, "total": 1}, "response": [{"fixture": {"id": 1379212, "referee": "Darren England, England", "timezone": "UTC", "date": "2026-02-07T15:00:00+00:00", "timestamp": 1770476400, "periods": {"first": 1770476400, "second": 1770480000}, "venue": {"id": 512, "name": "Turf Moor", "city": "Burnley"}, "status": {"long": "Match Finished", "short": "FT", "elapsed": 90, "extra": null}}, "league": {"id": 39, "name": "Premier League", "country": "England", "logo": "https://media.api-sports.io/football/leagues/39.png", "flag": "https://media.api-sports.io/flags/gb-eng.svg", "season": 2025, "round": "Regular Season - 25", "standings": true}, "teams": {"home": {"id": 44, "name": "Burnley", "logo": "https://media.api-sports.io/football/teams/44.png", "winner": false}, "away": {"id": 48, "name": "West Ham", "logo": "https://media.api-sports.io/football/teams/48.png", "winner": true}}, "goals": {"home": 0, "away": 2}, "score": {"halftime": {"home": 0, "away": 2}, "fulltime": {"home": 0, "away": 2}, "extratime": {"home": null, "away": null}, "penalty": {"home": null, "away": null}}}, {"fixture": {"id": 1379206, "referee": "Paul Tierney, England", "timezone": "UTC", "date": "2026-02-02T20:00:00+00:00", "timestamp": 1770062400, "periods": {"first": 1770062400, "second": 1770066000}, "venue": {"id": 589, "name": "Stadium of Light", "city": "Sunderland"}, "status": {"long": "Match Finished", "short": "FT", "elapsed": 90, "extra": 5}}, "league": {"id": 39, "name": "Premier League", "country": "England", "logo": "https://media.api-sports.io/football/leagues/39.png", "flag": "https://media.api-sports.io/flags/gb-eng.svg", "season": 2025, "round": "Regular Season - 24", "standings": true}, "teams": {"home": {"id": 746, "name": "Sunderland", "logo": "https://media.api-sports.io/football/teams/746.png", "winner": true}, "away": {"id": 44, "name": "Burnley", "logo": "https://media.api-sports.io/football/teams/44.png", "winner": false}}, "goals": {"home": 3, "away": 0}, "score": {"halftime": {"home": 2, "away": 0}, "fulltime": {"home": 3, "away": 0}, "extratime": {"home": null, "away": null}, "penalty": {"home": null, "away": null}}}, {"fixture": {"id": 1379192, "referee": "Peter Bankes, England", "timezone": "UTC", "date": "2026-01-24T15:00:00+00:00", "timestamp": 1769266800, "periods": {"first": 1769266800, "second": 1769270400}, "venue": {"id": 512, "name": "Turf Moor", "city": "Burnley"}, "status": {"long": "Match Finished", "short": "FT", "elapsed": 90, "extra": 5}}, "league": {"id": 39, "name": "Premier League", "country": "England", "logo": "https://media.api-sports.io/football/leagues/39.png", "flag": "https://media.api-sports.io/flags/gb-eng.svg", "season": 2025, "round": "Regular Season - 23", "standings": true}, "teams": {"home": {"id": 44, "name": "Burnley", "logo": "https://media.api-sports.io/football/teams/44.png", "winner": null}, "away": {"id": 47, "name": "Tottenham", "logo": "https://media.api-sports.io/football/teams/47.png", "winner": null}}, "goals": {"home": 2, "away": 2}, "score": {"halftime": {"home": 1, "away": 1}, "fulltime": {"home": 2, "away": 2}, "extratime": {"home": null, "away": null}, "penalty": {"home": null, "away": null}}}, {"fixture": {"id": 1379183, "referee": "Andy Madley, England", "timezone": "UTC", "date": "2026-01-17T15:00:00+00:00", "timestamp": 1768662000, "periods": {"first": 1768662000, "second": 1768665600}, "venue": {"id": 550, "name": "Anfield", "city": "Liverpool"}, "status": {"long": "Match Finished", "short": "FT", "elapsed": 90, "extra": 8}}, "league": {"id": 39, "name": "Premier League", "country": "England", "logo": "https://media.api-sports.io/football/leagues/39.png", "flag": "https://media.api-sports.io/flags/gb-eng.svg", "season": 2025, "round": "Regular Season - 22", "standings": true}, "teams": {"home": {"id": 40, "name": "Liverpool", "logo": "https://media.api-sports.io/football/teams/40.png", "winner": null}, "away": {"id": 44, "name": "Burnley", "logo": "https://media.api-sports.io/football/teams/44.png", "winner": null}}, "goals": {"home": 1, "away": 1}, "score": {"halftime": {"home": 1, "away": 0}, "fulltime": {"home": 1, "away": 1}, "extratime": {"home": null, "away": null}, "penalty": {"home": null, "away": null}}}, {"fixture": {"id": 1379172, "referee": "Stuart Attwell, England", "timezone": "UTC", "date": "2026-01-07T20:15:00+00:00", "timestamp": 1767816900, "periods": {"first": 1767816900, "second": 1767820500}, "venue": {"id": 512, "name": "Turf Moor", "city": "Burnley"}, "status": {"long": "Match Finished", "short": "FT", "elapsed": 90, "extra": 6}}, "league": {"id": 39, "name": "Premier League", "country": "England", "logo": "https://media.api-sports.io/football/leagues/39.png", "flag": "https://media.api-sports.io/flags/gb-eng.svg", "season": 2025, "round": "Regular Season - 21", "standings": true}, "teams": {"home": {"id": 44, "name": "Burnley", "logo": "https://media.api-sports.io/football/teams/44.png", "winner": null}, "away": {"id": 33, "name": "Manchester United", "logo": "https://media.api-sports.io/football/teams/33.png", "winner": null}}, "goals": {"home": 2, "away": 2}, "score": {"halftime": {"home": 1, "away": 0}, "fulltime": {"home": 2, "away": 2}, "extratime": {"home": null, "away": null}, "penalty": {"home": null, "away": null}}}, {"fixture": {"id": 1379161, "referee": "Tim Robinson, England", "timezone": "UTC", "date": "2026-01-03T15:00:00+00:00", "timestamp": 1767452400, "periods": {"first": 1767452400, "second": 1767456000}, "venue": {"id": 508, "name": "Amex Stadium", "city": "Brighton"}, "status": {"long": "Match Finished", "short": "FT", "elapsed": 90, "extra": 4}}, "league": {"id": 39, "name": "Premier League", "country": "England", "logo": "https://media.api-sports.io/football/leagues/39.png", "flag": "https://media.api-sports.io/flags/gb-eng.svg", "season": 2025, "round": "Regular Season - 20", "standings": true}, "teams": {"home": {"id": 51, "name": "Brighton", "logo": "https://media.api-sports.io/football/teams/51.png", "winner": true}, "away": {"id": 44, "name": "Burnley", "logo": "https://media.api-sports.io/football/teams/44.png", "winner": false}}, "goals": {"home": 2, "away": 0}, "score": {"halftime": {"home": 1, "away": 0}, "fulltime": {"home": 2, "away": 0}, "extratime": {"home": null, "away": null}, "penalty": {"home": null, "away": null}}}, {"fixture": {"id": 1379151, "referee": "Robert Jones, England", "timezone": "UTC", "date": "2025-12-30T19:30:00+00:00", "timestamp": 1767123000, "periods": {"first": 1767123000, "second": 1767126600}, "venue": {"id": 512, "name": "Turf Moor", "city": "Burnley"}, "status": {"long": "Match Finished", "short": "FT", "elapsed": 90, "extra": 7}}, "league": {"id": 39, "name": "Premier League", "country": "England", "logo": "https://media.api-sports.io/football/leagues/39.png", "flag": "https://media.api-sports.io/flags/gb-eng.svg", "season": 2025, "round": "Regular Season - 19", "standings": true}, "teams": {"home": {"id": 44, "name": "Burnley", "logo": "https://media.api-sports.io/football/teams/44.png", "winner": false}, "away": {"id": 34, "name": "Newcastle", "logo": "https://media.api-sports.io/football/teams/34.png", "winner": true}}, "goals": {"home": 1, "away": 3}, "score": {"halftime": {"home": 1, "away": 2}, "fulltime": {"home": 1, "away": 3}, "extratime": {"home": null, "away": null}, "penalty": {"home": null, "away": null}}}, {"fixture": {"id": 1379141, "referee": "Craig Pawson, England", "timezone": "UTC", "date": "2025-12-27T15:00:00+00:00", "timestamp": 1766847600, "periods": {"first": 1766847600, "second": 1766851200}, "venue": {"id": 512, "name": "Turf Moor", "city": "Burnley"}, "status": {"long": "Match Finished", "short": "FT", "elapsed": 90, "extra": 7}}, "league": {"id": 39, "name": "Premier League", "country": "England", "logo": "https://media.api-sports.io/football/leagues/39.png", "flag": "https://media.api-sports.io/flags/gb-eng.svg", "season": 2025, "round": "Regular Season - 18", "standings": true}, "teams": {"home": {"id": 44, "name": "Burnley", "logo": "https://media.api-sports.io/football/teams/44.png", "winner": null}, "away": {"id": 45, "name": "Everton", "logo": "https://media.api-sports.io/football/teams/45.png", "winner": null}}, "goals": {"home": 0, "away": 0}, "score": {"halftime": {"home": 0, "away": 0}, "fulltime": {"home": 0, "away": 0}, "extratime": {"home": null, "away": null}, "penalty": {"home": null, "away": null}}}, {"fixture": {"id": 1379130, "referee": "Chris Kavanagh, England", "timezone": "UTC", "date": "2025-12-20T15:00:00+00:00", "timestamp": 1766242800, "periods": {"first": 1766242800, "second": 1766246400}, "venue": {"id": 504, "name": "Vitality Stadium", "city": "Bournemouth"}, "status": {"long": "Match Finished", "short": "FT", "elapsed": 90, "extra": 6}}, "league": {"id": 39, "name": "Premier League", "country": "England", "logo": "https://media.api-sports.io/football/leagues/39.png", "flag": "https://media.api-sports.io/flags/gb-eng.svg", "season": 2025, "round": "Regular Season - 17", "standings": true}, "teams": {"home": {"id": 35, "name": "Bournemouth", "logo": "https://media.api-sports.io/football/teams/35.png", "winner": null}, "away": {"id": 44, "name": "Burnley", "logo": "https://media.api-sports.io/football/teams/44.png", "winner": null}}, "goals": {"home": 1, "away": 1}, "score": {"halftime": {"home": 0, "away": 0}, "fulltime": {"home": 1, "away": 1}, "extratime": {"home": null, "away": null}, "penalty": {"home": null, "away": null}}}, {"fixture": {"id": 1379121, "referee": "Michael Oliver, England", "timezone": "UTC", "date": "2025-12-13T17:30:00+00:00", "timestamp": 1765647000, "periods": {"first": 1765647000, "second": 1765650600}, "venue": {"id": 512, "name": "Turf Moor", "city": "Burnley"}, "status": {"long": "Match Finished", "short": "FT", "elapsed": 90, "extra": 7}}, "league": {"id": 39, "name": "Premier League", "country": "England", "logo": "https://media.api-sports.io/football/leagues/39.png", "flag": "https://media.api-sports.io/flags/gb-eng.svg", "season": 2025, "round": "Regular Season - 16", "standings": true}, "teams": {"home": {"id": 44, "name": "Burnley", "logo": "https://media.api-sports.io/football/teams/44.png", "winner": false}, "away": {"id": 36, "name": "Fulham", "logo": "https://media.api-sports.io/football/teams/36.png", "winner": true}}, "goals": {"home": 2, "away": 3}, "score": {"halftime": {"home": 1, "away": 2}, "fulltime": {"home": 2, "away": 3}, "extratime": {"home": null, "away": null}, "penalty": {"home": null, "away": null}}}]}