{"get": "fixtures", "parameters": {"league": "78", "season": "2025", "team": "164", "status": "FT", "last": "10"}, "errors": [], "results": 10, "paging": {"current": 1, "total": 1}, "response": [{"fixture": {"id": 1388493, "referee": "Patrick Ittrich, Germany", "timezone": "UTC", "date": "2026-02-07T14:30:00+00:00", "timestamp": 1770474600, "periods": {"first": 1770474600, "second": 1770478200}, "venue": {"id": 11899, "name": "Mewa Arena", "city": "Mainz"}, "status": {"long": "Match Finished", "short": "FT", "elapsed": 90, "extra": 7}}, "league": {"id": 78, "name": "Bundesliga", "country": "Germany", "logo": "https://media.api-sports.io/football/leagues/78.png", "flag": "https://media.api-sports.io/flags/de.svg", "season": 2025, "round": "Regular Season - 21", "standings": true}, "teams": {"home": {"id": 164, "name": "FSV Mainz 05", "logo": "https://media.api-sports.io/football/teams/164.png", "winner": true}, "away": {"id": 170, "name": "FC Augsburg", "logo": "https://media.api-sports.io/football/teams/170.png", "winner": false}}, "goals": {"home": 2, "away": 0}, "score": {"halftime": {"home": 1, "away": 0}, "fulltime": {"home": 2, "away": 0}, "extratime": {"home": null, "away": null}, "penalty": {"home": null, "away": null}}}, {"fixture": {"id": 1388485, "referee": "Daniel Schlager, Germany", "timezone": "UTC", "date": "2026-01-31T14:30:00+00:00", "timestamp": 1769869800, "periods": {"first": 1769869800, "second": 1769873400}, "venue": {"id": null, "name": "Red Bull Arena", "city": "Leipzig"}, "status": {"long": "Match Finished", "short": "FT", "elapsed": 90, "extra": 6}}, "league": {"id": 78, "name": "Bundesliga", "country": "Germany", "logo": "https://media.api-sports.io/football/leagues/78.png", "flag": "https://media.api-sports.io/flags/de.svg", "season": 2025, "round": "Regular Season - 20", "standings": true}, "teams": {"home": {"id": 173, "name": "RB Leipzig", "logo": "https://media.api-sports.io/football/teams/173.png", "winner": false}, "away": {"id": 164, "name": "FSV Mainz 05", "logo": "https://media.api-sports.io/football/teams/164.png", "winner": true}}, "goals": {"home": 1, "away": 2}, "score": {"halftime": {"home": 1, "away": 1}, "fulltime": {"home": 1, "away": 2}, "extratime": {"home": null, "away": null}, "penalty": {"home": null, "away": null}}}, {"fixture": {"id": 1388476, "referee": "Daniel Siebert, Germany", "timezone": "UTC", "date": "2026-01-24T14:30:00+00:00", "timestamp": 1769265000, "periods": {"first": 1769265000, "second": 1769268600}, "venue": {"id": 11899, "name": "Mewa Arena", "city": "Mainz"}, "status": {"long": "Match Finished", "short": "FT", "elapsed": 90, "extra": 8}}, "league": {"id": 78, "name": "Bundesliga", "country": "Germany", "logo": "https://media.api-sports.io/football/leagues/78.png", "flag": "https://media.api-sports.io/flags/de.svg", "season": 2025, "round": "Regular Season - 19", "standings": true}, "teams": {"home": {"id": 164, "name": "FSV Mainz 05", "logo": "https://media.api-sports.io/football/teams/164.png", "winner": true}, "away": {"id": 161, "name": "VfL Wolfsburg", "logo": "https://media.api-sports.io/football/teams/161.png", "winner": false}}, "goals": {"home": 3, "away": 1}, "score": {"halftime": {"home": 0, "away": 1}, "fulltime": {"home": 3, "away": 1}, "extratime": {"home": null, "away": null}, "penalty": {"home": null, "away": null}}}, {"fixture": {"id": 1388463, "referee": "Felix Zwayer, Germany", "timezone": "UTC", "date": "2026-01-17T14:30:00+00:00", "timestamp": 1768660200, "periods": {"first": 1768660200, "second": 1768663800}, "venue": {"id": null, "name": "RheinEnergieStadion", "city": "Cologne"}, "status": {"long": "Match Finished", "short": "FT", "elapsed": 90, "extra": 6}}, "league": {"id": 78, "name": "Bundesliga", "country": "Germany", "logo": "https://media.api-sports.io/football/leagues/78.png", "flag": "https://media.api-sports.io/flags/de.svg", "season": 2025, "round": "Regular Season - 18", "standings": true}, "teams": {"home": {"id": 192, "name": "1. FC K\u00f6ln", "logo": "https://media.api-sports.io/football/teams/192.png", "winner": true}, "away": {"id": 164, "name": "FSV Mainz 05", "logo": "https://media.api-sports.io/football/teams/164.png", "winner": false}}, "goals": {"home": 2, "away": 1}, "score": {"halftime": {"home": 0, "away": 1}, "fulltime": {"home": 2, "away": 1}, "extratime": {"home": null, "away": null}, "penalty": {"home": null, "away": null}}}, {"fixture": {"id": 1388457, "referee": "Sven Jablonski, Germany", "timezone": "UTC", "date": "2026-01-13T19:30:00+00:00", "timestamp": 1768332600, "periods": {"first": 1768332600, "second": 1768336200}, "venue": {"id": 11899, "name": "Mewa Arena", "city": "Mainz"}, "status": {"long": "Match Finished", "short": "FT", "elapsed": 90, "extra": 6}}, "league": {"id": 78, "name": "Bundesliga", "country": "Germany", "logo": "https://media.api-sports.io/football/leagues/78.png", "flag": "https://media.api-sports.io/flags/de.svg", "season": 2025, "round": "Regular Season - 17", "standings": true}, "teams": {"home": {"id": 164, "name": "FSV Mainz 05", "logo": "https://media.api-sports.io/football/teams/164.png", "winner": true}, "away": {"id": 180, "name": "1. FC Heidenheim", "logo": "https://media.api-sports.io/football/teams/180.png", "winner": false}}, "goals": {"home": 2, "away": 1}, "score": {"halftime": {"home": 1, "away": 0}, "fulltime": {"home": 2, "away": 1}, "extratime": {"home": null, "away": null}, "penalty": {"home": null, "away": null}}}, {"fixture": {"id": 1388450, "referee": "Bastian Dankert, Germany", "timezone": "UTC", "date": "2026-01-10T14:30:00+00:00", "timestamp": 1768055400, "periods": {"first": 1768055400, "second": 1768059000}, "venue": {"id": 748, "name": "Stadion An der Alten F\u00f6rsterei", "city": "Berlin"}, "status": {"long": "Match Finished", "short": "FT", "elapsed": 90, "extra": 3}}, "league": {"id": 78, "name": "Bundesliga", "country": "Germany", "logo": "https://media.api-sports.io/football/leagues/78.png", "flag": "https://media.api-sports.io/flags/de.svg", "season": 2025, "round": "Regular Season - 16", "standings": true}, "teams": {"home": {"id": 182, "name": "Union Berlin", "logo": "https://media.api-sports.io/football/teams/182.png", "winner": null}, "away": {"id": 164, "name": "FSV Mainz 05", "logo": "https://media.api-sports.io/football/teams/164.png", "winner": null}}, "goals": {"home": 2, "away": 2}, "score": {"halftime": {"home": 0, "away": 1}, "fulltime": {"home": 2, "away": 2}, "extratime": {"home": null, "away": null}, "penalty": {"home": null, "away": null}}}, {"fixture": {"id": 1388439, "referee": "Matthias Jollenbeck, Germany", "timezone": "UTC", "date": "2025-12-21T14:30:00+00:00", "timestamp": 1766327400, "periods": {"first": 1766327400, "second": 1766331000}, "venue": {"id": 11899, "name": "Mewa Arena", "city": "Mainz"}, "status": {"long": "Match Finished", "short": "FT", "elapsed": 90, "extra": 6}}, "league": {"id": 78, "name": "Bundesliga", "country": "Germany", "logo": "https://media.api-sports.io/football/leagues/78.png", "flag": "https://media.api-sports.io/flags/de.svg", "season": 2025, "round": "Regular Season - 15", "standings": true}, "teams": {"home": {"id": 164, "name": "FSV Mainz 05", "logo": "https://media.api-sports.io/football/teams/164.png", "winner": null}, "away": {"id": 186, "name": "FC St. Pauli", "logo": "https://media.api-sports.io/football/teams/186.png", "winner": null}}, "goals": {"home": 0, "away": 0}, "score": {"halftime": {"home": 0, "away": 0}, "fulltime": {"home": 0, "away": 0}, "extratime": {"home": null, "away": null}, "penalty": {"home": null, "away": null}}}, {"fixture": {"id": 1388426, "referee": "Robin Braun, Germany", "timezone": "UTC", "date": "2025-12-14T16:30:00+00:00", "timestamp": 1765729800, "periods": {"first": 1765729800, "second": 1765733400}, "venue": {"id": null, "name": "Allianz Arena", "city": "Munich"}, "status": {"long": "Match Finished", "short": "FT", "elapsed": 90, "extra": 8}}, "league": {"id": 78, "name": "Bundesliga", "country": "Germany", "logo": "https://media.api-sports.io/football/leagues/78.png", "flag": "https://media.api-sports.io/flags/de.svg", "season": 2025, "round": "Regular Season - 14", "standings": true}, "teams": {"home": {"id": 157, "name": "Bayern M\u00fcnchen", "logo": "https://media.api-sports.io/football/teams/157.png", "winner": null}, "away": {"id": 164, "name": "FSV Mainz 05", "logo": "https://media.api-sports.io/football/teams/164.png", "winner": null}}, "goals": {"home": 2, "away": 2}, "score": {"halftime": {"home": 1, "away": 1}, "fulltime": {"home": 2, "away": 2}, "extratime": {"home": null, "away": null}, "penalty": {"home": null, "away": null}}}, {"fixture": {"id": 1388421, "referee": "Benjamin Brand, Germany", "timezone": "UTC", "date": "2025-12-05T19:30:00+00:00", "timestamp": 1764963000, "periods": {"first": 1764963000, "second": 1764966600}, "venue": {"id": 11899, "name": "Mewa Arena", "city": "Mainz"}, "status": {"long": "Match Finished", "short": "FT", "elapsed": 90, "extra": 6}}, "league": {"id": 78, "name": "Bundesliga", "country": "Germany", "logo": "https://media.api-sports.io/football/leagues/78.png", "flag": "https://media.api-sports.io/flags/de.svg", "season": 2025, "round": "Regular Season - 13", "standings": true}, "teams": {"home": {"id": 164, "name": "FSV Mainz 05", "logo": "https://media.api-sports.io/football/teams/164.png", "winner": false}, "away": {"id": 163, "name": "Borussia M\u00f6nchengladbach", "logo": "https://media.api-sports.io/football/teams/163.png", "winner": true}}, "goals": {"home": 0, "away": 1}, "score": {"halftime": {"home": 0, "away": 0}, "fulltime": {"home": 0, "away": 1}, "extratime": {"home": null, "away": null}, "penalty": {"home": null, "away": null}}}, {"fixture": {"id": 1388411, "referee": "Daniel Schlager, Germany", "timezone": "UTC", "date": "2025-11-30T18:30:00+00:00", "timestamp": 1764527400, "periods": {"first": 1764527400, "second": 1764531000}, "venue": {"id": 12717, "name": "Europa-Park-Stadion", "city": "Freiburg im Breisgau"}, "status": {"long": "Match Finished", "short": "FT", "elapsed": 90, "extra": 5}}, "league": {"id": 78, "name": "Bundesliga", "country": "Germany", "logo": "https://media.api-sports.io/football/leagues/78.png", "flag": "https://media.api-sports.io/flags/de.svg", "season": 2025, "round": "Regular Season - 12", "standings": true}, "teams": {"home": {"id": 160, "name": "SC Freiburg", "logo": "https://media.api-sports.io/football/teams/160.png", "winner": true}, "away": {"id": 164, "name": "FSV Mainz 05", "logo": "https://media.api-sports.io/football/teams/164.png", "winner": false}}, "goals": {"home": 4, "away": 0}, "score": {"halftime": {"home": 2, "away": 0}, "fulltime": {"home": 4, "away": 0}, "extratime": {"home": null, "away": null}, "penalty": {"home": null, "away": null}}}]}