{"get": "injuries", "parameters": {"league": "39", "season": "2025", "team": "63"}, "errors": [], "results": 51, "paging": {"current": 1, "total": 1}, "response": [{"player": {"id": 833, "name": "Jaka Bijol", "photo": "https://media.api-sports.io/football/players/833.png", "type": "Missing Fixture", "reason": "Red card Suspended"}, "team": {"id": 63, "name": "Leeds", "logo": "https://media.api-sports.io/football/teams/63.png"}, "fixture": {"id": 1378978, "timezone": "UTC", "date": "2025-08-18T19:00:00+00:00", "timestamp": 1755543600}, "league": {"id": 39, "season": 2025, "name": "Premier League", "country": "England", "logo": "https://media.api-sports.io/football/leagues/39.png", "flag": "https://media.api-sports.io/flags/gb-eng.svg"}}, {"player": {"id": 1408, "name": "Sebastiaan Bornauw", "photo": "https://media.api-sports.io/football/players/1408.png", "type": "Missing Fixture", "reason": "Injury"}, "team": {"id": 63, "name": "Leeds", "logo": "https://media.api-sports.io/football/teams/63.png"}, "fixture": {"id": 1378978, "timezone": "UTC", "date": "2025-08-18T19:00:00+00:00", "timestamp": 1755543600}, "league": {"id": 39, "season": 2025, "name": "Premier League", "country": "England", "logo": "https://media.api-sports.io/football/leagues/39.png", "flag": "https://media.api-sports.io/flags/gb-eng.svg"}}, {"player": {"id": 2279, "name": "Ethan Ampadu", "photo": "https://media.api-sports.io/football/players/2279.png", "type": "Missing Fixture", "reason": "Injury"}, "team": {"id": 63, "name": "Leeds", "logo": "https://media.api-sports.io/football/teams/63.png"}, "fixture": {"id": 1378979, "timezone": "UTC", "date": "2025-08-23T16:30:00+00:00", "timestamp": 1755966600}, "league": {"id": 39, "season": 2025, "name": "Premier League", "country": "England", "logo": "https://media.api-sports.io/football/leagues/39.png", "flag": "https://media.api-sports.io/flags/gb-eng.svg"}}, {"player": {"id": 80296, "name": "Lucas Perri", "photo": "https://media.api-sports.io/football/players/80296.png", "type": "Missing Fixture", "reason": "Thigh Injury"}, "team": {"id": 63, "name": "Leeds", "logo": "https://media.api-sports.io/football/teams/63.png"}, "fixture": {"id": 1379018, "timezone": "UTC", "date": "2025-09-20T14:00:00+00:00", "timestamp": 1758376800}, "league": {"id": 39, "season": 2025, "name": "Premier League", "country": "England", "logo": "https://media.api-sports.io/football/leagues/39.png", "flag": "https://media.api-sports.io/flags/gb-eng.svg"}}, {"player": {"id": 162128, "name": "W. Gnonto", "photo": "https://media.api-sports.io/football/players/162128.png", "type": "Questionable", "reason": "Calf Injury"}, "team": {"id": 63, "name": "Leeds", "logo": "https://media.api-sports.io/football/teams/63.png"}, "fixture": {"id": 1379018, "timezone": "UTC", "date": "2025-09-20T14:00:00+00:00", "timestamp": 1758376800}, "league": {"id": 39, "season": 2025, "name": "Premier League", "country": "England", "logo": "https://media.api-sports.io/football/leagues/39.png", "flag": "https://media.api-sports.io/flags/gb-eng.svg"}}, {"player": {"id": 19329, "name": "D. James", "photo": "https://media.api-sports.io/football/players/19329.png", "type": "Questionable", "reason": "Injury"}, "team": {"id": 63, "name": "Leeds", "logo": "https://media.api-sports.io/football/teams/63.png"}, "fixture": {"id": 1379018, "timezone": "UTC", "date": "2025-09-20T14:00:00+00:00", "timestamp": 1758376800}, "league": {"id": 39, "season": 2025, "name": "Premier League", "country": "England", "logo": "https://media.api-sports.io/football/leagues/39.png", "flag": "https://media.api-sports.io/flags/gb-eng.svg"}}, {"player": {"id": 162128, "name": "W. Gnonto", "photo": "https://media.api-sports.io/football/players/162128.png", "type": "Missing Fixture", "reason": "Calf Injury"}, "team": {"id": 63, "name": "Leeds", "logo": "https://media.api-sports.io/football/teams/63.png"}, "fixture": {"id": 1379024, "timezone": "UTC", "date": "2025-09-27T14:00:00+00:00", "timestamp": 1758981600}, "league": {"id": 39, "season": 2025, "name": "Premier League", "country": "England", "logo": "https://media.api-sports.io/football/leagues/39.png", "flag": "https://media.api-sports.io/flags/gb-eng.svg"}}, {"player": {"id": 80296, "name": "Lucas Perri", "photo": "https://media.api-sports.io/football/players/80296.png", "type": "Missing Fixture", "reason": "Thigh Injury"}, "team": {"id": 63, "name": "Leeds", "logo": "https://media.api-sports.io/football/teams/63.png"}, "fixture": {"id": 1379024, "timezone": "UTC", "date": "2025-09-27T14:00:00+00:00", "timestamp": 1758981600}, "league": {"id": 39, "season": 2025, "name": "Premier League", "country": "England", "logo": "https://media.api-sports.io/football/leagues/39.png", "flag": "https://media.api-sports.io/flags/gb-eng.svg"}}, {"player": {"id": 162128, "name": "W. Gnonto", "photo": "https://media.api-sports.io/football/players/162128.png", "type": "Missing Fixture", "reason": "Calf Injury"}, "team": {"id": 63, "name": "Leeds", "logo": "https://media.api-sports.io/football/teams/63.png"}, "fixture": {"id": 1379035, "timezone": "UTC", "date": "2025-10-04T11:30:00+00:00", "timestamp": 1759577400}, "league": {"id": 39, "season": 2025, "name": "Premier League", "country": "England", "logo": "https://media.api-sports.io/football/leagues/39.png", "flag": "https://media.api-sports.io/flags/gb-eng.svg"}}, {"player": {"id": 19329, "name": "D. James", "photo": "https://media.api-sports.io/football/players/19329.png", "type": "Missing Fixture", "reason": "Ankle Injury"}, "team": {"id": 63, "name": "Leeds", "logo": "https://media.api-sports.io/football/teams/63.png"}, "fixture": {"id": 1379035, "timezone": "UTC", "date": "2025-10-04T11:30:00+00:00", "timestamp": 1759577400}, "league": {"id": 39, "season": 2025, "name": "Premier League", "country": "England", "logo": "https://media.api-sports.io/football/leagues/39.png", "flag": "https://media.api-sports.io/flags/gb-eng.svg"}}, {"player": {"id": 80296, "name": "Lucas Perri", "photo": "https://media.api-sports.io/football/players/80296.png", "type": "Missing Fixture", "reason": "Thigh Injury"}, "team": {"id": 63, "name": "Leeds", "logo": "https://media.api-sports.io/football/teams/63.png"}, "fixture": {"id": 1379035, "timezone": "UTC", "date": "2025-10-04T11:30:00+00:00", "timestamp": 1759577400}, "league": {"id": 39, "season": 2025, "name": "Premier League", "country": "England", "logo": "https://media.api-sports.io/football/leagues/39.png", "flag": "https://media.api-sports.io/flags/gb-eng.svg"}}, {"player": {"id": 443634, "name": "H. Gray", "photo": "https://media.api-sports.io/football/players/443634.png", "type": "Questionable", "reason": "Hip Injury"}, "team": {"id": 63, "name": "Leeds", "logo": "https://media.api-sports.io/football/teams/63.png"}, "fixture": {"id": 1379035, "timezone": "UTC", "date": "2025-10-04T11:30:00+00:00", "timestamp": 1759577400}, "league": {"id": 39, "season": 2025, "name": "Premier League", "country": "England", "logo": "https://media.api-sports.io/football/leagues/39.png", "flag": "https://media.api-sports.io/flags/gb-eng.svg"}}, {"player": {"id": 162128, "name": "W. Gnonto", "photo": "https://media.api-sports.io/football/players/162128.png", "type": "Missing Fixture", "reason": "Hernia"}, "team": {"id": 63, "name": "Leeds", "logo": "https://media.api-sports.io/football/teams/63.png"}, "fixture": {"id": 1379040, "timezone": "UTC", "date": "2025-10-18T14:00:00+00:00", "timestamp": 1760796000}, "league": {"id": 39, "season": 2025, "name": "Premier League", "country": "England", "logo": "https://media.api-sports.io/football/leagues/39.png", "flag": "https://media.api-sports.io/flags/gb-eng.svg"}}, {"player": {"id": 443634, "name": "H. Gray", "photo": "https://media.api-sports.io/football/players/443634.png", "type": "Missing Fixture", "reason": "Hip Injury"}, "team": {"id": 63, "name": "Leeds", "logo": "https://media.api-sports.io/football/teams/63.png"}, "fixture": {"id": 1379040, "timezone": "UTC", "date": "2025-10-18T14:00:00+00:00", "timestamp": 1760796000}, "league": {"id": 39, "season": 2025, "name": "Premier League", "country": "England", "logo": "https://media.api-sports.io/football/leagues/39.png", "flag": "https://media.api-sports.io/flags/gb-eng.svg"}}, {"player": {"id": 48389, "name": "N. Okafor", "photo": "https://media.api-sports.io/football/players/48389.png", "type": "Questionable", "reason": "Muscle Injury"}, "team": {"id": 63, "name": "Leeds", "logo": "https://media.api-sports.io/football/teams/63.png"}, "fixture": {"id": 1379040, "timezone": "UTC", "date": "2025-10-18T14:00:00+00:00", "timestamp": 1760796000}, "league": {"id": 39, "season": 2025, "name": "Premier League", "country": "England", "logo": "https://media.api-sports.io/football/leagues/39.png", "flag": "https://media.api-sports.io/flags/gb-eng.svg"}}, {"player": {"id": 443634, "name": "H. Gray", "photo": "https://media.api-sports.io/football/players/443634.png", "type": "Missing Fixture", "reason": "Hip Injury"}, "team": {"id": 63, "name": "Leeds", "logo": "https://media.api-sports.io/football/teams/63.png"}, "fixture": {"id": 1379055, "timezone": "UTC", "date": "2025-10-24T19:00:00+00:00", "timestamp": 1761332400}, "league": {"id": 39, "season": 2025, "name": "Premier League", "country": "England", "logo": "https://media.api-sports.io/football/leagues/39.png", "flag": "https://media.api-sports.io/flags/gb-eng.svg"}}, {"player": {"id": 162128, "name": "W. Gnonto", "photo": "https://media.api-sports.io/football/players/162128.png", "type": "Questionable", "reason": "Hernia"}, "team": {"id": 63, "name": "Leeds", "logo": "https://media.api-sports.io/football/teams/63.png"}, "fixture": {"id": 1379055, "timezone": "UTC", "date": "2025-10-24T19:00:00+00:00", "timestamp": 1761332400}, "league": {"id": 39, "season": 2025, "name": "Premier League", "country": "England", "logo": "https://media.api-sports.io/football/leagues/39.png", "flag": "https://media.api-sports.io/flags/gb-eng.svg"}}, {"player": {"id": 443634, "name": "H. Gray", "photo": "https://media.api-sports.io/football/players/443634.png", "type": "Missing Fixture", "reason": "Hip Injury"}, "team": {"id": 63, "name": "Leeds", "logo": "https://media.api-sports.io/football/teams/63.png"}, "fixture": {"id": 1379059, "timezone": "UTC", "date": "2025-11-01T15:00:00+00:00", "timestamp": 1762009200}, "league": {"id": 39, "season": 2025, "name": "Premier League", "country": "England", "logo": "https://media.api-sports.io/football/leagues/39.png", "flag": "https://media.api-sports.io/flags/gb-eng.svg"}}, {"player": {"id": 162128, "name": "W. Gnonto", "photo": "https://media.api-sports.io/football/players/162128.png", "type": "Questionable", "reason": "Hernia"}, "team": {"id": 63, "name": "Leeds", "logo": "https://media.api-sports.io/football/teams/63.png"}, "fixture": {"id": 1379059, "timezone": "UTC", "date": "2025-11-01T15:00:00+00:00", "timestamp": 1762009200}, "league": {"id": 39, "season": 2025, "name": "Premier League", "country": "England", "logo": "https://media.api-sports.io/football/leagues/39.png", "flag": "https://media.api-sports.io/flags/gb-eng.svg"}}, {"player": {"id": 18901, "name": "S. Longstaff", "photo": "https://media.api-sports.io/football/players/18901.png", "type": "Missing Fixture", "reason": "Calf Injury"}, "team": {"id": 63, "name": "Leeds", "logo": "https://media.api-sports.io/football/teams/63.png"}, "fixture": {"id": 1379094, "timezone": "UTC", "date": "2025-11-29T15:00:00+00:00", "timestamp": 1764428400}, "league": {"id": 39, "season": 2025, "name": "Premier League", "country": "England", "logo": "https://media.api-sports.io/football/leagues/39.png", "flag": "https://media.api-sports.io/flags/gb-eng.svg"}}, {"player": {"id": 177665, "name": "A. Stach", "photo": "https://media.api-sports.io/football/players/177665.png", "type": "Missing Fixture", "reason": "Concussion"}, "team": {"id": 63, "name": "Leeds", "logo": "https://media.api-sports.io/football/teams/63.png"}, "fixture": {"id": 1379094, "timezone": "UTC", "date": "2025-11-29T15:00:00+00:00", "timestamp": 1764428400}, "league": {"id": 39, "season": 2025, "name": "Premier League", "country": "England", "logo": "https://media.api-sports.io/football/leagues/39.png", "flag": "https://media.api-sports.io/flags/gb-eng.svg"}}, {"player": {"id": 1408, "name": "S. Bornauw", "photo": "https://media.api-sports.io/football/players/1408.png", "type": "Questionable", "reason": "Knee Injury"}, "team": {"id": 63, "name": "Leeds", "logo": "https://media.api-sports.io/football/teams/63.png"}, "fixture": {"id": 1379094, "timezone": "UTC", "date": "2025-11-29T15:00:00+00:00", "timestamp": 1764428400}, "league": {"id": 39, "season": 2025, "name": "Premier League", "country": "England", "logo": "https://media.api-sports.io/football/leagues/39.png", "flag": "https://media.api-sports.io/flags/gb-eng.svg"}}, {"player": {"id": 19329, "name": "D. James", "photo": "https://media.api-sports.io/football/players/19329.png", "type": "Missing Fixture", "reason": "Thigh Injury"}, "team": {"id": 63, "name": "Leeds", "logo": "https://media.api-sports.io/football/teams/63.png"}, "fixture": {"id": 1379104, "timezone": "UTC", "date": "2025-12-03T20:15:00+00:00", "timestamp": 1764792900}, "league": {"id": 39, "season": 2025, "name": "Premier League", "country": "England", "logo": "https://media.api-sports.io/football/leagues/39.png", "flag": "https://media.api-sports.io/flags/gb-eng.svg"}}, {"player": {"id": 18901, "name": "S. Longstaff", "photo": "https://media.api-sports.io/football/players/18901.png", "type": "Missing Fixture", "reason": "Calf Injury"}, "team": {"id": 63, "name": "Leeds", "logo": "https://media.api-sports.io/football/teams/63.png"}, "fixture": {"id": 1379104, "timezone": "UTC", "date": "2025-12-03T20:15:00+00:00", "timestamp": 1764792900}, "league": {"id": 39, "season": 2025, "name": "Premier League", "country": "England", "logo": "https://media.api-sports.io/football/leagues/39.png", "flag": "https://media.api-sports.io/flags/gb-eng.svg"}}, {"player": {"id": 19329, "name": "D. James", "photo": "https://media.api-sports.io/football/players/19329.png", "type": "Missing Fixture", "reason": "Hamstring Injury"}, "team": {"id": 63, "name": "Leeds", "logo": "https://media.api-sports.io/football/teams/63.png"}, "fixture": {"id": 1379114, "timezone": "UTC", "date": "2025-12-06T17:30:00+00:00", "timestamp": 1765042200}, "league": {"id": 39, "season": 2025, "name": "Premier League", "country": "England", "logo": "https://media.api-sports.io/football/leagues/39.png", "flag": "https://media.api-sports.io/flags/gb-eng.svg"}}, {"player": {"id": 18901, "name": "S. Longstaff", "photo": "https://media.api-sports.io/football/players/18901.png", "type": "Missing Fixture", "reason": "Calf Injury"}, "team": {"id": 63, "name": "Leeds", "logo": "https://media.api-sports.io/football/teams/63.png"}, "fixture": {"id": 1379114, "timezone": "UTC", "date": "2025-12-06T17:30:00+00:00", "timestamp": 1765042200}, "league": {"id": 39, "season": 2025, "name": "Premier League", "country": "England", "logo": "https://media.api-sports.io/football/leagues/39.png", "flag": "https://media.api-sports.io/flags/gb-eng.svg"}}, {"player": {"id": 19461, "name": "L. Nmecha", "photo": "https://media.api-sports.io/football/players/19461.png", "type": "Questionable", "reason": "Thigh Injury"}, "team": {"id": 63, "name": "Leeds", "logo": "https://media.api-sports.io/football/teams/63.png"}, "fixture": {"id": 1379114, "timezone": "UTC", "date": "2025-12-06T17:30:00+00:00", "timestamp": 1765042200}, "league": {"id": 39, "season": 2025, "name": "Premier League", "country": "England", "logo": "https://media.api-sports.io/football/leagues/39.png", "flag": "https://media.api-sports.io/flags/gb-eng.svg"}}, {"player": {"id": 19329, "name": "D. James", "photo": "https://media.api-sports.io/football/players/19329.png", "type": "Missing Fixture", "reason": "Hamstring Injury"}, "team": {"id": 63, "name": "Leeds", "logo": "https://media.api-sports.io/football/teams/63.png"}, "fixture": {"id": 1379120, "timezone": "UTC", "date": "2025-12-14T16:30:00+00:00", "timestamp": 1765729800}, "league": {"id": 39, "season": 2025, "name": "Premier League", "country": "England", "logo": "https://media.api-sports.io/football/leagues/39.png", "flag": "https://media.api-sports.io/flags/gb-eng.svg"}}, {"player": {"id": 18901, "name": "S. Longstaff", "photo": "https://media.api-sports.io/football/players/18901.png", "type": "Missing Fixture", "reason": "Calf Injury"}, "team": {"id": 63, "name": "Leeds", "logo": "https://media.api-sports.io/football/teams/63.png"}, "fixture": {"id": 1379120, "timezone": "UTC", "date": "2025-12-14T16:30:00+00:00", "timestamp": 1765729800}, "league": {"id": 39, "season": 2025, "name": "Premier League", "country": "England", "logo": "https://media.api-sports.io/football/leagues/39.png", "flag": "https://media.api-sports.io/flags/gb-eng.svg"}}, {"player": {"id": 19461, "name": "L. Nmecha", "photo": "https://media.api-sports.io/football/players/19461.png", "type": "Questionable", "reason": "Thigh Injury"}, "team": {"id": 63, "name": "Leeds", "logo": "https://media.api-sports.io/football/teams/63.png"}, "fixture": {"id": 1379120, "timezone": "UTC", "date": "2025-12-14T16:30:00+00:00", "timestamp": 1765729800}, "league": {"id": 39, "season": 2025, "name": "Premier League", "country": "England", "logo": "https://media.api-sports.io/football/leagues/39.png", "flag": "https://media.api-sports.io/flags/gb-eng.svg"}}, {"player": {"id": 19329, "name": "D. James", "photo": "https://media.api-sports.io/football/players/19329.png", "type": "Missing Fixture", "reason": "Hamstring Injury"}, "team": {"id": 63, "name": "Leeds", "logo": "https://media.api-sports.io/football/teams/63.png"}, "fixture": {"id": 1379134, "timezone": "UTC", "date": "2025-12-20T20:00:00+00:00", "timestamp": 1766260800}, "league": {"id": 39, "season": 2025, "name": "Premier League", "country": "England", "logo": "https://media.api-sports.io/football/leagues/39.png", "flag": "https://media.api-sports.io/flags/gb-eng.svg"}}, {"player": {"id": 18901, "name": "S. Longstaff", "photo": "https://media.api-sports.io/football/players/18901.png", "type": "Missing Fixture", "reason": "Calf Injury"}, "team": {"id": 63, "name": "Leeds", "logo": "https://media.api-sports.io/football/teams/63.png"}, "fixture": {"id": 1379134, "timezone": "UTC", "date": "2025-12-20T20:00:00+00:00", "timestamp": 1766260800}, "league": {"id": 39, "season": 2025, "name": "Premier League", "country": "England", "logo": "https://media.api-sports.io/football/leagues/39.png", "flag": "https://media.api-sports.io/flags/gb-eng.svg"}}, {"player": {"id": 19461, "name": "L. Nmecha", "photo": "https://media.api-sports.io/football/players/19461.png", "type": "Missing Fixture", "reason": "Thigh Injury"}, "team": {"id": 63, "name": "Leeds", "logo": "https://media.api-sports.io/football/teams/63.png"}, "fixture": {"id": 1379134, "timezone": "UTC", "date": "2025-12-20T20:00:00+00:00", "timestamp": 1766260800}, "league": {"id": 39, "season": 2025, "name": "Premier League", "country": "England", "logo": "https://media.api-sports.io/football/leagues/39.png", "flag": "https://media.api-sports.io/flags/gb-eng.svg"}}, {"player": {"id": 19329, "name": "D. James", "photo": "https://media.api-sports.io/football/players/19329.png", "type": "Missing Fixture", "reason": "Hamstring Injury"}, "team": {"id": 63, "name": "Leeds", "logo": "https://media.api-sports.io/football/teams/63.png"}, "fixture": {"id": 1379147, "timezone": "UTC", "date": "2025-12-28T14:00:00+00:00", "timestamp": 1766930400}, "league": {"id": 39, "season": 2025, "name": "Premier League", "country": "England", "logo": "https://media.api-sports.io/football/leagues/39.png", "flag": "https://media.api-sports.io/flags/gb-eng.svg"}}, {"player": {"id": 18901, "name": "S. Longstaff", "photo": "https://media.api-sports.io/football/players/18901.png", "type": "Missing Fixture", "reason": "Calf Injury"}, "team": {"id": 63, "name": "Leeds", "logo": "https://media.api-sports.io/football/teams/63.png"}, "fixture": {"id": 1379147, "timezone": "UTC", "date": "2025-12-28T14:00:00+00:00", "timestamp": 1766930400}, "league": {"id": 39, "season": 2025, "name": "Premier League", "country": "England", "logo": "https://media.api-sports.io/football/leagues/39.png", "flag": "https://media.api-sports.io/flags/gb-eng.svg"}}, {"player": {"id": 19329, "name": "D. James", "photo": "https://media.api-sports.io/football/players/19329.png", "type": "Missing Fixture", "reason": "Hamstring Injury"}, "team": {"id": 63, "name": "Leeds", "logo": "https://media.api-sports.io/football/teams/63.png"}, "fixture": {"id": 1379154, "timezone": "UTC", "date": "2026-01-01T17:30:00+00:00", "timestamp": 1767288600}, "league": {"id": 39, "season": 2025, "name": "Premier League", "country": "England", "logo": "https://media.api-sports.io/football/leagues/39.png", "flag": "https://media.api-sports.io/flags/gb-eng.svg"}}, {"player": {"id": 18901, "name": "S. Longstaff", "photo": "https://media.api-sports.io/football/players/18901.png", "type": "Missing Fixture", "reason": "Calf Injury"}, "team": {"id": 63, "name": "Leeds", "logo": "https://media.api-sports.io/football/teams/63.png"}, "fixture": {"id": 1379154, "timezone": "UTC", "date": "2026-01-01T17:30:00+00:00", "timestamp": 1767288600}, "league": {"id": 39, "season": 2025, "name": "Premier League", "country": "England", "logo": "https://media.api-sports.io/football/leagues/39.png", "flag": "https://media.api-sports.io/flags/gb-eng.svg"}}, {"player": {"id": 19321, "name": "J. Rodon", "photo": "https://media.api-sports.io/football/players/19321.png", "type": "Missing Fixture", "reason": "Ankle Injury"}, "team": {"id": 63, "name": "Leeds", "logo": "https://media.api-sports.io/football/teams/63.png"}, "fixture": {"id": 1379154, "timezone": "UTC", "date": "2026-01-01T17:30:00+00:00", "timestamp": 1767288600}, "league": {"id": 39, "season": 2025, "name": "Premier League", "country": "England", "logo": "https://media.api-sports.io/football/leagues/39.png", "flag": "https://media.api-sports.io/flags/gb-eng.svg"}}, {"player": {"id": 2279, "name": "E. Ampadu", "photo": "https://media.api-sports.io/football/players/2279.png", "type": "Missing Fixture", "reason": "Yellow Cards"}, "team": {"id": 63, "name": "Leeds", "logo": "https://media.api-sports.io/football/teams/63.png"}, "fixture": {"id": 1379164, "timezone": "UTC", "date": "2026-01-04T12:30:00+00:00", "timestamp": 1767529800}, "league": {"id": 39, "season": 2025, "name": "Premier League", "country": "England", "logo": "https://media.api-sports.io/football/leagues/39.png", "flag": "https://media.api-sports.io/flags/gb-eng.svg"}}, {"player": {"id": 19329, "name": "D. James", "photo": "https://media.api-sports.io/football/players/19329.png", "type": "Missing Fixture", "reason": "Hamstring Injury"}, "team": {"id": 63, "name": "Leeds", "logo": "https://media.api-sports.io/football/teams/63.png"}, "fixture": {"id": 1379164, "timezone": "UTC", "date": "2026-01-04T12:30:00+00:00", "timestamp": 1767529800}, "league": {"id": 39, "season": 2025, "name": "Premier League", "country": "England", "logo": "https://media.api-sports.io/football/leagues/39.png", "flag": "https://media.api-sports.io/flags/gb-eng.svg"}}, {"player": {"id": 19321, "name": "J. Rodon", "photo": "https://media.api-sports.io/football/players/19321.png", "type": "Missing Fixture", "reason": "Ankle Injury"}, "team": {"id": 63, "name": "Leeds", "logo": "https://media.api-sports.io/football/teams/63.png"}, "fixture": {"id": 1379164, "timezone": "UTC", "date": "2026-01-04T12:30:00+00:00", "timestamp": 1767529800}, "league": {"id": 39, "season": 2025, "name": "Premier League", "country": "England", "logo": "https://media.api-sports.io/football/leagues/39.png", "flag": "https://media.api-sports.io/flags/gb-eng.svg"}}, {"player": {"id": 19329, "name": "D. James", "photo": "https://media.api-sports.io/football/players/19329.png", "type": "Missing Fixture", "reason": "Hamstring Injury"}, "team": {"id": 63, "name": "Leeds", "logo": "https://media.api-sports.io/football/teams/63.png"}, "fixture": {"id": 1379182, "timezone": "UTC", "date": "2026-01-17T15:00:00+00:00", "timestamp": 1768662000}, "league": {"id": 39, "season": 2025, "name": "Premier League", "country": "England", "logo": "https://media.api-sports.io/football/leagues/39.png", "flag": "https://media.api-sports.io/flags/gb-eng.svg"}}, {"player": {"id": 833, "name": "J. Bijol", "photo": "https://media.api-sports.io/football/players/833.png", "type": "Missing Fixture", "reason": "Hamstring Injury"}, "team": {"id": 63, "name": "Leeds", "logo": "https://media.api-sports.io/football/teams/63.png"}, "fixture": {"id": 1379194, "timezone": "UTC", "date": "2026-01-26T20:00:00+00:00", "timestamp": 1769457600}, "league": {"id": 39, "season": 2025, "name": "Premier League", "country": "England", "logo": "https://media.api-sports.io/football/leagues/39.png", "flag": "https://media.api-sports.io/flags/gb-eng.svg"}}, {"player": {"id": 19329, "name": "D. James", "photo": "https://media.api-sports.io/football/players/19329.png", "type": "Missing Fixture", "reason": "Hamstring Injury"}, "team": {"id": 63, "name": "Leeds", "logo": "https://media.api-sports.io/football/teams/63.png"}, "fixture": {"id": 1379194, "timezone": "UTC", "date": "2026-01-26T20:00:00+00:00", "timestamp": 1769457600}, "league": {"id": 39, "season": 2025, "name": "Premier League", "country": "England", "logo": "https://media.api-sports.io/football/leagues/39.png", "flag": "https://media.api-sports.io/flags/gb-eng.svg"}}, {"player": {"id": 47969, "name": "G. Gudmundsson", "photo": "https://media.api-sports.io/football/players/47969.png", "type": "Questionable", "reason": "Muscle Injury"}, "team": {"id": 63, "name": "Leeds", "logo": "https://media.api-sports.io/football/teams/63.png"}, "fixture": {"id": 1379194, "timezone": "UTC", "date": "2026-01-26T20:00:00+00:00", "timestamp": 1769457600}, "league": {"id": 39, "season": 2025, "name": "Premier League", "country": "England", "logo": "https://media.api-sports.io/football/leagues/39.png", "flag": "https://media.api-sports.io/flags/gb-eng.svg"}}, {"player": {"id": 833, "name": "J. Bijol", "photo": "https://media.api-sports.io/football/players/833.png", "type": "Missing Fixture", "reason": "Hamstring Injury"}, "team": {"id": 63, "name": "Leeds", "logo": "https://media.api-sports.io/football/teams/63.png"}, "fixture": {"id": 1379202, "timezone": "UTC", "date": "2026-01-31T15:00:00+00:00", "timestamp": 1769871600}, "league": {"id": 39, "season": 2025, "name": "Premier League", "country": "England", "logo": "https://media.api-sports.io/football/leagues/39.png", "flag": "https://media.api-sports.io/flags/gb-eng.svg"}}, {"player": {"id": 19461, "name": "L. Nmecha", "photo": "https://media.api-sports.io/football/players/19461.png", "type": "Missing Fixture", "reason": "Muscle Injury"}, "team": {"id": 63, "name": "Leeds", "logo": "https://media.api-sports.io/football/teams/63.png"}, "fixture": {"id": 1379202, "timezone": "UTC", "date": "2026-01-31T15:00:00+00:00", "timestamp": 1769871600}, "league": {"id": 39, "season": 2025, "name": "Premier League", "country": "England", "logo": "https://media.api-sports.io/football/leagues/39.png", "flag": "https://media.api-sports.io/flags/gb-eng.svg"}}, {"player": {"id": 19329, "name": "D. James", "photo": "https://media.api-sports.io/football/players/19329.png", "type": "Questionable", "reason": "Hamstring Injury"}, "team": {"id": 63, "name": "Leeds", "logo": "https://media.api-sports.io/football/teams/63.png"}, "fixture": {"id": 1379202, "timezone": "UTC", "date": "2026-01-31T15:00:00+00:00", "timestamp": 1769871600}, "league": {"id": 39, "season": 2025, "name": "Premier League", "country": "England", "logo": "https://media.api-sports.io/football/leagues/39.png", "flag": "https://media.api-sports.io/flags/gb-eng.svg"}}, {"player": {"id": 177665, "name": "A. Stach", "photo": "https://media.api-sports.io/football/players/177665.png", "type": "Missing Fixture", "reason": "Hip Injury"}, "team": {"id": 63, "name": "Leeds", "logo": "https://media.api-sports.io/football/teams/63.png"}, "fixture": {"id": 1379214, "timezone": "UTC", "date": "2026-02-06T20:00:00+00:00", "timestamp": 1770408000}, "league": {"id": 39, "season": 2025, "name": "Premier League", "country": "England", "logo": "https://media.api-sports.io/football/leagues/39.png", "flag": "https://media.api-sports.io/flags/gb-eng.svg"}}, {"player": {"id": 177665, "name": "A. Stach", "photo": "https://media.api-sports.io/football/players/177665.png", "type": "Missing Fixture", "reason": "Hip Injury"}, "team": {"id": 63, "name": "Leeds", "logo": "https://media.api-sports.io/football/teams/63.png"}, "fixture": {"id": 1379221, "timezone": "UTC", "date": "2026-02-10T19:30:00+00:00", "timestamp": 1770751800}, "league": {"id": 39, "season": 2025, "name": "Premier League", "country": "England", "logo": "https://media.api-sports.io/football/leagues/39.png", "flag": "https://media.api-sports.io/flags/gb-eng.svg"}}, {"player": {"id": 64003, "name": "P. Struijk", "photo": "https://media.api-sports.io/football/players/64003.png", "type": "Missing Fixture", "reason": "Hip Injury"}, "team": {"id": 63, "name": "Leeds", "logo": "https://media.api-sports.io/football/teams/63.png"}, "fixture": {"id": 1379221, "timezone": "UTC", "date": "2026-02-10T19:30:00+00:00", "timestamp": 1770751800}, "league": {"id": 39, "season": 2025, "name": "Premier League", "country": "England", "logo": "https://media.api-sports.io/football/leagues/39.png", "flag": "https://media.api-sports.io/flags/gb-eng.svg"}}]}