{"get": "injuries", "parameters": {"league": "78", "season": "2025", "team": "172"}, "errors": [], "results": 87, "paging": {"current": 1, "total": 1}, "response": [{"player": {"id": 13, "name": "Dan Axel Zagadou", "photo": "https://media.api-sports.io/football/players/13.png", "type": "Missing Fixture", "reason": "Injured Doubtful"}, "team": {"id": 172, "name": "VfB Stuttgart", "logo": "https://media.api-sports.io/football/teams/172.png"}, "fixture": {"id": 1388316, "timezone": "UTC", "date": "2025-08-23T13:30:00+00:00", "timestamp": 1755955800}, "league": {"id": 78, "season": 2025, "name": "Bundesliga", "country": "Germany", "logo": "https://media.api-sports.io/football/leagues/78.png", "flag": "https://media.api-sports.io/flags/de.svg"}}, {"player": {"id": 48481, "name": "Leonidas Stergiou", "photo": "https://media.api-sports.io/football/players/48481.png", "type": "Missing Fixture", "reason": "Foot injury"}, "team": {"id": 172, "name": "VfB Stuttgart", "logo": "https://media.api-sports.io/football/teams/172.png"}, "fixture": {"id": 1388316, "timezone": "UTC", "date": "2025-08-23T13:30:00+00:00", "timestamp": 1755955800}, "league": {"id": 78, "season": 2025, "name": "Bundesliga", "country": "Germany", "logo": "https://media.api-sports.io/football/leagues/78.png", "flag": "https://media.api-sports.io/flags/de.svg"}}, {"player": {"id": 287927, "name": "Justin Diehl", "photo": "https://media.api-sports.io/football/players/287927.png", "type": "Missing Fixture", "reason": "Injured Doubtful"}, "team": {"id": 172, "name": "VfB Stuttgart", "logo": "https://media.api-sports.io/football/teams/172.png"}, "fixture": {"id": 1388316, "timezone": "UTC", "date": "2025-08-23T13:30:00+00:00", "timestamp": 1755955800}, "league": {"id": 78, "season": 2025, "name": "Bundesliga", "country": "Germany", "logo": "https://media.api-sports.io/football/leagues/78.png", "flag": "https://media.api-sports.io/flags/de.svg"}}, {"player": {"id": 25597, "name": "F. Bredlow", "photo": "https://media.api-sports.io/football/players/25597.png", "type": "Missing Fixture", "reason": "Knee Injury"}, "team": {"id": 172, "name": "VfB Stuttgart", "logo": "https://media.api-sports.io/football/teams/172.png"}, "fixture": {"id": 1388342, "timezone": "UTC", "date": "2025-09-19T18:30:00+00:00", "timestamp": 1758306600}, "league": {"id": 78, "season": 2025, "name": "Bundesliga", "country": "Germany", "logo": "https://media.api-sports.io/football/leagues/78.png", "flag": "https://media.api-sports.io/flags/de.svg"}}, {"player": {"id": 287927, "name": "J. Diehl", "photo": "https://media.api-sports.io/football/players/287927.png", "type": "Missing Fixture", "reason": "Muscle Injury"}, "team": {"id": 172, "name": "VfB Stuttgart", "logo": "https://media.api-sports.io/football/teams/172.png"}, "fixture": {"id": 1388342, "timezone": "UTC", "date": "2025-09-19T18:30:00+00:00", "timestamp": 1758306600}, "league": {"id": 78, "season": 2025, "name": "Bundesliga", "country": "Germany", "logo": "https://media.api-sports.io/football/leagues/78.png", "flag": "https://media.api-sports.io/flags/de.svg"}}, {"player": {"id": 20617, "name": "Silas", "photo": "https://media.api-sports.io/football/players/20617.png", "type": "Missing Fixture", "reason": "Ankle Injury"}, "team": {"id": 172, "name": "VfB Stuttgart", "logo": "https://media.api-sports.io/football/teams/172.png"}, "fixture": {"id": 1388342, "timezone": "UTC", "date": "2025-09-19T18:30:00+00:00", "timestamp": 1758306600}, "league": {"id": 78, "season": 2025, "name": "Bundesliga", "country": "Germany", "logo": "https://media.api-sports.io/football/leagues/78.png", "flag": "https://media.api-sports.io/flags/de.svg"}}, {"player": {"id": 48481, "name": "L. Stergiou", "photo": "https://media.api-sports.io/football/players/48481.png", "type": "Missing Fixture", "reason": "Ankle Injury"}, "team": {"id": 172, "name": "VfB Stuttgart", "logo": "https://media.api-sports.io/football/teams/172.png"}, "fixture": {"id": 1388342, "timezone": "UTC", "date": "2025-09-19T18:30:00+00:00", "timestamp": 1758306600}, "league": {"id": 78, "season": 2025, "name": "Bundesliga", "country": "Germany", "logo": "https://media.api-sports.io/football/leagues/78.png", "flag": "https://media.api-sports.io/flags/de.svg"}}, {"player": {"id": 26475, "name": "D. Undav", "photo": "https://media.api-sports.io/football/players/26475.png", "type": "Missing Fixture", "reason": "Knee Injury"}, "team": {"id": 172, "name": "VfB Stuttgart", "logo": "https://media.api-sports.io/football/teams/172.png"}, "fixture": {"id": 1388342, "timezone": "UTC", "date": "2025-09-19T18:30:00+00:00", "timestamp": 1758306600}, "league": {"id": 78, "season": 2025, "name": "Bundesliga", "country": "Germany", "logo": "https://media.api-sports.io/football/leagues/78.png", "flag": "https://media.api-sports.io/flags/de.svg"}}, {"player": {"id": 349344, "name": "L. Jaquez", "photo": "https://media.api-sports.io/football/players/349344.png", "type": "Questionable", "reason": "Broken nose"}, "team": {"id": 172, "name": "VfB Stuttgart", "logo": "https://media.api-sports.io/football/teams/172.png"}, "fixture": {"id": 1388342, "timezone": "UTC", "date": "2025-09-19T18:30:00+00:00", "timestamp": 1758306600}, "league": {"id": 78, "season": 2025, "name": "Bundesliga", "country": "Germany", "logo": "https://media.api-sports.io/football/leagues/78.png", "flag": "https://media.api-sports.io/flags/de.svg"}}, {"player": {"id": 394734, "name": "F. Jeltsch", "photo": "https://media.api-sports.io/football/players/394734.png", "type": "Missing Fixture", "reason": "Muscle Injury"}, "team": {"id": 172, "name": "VfB Stuttgart", "logo": "https://media.api-sports.io/football/teams/172.png"}, "fixture": {"id": 1388346, "timezone": "UTC", "date": "2025-09-28T15:30:00+00:00", "timestamp": 1759073400}, "league": {"id": 78, "season": 2025, "name": "Bundesliga", "country": "Germany", "logo": "https://media.api-sports.io/football/leagues/78.png", "flag": "https://media.api-sports.io/flags/de.svg"}}, {"player": {"id": 20617, "name": "Silas", "photo": "https://media.api-sports.io/football/players/20617.png", "type": "Missing Fixture", "reason": "Ankle Injury"}, "team": {"id": 172, "name": "VfB Stuttgart", "logo": "https://media.api-sports.io/football/teams/172.png"}, "fixture": {"id": 1388346, "timezone": "UTC", "date": "2025-09-28T15:30:00+00:00", "timestamp": 1759073400}, "league": {"id": 78, "season": 2025, "name": "Bundesliga", "country": "Germany", "logo": "https://media.api-sports.io/football/leagues/78.png", "flag": "https://media.api-sports.io/flags/de.svg"}}, {"player": {"id": 26475, "name": "D. Undav", "photo": "https://media.api-sports.io/football/players/26475.png", "type": "Missing Fixture", "reason": "Knee Injury"}, "team": {"id": 172, "name": "VfB Stuttgart", "logo": "https://media.api-sports.io/football/teams/172.png"}, "fixture": {"id": 1388346, "timezone": "UTC", "date": "2025-09-28T15:30:00+00:00", "timestamp": 1759073400}, "league": {"id": 78, "season": 2025, "name": "Bundesliga", "country": "Germany", "logo": "https://media.api-sports.io/football/leagues/78.png", "flag": "https://media.api-sports.io/flags/de.svg"}}, {"player": {"id": 287927, "name": "J. Diehl", "photo": "https://media.api-sports.io/football/players/287927.png", "type": "Questionable", "reason": "Muscle Injury"}, "team": {"id": 172, "name": "VfB Stuttgart", "logo": "https://media.api-sports.io/football/teams/172.png"}, "fixture": {"id": 1388346, "timezone": "UTC", "date": "2025-09-28T15:30:00+00:00", "timestamp": 1759073400}, "league": {"id": 78, "season": 2025, "name": "Bundesliga", "country": "Germany", "logo": "https://media.api-sports.io/football/leagues/78.png", "flag": "https://media.api-sports.io/flags/de.svg"}}, {"player": {"id": 48481, "name": "L. Stergiou", "photo": "https://media.api-sports.io/football/players/48481.png", "type": "Questionable", "reason": "Ankle Injury"}, "team": {"id": 172, "name": "VfB Stuttgart", "logo": "https://media.api-sports.io/football/teams/172.png"}, "fixture": {"id": 1388346, "timezone": "UTC", "date": "2025-09-28T15:30:00+00:00", "timestamp": 1759073400}, "league": {"id": 78, "season": 2025, "name": "Bundesliga", "country": "Germany", "logo": "https://media.api-sports.io/football/leagues/78.png", "flag": "https://media.api-sports.io/flags/de.svg"}}, {"player": {"id": 394734, "name": "F. Jeltsch", "photo": "https://media.api-sports.io/football/players/394734.png", "type": "Missing Fixture", "reason": "Muscle Injury"}, "team": {"id": 172, "name": "VfB Stuttgart", "logo": "https://media.api-sports.io/football/teams/172.png"}, "fixture": {"id": 1388360, "timezone": "UTC", "date": "2025-10-05T13:30:00+00:00", "timestamp": 1759671000}, "league": {"id": 78, "season": 2025, "name": "Bundesliga", "country": "Germany", "logo": "https://media.api-sports.io/football/leagues/78.png", "flag": "https://media.api-sports.io/flags/de.svg"}}, {"player": {"id": 26475, "name": "D. Undav", "photo": "https://media.api-sports.io/football/players/26475.png", "type": "Missing Fixture", "reason": "Knee Injury"}, "team": {"id": 172, "name": "VfB Stuttgart", "logo": "https://media.api-sports.io/football/teams/172.png"}, "fixture": {"id": 1388360, "timezone": "UTC", "date": "2025-10-05T13:30:00+00:00", "timestamp": 1759671000}, "league": {"id": 78, "season": 2025, "name": "Bundesliga", "country": "Germany", "logo": "https://media.api-sports.io/football/leagues/78.png", "flag": "https://media.api-sports.io/flags/de.svg"}}, {"player": {"id": 287927, "name": "J. Diehl", "photo": "https://media.api-sports.io/football/players/287927.png", "type": "Questionable", "reason": "Muscle Injury"}, "team": {"id": 172, "name": "VfB Stuttgart", "logo": "https://media.api-sports.io/football/teams/172.png"}, "fixture": {"id": 1388360, "timezone": "UTC", "date": "2025-10-05T13:30:00+00:00", "timestamp": 1759671000}, "league": {"id": 78, "season": 2025, "name": "Bundesliga", "country": "Germany", "logo": "https://media.api-sports.io/football/leagues/78.png", "flag": "https://media.api-sports.io/flags/de.svg"}}, {"player": {"id": 48481, "name": "L. Stergiou", "photo": "https://media.api-sports.io/football/players/48481.png", "type": "Questionable", "reason": "Ankle Injury"}, "team": {"id": 172, "name": "VfB Stuttgart", "logo": "https://media.api-sports.io/football/teams/172.png"}, "fixture": {"id": 1388360, "timezone": "UTC", "date": "2025-10-05T13:30:00+00:00", "timestamp": 1759671000}, "league": {"id": 78, "season": 2025, "name": "Bundesliga", "country": "Germany", "logo": "https://media.api-sports.io/football/leagues/78.png", "flag": "https://media.api-sports.io/flags/de.svg"}}, {"player": {"id": 46930, "name": "E. Demirovic", "photo": "https://media.api-sports.io/football/players/46930.png", "type": "Missing Fixture", "reason": "Foot Injury"}, "team": {"id": 172, "name": "VfB Stuttgart", "logo": "https://media.api-sports.io/football/teams/172.png"}, "fixture": {"id": 1388370, "timezone": "UTC", "date": "2025-10-18T13:30:00+00:00", "timestamp": 1760794200}, "league": {"id": 78, "season": 2025, "name": "Bundesliga", "country": "Germany", "logo": "https://media.api-sports.io/football/leagues/78.png", "flag": "https://media.api-sports.io/flags/de.svg"}}, {"player": {"id": 178217, "name": "S. Drljaca", "photo": "https://media.api-sports.io/football/players/178217.png", "type": "Missing Fixture", "reason": "Injury"}, "team": {"id": 172, "name": "VfB Stuttgart", "logo": "https://media.api-sports.io/football/teams/172.png"}, "fixture": {"id": 1388370, "timezone": "UTC", "date": "2025-10-18T13:30:00+00:00", "timestamp": 1760794200}, "league": {"id": 78, "season": 2025, "name": "Bundesliga", "country": "Germany", "logo": "https://media.api-sports.io/football/leagues/78.png", "flag": "https://media.api-sports.io/flags/de.svg"}}, {"player": {"id": 128533, "name": "J. Leweling", "photo": "https://media.api-sports.io/football/players/128533.png", "type": "Missing Fixture", "reason": "Groin Injury"}, "team": {"id": 172, "name": "VfB Stuttgart", "logo": "https://media.api-sports.io/football/teams/172.png"}, "fixture": {"id": 1388370, "timezone": "UTC", "date": "2025-10-18T13:30:00+00:00", "timestamp": 1760794200}, "league": {"id": 78, "season": 2025, "name": "Bundesliga", "country": "Germany", "logo": "https://media.api-sports.io/football/leagues/78.png", "flag": "https://media.api-sports.io/flags/de.svg"}}, {"player": {"id": 20617, "name": "Silas", "photo": "https://media.api-sports.io/football/players/20617.png", "type": "Missing Fixture", "reason": "Ankle Injury"}, "team": {"id": 172, "name": "VfB Stuttgart", "logo": "https://media.api-sports.io/football/teams/172.png"}, "fixture": {"id": 1388370, "timezone": "UTC", "date": "2025-10-18T13:30:00+00:00", "timestamp": 1760794200}, "league": {"id": 78, "season": 2025, "name": "Bundesliga", "country": "Germany", "logo": "https://media.api-sports.io/football/leagues/78.png", "flag": "https://media.api-sports.io/flags/de.svg"}}, {"player": {"id": 13, "name": "D. Zagadou", "photo": "https://media.api-sports.io/football/players/13.png", "type": "Missing Fixture", "reason": "Inactive"}, "team": {"id": 172, "name": "VfB Stuttgart", "logo": "https://media.api-sports.io/football/teams/172.png"}, "fixture": {"id": 1388370, "timezone": "UTC", "date": "2025-10-18T13:30:00+00:00", "timestamp": 1760794200}, "league": {"id": 78, "season": 2025, "name": "Bundesliga", "country": "Germany", "logo": "https://media.api-sports.io/football/leagues/78.png", "flag": "https://media.api-sports.io/flags/de.svg"}}, {"player": {"id": 46930, "name": "E. Demirovic", "photo": "https://media.api-sports.io/football/players/46930.png", "type": "Missing Fixture", "reason": "Foot Injury"}, "team": {"id": 172, "name": "VfB Stuttgart", "logo": "https://media.api-sports.io/football/teams/172.png"}, "fixture": {"id": 1388378, "timezone": "UTC", "date": "2025-10-26T16:30:00+00:00", "timestamp": 1761496200}, "league": {"id": 78, "season": 2025, "name": "Bundesliga", "country": "Germany", "logo": "https://media.api-sports.io/football/leagues/78.png", "flag": "https://media.api-sports.io/flags/de.svg"}}, {"player": {"id": 287927, "name": "J. Diehl", "photo": "https://media.api-sports.io/football/players/287927.png", "type": "Missing Fixture", "reason": "Ankle Injury"}, "team": {"id": 172, "name": "VfB Stuttgart", "logo": "https://media.api-sports.io/football/teams/172.png"}, "fixture": {"id": 1388378, "timezone": "UTC", "date": "2025-10-26T16:30:00+00:00", "timestamp": 1761496200}, "league": {"id": 78, "season": 2025, "name": "Bundesliga", "country": "Germany", "logo": "https://media.api-sports.io/football/leagues/78.png", "flag": "https://media.api-sports.io/flags/de.svg"}}, {"player": {"id": 178217, "name": "S. Drljaca", "photo": "https://media.api-sports.io/football/players/178217.png", "type": "Missing Fixture", "reason": "Injury"}, "team": {"id": 172, "name": "VfB Stuttgart", "logo": "https://media.api-sports.io/football/teams/172.png"}, "fixture": {"id": 1388378, "timezone": "UTC", "date": "2025-10-26T16:30:00+00:00", "timestamp": 1761496200}, "league": {"id": 78, "season": 2025, "name": "Bundesliga", "country": "Germany", "logo": "https://media.api-sports.io/football/leagues/78.png", "flag": "https://media.api-sports.io/flags/de.svg"}}, {"player": {"id": 20617, "name": "Silas", "photo": "https://media.api-sports.io/football/players/20617.png", "type": "Questionable", "reason": "Ankle Injury"}, "team": {"id": 172, "name": "VfB Stuttgart", "logo": "https://media.api-sports.io/football/teams/172.png"}, "fixture": {"id": 1388378, "timezone": "UTC", "date": "2025-10-26T16:30:00+00:00", "timestamp": 1761496200}, "league": {"id": 78, "season": 2025, "name": "Bundesliga", "country": "Germany", "logo": "https://media.api-sports.io/football/leagues/78.png", "flag": "https://media.api-sports.io/flags/de.svg"}}, {"player": {"id": 46930, "name": "E. Demirovic", "photo": "https://media.api-sports.io/football/players/46930.png", "type": "Missing Fixture", "reason": "Foot Injury"}, "team": {"id": 172, "name": "VfB Stuttgart", "logo": "https://media.api-sports.io/football/teams/172.png"}, "fixture": {"id": 1388385, "timezone": "UTC", "date": "2025-11-01T14:30:00+00:00", "timestamp": 1762007400}, "league": {"id": 78, "season": 2025, "name": "Bundesliga", "country": "Germany", "logo": "https://media.api-sports.io/football/leagues/78.png", "flag": "https://media.api-sports.io/flags/de.svg"}}, {"player": {"id": 287927, "name": "J. Diehl", "photo": "https://media.api-sports.io/football/players/287927.png", "type": "Missing Fixture", "reason": "Ankle Injury"}, "team": {"id": 172, "name": "VfB Stuttgart", "logo": "https://media.api-sports.io/football/teams/172.png"}, "fixture": {"id": 1388385, "timezone": "UTC", "date": "2025-11-01T14:30:00+00:00", "timestamp": 1762007400}, "league": {"id": 78, "season": 2025, "name": "Bundesliga", "country": "Germany", "logo": "https://media.api-sports.io/football/leagues/78.png", "flag": "https://media.api-sports.io/flags/de.svg"}}, {"player": {"id": 20617, "name": "Silas", "photo": "https://media.api-sports.io/football/players/20617.png", "type": "Missing Fixture", "reason": "Ankle Injury"}, "team": {"id": 172, "name": "VfB Stuttgart", "logo": "https://media.api-sports.io/football/teams/172.png"}, "fixture": {"id": 1388385, "timezone": "UTC", "date": "2025-11-01T14:30:00+00:00", "timestamp": 1762007400}, "league": {"id": 78, "season": 2025, "name": "Bundesliga", "country": "Germany", "logo": "https://media.api-sports.io/football/leagues/78.png", "flag": "https://media.api-sports.io/flags/de.svg"}}, {"player": {"id": 13, "name": "D. Zagadou", "photo": "https://media.api-sports.io/football/players/13.png", "type": "Missing Fixture", "reason": "Muscle Injury"}, "team": {"id": 172, "name": "VfB Stuttgart", "logo": "https://media.api-sports.io/football/teams/172.png"}, "fixture": {"id": 1388385, "timezone": "UTC", "date": "2025-11-01T14:30:00+00:00", "timestamp": 1762007400}, "league": {"id": 78, "season": 2025, "name": "Bundesliga", "country": "Germany", "logo": "https://media.api-sports.io/football/leagues/78.png", "flag": "https://media.api-sports.io/flags/de.svg"}}, {"player": {"id": 46930, "name": "E. Demirovic", "photo": "https://media.api-sports.io/football/players/46930.png", "type": "Missing Fixture", "reason": "Foot Injury"}, "team": {"id": 172, "name": "VfB Stuttgart", "logo": "https://media.api-sports.io/football/teams/172.png"}, "fixture": {"id": 1388395, "timezone": "UTC", "date": "2025-11-09T16:30:00+00:00", "timestamp": 1762705800}, "league": {"id": 78, "season": 2025, "name": "Bundesliga", "country": "Germany", "logo": "https://media.api-sports.io/football/leagues/78.png", "flag": "https://media.api-sports.io/flags/de.svg"}}, {"player": {"id": 287927, "name": "J. Diehl", "photo": "https://media.api-sports.io/football/players/287927.png", "type": "Missing Fixture", "reason": "Ankle Injury"}, "team": {"id": 172, "name": "VfB Stuttgart", "logo": "https://media.api-sports.io/football/teams/172.png"}, "fixture": {"id": 1388395, "timezone": "UTC", "date": "2025-11-09T16:30:00+00:00", "timestamp": 1762705800}, "league": {"id": 78, "season": 2025, "name": "Bundesliga", "country": "Germany", "logo": "https://media.api-sports.io/football/leagues/78.png", "flag": "https://media.api-sports.io/flags/de.svg"}}, {"player": {"id": 349344, "name": "L. Jaquez", "photo": "https://media.api-sports.io/football/players/349344.png", "type": "Missing Fixture", "reason": "Muscle Injury"}, "team": {"id": 172, "name": "VfB Stuttgart", "logo": "https://media.api-sports.io/football/teams/172.png"}, "fixture": {"id": 1388395, "timezone": "UTC", "date": "2025-11-09T16:30:00+00:00", "timestamp": 1762705800}, "league": {"id": 78, "season": 2025, "name": "Bundesliga", "country": "Germany", "logo": "https://media.api-sports.io/football/leagues/78.png", "flag": "https://media.api-sports.io/flags/de.svg"}}, {"player": {"id": 20617, "name": "Silas", "photo": "https://media.api-sports.io/football/players/20617.png", "type": "Missing Fixture", "reason": "Ankle Injury"}, "team": {"id": 172, "name": "VfB Stuttgart", "logo": "https://media.api-sports.io/football/teams/172.png"}, "fixture": {"id": 1388395, "timezone": "UTC", "date": "2025-11-09T16:30:00+00:00", "timestamp": 1762705800}, "league": {"id": 78, "season": 2025, "name": "Bundesliga", "country": "Germany", "logo": "https://media.api-sports.io/football/leagues/78.png", "flag": "https://media.api-sports.io/flags/de.svg"}}, {"player": {"id": 46930, "name": "E. Demirovic", "photo": "https://media.api-sports.io/football/players/46930.png", "type": "Missing Fixture", "reason": "Foot Injury"}, "team": {"id": 172, "name": "VfB Stuttgart", "logo": "https://media.api-sports.io/football/teams/172.png"}, "fixture": {"id": 1388400, "timezone": "UTC", "date": "2025-11-22T14:30:00+00:00", "timestamp": 1763821800}, "league": {"id": 78, "season": 2025, "name": "Bundesliga", "country": "Germany", "logo": "https://media.api-sports.io/football/leagues/78.png", "flag": "https://media.api-sports.io/flags/de.svg"}}, {"player": {"id": 287927, "name": "J. Diehl", "photo": "https://media.api-sports.io/football/players/287927.png", "type": "Missing Fixture", "reason": "Ankle Injury"}, "team": {"id": 172, "name": "VfB Stuttgart", "logo": "https://media.api-sports.io/football/teams/172.png"}, "fixture": {"id": 1388400, "timezone": "UTC", "date": "2025-11-22T14:30:00+00:00", "timestamp": 1763821800}, "league": {"id": 78, "season": 2025, "name": "Bundesliga", "country": "Germany", "logo": "https://media.api-sports.io/football/leagues/78.png", "flag": "https://media.api-sports.io/flags/de.svg"}}, {"player": {"id": 178093, "name": "Y. Keitel", "photo": "https://media.api-sports.io/football/players/178093.png", "type": "Missing Fixture", "reason": "Thigh Injury"}, "team": {"id": 172, "name": "VfB Stuttgart", "logo": "https://media.api-sports.io/football/teams/172.png"}, "fixture": {"id": 1388400, "timezone": "UTC", "date": "2025-11-22T14:30:00+00:00", "timestamp": 1763821800}, "league": {"id": 78, "season": 2025, "name": "Bundesliga", "country": "Germany", "logo": "https://media.api-sports.io/football/leagues/78.png", "flag": "https://media.api-sports.io/flags/de.svg"}}, {"player": {"id": 349344, "name": "L. Jaquez", "photo": "https://media.api-sports.io/football/players/349344.png", "type": "Questionable", "reason": "Muscle Injury"}, "team": {"id": 172, "name": "VfB Stuttgart", "logo": "https://media.api-sports.io/football/teams/172.png"}, "fixture": {"id": 1388400, "timezone": "UTC", "date": "2025-11-22T14:30:00+00:00", "timestamp": 1763821800}, "league": {"id": 78, "season": 2025, "name": "Bundesliga", "country": "Germany", "logo": "https://media.api-sports.io/football/leagues/78.png", "flag": "https://media.api-sports.io/flags/de.svg"}}, {"player": {"id": 20617, "name": "Silas", "photo": "https://media.api-sports.io/football/players/20617.png", "type": "Questionable", "reason": "Ankle Injury"}, "team": {"id": 172, "name": "VfB Stuttgart", "logo": "https://media.api-sports.io/football/teams/172.png"}, "fixture": {"id": 1388400, "timezone": "UTC", "date": "2025-11-22T14:30:00+00:00", "timestamp": 1763821800}, "league": {"id": 78, "season": 2025, "name": "Bundesliga", "country": "Germany", "logo": "https://media.api-sports.io/football/leagues/78.png", "flag": "https://media.api-sports.io/flags/de.svg"}}, {"player": {"id": 46930, "name": "E. Demirovic", "photo": "https://media.api-sports.io/football/players/46930.png", "type": "Missing Fixture", "reason": "Foot Injury"}, "team": {"id": 172, "name": "VfB Stuttgart", "logo": "https://media.api-sports.io/football/teams/172.png"}, "fixture": {"id": 1388412, "timezone": "UTC", "date": "2025-11-30T14:30:00+00:00", "timestamp": 1764513000}, "league": {"id": 78, "season": 2025, "name": "Bundesliga", "country": "Germany", "logo": "https://media.api-sports.io/football/leagues/78.png", "flag": "https://media.api-sports.io/flags/de.svg"}}, {"player": {"id": 287927, "name": "J. Diehl", "photo": "https://media.api-sports.io/football/players/287927.png", "type": "Missing Fixture", "reason": "Ankle Injury"}, "team": {"id": 172, "name": "VfB Stuttgart", "logo": "https://media.api-sports.io/football/teams/172.png"}, "fixture": {"id": 1388412, "timezone": "UTC", "date": "2025-11-30T14:30:00+00:00", "timestamp": 1764513000}, "league": {"id": 78, "season": 2025, "name": "Bundesliga", "country": "Germany", "logo": "https://media.api-sports.io/football/leagues/78.png", "flag": "https://media.api-sports.io/flags/de.svg"}}, {"player": {"id": 178093, "name": "Y. Keitel", "photo": "https://media.api-sports.io/football/players/178093.png", "type": "Missing Fixture", "reason": "Thigh Injury"}, "team": {"id": 172, "name": "VfB Stuttgart", "logo": "https://media.api-sports.io/football/teams/172.png"}, "fixture": {"id": 1388412, "timezone": "UTC", "date": "2025-11-30T14:30:00+00:00", "timestamp": 1764513000}, "league": {"id": 78, "season": 2025, "name": "Bundesliga", "country": "Germany", "logo": "https://media.api-sports.io/football/leagues/78.png", "flag": "https://media.api-sports.io/flags/de.svg"}}, {"player": {"id": 20617, "name": "Silas", "photo": "https://media.api-sports.io/football/players/20617.png", "type": "Missing Fixture", "reason": "Ankle Injury"}, "team": {"id": 172, "name": "VfB Stuttgart", "logo": "https://media.api-sports.io/football/teams/172.png"}, "fixture": {"id": 1388412, "timezone": "UTC", "date": "2025-11-30T14:30:00+00:00", "timestamp": 1764513000}, "league": {"id": 78, "season": 2025, "name": "Bundesliga", "country": "Germany", "logo": "https://media.api-sports.io/football/leagues/78.png", "flag": "https://media.api-sports.io/flags/de.svg"}}, {"player": {"id": 265363, "name": "T. Tomas", "photo": "https://media.api-sports.io/football/players/265363.png", "type": "Missing Fixture", "reason": "Muscle Injury"}, "team": {"id": 172, "name": "VfB Stuttgart", "logo": "https://media.api-sports.io/football/teams/172.png"}, "fixture": {"id": 1388412, "timezone": "UTC", "date": "2025-11-30T14:30:00+00:00", "timestamp": 1764513000}, "league": {"id": 78, "season": 2025, "name": "Bundesliga", "country": "Germany", "logo": "https://media.api-sports.io/football/leagues/78.png", "flag": "https://media.api-sports.io/flags/de.svg"}}, {"player": {"id": 13, "name": "D. Zagadou", "photo": "https://media.api-sports.io/football/players/13.png", "type": "Missing Fixture", "reason": "Muscle Injury"}, "team": {"id": 172, "name": "VfB Stuttgart", "logo": "https://media.api-sports.io/football/teams/172.png"}, "fixture": {"id": 1388412, "timezone": "UTC", "date": "2025-11-30T14:30:00+00:00", "timestamp": 1764513000}, "league": {"id": 78, "season": 2025, "name": "Bundesliga", "country": "Germany", "logo": "https://media.api-sports.io/football/leagues/78.png", "flag": "https://media.api-sports.io/flags/de.svg"}}, {"player": {"id": 46930, "name": "E. Demirovic", "photo": "https://media.api-sports.io/football/players/46930.png", "type": "Missing Fixture", "reason": "Foot Injury"}, "team": {"id": 172, "name": "VfB Stuttgart", "logo": "https://media.api-sports.io/football/teams/172.png"}, "fixture": {"id": 1388423, "timezone": "UTC", "date": "2025-12-06T14:30:00+00:00", "timestamp": 1765031400}, "league": {"id": 78, "season": 2025, "name": "Bundesliga", "country": "Germany", "logo": "https://media.api-sports.io/football/leagues/78.png", "flag": "https://media.api-sports.io/flags/de.svg"}}, {"player": {"id": 287927, "name": "J. Diehl", "photo": "https://media.api-sports.io/football/players/287927.png", "type": "Missing Fixture", "reason": "Ankle Injury"}, "team": {"id": 172, "name": "VfB Stuttgart", "logo": "https://media.api-sports.io/football/teams/172.png"}, "fixture": {"id": 1388423, "timezone": "UTC", "date": "2025-12-06T14:30:00+00:00", "timestamp": 1765031400}, "league": {"id": 78, "season": 2025, "name": "Bundesliga", "country": "Germany", "logo": "https://media.api-sports.io/football/leagues/78.png", "flag": "https://media.api-sports.io/flags/de.svg"}}, {"player": {"id": 349344, "name": "L. Jaquez", "photo": "https://media.api-sports.io/football/players/349344.png", "type": "Missing Fixture", "reason": "Muscle Injury"}, "team": {"id": 172, "name": "VfB Stuttgart", "logo": "https://media.api-sports.io/football/teams/172.png"}, "fixture": {"id": 1388423, "timezone": "UTC", "date": "2025-12-06T14:30:00+00:00", "timestamp": 1765031400}, "league": {"id": 78, "season": 2025, "name": "Bundesliga", "country": "Germany", "logo": "https://media.api-sports.io/football/leagues/78.png", "flag": "https://media.api-sports.io/flags/de.svg"}}, {"player": {"id": 178093, "name": "Y. Keitel", "photo": "https://media.api-sports.io/football/players/178093.png", "type": "Missing Fixture", "reason": "Thigh Injury"}, "team": {"id": 172, "name": "VfB Stuttgart", "logo": "https://media.api-sports.io/football/teams/172.png"}, "fixture": {"id": 1388423, "timezone": "UTC", "date": "2025-12-06T14:30:00+00:00", "timestamp": 1765031400}, "league": {"id": 78, "season": 2025, "name": "Bundesliga", "country": "Germany", "logo": "https://media.api-sports.io/football/leagues/78.png", "flag": "https://media.api-sports.io/flags/de.svg"}}, {"player": {"id": 20617, "name": "Silas", "photo": "https://media.api-sports.io/football/players/20617.png", "type": "Missing Fixture", "reason": "Ankle Injury"}, "team": {"id": 172, "name": "VfB Stuttgart", "logo": "https://media.api-sports.io/football/teams/172.png"}, "fixture": {"id": 1388423, "timezone": "UTC", "date": "2025-12-06T14:30:00+00:00", "timestamp": 1765031400}, "league": {"id": 78, "season": 2025, "name": "Bundesliga", "country": "Germany", "logo": "https://media.api-sports.io/football/leagues/78.png", "flag": "https://media.api-sports.io/flags/de.svg"}}, {"player": {"id": 13, "name": "D. Zagadou", "photo": "https://media.api-sports.io/football/players/13.png", "type": "Missing Fixture", "reason": "Muscle Injury"}, "team": {"id": 172, "name": "VfB Stuttgart", "logo": "https://media.api-sports.io/football/teams/172.png"}, "fixture": {"id": 1388423, "timezone": "UTC", "date": "2025-12-06T14:30:00+00:00", "timestamp": 1765031400}, "league": {"id": 78, "season": 2025, "name": "Bundesliga", "country": "Germany", "logo": "https://media.api-sports.io/football/leagues/78.png", "flag": "https://media.api-sports.io/flags/de.svg"}}, {"player": {"id": 180731, "name": "L. Assignon", "photo": "https://media.api-sports.io/football/players/180731.png", "type": "Missing Fixture", "reason": "Red Card"}, "team": {"id": 172, "name": "VfB Stuttgart", "logo": "https://media.api-sports.io/football/teams/172.png"}, "fixture": {"id": 1388433, "timezone": "UTC", "date": "2025-12-14T18:30:00+00:00", "timestamp": 1765737000}, "league": {"id": 78, "season": 2025, "name": "Bundesliga", "country": "Germany", "logo": "https://media.api-sports.io/football/leagues/78.png", "flag": "https://media.api-sports.io/flags/de.svg"}}, {"player": {"id": 46930, "name": "E. Demirovic", "photo": "https://media.api-sports.io/football/players/46930.png", "type": "Missing Fixture", "reason": "Foot Injury"}, "team": {"id": 172, "name": "VfB Stuttgart", "logo": "https://media.api-sports.io/football/teams/172.png"}, "fixture": {"id": 1388433, "timezone": "UTC", "date": "2025-12-14T18:30:00+00:00", "timestamp": 1765737000}, "league": {"id": 78, "season": 2025, "name": "Bundesliga", "country": "Germany", "logo": "https://media.api-sports.io/football/leagues/78.png", "flag": "https://media.api-sports.io/flags/de.svg"}}, {"player": {"id": 287927, "name": "J. Diehl", "photo": "https://media.api-sports.io/football/players/287927.png", "type": "Missing Fixture", "reason": "Ankle Injury"}, "team": {"id": 172, "name": "VfB Stuttgart", "logo": "https://media.api-sports.io/football/teams/172.png"}, "fixture": {"id": 1388433, "timezone": "UTC", "date": "2025-12-14T18:30:00+00:00", "timestamp": 1765737000}, "league": {"id": 78, "season": 2025, "name": "Bundesliga", "country": "Germany", "logo": "https://media.api-sports.io/football/leagues/78.png", "flag": "https://media.api-sports.io/flags/de.svg"}}, {"player": {"id": 349344, "name": "L. Jaquez", "photo": "https://media.api-sports.io/football/players/349344.png", "type": "Missing Fixture", "reason": "Muscle Injury"}, "team": {"id": 172, "name": "VfB Stuttgart", "logo": "https://media.api-sports.io/football/teams/172.png"}, "fixture": {"id": 1388433, "timezone": "UTC", "date": "2025-12-14T18:30:00+00:00", "timestamp": 1765737000}, "league": {"id": 78, "season": 2025, "name": "Bundesliga", "country": "Germany", "logo": "https://media.api-sports.io/football/leagues/78.png", "flag": "https://media.api-sports.io/flags/de.svg"}}, {"player": {"id": 178093, "name": "Y. Keitel", "photo": "https://media.api-sports.io/football/players/178093.png", "type": "Missing Fixture", "reason": "Thigh Injury"}, "team": {"id": 172, "name": "VfB Stuttgart", "logo": "https://media.api-sports.io/football/teams/172.png"}, "fixture": {"id": 1388433, "timezone": "UTC", "date": "2025-12-14T18:30:00+00:00", "timestamp": 1765737000}, "league": {"id": 78, "season": 2025, "name": "Bundesliga", "country": "Germany", "logo": "https://media.api-sports.io/football/leagues/78.png", "flag": "https://media.api-sports.io/flags/de.svg"}}, {"player": {"id": 20617, "name": "Silas", "photo": "https://media.api-sports.io/football/players/20617.png", "type": "Missing Fixture", "reason": "Ankle Injury"}, "team": {"id": 172, "name": "VfB Stuttgart", "logo": "https://media.api-sports.io/football/teams/172.png"}, "fixture": {"id": 1388433, "timezone": "UTC", "date": "2025-12-14T18:30:00+00:00", "timestamp": 1765737000}, "league": {"id": 78, "season": 2025, "name": "Bundesliga", "country": "Germany", "logo": "https://media.api-sports.io/football/leagues/78.png", "flag": "https://media.api-sports.io/flags/de.svg"}}, {"player": {"id": 13, "name": "D. Zagadou", "photo": "https://media.api-sports.io/football/players/13.png", "type": "Missing Fixture", "reason": "Muscle Injury"}, "team": {"id": 172, "name": "VfB Stuttgart", "logo": "https://media.api-sports.io/football/teams/172.png"}, "fixture": {"id": 1388433, "timezone": "UTC", "date": "2025-12-14T18:30:00+00:00", "timestamp": 1765737000}, "league": {"id": 78, "season": 2025, "name": "Bundesliga", "country": "Germany", "logo": "https://media.api-sports.io/football/leagues/78.png", "flag": "https://media.api-sports.io/flags/de.svg"}}, {"player": {"id": 180731, "name": "L. Assignon", "photo": "https://media.api-sports.io/football/players/180731.png", "type": "Missing Fixture", "reason": "Shoulder Injury"}, "team": {"id": 172, "name": "VfB Stuttgart", "logo": "https://media.api-sports.io/football/teams/172.png"}, "fixture": {"id": 1388441, "timezone": "UTC", "date": "2025-12-20T14:30:00+00:00", "timestamp": 1766241000}, "league": {"id": 78, "season": 2025, "name": "Bundesliga", "country": "Germany", "logo": "https://media.api-sports.io/football/leagues/78.png", "flag": "https://media.api-sports.io/flags/de.svg"}}, {"player": {"id": 46930, "name": "E. Demirovic", "photo": "https://media.api-sports.io/football/players/46930.png", "type": "Missing Fixture", "reason": "Foot Injury"}, "team": {"id": 172, "name": "VfB Stuttgart", "logo": "https://media.api-sports.io/football/teams/172.png"}, "fixture": {"id": 1388441, "timezone": "UTC", "date": "2025-12-20T14:30:00+00:00", "timestamp": 1766241000}, "league": {"id": 78, "season": 2025, "name": "Bundesliga", "country": "Germany", "logo": "https://media.api-sports.io/football/leagues/78.png", "flag": "https://media.api-sports.io/flags/de.svg"}}, {"player": {"id": 287927, "name": "J. Diehl", "photo": "https://media.api-sports.io/football/players/287927.png", "type": "Missing Fixture", "reason": "Ankle Injury"}, "team": {"id": 172, "name": "VfB Stuttgart", "logo": "https://media.api-sports.io/football/teams/172.png"}, "fixture": {"id": 1388441, "timezone": "UTC", "date": "2025-12-20T14:30:00+00:00", "timestamp": 1766241000}, "league": {"id": 78, "season": 2025, "name": "Bundesliga", "country": "Germany", "logo": "https://media.api-sports.io/football/leagues/78.png", "flag": "https://media.api-sports.io/flags/de.svg"}}, {"player": {"id": 340573, "name": "B. El Khannouss", "photo": "https://media.api-sports.io/football/players/340573.png", "type": "Missing Fixture", "reason": "International duty"}, "team": {"id": 172, "name": "VfB Stuttgart", "logo": "https://media.api-sports.io/football/teams/172.png"}, "fixture": {"id": 1388441, "timezone": "UTC", "date": "2025-12-20T14:30:00+00:00", "timestamp": 1766241000}, "league": {"id": 78, "season": 2025, "name": "Bundesliga", "country": "Germany", "logo": "https://media.api-sports.io/football/leagues/78.png", "flag": "https://media.api-sports.io/flags/de.svg"}}, {"player": {"id": 349344, "name": "L. Jaquez", "photo": "https://media.api-sports.io/football/players/349344.png", "type": "Missing Fixture", "reason": "Muscle Injury"}, "team": {"id": 172, "name": "VfB Stuttgart", "logo": "https://media.api-sports.io/football/teams/172.png"}, "fixture": {"id": 1388441, "timezone": "UTC", "date": "2025-12-20T14:30:00+00:00", "timestamp": 1766241000}, "league": {"id": 78, "season": 2025, "name": "Bundesliga", "country": "Germany", "logo": "https://media.api-sports.io/football/leagues/78.png", "flag": "https://media.api-sports.io/flags/de.svg"}}, {"player": {"id": 178093, "name": "Y. Keitel", "photo": "https://media.api-sports.io/football/players/178093.png", "type": "Missing Fixture", "reason": "Thigh Injury"}, "team": {"id": 172, "name": "VfB Stuttgart", "logo": "https://media.api-sports.io/football/teams/172.png"}, "fixture": {"id": 1388441, "timezone": "UTC", "date": "2025-12-20T14:30:00+00:00", "timestamp": 1766241000}, "league": {"id": 78, "season": 2025, "name": "Bundesliga", "country": "Germany", "logo": "https://media.api-sports.io/football/leagues/78.png", "flag": "https://media.api-sports.io/flags/de.svg"}}, {"player": {"id": 20617, "name": "Silas", "photo": "https://media.api-sports.io/football/players/20617.png", "type": "Missing Fixture", "reason": "Ankle Injury"}, "team": {"id": 172, "name": "VfB Stuttgart", "logo": "https://media.api-sports.io/football/teams/172.png"}, "fixture": {"id": 1388441, "timezone": "UTC", "date": "2025-12-20T14:30:00+00:00", "timestamp": 1766241000}, "league": {"id": 78, "season": 2025, "name": "Bundesliga", "country": "Germany", "logo": "https://media.api-sports.io/football/leagues/78.png", "flag": "https://media.api-sports.io/flags/de.svg"}}, {"player": {"id": 13, "name": "D. Zagadou", "photo": "https://media.api-sports.io/football/players/13.png", "type": "Missing Fixture", "reason": "Muscle Injury"}, "team": {"id": 172, "name": "VfB Stuttgart", "logo": "https://media.api-sports.io/football/teams/172.png"}, "fixture": {"id": 1388441, "timezone": "UTC", "date": "2025-12-20T14:30:00+00:00", "timestamp": 1766241000}, "league": {"id": 78, "season": 2025, "name": "Bundesliga", "country": "Germany", "logo": "https://media.api-sports.io/football/leagues/78.png", "flag": "https://media.api-sports.io/flags/de.svg"}}, {"player": {"id": 340573, "name": "B. El Khannouss", "photo": "https://media.api-sports.io/football/players/340573.png", "type": "Missing Fixture", "reason": "International duty"}, "team": {"id": 172, "name": "VfB Stuttgart", "logo": "https://media.api-sports.io/football/teams/172.png"}, "fixture": {"id": 1388467, "timezone": "UTC", "date": "2026-01-18T14:30:00+00:00", "timestamp": 1768746600}, "league": {"id": 78, "season": 2025, "name": "Bundesliga", "country": "Germany", "logo": "https://media.api-sports.io/football/leagues/78.png", "flag": "https://media.api-sports.io/flags/de.svg"}}, {"player": {"id": 349344, "name": "L. Jaquez", "photo": "https://media.api-sports.io/football/players/349344.png", "type": "Missing Fixture", "reason": "Thigh Injury"}, "team": {"id": 172, "name": "VfB Stuttgart", "logo": "https://media.api-sports.io/football/teams/172.png"}, "fixture": {"id": 1388467, "timezone": "UTC", "date": "2026-01-18T14:30:00+00:00", "timestamp": 1768746600}, "league": {"id": 78, "season": 2025, "name": "Bundesliga", "country": "Germany", "logo": "https://media.api-sports.io/football/leagues/78.png", "flag": "https://media.api-sports.io/flags/de.svg"}}, {"player": {"id": 265363, "name": "T. Tomas", "photo": "https://media.api-sports.io/football/players/265363.png", "type": "Missing Fixture", "reason": "Muscle Injury"}, "team": {"id": 172, "name": "VfB Stuttgart", "logo": "https://media.api-sports.io/football/teams/172.png"}, "fixture": {"id": 1388467, "timezone": "UTC", "date": "2026-01-18T14:30:00+00:00", "timestamp": 1768746600}, "league": {"id": 78, "season": 2025, "name": "Bundesliga", "country": "Germany", "logo": "https://media.api-sports.io/football/leagues/78.png", "flag": "https://media.api-sports.io/flags/de.svg"}}, {"player": {"id": 13, "name": "D. Zagadou", "photo": "https://media.api-sports.io/football/players/13.png", "type": "Missing Fixture", "reason": "Muscle Injury"}, "team": {"id": 172, "name": "VfB Stuttgart", "logo": "https://media.api-sports.io/football/teams/172.png"}, "fixture": {"id": 1388467, "timezone": "UTC", "date": "2026-01-18T14:30:00+00:00", "timestamp": 1768746600}, "league": {"id": 78, "season": 2025, "name": "Bundesliga", "country": "Germany", "logo": "https://media.api-sports.io/football/leagues/78.png", "flag": "https://media.api-sports.io/flags/de.svg"}}, {"player": {"id": 13, "name": "D. Zagadou", "photo": "https://media.api-sports.io/football/players/13.png", "type": "Missing Fixture", "reason": "Muscle Injury"}, "team": {"id": 172, "name": "VfB Stuttgart", "logo": "https://media.api-sports.io/football/teams/172.png"}, "fixture": {"id": 1388472, "timezone": "UTC", "date": "2026-01-25T14:30:00+00:00", "timestamp": 1769351400}, "league": {"id": 78, "season": 2025, "name": "Bundesliga", "country": "Germany", "logo": "https://media.api-sports.io/football/leagues/78.png", "flag": "https://media.api-sports.io/flags/de.svg"}}, {"player": {"id": 349344, "name": "L. Jaquez", "photo": "https://media.api-sports.io/football/players/349344.png", "type": "Questionable", "reason": "Thigh Injury"}, "team": {"id": 172, "name": "VfB Stuttgart", "logo": "https://media.api-sports.io/football/teams/172.png"}, "fixture": {"id": 1388472, "timezone": "UTC", "date": "2026-01-25T14:30:00+00:00", "timestamp": 1769351400}, "league": {"id": 78, "season": 2025, "name": "Bundesliga", "country": "Germany", "logo": "https://media.api-sports.io/football/leagues/78.png", "flag": "https://media.api-sports.io/flags/de.svg"}}, {"player": {"id": 398194, "name": "L. Jovanovic", "photo": "https://media.api-sports.io/football/players/398194.png", "type": "Questionable", "reason": "Back Injury"}, "team": {"id": 172, "name": "VfB Stuttgart", "logo": "https://media.api-sports.io/football/teams/172.png"}, "fixture": {"id": 1388472, "timezone": "UTC", "date": "2026-01-25T14:30:00+00:00", "timestamp": 1769351400}, "league": {"id": 78, "season": 2025, "name": "Bundesliga", "country": "Germany", "logo": "https://media.api-sports.io/football/leagues/78.png", "flag": "https://media.api-sports.io/flags/de.svg"}}, {"player": {"id": 265363, "name": "T. Tomas", "photo": "https://media.api-sports.io/football/players/265363.png", "type": "Questionable", "reason": "Muscle Injury"}, "team": {"id": 172, "name": "VfB Stuttgart", "logo": "https://media.api-sports.io/football/teams/172.png"}, "fixture": {"id": 1388472, "timezone": "UTC", "date": "2026-01-25T14:30:00+00:00", "timestamp": 1769351400}, "league": {"id": 78, "season": 2025, "name": "Bundesliga", "country": "Germany", "logo": "https://media.api-sports.io/football/leagues/78.png", "flag": "https://media.api-sports.io/flags/de.svg"}}, {"player": {"id": 398194, "name": "L. Jovanovic", "photo": "https://media.api-sports.io/football/players/398194.png", "type": "Missing Fixture", "reason": "Back Injury"}, "team": {"id": 172, "name": "VfB Stuttgart", "logo": "https://media.api-sports.io/football/teams/172.png"}, "fixture": {"id": 1388486, "timezone": "UTC", "date": "2026-02-01T14:30:00+00:00", "timestamp": 1769956200}, "league": {"id": 78, "season": 2025, "name": "Bundesliga", "country": "Germany", "logo": "https://media.api-sports.io/football/leagues/78.png", "flag": "https://media.api-sports.io/flags/de.svg"}}, {"player": {"id": 265363, "name": "T. Tomas", "photo": "https://media.api-sports.io/football/players/265363.png", "type": "Missing Fixture", "reason": "Muscle Injury"}, "team": {"id": 172, "name": "VfB Stuttgart", "logo": "https://media.api-sports.io/football/teams/172.png"}, "fixture": {"id": 1388486, "timezone": "UTC", "date": "2026-02-01T14:30:00+00:00", "timestamp": 1769956200}, "league": {"id": 78, "season": 2025, "name": "Bundesliga", "country": "Germany", "logo": "https://media.api-sports.io/football/leagues/78.png", "flag": "https://media.api-sports.io/flags/de.svg"}}, {"player": {"id": 13, "name": "D. Zagadou", "photo": "https://media.api-sports.io/football/players/13.png", "type": "Missing Fixture", "reason": "Muscle Injury"}, "team": {"id": 172, "name": "VfB Stuttgart", "logo": "https://media.api-sports.io/football/teams/172.png"}, "fixture": {"id": 1388486, "timezone": "UTC", "date": "2026-02-01T14:30:00+00:00", "timestamp": 1769956200}, "league": {"id": 78, "season": 2025, "name": "Bundesliga", "country": "Germany", "logo": "https://media.api-sports.io/football/leagues/78.png", "flag": "https://media.api-sports.io/flags/de.svg"}}, {"player": {"id": 349344, "name": "L. Jaquez", "photo": "https://media.api-sports.io/football/players/349344.png", "type": "Missing Fixture", "reason": "Illness"}, "team": {"id": 172, "name": "VfB Stuttgart", "logo": "https://media.api-sports.io/football/teams/172.png"}, "fixture": {"id": 1388494, "timezone": "UTC", "date": "2026-02-07T14:30:00+00:00", "timestamp": 1770474600}, "league": {"id": 78, "season": 2025, "name": "Bundesliga", "country": "Germany", "logo": "https://media.api-sports.io/football/leagues/78.png", "flag": "https://media.api-sports.io/flags/de.svg"}}, {"player": {"id": 398194, "name": "L. Jovanovic", "photo": "https://media.api-sports.io/football/players/398194.png", "type": "Missing Fixture", "reason": "Back Injury"}, "team": {"id": 172, "name": "VfB Stuttgart", "logo": "https://media.api-sports.io/football/teams/172.png"}, "fixture": {"id": 1388494, "timezone": "UTC", "date": "2026-02-07T14:30:00+00:00", "timestamp": 1770474600}, "league": {"id": 78, "season": 2025, "name": "Bundesliga", "country": "Germany", "logo": "https://media.api-sports.io/football/leagues/78.png", "flag": "https://media.api-sports.io/flags/de.svg"}}, {"player": {"id": 24806, "name": "N. Nartey", "photo": "https://media.api-sports.io/football/players/24806.png", "type": "Missing Fixture", "reason": "Knock"}, "team": {"id": 172, "name": "VfB Stuttgart", "logo": "https://media.api-sports.io/football/teams/172.png"}, "fixture": {"id": 1388494, "timezone": "UTC", "date": "2026-02-07T14:30:00+00:00", "timestamp": 1770474600}, "league": {"id": 78, "season": 2025, "name": "Bundesliga", "country": "Germany", "logo": "https://media.api-sports.io/football/leagues/78.png", "flag": "https://media.api-sports.io/flags/de.svg"}}, {"player": {"id": 265363, "name": "T. Tomas", "photo": "https://media.api-sports.io/football/players/265363.png", "type": "Questionable", "reason": "Muscle Injury"}, "team": {"id": 172, "name": "VfB Stuttgart", "logo": "https://media.api-sports.io/football/teams/172.png"}, "fixture": {"id": 1388494, "timezone": "UTC", "date": "2026-02-07T14:30:00+00:00", "timestamp": 1770474600}, "league": {"id": 78, "season": 2025, "name": "Bundesliga", "country": "Germany", "logo": "https://media.api-sports.io/football/leagues/78.png", "flag": "https://media.api-sports.io/flags/de.svg"}}, {"player": {"id": 13, "name": "D. Zagadou", "photo": "https://media.api-sports.io/football/players/13.png", "type": "Questionable", "reason": "Muscle Injury"}, "team": {"id": 172, "name": "VfB Stuttgart", "logo": "https://media.api-sports.io/football/teams/172.png"}, "fixture": {"id": 1388494, "timezone": "UTC", "date": "2026-02-07T14:30:00+00:00", "timestamp": 1770474600}, "league": {"id": 78, "season": 2025, "name": "Bundesliga", "country": "Germany", "logo": "https://media.api-sports.io/football/leagues/78.png", "flag": "https://media.api-sports.io/flags/de.svg"}}, {"player": {"id": 398194, "name": "L. Jovanovic", "photo": "https://media.api-sports.io/football/players/398194.png", "type": "Missing Fixture", "reason": "Back Injury"}, "team": {"id": 172, "name": "VfB Stuttgart", "logo": "https://media.api-sports.io/football/teams/172.png"}, "fixture": {"id": 1388504, "timezone": "UTC", "date": "2026-02-14T17:30:00+00:00", "timestamp": 1771090200}, "league": {"id": 78, "season": 2025, "name": "Bundesliga", "country": "Germany", "logo": "https://media.api-sports.io/football/leagues/78.png", "flag": "https://media.api-sports.io/flags/de.svg"}}, {"player": {"id": 24806, "name": "N. Nartey", "photo": "https://media.api-sports.io/football/players/24806.png", "type": "Missing Fixture", "reason": "Knock"}, "team": {"id": 172, "name": "VfB Stuttgart", "logo": "https://media.api-sports.io/football/teams/172.png"}, "fixture": {"id": 1388504, "timezone": "UTC", "date": "2026-02-14T17:30:00+00:00", "timestamp": 1771090200}, "league": {"id": 78, "season": 2025, "name": "Bundesliga", "country": "Germany", "logo": "https://media.api-sports.io/football/leagues/78.png", "flag": "https://media.api-sports.io/flags/de.svg"}}, {"player": {"id": 13, "name": "D. Zagadou", "photo": "https://media.api-sports.io/football/players/13.png", "type": "Missing Fixture", "reason": "Muscle Injury"}, "team": {"id": 172, "name": "VfB Stuttgart", "logo": "https://media.api-sports.io/football/teams/172.png"}, "fixture": {"id": 1388504, "timezone": "UTC", "date": "2026-02-14T17:30:00+00:00", "timestamp": 1771090200}, "league": {"id": 78, "season": 2025, "name": "Bundesliga", "country": "Germany", "logo": "https://media.api-sports.io/football/leagues/78.png", "flag": "https://media.api-sports.io/flags/de.svg"}}, {"player": {"id": 137210, "name": "A. Stiller", "photo": "https://media.api-sports.io/football/players/137210.png", "type": "Questionable", "reason": "Illness"}, "team": {"id": 172, "name": "VfB Stuttgart", "logo": "https://media.api-sports.io/football/teams/172.png"}, "fixture": {"id": 1388504, "timezone": "UTC", "date": "2026-02-14T17:30:00+00:00", "timestamp": 1771090200}, "league": {"id": 78, "season": 2025, "name": "Bundesliga", "country": "Germany", "logo": "https://media.api-sports.io/football/leagues/78.png", "flag": "https://media.api-sports.io/flags/de.svg"}}]}