{"get": "injuries", "parameters": {"league": "39", "season": "2025", "team": "34"}, "errors": [], "results": 123, "paging": {"current": 1, "total": 1}, "response": [{"player": {"id": 1463, "name": "Joseph Willock", "photo": "https://media.api-sports.io/football/players/1463.png", "type": "Missing Fixture", "reason": "injured"}, "team": {"id": 34, "name": "Newcastle", "logo": "https://media.api-sports.io/football/teams/34.png"}, "fixture": {"id": 1378970, "timezone": "UTC", "date": "2025-08-16T11:30:00+00:00", "timestamp": 1755343800}, "league": {"id": 39, "season": 2025, "name": "Premier League", "country": "England", "logo": "https://media.api-sports.io/football/leagues/39.png", "flag": "https://media.api-sports.io/flags/gb-eng.svg"}}, {"player": {"id": 2864, "name": "Alexander Isak", "photo": "https://media.api-sports.io/football/players/2864.png", "type": "Missing Fixture", "reason": "other"}, "team": {"id": 34, "name": "Newcastle", "logo": "https://media.api-sports.io/football/teams/34.png"}, "fixture": {"id": 1378970, "timezone": "UTC", "date": "2025-08-16T11:30:00+00:00", "timestamp": 1755343800}, "league": {"id": 39, "season": 2025, "name": "Premier League", "country": "England", "logo": "https://media.api-sports.io/football/leagues/39.png", "flag": "https://media.api-sports.io/flags/gb-eng.svg"}}, {"player": {"id": 38734, "name": "Sven Botman", "photo": "https://media.api-sports.io/football/players/38734.png", "type": "Missing Fixture", "reason": "Injured Doubtful"}, "team": {"id": 34, "name": "Newcastle", "logo": "https://media.api-sports.io/football/teams/34.png"}, "fixture": {"id": 1378970, "timezone": "UTC", "date": "2025-08-16T11:30:00+00:00", "timestamp": 1755343800}, "league": {"id": 39, "season": 2025, "name": "Premier League", "country": "England", "logo": "https://media.api-sports.io/football/leagues/39.png", "flag": "https://media.api-sports.io/flags/gb-eng.svg"}}, {"player": {"id": 284492, "name": "Lewis Hall", "photo": "https://media.api-sports.io/football/players/284492.png", "type": "Missing Fixture", "reason": "Injured Doubtful"}, "team": {"id": 34, "name": "Newcastle", "logo": "https://media.api-sports.io/football/teams/34.png"}, "fixture": {"id": 1378970, "timezone": "UTC", "date": "2025-08-16T11:30:00+00:00", "timestamp": 1755343800}, "league": {"id": 39, "season": 2025, "name": "Premier League", "country": "England", "logo": "https://media.api-sports.io/football/leagues/39.png", "flag": "https://media.api-sports.io/flags/gb-eng.svg"}}, {"player": {"id": 18941, "name": "Matt Targett", "photo": "https://media.api-sports.io/football/players/18941.png", "type": "Missing Fixture", "reason": "Hamstring Injury"}, "team": {"id": 34, "name": "Newcastle", "logo": "https://media.api-sports.io/football/teams/34.png"}, "fixture": {"id": 1378987, "timezone": "UTC", "date": "2025-08-25T19:00:00+00:00", "timestamp": 1756148400}, "league": {"id": 39, "season": 2025, "name": "Premier League", "country": "England", "logo": "https://media.api-sports.io/football/leagues/39.png", "flag": "https://media.api-sports.io/flags/gb-eng.svg"}}, {"player": {"id": 1463, "name": "Joseph Willock", "photo": "https://media.api-sports.io/football/players/1463.png", "type": "Missing Fixture", "reason": "injured"}, "team": {"id": 34, "name": "Newcastle", "logo": "https://media.api-sports.io/football/teams/34.png"}, "fixture": {"id": 1378987, "timezone": "UTC", "date": "2025-08-25T19:00:00+00:00", "timestamp": 1756148400}, "league": {"id": 39, "season": 2025, "name": "Premier League", "country": "England", "logo": "https://media.api-sports.io/football/leagues/39.png", "flag": "https://media.api-sports.io/flags/gb-eng.svg"}}, {"player": {"id": 2864, "name": "Alexander Isak", "photo": "https://media.api-sports.io/football/players/2864.png", "type": "Missing Fixture", "reason": "other"}, "team": {"id": 34, "name": "Newcastle", "logo": "https://media.api-sports.io/football/teams/34.png"}, "fixture": {"id": 1378987, "timezone": "UTC", "date": "2025-08-25T19:00:00+00:00", "timestamp": 1756148400}, "league": {"id": 39, "season": 2025, "name": "Premier League", "country": "England", "logo": "https://media.api-sports.io/football/leagues/39.png", "flag": "https://media.api-sports.io/flags/gb-eng.svg"}}, {"player": {"id": 38734, "name": "Sven Botman", "photo": "https://media.api-sports.io/football/players/38734.png", "type": "Missing Fixture", "reason": "Injured Doubtful"}, "team": {"id": 34, "name": "Newcastle", "logo": "https://media.api-sports.io/football/teams/34.png"}, "fixture": {"id": 1378987, "timezone": "UTC", "date": "2025-08-25T19:00:00+00:00", "timestamp": 1756148400}, "league": {"id": 39, "season": 2025, "name": "Premier League", "country": "England", "logo": "https://media.api-sports.io/football/leagues/39.png", "flag": "https://media.api-sports.io/flags/gb-eng.svg"}}, {"player": {"id": 723, "name": "Joelinton", "photo": "https://media.api-sports.io/football/players/723.png", "type": "Missing Fixture", "reason": "Groin Injury"}, "team": {"id": 34, "name": "Newcastle", "logo": "https://media.api-sports.io/football/teams/34.png"}, "fixture": {"id": 1378992, "timezone": "UTC", "date": "2025-08-30T16:30:00+00:00", "timestamp": 1756571400}, "league": {"id": 39, "season": 2025, "name": "Premier League", "country": "England", "logo": "https://media.api-sports.io/football/leagues/39.png", "flag": "https://media.api-sports.io/flags/gb-eng.svg"}}, {"player": {"id": 723, "name": "Joelinton", "photo": "https://media.api-sports.io/football/players/723.png", "type": "Missing Fixture", "reason": "Groin Injury"}, "team": {"id": 34, "name": "Newcastle", "logo": "https://media.api-sports.io/football/teams/34.png"}, "fixture": {"id": 1379007, "timezone": "UTC", "date": "2025-09-13T14:00:00+00:00", "timestamp": 1757772000}, "league": {"id": 39, "season": 2025, "name": "Premier League", "country": "England", "logo": "https://media.api-sports.io/football/leagues/39.png", "flag": "https://media.api-sports.io/flags/gb-eng.svg"}}, {"player": {"id": 19192, "name": "J. Ramsey", "photo": "https://media.api-sports.io/football/players/19192.png", "type": "Missing Fixture", "reason": "Sprained ankle"}, "team": {"id": 34, "name": "Newcastle", "logo": "https://media.api-sports.io/football/teams/34.png"}, "fixture": {"id": 1379007, "timezone": "UTC", "date": "2025-09-13T14:00:00+00:00", "timestamp": 1757772000}, "league": {"id": 39, "season": 2025, "name": "Premier League", "country": "England", "logo": "https://media.api-sports.io/football/leagues/39.png", "flag": "https://media.api-sports.io/flags/gb-eng.svg"}}, {"player": {"id": 138787, "name": "A. Gordon", "photo": "https://media.api-sports.io/football/players/138787.png", "type": "Missing Fixture", "reason": "Red Card"}, "team": {"id": 34, "name": "Newcastle", "logo": "https://media.api-sports.io/football/teams/34.png"}, "fixture": {"id": 1379010, "timezone": "UTC", "date": "2025-09-21T13:00:00+00:00", "timestamp": 1758459600}, "league": {"id": 39, "season": 2025, "name": "Premier League", "country": "England", "logo": "https://media.api-sports.io/football/leagues/39.png", "flag": "https://media.api-sports.io/flags/gb-eng.svg"}}, {"player": {"id": 19192, "name": "J. Ramsey", "photo": "https://media.api-sports.io/football/players/19192.png", "type": "Missing Fixture", "reason": "Ankle Injury"}, "team": {"id": 34, "name": "Newcastle", "logo": "https://media.api-sports.io/football/teams/34.png"}, "fixture": {"id": 1379010, "timezone": "UTC", "date": "2025-09-21T13:00:00+00:00", "timestamp": 1758459600}, "league": {"id": 39, "season": 2025, "name": "Premier League", "country": "England", "logo": "https://media.api-sports.io/football/leagues/39.png", "flag": "https://media.api-sports.io/flags/gb-eng.svg"}}, {"player": {"id": 2806, "name": "F. Schar", "photo": "https://media.api-sports.io/football/players/2806.png", "type": "Missing Fixture", "reason": "Head Injury"}, "team": {"id": 34, "name": "Newcastle", "logo": "https://media.api-sports.io/football/teams/34.png"}, "fixture": {"id": 1379010, "timezone": "UTC", "date": "2025-09-21T13:00:00+00:00", "timestamp": 1758459600}, "league": {"id": 39, "season": 2025, "name": "Premier League", "country": "England", "logo": "https://media.api-sports.io/football/leagues/39.png", "flag": "https://media.api-sports.io/flags/gb-eng.svg"}}, {"player": {"id": 20649, "name": "Y. Wissa", "photo": "https://media.api-sports.io/football/players/20649.png", "type": "Missing Fixture", "reason": "Knee Injury"}, "team": {"id": 34, "name": "Newcastle", "logo": "https://media.api-sports.io/football/teams/34.png"}, "fixture": {"id": 1379010, "timezone": "UTC", "date": "2025-09-21T13:00:00+00:00", "timestamp": 1758459600}, "league": {"id": 39, "season": 2025, "name": "Premier League", "country": "England", "logo": "https://media.api-sports.io/football/leagues/39.png", "flag": "https://media.api-sports.io/flags/gb-eng.svg"}}, {"player": {"id": 19192, "name": "J. Ramsey", "photo": "https://media.api-sports.io/football/players/19192.png", "type": "Missing Fixture", "reason": "Ankle Injury"}, "team": {"id": 34, "name": "Newcastle", "logo": "https://media.api-sports.io/football/teams/34.png"}, "fixture": {"id": 1379026, "timezone": "UTC", "date": "2025-09-28T15:30:00+00:00", "timestamp": 1759073400}, "league": {"id": 39, "season": 2025, "name": "Premier League", "country": "England", "logo": "https://media.api-sports.io/football/leagues/39.png", "flag": "https://media.api-sports.io/flags/gb-eng.svg"}}, {"player": {"id": 2806, "name": "F. Schar", "photo": "https://media.api-sports.io/football/players/2806.png", "type": "Missing Fixture", "reason": "Head Injury"}, "team": {"id": 34, "name": "Newcastle", "logo": "https://media.api-sports.io/football/teams/34.png"}, "fixture": {"id": 1379026, "timezone": "UTC", "date": "2025-09-28T15:30:00+00:00", "timestamp": 1759073400}, "league": {"id": 39, "season": 2025, "name": "Premier League", "country": "England", "logo": "https://media.api-sports.io/football/leagues/39.png", "flag": "https://media.api-sports.io/flags/gb-eng.svg"}}, {"player": {"id": 20649, "name": "Y. Wissa", "photo": "https://media.api-sports.io/football/players/20649.png", "type": "Missing Fixture", "reason": "Knee Injury"}, "team": {"id": 34, "name": "Newcastle", "logo": "https://media.api-sports.io/football/teams/34.png"}, "fixture": {"id": 1379026, "timezone": "UTC", "date": "2025-09-28T15:30:00+00:00", "timestamp": 1759073400}, "league": {"id": 39, "season": 2025, "name": "Premier League", "country": "England", "logo": "https://media.api-sports.io/football/leagues/39.png", "flag": "https://media.api-sports.io/flags/gb-eng.svg"}}, {"player": {"id": 158694, "name": "V. Livramento", "photo": "https://media.api-sports.io/football/players/158694.png", "type": "Missing Fixture", "reason": "Knee Injury"}, "team": {"id": 34, "name": "Newcastle", "logo": "https://media.api-sports.io/football/teams/34.png"}, "fixture": {"id": 1379037, "timezone": "UTC", "date": "2025-10-05T13:00:00+00:00", "timestamp": 1759669200}, "league": {"id": 39, "season": 2025, "name": "Premier League", "country": "England", "logo": "https://media.api-sports.io/football/leagues/39.png", "flag": "https://media.api-sports.io/flags/gb-eng.svg"}}, {"player": {"id": 20649, "name": "Y. Wissa", "photo": "https://media.api-sports.io/football/players/20649.png", "type": "Missing Fixture", "reason": "Knee Injury"}, "team": {"id": 34, "name": "Newcastle", "logo": "https://media.api-sports.io/football/teams/34.png"}, "fixture": {"id": 1379037, "timezone": "UTC", "date": "2025-10-05T13:00:00+00:00", "timestamp": 1759669200}, "league": {"id": 39, "season": 2025, "name": "Premier League", "country": "England", "logo": "https://media.api-sports.io/football/leagues/39.png", "flag": "https://media.api-sports.io/flags/gb-eng.svg"}}, {"player": {"id": 19192, "name": "J. Ramsey", "photo": "https://media.api-sports.io/football/players/19192.png", "type": "Questionable", "reason": "Ankle Injury"}, "team": {"id": 34, "name": "Newcastle", "logo": "https://media.api-sports.io/football/teams/34.png"}, "fixture": {"id": 1379037, "timezone": "UTC", "date": "2025-10-05T13:00:00+00:00", "timestamp": 1759669200}, "league": {"id": 39, "season": 2025, "name": "Premier League", "country": "England", "logo": "https://media.api-sports.io/football/leagues/39.png", "flag": "https://media.api-sports.io/flags/gb-eng.svg"}}, {"player": {"id": 284492, "name": "L. Hall", "photo": "https://media.api-sports.io/football/players/284492.png", "type": "Missing Fixture", "reason": "Thigh Injury"}, "team": {"id": 34, "name": "Newcastle", "logo": "https://media.api-sports.io/football/teams/34.png"}, "fixture": {"id": 1379039, "timezone": "UTC", "date": "2025-10-18T14:00:00+00:00", "timestamp": 1760796000}, "league": {"id": 39, "season": 2025, "name": "Premier League", "country": "England", "logo": "https://media.api-sports.io/football/leagues/39.png", "flag": "https://media.api-sports.io/flags/gb-eng.svg"}}, {"player": {"id": 158694, "name": "V. Livramento", "photo": "https://media.api-sports.io/football/players/158694.png", "type": "Missing Fixture", "reason": "Knee Injury"}, "team": {"id": 34, "name": "Newcastle", "logo": "https://media.api-sports.io/football/teams/34.png"}, "fixture": {"id": 1379039, "timezone": "UTC", "date": "2025-10-18T14:00:00+00:00", "timestamp": 1760796000}, "league": {"id": 39, "season": 2025, "name": "Premier League", "country": "England", "logo": "https://media.api-sports.io/football/leagues/39.png", "flag": "https://media.api-sports.io/flags/gb-eng.svg"}}, {"player": {"id": 20649, "name": "Y. Wissa", "photo": "https://media.api-sports.io/football/players/20649.png", "type": "Missing Fixture", "reason": "Knee Injury"}, "team": {"id": 34, "name": "Newcastle", "logo": "https://media.api-sports.io/football/teams/34.png"}, "fixture": {"id": 1379039, "timezone": "UTC", "date": "2025-10-18T14:00:00+00:00", "timestamp": 1760796000}, "league": {"id": 39, "season": 2025, "name": "Premier League", "country": "England", "logo": "https://media.api-sports.io/football/leagues/39.png", "flag": "https://media.api-sports.io/flags/gb-eng.svg"}}, {"player": {"id": 171058, "name": "H. Ashby", "photo": "https://media.api-sports.io/football/players/171058.png", "type": "Missing Fixture", "reason": "Thigh Injury"}, "team": {"id": 34, "name": "Newcastle", "logo": "https://media.api-sports.io/football/teams/34.png"}, "fixture": {"id": 1379057, "timezone": "UTC", "date": "2025-10-25T14:00:00+00:00", "timestamp": 1761400800}, "league": {"id": 39, "season": 2025, "name": "Premier League", "country": "England", "logo": "https://media.api-sports.io/football/leagues/39.png", "flag": "https://media.api-sports.io/flags/gb-eng.svg"}}, {"player": {"id": 284492, "name": "L. Hall", "photo": "https://media.api-sports.io/football/players/284492.png", "type": "Missing Fixture", "reason": "Thigh Injury"}, "team": {"id": 34, "name": "Newcastle", "logo": "https://media.api-sports.io/football/teams/34.png"}, "fixture": {"id": 1379057, "timezone": "UTC", "date": "2025-10-25T14:00:00+00:00", "timestamp": 1761400800}, "league": {"id": 39, "season": 2025, "name": "Premier League", "country": "England", "logo": "https://media.api-sports.io/football/leagues/39.png", "flag": "https://media.api-sports.io/flags/gb-eng.svg"}}, {"player": {"id": 158694, "name": "V. Livramento", "photo": "https://media.api-sports.io/football/players/158694.png", "type": "Missing Fixture", "reason": "Knee Injury"}, "team": {"id": 34, "name": "Newcastle", "logo": "https://media.api-sports.io/football/teams/34.png"}, "fixture": {"id": 1379057, "timezone": "UTC", "date": "2025-10-25T14:00:00+00:00", "timestamp": 1761400800}, "league": {"id": 39, "season": 2025, "name": "Premier League", "country": "England", "logo": "https://media.api-sports.io/football/leagues/39.png", "flag": "https://media.api-sports.io/flags/gb-eng.svg"}}, {"player": {"id": 20649, "name": "Y. Wissa", "photo": "https://media.api-sports.io/football/players/20649.png", "type": "Missing Fixture", "reason": "Knee Injury"}, "team": {"id": 34, "name": "Newcastle", "logo": "https://media.api-sports.io/football/teams/34.png"}, "fixture": {"id": 1379057, "timezone": "UTC", "date": "2025-10-25T14:00:00+00:00", "timestamp": 1761400800}, "league": {"id": 39, "season": 2025, "name": "Premier League", "country": "England", "logo": "https://media.api-sports.io/football/leagues/39.png", "flag": "https://media.api-sports.io/flags/gb-eng.svg"}}, {"player": {"id": 171058, "name": "H. Ashby", "photo": "https://media.api-sports.io/football/players/171058.png", "type": "Missing Fixture", "reason": "Thigh Injury"}, "team": {"id": 34, "name": "Newcastle", "logo": "https://media.api-sports.io/football/teams/34.png"}, "fixture": {"id": 1379068, "timezone": "UTC", "date": "2025-11-02T14:00:00+00:00", "timestamp": 1762092000}, "league": {"id": 39, "season": 2025, "name": "Premier League", "country": "England", "logo": "https://media.api-sports.io/football/leagues/39.png", "flag": "https://media.api-sports.io/flags/gb-eng.svg"}}, {"player": {"id": 158694, "name": "V. Livramento", "photo": "https://media.api-sports.io/football/players/158694.png", "type": "Missing Fixture", "reason": "Knee Injury"}, "team": {"id": 34, "name": "Newcastle", "logo": "https://media.api-sports.io/football/teams/34.png"}, "fixture": {"id": 1379068, "timezone": "UTC", "date": "2025-11-02T14:00:00+00:00", "timestamp": 1762092000}, "league": {"id": 39, "season": 2025, "name": "Premier League", "country": "England", "logo": "https://media.api-sports.io/football/leagues/39.png", "flag": "https://media.api-sports.io/flags/gb-eng.svg"}}, {"player": {"id": 20649, "name": "Y. Wissa", "photo": "https://media.api-sports.io/football/players/20649.png", "type": "Missing Fixture", "reason": "Knee Injury"}, "team": {"id": 34, "name": "Newcastle", "logo": "https://media.api-sports.io/football/teams/34.png"}, "fixture": {"id": 1379068, "timezone": "UTC", "date": "2025-11-02T14:00:00+00:00", "timestamp": 1762092000}, "league": {"id": 39, "season": 2025, "name": "Premier League", "country": "England", "logo": "https://media.api-sports.io/football/leagues/39.png", "flag": "https://media.api-sports.io/flags/gb-eng.svg"}}, {"player": {"id": 171058, "name": "H. Ashby", "photo": "https://media.api-sports.io/football/players/171058.png", "type": "Missing Fixture", "reason": "Thigh Injury"}, "team": {"id": 34, "name": "Newcastle", "logo": "https://media.api-sports.io/football/teams/34.png"}, "fixture": {"id": 1379070, "timezone": "UTC", "date": "2025-11-09T14:00:00+00:00", "timestamp": 1762696800}, "league": {"id": 39, "season": 2025, "name": "Premier League", "country": "England", "logo": "https://media.api-sports.io/football/leagues/39.png", "flag": "https://media.api-sports.io/flags/gb-eng.svg"}}, {"player": {"id": 138787, "name": "A. Gordon", "photo": "https://media.api-sports.io/football/players/138787.png", "type": "Missing Fixture", "reason": "Muscle Injury"}, "team": {"id": 34, "name": "Newcastle", "logo": "https://media.api-sports.io/football/teams/34.png"}, "fixture": {"id": 1379070, "timezone": "UTC", "date": "2025-11-09T14:00:00+00:00", "timestamp": 1762696800}, "league": {"id": 39, "season": 2025, "name": "Premier League", "country": "England", "logo": "https://media.api-sports.io/football/leagues/39.png", "flag": "https://media.api-sports.io/flags/gb-eng.svg"}}, {"player": {"id": 158694, "name": "V. Livramento", "photo": "https://media.api-sports.io/football/players/158694.png", "type": "Missing Fixture", "reason": "Knee Injury"}, "team": {"id": 34, "name": "Newcastle", "logo": "https://media.api-sports.io/football/teams/34.png"}, "fixture": {"id": 1379070, "timezone": "UTC", "date": "2025-11-09T14:00:00+00:00", "timestamp": 1762696800}, "league": {"id": 39, "season": 2025, "name": "Premier League", "country": "England", "logo": "https://media.api-sports.io/football/leagues/39.png", "flag": "https://media.api-sports.io/flags/gb-eng.svg"}}, {"player": {"id": 315237, "name": "W. Osula", "photo": "https://media.api-sports.io/football/players/315237.png", "type": "Missing Fixture", "reason": "Ankle Injury"}, "team": {"id": 34, "name": "Newcastle", "logo": "https://media.api-sports.io/football/teams/34.png"}, "fixture": {"id": 1379070, "timezone": "UTC", "date": "2025-11-09T14:00:00+00:00", "timestamp": 1762696800}, "league": {"id": 39, "season": 2025, "name": "Premier League", "country": "England", "logo": "https://media.api-sports.io/football/leagues/39.png", "flag": "https://media.api-sports.io/flags/gb-eng.svg"}}, {"player": {"id": 20649, "name": "Y. Wissa", "photo": "https://media.api-sports.io/football/players/20649.png", "type": "Missing Fixture", "reason": "Knee Injury"}, "team": {"id": 34, "name": "Newcastle", "logo": "https://media.api-sports.io/football/teams/34.png"}, "fixture": {"id": 1379070, "timezone": "UTC", "date": "2025-11-09T14:00:00+00:00", "timestamp": 1762696800}, "league": {"id": 39, "season": 2025, "name": "Premier League", "country": "England", "logo": "https://media.api-sports.io/football/leagues/39.png", "flag": "https://media.api-sports.io/flags/gb-eng.svg"}}, {"player": {"id": 171058, "name": "H. Ashby", "photo": "https://media.api-sports.io/football/players/171058.png", "type": "Missing Fixture", "reason": "Thigh Injury"}, "team": {"id": 34, "name": "Newcastle", "logo": "https://media.api-sports.io/football/teams/34.png"}, "fixture": {"id": 1379087, "timezone": "UTC", "date": "2025-11-22T17:30:00+00:00", "timestamp": 1763832600}, "league": {"id": 39, "season": 2025, "name": "Premier League", "country": "England", "logo": "https://media.api-sports.io/football/leagues/39.png", "flag": "https://media.api-sports.io/flags/gb-eng.svg"}}, {"player": {"id": 18961, "name": "D. Burn", "photo": "https://media.api-sports.io/football/players/18961.png", "type": "Missing Fixture", "reason": "Red Card"}, "team": {"id": 34, "name": "Newcastle", "logo": "https://media.api-sports.io/football/teams/34.png"}, "fixture": {"id": 1379087, "timezone": "UTC", "date": "2025-11-22T17:30:00+00:00", "timestamp": 1763832600}, "league": {"id": 39, "season": 2025, "name": "Premier League", "country": "England", "logo": "https://media.api-sports.io/football/leagues/39.png", "flag": "https://media.api-sports.io/flags/gb-eng.svg"}}, {"player": {"id": 20649, "name": "Y. Wissa", "photo": "https://media.api-sports.io/football/players/20649.png", "type": "Missing Fixture", "reason": "Knee Injury"}, "team": {"id": 34, "name": "Newcastle", "logo": "https://media.api-sports.io/football/teams/34.png"}, "fixture": {"id": 1379087, "timezone": "UTC", "date": "2025-11-22T17:30:00+00:00", "timestamp": 1763832600}, "league": {"id": 39, "season": 2025, "name": "Premier League", "country": "England", "logo": "https://media.api-sports.io/football/leagues/39.png", "flag": "https://media.api-sports.io/flags/gb-eng.svg"}}, {"player": {"id": 138787, "name": "A. Gordon", "photo": "https://media.api-sports.io/football/players/138787.png", "type": "Questionable", "reason": "Hip Injury"}, "team": {"id": 34, "name": "Newcastle", "logo": "https://media.api-sports.io/football/teams/34.png"}, "fixture": {"id": 1379087, "timezone": "UTC", "date": "2025-11-22T17:30:00+00:00", "timestamp": 1763832600}, "league": {"id": 39, "season": 2025, "name": "Premier League", "country": "England", "logo": "https://media.api-sports.io/football/leagues/39.png", "flag": "https://media.api-sports.io/flags/gb-eng.svg"}}, {"player": {"id": 315237, "name": "W. Osula", "photo": "https://media.api-sports.io/football/players/315237.png", "type": "Questionable", "reason": "Ankle Injury"}, "team": {"id": 34, "name": "Newcastle", "logo": "https://media.api-sports.io/football/teams/34.png"}, "fixture": {"id": 1379087, "timezone": "UTC", "date": "2025-11-22T17:30:00+00:00", "timestamp": 1763832600}, "league": {"id": 39, "season": 2025, "name": "Premier League", "country": "England", "logo": "https://media.api-sports.io/football/leagues/39.png", "flag": "https://media.api-sports.io/flags/gb-eng.svg"}}, {"player": {"id": 171058, "name": "H. Ashby", "photo": "https://media.api-sports.io/football/players/171058.png", "type": "Missing Fixture", "reason": "Thigh Injury"}, "team": {"id": 34, "name": "Newcastle", "logo": "https://media.api-sports.io/football/teams/34.png"}, "fixture": {"id": 1379093, "timezone": "UTC", "date": "2025-11-29T17:30:00+00:00", "timestamp": 1764437400}, "league": {"id": 39, "season": 2025, "name": "Premier League", "country": "England", "logo": "https://media.api-sports.io/football/leagues/39.png", "flag": "https://media.api-sports.io/flags/gb-eng.svg"}}, {"player": {"id": 315237, "name": "W. Osula", "photo": "https://media.api-sports.io/football/players/315237.png", "type": "Missing Fixture", "reason": "Ankle Injury"}, "team": {"id": 34, "name": "Newcastle", "logo": "https://media.api-sports.io/football/teams/34.png"}, "fixture": {"id": 1379093, "timezone": "UTC", "date": "2025-11-29T17:30:00+00:00", "timestamp": 1764437400}, "league": {"id": 39, "season": 2025, "name": "Premier League", "country": "England", "logo": "https://media.api-sports.io/football/leagues/39.png", "flag": "https://media.api-sports.io/flags/gb-eng.svg"}}, {"player": {"id": 169, "name": "K. Trippier", "photo": "https://media.api-sports.io/football/players/169.png", "type": "Missing Fixture", "reason": "Hamstring Injury"}, "team": {"id": 34, "name": "Newcastle", "logo": "https://media.api-sports.io/football/teams/34.png"}, "fixture": {"id": 1379093, "timezone": "UTC", "date": "2025-11-29T17:30:00+00:00", "timestamp": 1764437400}, "league": {"id": 39, "season": 2025, "name": "Premier League", "country": "England", "logo": "https://media.api-sports.io/football/leagues/39.png", "flag": "https://media.api-sports.io/flags/gb-eng.svg"}}, {"player": {"id": 20649, "name": "Y. Wissa", "photo": "https://media.api-sports.io/football/players/20649.png", "type": "Missing Fixture", "reason": "Knee Injury"}, "team": {"id": 34, "name": "Newcastle", "logo": "https://media.api-sports.io/football/teams/34.png"}, "fixture": {"id": 1379093, "timezone": "UTC", "date": "2025-11-29T17:30:00+00:00", "timestamp": 1764437400}, "league": {"id": 39, "season": 2025, "name": "Premier League", "country": "England", "logo": "https://media.api-sports.io/football/leagues/39.png", "flag": "https://media.api-sports.io/flags/gb-eng.svg"}}, {"player": {"id": 38734, "name": "S. Botman", "photo": "https://media.api-sports.io/football/players/38734.png", "type": "Questionable", "reason": "Lower Back Injury"}, "team": {"id": 34, "name": "Newcastle", "logo": "https://media.api-sports.io/football/teams/34.png"}, "fixture": {"id": 1379093, "timezone": "UTC", "date": "2025-11-29T17:30:00+00:00", "timestamp": 1764437400}, "league": {"id": 39, "season": 2025, "name": "Premier League", "country": "England", "logo": "https://media.api-sports.io/football/leagues/39.png", "flag": "https://media.api-sports.io/flags/gb-eng.svg"}}, {"player": {"id": 2855, "name": "E. Krafth", "photo": "https://media.api-sports.io/football/players/2855.png", "type": "Questionable", "reason": "Knee Injury"}, "team": {"id": 34, "name": "Newcastle", "logo": "https://media.api-sports.io/football/teams/34.png"}, "fixture": {"id": 1379093, "timezone": "UTC", "date": "2025-11-29T17:30:00+00:00", "timestamp": 1764437400}, "league": {"id": 39, "season": 2025, "name": "Premier League", "country": "England", "logo": "https://media.api-sports.io/football/leagues/39.png", "flag": "https://media.api-sports.io/flags/gb-eng.svg"}}, {"player": {"id": 171058, "name": "H. Ashby", "photo": "https://media.api-sports.io/football/players/171058.png", "type": "Missing Fixture", "reason": "Thigh Injury"}, "team": {"id": 34, "name": "Newcastle", "logo": "https://media.api-sports.io/football/teams/34.png"}, "fixture": {"id": 1379107, "timezone": "UTC", "date": "2025-12-02T20:15:00+00:00", "timestamp": 1764706500}, "league": {"id": 39, "season": 2025, "name": "Premier League", "country": "England", "logo": "https://media.api-sports.io/football/leagues/39.png", "flag": "https://media.api-sports.io/flags/gb-eng.svg"}}, {"player": {"id": 38734, "name": "S. Botman", "photo": "https://media.api-sports.io/football/players/38734.png", "type": "Missing Fixture", "reason": "Lower Back Injury"}, "team": {"id": 34, "name": "Newcastle", "logo": "https://media.api-sports.io/football/teams/34.png"}, "fixture": {"id": 1379107, "timezone": "UTC", "date": "2025-12-02T20:15:00+00:00", "timestamp": 1764706500}, "league": {"id": 39, "season": 2025, "name": "Premier League", "country": "England", "logo": "https://media.api-sports.io/football/leagues/39.png", "flag": "https://media.api-sports.io/flags/gb-eng.svg"}}, {"player": {"id": 315237, "name": "W. Osula", "photo": "https://media.api-sports.io/football/players/315237.png", "type": "Missing Fixture", "reason": "Ankle Injury"}, "team": {"id": 34, "name": "Newcastle", "logo": "https://media.api-sports.io/football/teams/34.png"}, "fixture": {"id": 1379107, "timezone": "UTC", "date": "2025-12-02T20:15:00+00:00", "timestamp": 1764706500}, "league": {"id": 39, "season": 2025, "name": "Premier League", "country": "England", "logo": "https://media.api-sports.io/football/leagues/39.png", "flag": "https://media.api-sports.io/flags/gb-eng.svg"}}, {"player": {"id": 18911, "name": "N. Pope", "photo": "https://media.api-sports.io/football/players/18911.png", "type": "Missing Fixture", "reason": "Muscle Injury"}, "team": {"id": 34, "name": "Newcastle", "logo": "https://media.api-sports.io/football/teams/34.png"}, "fixture": {"id": 1379107, "timezone": "UTC", "date": "2025-12-02T20:15:00+00:00", "timestamp": 1764706500}, "league": {"id": 39, "season": 2025, "name": "Premier League", "country": "England", "logo": "https://media.api-sports.io/football/leagues/39.png", "flag": "https://media.api-sports.io/flags/gb-eng.svg"}}, {"player": {"id": 169, "name": "K. Trippier", "photo": "https://media.api-sports.io/football/players/169.png", "type": "Missing Fixture", "reason": "Hamstring Injury"}, "team": {"id": 34, "name": "Newcastle", "logo": "https://media.api-sports.io/football/teams/34.png"}, "fixture": {"id": 1379107, "timezone": "UTC", "date": "2025-12-02T20:15:00+00:00", "timestamp": 1764706500}, "league": {"id": 39, "season": 2025, "name": "Premier League", "country": "England", "logo": "https://media.api-sports.io/football/leagues/39.png", "flag": "https://media.api-sports.io/flags/gb-eng.svg"}}, {"player": {"id": 20649, "name": "Y. Wissa", "photo": "https://media.api-sports.io/football/players/20649.png", "type": "Missing Fixture", "reason": "Knee Injury"}, "team": {"id": 34, "name": "Newcastle", "logo": "https://media.api-sports.io/football/teams/34.png"}, "fixture": {"id": 1379107, "timezone": "UTC", "date": "2025-12-02T20:15:00+00:00", "timestamp": 1764706500}, "league": {"id": 39, "season": 2025, "name": "Premier League", "country": "England", "logo": "https://media.api-sports.io/football/leagues/39.png", "flag": "https://media.api-sports.io/flags/gb-eng.svg"}}, {"player": {"id": 2855, "name": "E. Krafth", "photo": "https://media.api-sports.io/football/players/2855.png", "type": "Questionable", "reason": "Knee Injury"}, "team": {"id": 34, "name": "Newcastle", "logo": "https://media.api-sports.io/football/teams/34.png"}, "fixture": {"id": 1379107, "timezone": "UTC", "date": "2025-12-02T20:15:00+00:00", "timestamp": 1764706500}, "league": {"id": 39, "season": 2025, "name": "Premier League", "country": "England", "logo": "https://media.api-sports.io/football/leagues/39.png", "flag": "https://media.api-sports.io/flags/gb-eng.svg"}}, {"player": {"id": 38734, "name": "S. Botman", "photo": "https://media.api-sports.io/football/players/38734.png", "type": "Missing Fixture", "reason": "Lower Back Injury"}, "team": {"id": 34, "name": "Newcastle", "logo": "https://media.api-sports.io/football/teams/34.png"}, "fixture": {"id": 1379116, "timezone": "UTC", "date": "2025-12-06T15:00:00+00:00", "timestamp": 1765033200}, "league": {"id": 39, "season": 2025, "name": "Premier League", "country": "England", "logo": "https://media.api-sports.io/football/leagues/39.png", "flag": "https://media.api-sports.io/flags/gb-eng.svg"}}, {"player": {"id": 315237, "name": "W. Osula", "photo": "https://media.api-sports.io/football/players/315237.png", "type": "Missing Fixture", "reason": "Ankle Injury"}, "team": {"id": 34, "name": "Newcastle", "logo": "https://media.api-sports.io/football/teams/34.png"}, "fixture": {"id": 1379116, "timezone": "UTC", "date": "2025-12-06T15:00:00+00:00", "timestamp": 1765033200}, "league": {"id": 39, "season": 2025, "name": "Premier League", "country": "England", "logo": "https://media.api-sports.io/football/leagues/39.png", "flag": "https://media.api-sports.io/flags/gb-eng.svg"}}, {"player": {"id": 18911, "name": "N. Pope", "photo": "https://media.api-sports.io/football/players/18911.png", "type": "Missing Fixture", "reason": "Muscle Injury"}, "team": {"id": 34, "name": "Newcastle", "logo": "https://media.api-sports.io/football/teams/34.png"}, "fixture": {"id": 1379116, "timezone": "UTC", "date": "2025-12-06T15:00:00+00:00", "timestamp": 1765033200}, "league": {"id": 39, "season": 2025, "name": "Premier League", "country": "England", "logo": "https://media.api-sports.io/football/leagues/39.png", "flag": "https://media.api-sports.io/flags/gb-eng.svg"}}, {"player": {"id": 169, "name": "K. Trippier", "photo": "https://media.api-sports.io/football/players/169.png", "type": "Missing Fixture", "reason": "Hamstring Injury"}, "team": {"id": 34, "name": "Newcastle", "logo": "https://media.api-sports.io/football/teams/34.png"}, "fixture": {"id": 1379116, "timezone": "UTC", "date": "2025-12-06T15:00:00+00:00", "timestamp": 1765033200}, "league": {"id": 39, "season": 2025, "name": "Premier League", "country": "England", "logo": "https://media.api-sports.io/football/leagues/39.png", "flag": "https://media.api-sports.io/flags/gb-eng.svg"}}, {"player": {"id": 2855, "name": "E. Krafth", "photo": "https://media.api-sports.io/football/players/2855.png", "type": "Questionable", "reason": "Knee Injury"}, "team": {"id": 34, "name": "Newcastle", "logo": "https://media.api-sports.io/football/teams/34.png"}, "fixture": {"id": 1379116, "timezone": "UTC", "date": "2025-12-06T15:00:00+00:00", "timestamp": 1765033200}, "league": {"id": 39, "season": 2025, "name": "Premier League", "country": "England", "logo": "https://media.api-sports.io/football/leagues/39.png", "flag": "https://media.api-sports.io/flags/gb-eng.svg"}}, {"player": {"id": 38734, "name": "S. Botman", "photo": "https://media.api-sports.io/football/players/38734.png", "type": "Missing Fixture", "reason": "Lower Back Injury"}, "team": {"id": 34, "name": "Newcastle", "logo": "https://media.api-sports.io/football/teams/34.png"}, "fixture": {"id": 1379127, "timezone": "UTC", "date": "2025-12-14T14:00:00+00:00", "timestamp": 1765720800}, "league": {"id": 39, "season": 2025, "name": "Premier League", "country": "England", "logo": "https://media.api-sports.io/football/leagues/39.png", "flag": "https://media.api-sports.io/flags/gb-eng.svg"}}, {"player": {"id": 2855, "name": "E. Krafth", "photo": "https://media.api-sports.io/football/players/2855.png", "type": "Missing Fixture", "reason": "Knee Injury"}, "team": {"id": 34, "name": "Newcastle", "logo": "https://media.api-sports.io/football/teams/34.png"}, "fixture": {"id": 1379127, "timezone": "UTC", "date": "2025-12-14T14:00:00+00:00", "timestamp": 1765720800}, "league": {"id": 39, "season": 2025, "name": "Premier League", "country": "England", "logo": "https://media.api-sports.io/football/leagues/39.png", "flag": "https://media.api-sports.io/flags/gb-eng.svg"}}, {"player": {"id": 315237, "name": "W. Osula", "photo": "https://media.api-sports.io/football/players/315237.png", "type": "Missing Fixture", "reason": "Ankle Injury"}, "team": {"id": 34, "name": "Newcastle", "logo": "https://media.api-sports.io/football/teams/34.png"}, "fixture": {"id": 1379127, "timezone": "UTC", "date": "2025-12-14T14:00:00+00:00", "timestamp": 1765720800}, "league": {"id": 39, "season": 2025, "name": "Premier League", "country": "England", "logo": "https://media.api-sports.io/football/leagues/39.png", "flag": "https://media.api-sports.io/flags/gb-eng.svg"}}, {"player": {"id": 169, "name": "K. Trippier", "photo": "https://media.api-sports.io/football/players/169.png", "type": "Missing Fixture", "reason": "Hamstring Injury"}, "team": {"id": 34, "name": "Newcastle", "logo": "https://media.api-sports.io/football/teams/34.png"}, "fixture": {"id": 1379127, "timezone": "UTC", "date": "2025-12-14T14:00:00+00:00", "timestamp": 1765720800}, "league": {"id": 39, "season": 2025, "name": "Premier League", "country": "England", "logo": "https://media.api-sports.io/football/leagues/39.png", "flag": "https://media.api-sports.io/flags/gb-eng.svg"}}, {"player": {"id": 18911, "name": "N. Pope", "photo": "https://media.api-sports.io/football/players/18911.png", "type": "Questionable", "reason": "Muscle Injury"}, "team": {"id": 34, "name": "Newcastle", "logo": "https://media.api-sports.io/football/teams/34.png"}, "fixture": {"id": 1379127, "timezone": "UTC", "date": "2025-12-14T14:00:00+00:00", "timestamp": 1765720800}, "league": {"id": 39, "season": 2025, "name": "Premier League", "country": "England", "logo": "https://media.api-sports.io/football/leagues/39.png", "flag": "https://media.api-sports.io/flags/gb-eng.svg"}}, {"player": {"id": 38734, "name": "S. Botman", "photo": "https://media.api-sports.io/football/players/38734.png", "type": "Missing Fixture", "reason": "Lower Back Injury"}, "team": {"id": 34, "name": "Newcastle", "logo": "https://media.api-sports.io/football/teams/34.png"}, "fixture": {"id": 1379136, "timezone": "UTC", "date": "2025-12-20T12:30:00+00:00", "timestamp": 1766233800}, "league": {"id": 39, "season": 2025, "name": "Premier League", "country": "England", "logo": "https://media.api-sports.io/football/leagues/39.png", "flag": "https://media.api-sports.io/flags/gb-eng.svg"}}, {"player": {"id": 18961, "name": "D. Burn", "photo": "https://media.api-sports.io/football/players/18961.png", "type": "Missing Fixture", "reason": "Chest Injury"}, "team": {"id": 34, "name": "Newcastle", "logo": "https://media.api-sports.io/football/teams/34.png"}, "fixture": {"id": 1379136, "timezone": "UTC", "date": "2025-12-20T12:30:00+00:00", "timestamp": 1766233800}, "league": {"id": 39, "season": 2025, "name": "Premier League", "country": "England", "logo": "https://media.api-sports.io/football/leagues/39.png", "flag": "https://media.api-sports.io/flags/gb-eng.svg"}}, {"player": {"id": 2855, "name": "E. Krafth", "photo": "https://media.api-sports.io/football/players/2855.png", "type": "Missing Fixture", "reason": "Knee Injury"}, "team": {"id": 34, "name": "Newcastle", "logo": "https://media.api-sports.io/football/teams/34.png"}, "fixture": {"id": 1379136, "timezone": "UTC", "date": "2025-12-20T12:30:00+00:00", "timestamp": 1766233800}, "league": {"id": 39, "season": 2025, "name": "Premier League", "country": "England", "logo": "https://media.api-sports.io/football/leagues/39.png", "flag": "https://media.api-sports.io/flags/gb-eng.svg"}}, {"player": {"id": 158694, "name": "V. Livramento", "photo": "https://media.api-sports.io/football/players/158694.png", "type": "Missing Fixture", "reason": "Knee Injury"}, "team": {"id": 34, "name": "Newcastle", "logo": "https://media.api-sports.io/football/teams/34.png"}, "fixture": {"id": 1379136, "timezone": "UTC", "date": "2025-12-20T12:30:00+00:00", "timestamp": 1766233800}, "league": {"id": 39, "season": 2025, "name": "Premier League", "country": "England", "logo": "https://media.api-sports.io/football/leagues/39.png", "flag": "https://media.api-sports.io/flags/gb-eng.svg"}}, {"player": {"id": 315237, "name": "W. Osula", "photo": "https://media.api-sports.io/football/players/315237.png", "type": "Missing Fixture", "reason": "Ankle Injury"}, "team": {"id": 34, "name": "Newcastle", "logo": "https://media.api-sports.io/football/teams/34.png"}, "fixture": {"id": 1379136, "timezone": "UTC", "date": "2025-12-20T12:30:00+00:00", "timestamp": 1766233800}, "league": {"id": 39, "season": 2025, "name": "Premier League", "country": "England", "logo": "https://media.api-sports.io/football/leagues/39.png", "flag": "https://media.api-sports.io/flags/gb-eng.svg"}}, {"player": {"id": 169, "name": "K. Trippier", "photo": "https://media.api-sports.io/football/players/169.png", "type": "Missing Fixture", "reason": "Hamstring Injury"}, "team": {"id": 34, "name": "Newcastle", "logo": "https://media.api-sports.io/football/teams/34.png"}, "fixture": {"id": 1379136, "timezone": "UTC", "date": "2025-12-20T12:30:00+00:00", "timestamp": 1766233800}, "league": {"id": 39, "season": 2025, "name": "Premier League", "country": "England", "logo": "https://media.api-sports.io/football/leagues/39.png", "flag": "https://media.api-sports.io/flags/gb-eng.svg"}}, {"player": {"id": 18911, "name": "N. Pope", "photo": "https://media.api-sports.io/football/players/18911.png", "type": "Questionable", "reason": "Muscle Injury"}, "team": {"id": 34, "name": "Newcastle", "logo": "https://media.api-sports.io/football/teams/34.png"}, "fixture": {"id": 1379136, "timezone": "UTC", "date": "2025-12-20T12:30:00+00:00", "timestamp": 1766233800}, "league": {"id": 39, "season": 2025, "name": "Premier League", "country": "England", "logo": "https://media.api-sports.io/football/leagues/39.png", "flag": "https://media.api-sports.io/flags/gb-eng.svg"}}, {"player": {"id": 38734, "name": "S. Botman", "photo": "https://media.api-sports.io/football/players/38734.png", "type": "Missing Fixture", "reason": "Lower Back Injury"}, "team": {"id": 34, "name": "Newcastle", "logo": "https://media.api-sports.io/football/teams/34.png"}, "fixture": {"id": 1379145, "timezone": "UTC", "date": "2025-12-26T20:00:00+00:00", "timestamp": 1766779200}, "league": {"id": 39, "season": 2025, "name": "Premier League", "country": "England", "logo": "https://media.api-sports.io/football/leagues/39.png", "flag": "https://media.api-sports.io/flags/gb-eng.svg"}}, {"player": {"id": 18961, "name": "D. Burn", "photo": "https://media.api-sports.io/football/players/18961.png", "type": "Missing Fixture", "reason": "Chest Injury"}, "team": {"id": 34, "name": "Newcastle", "logo": "https://media.api-sports.io/football/teams/34.png"}, "fixture": {"id": 1379145, "timezone": "UTC", "date": "2025-12-26T20:00:00+00:00", "timestamp": 1766779200}, "league": {"id": 39, "season": 2025, "name": "Premier League", "country": "England", "logo": "https://media.api-sports.io/football/leagues/39.png", "flag": "https://media.api-sports.io/flags/gb-eng.svg"}}, {"player": {"id": 2855, "name": "E. Krafth", "photo": "https://media.api-sports.io/football/players/2855.png", "type": "Missing Fixture", "reason": "Knee Injury"}, "team": {"id": 34, "name": "Newcastle", "logo": "https://media.api-sports.io/football/teams/34.png"}, "fixture": {"id": 1379145, "timezone": "UTC", "date": "2025-12-26T20:00:00+00:00", "timestamp": 1766779200}, "league": {"id": 39, "season": 2025, "name": "Premier League", "country": "England", "logo": "https://media.api-sports.io/football/leagues/39.png", "flag": "https://media.api-sports.io/flags/gb-eng.svg"}}, {"player": {"id": 18894, "name": "J. Lascelles", "photo": "https://media.api-sports.io/football/players/18894.png", "type": "Missing Fixture", "reason": "Muscle Injury"}, "team": {"id": 34, "name": "Newcastle", "logo": "https://media.api-sports.io/football/teams/34.png"}, "fixture": {"id": 1379145, "timezone": "UTC", "date": "2025-12-26T20:00:00+00:00", "timestamp": 1766779200}, "league": {"id": 39, "season": 2025, "name": "Premier League", "country": "England", "logo": "https://media.api-sports.io/football/leagues/39.png", "flag": "https://media.api-sports.io/flags/gb-eng.svg"}}, {"player": {"id": 158694, "name": "V. Livramento", "photo": "https://media.api-sports.io/football/players/158694.png", "type": "Missing Fixture", "reason": "Knee Injury"}, "team": {"id": 34, "name": "Newcastle", "logo": "https://media.api-sports.io/football/teams/34.png"}, "fixture": {"id": 1379145, "timezone": "UTC", "date": "2025-12-26T20:00:00+00:00", "timestamp": 1766779200}, "league": {"id": 39, "season": 2025, "name": "Premier League", "country": "England", "logo": "https://media.api-sports.io/football/leagues/39.png", "flag": "https://media.api-sports.io/flags/gb-eng.svg"}}, {"player": {"id": 315237, "name": "W. Osula", "photo": "https://media.api-sports.io/football/players/315237.png", "type": "Missing Fixture", "reason": "Ankle Injury"}, "team": {"id": 34, "name": "Newcastle", "logo": "https://media.api-sports.io/football/teams/34.png"}, "fixture": {"id": 1379145, "timezone": "UTC", "date": "2025-12-26T20:00:00+00:00", "timestamp": 1766779200}, "league": {"id": 39, "season": 2025, "name": "Premier League", "country": "England", "logo": "https://media.api-sports.io/football/leagues/39.png", "flag": "https://media.api-sports.io/flags/gb-eng.svg"}}, {"player": {"id": 169, "name": "K. Trippier", "photo": "https://media.api-sports.io/football/players/169.png", "type": "Missing Fixture", "reason": "Hamstring Injury"}, "team": {"id": 34, "name": "Newcastle", "logo": "https://media.api-sports.io/football/teams/34.png"}, "fixture": {"id": 1379145, "timezone": "UTC", "date": "2025-12-26T20:00:00+00:00", "timestamp": 1766779200}, "league": {"id": 39, "season": 2025, "name": "Premier League", "country": "England", "logo": "https://media.api-sports.io/football/leagues/39.png", "flag": "https://media.api-sports.io/flags/gb-eng.svg"}}, {"player": {"id": 38734, "name": "S. Botman", "photo": "https://media.api-sports.io/football/players/38734.png", "type": "Missing Fixture", "reason": "Lower Back Injury"}, "team": {"id": 34, "name": "Newcastle", "logo": "https://media.api-sports.io/football/teams/34.png"}, "fixture": {"id": 1379151, "timezone": "UTC", "date": "2025-12-30T19:30:00+00:00", "timestamp": 1767123000}, "league": {"id": 39, "season": 2025, "name": "Premier League", "country": "England", "logo": "https://media.api-sports.io/football/leagues/39.png", "flag": "https://media.api-sports.io/flags/gb-eng.svg"}}, {"player": {"id": 18961, "name": "D. Burn", "photo": "https://media.api-sports.io/football/players/18961.png", "type": "Missing Fixture", "reason": "Chest Injury"}, "team": {"id": 34, "name": "Newcastle", "logo": "https://media.api-sports.io/football/teams/34.png"}, "fixture": {"id": 1379151, "timezone": "UTC", "date": "2025-12-30T19:30:00+00:00", "timestamp": 1767123000}, "league": {"id": 39, "season": 2025, "name": "Premier League", "country": "England", "logo": "https://media.api-sports.io/football/leagues/39.png", "flag": "https://media.api-sports.io/flags/gb-eng.svg"}}, {"player": {"id": 153430, "name": "A. Elanga", "photo": "https://media.api-sports.io/football/players/153430.png", "type": "Missing Fixture", "reason": "Knock"}, "team": {"id": 34, "name": "Newcastle", "logo": "https://media.api-sports.io/football/teams/34.png"}, "fixture": {"id": 1379151, "timezone": "UTC", "date": "2025-12-30T19:30:00+00:00", "timestamp": 1767123000}, "league": {"id": 39, "season": 2025, "name": "Premier League", "country": "England", "logo": "https://media.api-sports.io/football/leagues/39.png", "flag": "https://media.api-sports.io/flags/gb-eng.svg"}}, {"player": {"id": 2855, "name": "E. Krafth", "photo": "https://media.api-sports.io/football/players/2855.png", "type": "Missing Fixture", "reason": "Knee Injury"}, "team": {"id": 34, "name": "Newcastle", "logo": "https://media.api-sports.io/football/teams/34.png"}, "fixture": {"id": 1379151, "timezone": "UTC", "date": "2025-12-30T19:30:00+00:00", "timestamp": 1767123000}, "league": {"id": 39, "season": 2025, "name": "Premier League", "country": "England", "logo": "https://media.api-sports.io/football/leagues/39.png", "flag": "https://media.api-sports.io/flags/gb-eng.svg"}}, {"player": {"id": 18894, "name": "J. Lascelles", "photo": "https://media.api-sports.io/football/players/18894.png", "type": "Missing Fixture", "reason": "Muscle Injury"}, "team": {"id": 34, "name": "Newcastle", "logo": "https://media.api-sports.io/football/teams/34.png"}, "fixture": {"id": 1379151, "timezone": "UTC", "date": "2025-12-30T19:30:00+00:00", "timestamp": 1767123000}, "league": {"id": 39, "season": 2025, "name": "Premier League", "country": "England", "logo": "https://media.api-sports.io/football/leagues/39.png", "flag": "https://media.api-sports.io/flags/gb-eng.svg"}}, {"player": {"id": 158694, "name": "V. Livramento", "photo": "https://media.api-sports.io/football/players/158694.png", "type": "Missing Fixture", "reason": "Knee Injury"}, "team": {"id": 34, "name": "Newcastle", "logo": "https://media.api-sports.io/football/teams/34.png"}, "fixture": {"id": 1379151, "timezone": "UTC", "date": "2025-12-30T19:30:00+00:00", "timestamp": 1767123000}, "league": {"id": 39, "season": 2025, "name": "Premier League", "country": "England", "logo": "https://media.api-sports.io/football/leagues/39.png", "flag": "https://media.api-sports.io/flags/gb-eng.svg"}}, {"player": {"id": 315237, "name": "W. Osula", "photo": "https://media.api-sports.io/football/players/315237.png", "type": "Missing Fixture", "reason": "Ankle Injury"}, "team": {"id": 34, "name": "Newcastle", "logo": "https://media.api-sports.io/football/teams/34.png"}, "fixture": {"id": 1379151, "timezone": "UTC", "date": "2025-12-30T19:30:00+00:00", "timestamp": 1767123000}, "league": {"id": 39, "season": 2025, "name": "Premier League", "country": "England", "logo": "https://media.api-sports.io/football/leagues/39.png", "flag": "https://media.api-sports.io/flags/gb-eng.svg"}}, {"player": {"id": 169, "name": "K. Trippier", "photo": "https://media.api-sports.io/football/players/169.png", "type": "Missing Fixture", "reason": "Hamstring Injury"}, "team": {"id": 34, "name": "Newcastle", "logo": "https://media.api-sports.io/football/teams/34.png"}, "fixture": {"id": 1379151, "timezone": "UTC", "date": "2025-12-30T19:30:00+00:00", "timestamp": 1767123000}, "league": {"id": 39, "season": 2025, "name": "Premier League", "country": "England", "logo": "https://media.api-sports.io/football/leagues/39.png", "flag": "https://media.api-sports.io/flags/gb-eng.svg"}}, {"player": {"id": 18961, "name": "D. Burn", "photo": "https://media.api-sports.io/football/players/18961.png", "type": "Missing Fixture", "reason": "Chest Injury"}, "team": {"id": 34, "name": "Newcastle", "logo": "https://media.api-sports.io/football/teams/34.png"}, "fixture": {"id": 1379166, "timezone": "UTC", "date": "2026-01-04T15:00:00+00:00", "timestamp": 1767538800}, "league": {"id": 39, "season": 2025, "name": "Premier League", "country": "England", "logo": "https://media.api-sports.io/football/leagues/39.png", "flag": "https://media.api-sports.io/flags/gb-eng.svg"}}, {"player": {"id": 2855, "name": "E. Krafth", "photo": "https://media.api-sports.io/football/players/2855.png", "type": "Missing Fixture", "reason": "Knee Injury"}, "team": {"id": 34, "name": "Newcastle", "logo": "https://media.api-sports.io/football/teams/34.png"}, "fixture": {"id": 1379166, "timezone": "UTC", "date": "2026-01-04T15:00:00+00:00", "timestamp": 1767538800}, "league": {"id": 39, "season": 2025, "name": "Premier League", "country": "England", "logo": "https://media.api-sports.io/football/leagues/39.png", "flag": "https://media.api-sports.io/flags/gb-eng.svg"}}, {"player": {"id": 18894, "name": "J. Lascelles", "photo": "https://media.api-sports.io/football/players/18894.png", "type": "Missing Fixture", "reason": "Muscle Injury"}, "team": {"id": 34, "name": "Newcastle", "logo": "https://media.api-sports.io/football/teams/34.png"}, "fixture": {"id": 1379166, "timezone": "UTC", "date": "2026-01-04T15:00:00+00:00", "timestamp": 1767538800}, "league": {"id": 39, "season": 2025, "name": "Premier League", "country": "England", "logo": "https://media.api-sports.io/football/leagues/39.png", "flag": "https://media.api-sports.io/flags/gb-eng.svg"}}, {"player": {"id": 315237, "name": "W. Osula", "photo": "https://media.api-sports.io/football/players/315237.png", "type": "Missing Fixture", "reason": "Ankle Injury"}, "team": {"id": 34, "name": "Newcastle", "logo": "https://media.api-sports.io/football/teams/34.png"}, "fixture": {"id": 1379166, "timezone": "UTC", "date": "2026-01-04T15:00:00+00:00", "timestamp": 1767538800}, "league": {"id": 39, "season": 2025, "name": "Premier League", "country": "England", "logo": "https://media.api-sports.io/football/leagues/39.png", "flag": "https://media.api-sports.io/flags/gb-eng.svg"}}, {"player": {"id": 38734, "name": "S. Botman", "photo": "https://media.api-sports.io/football/players/38734.png", "type": "Questionable", "reason": "Lower Back Injury"}, "team": {"id": 34, "name": "Newcastle", "logo": "https://media.api-sports.io/football/teams/34.png"}, "fixture": {"id": 1379166, "timezone": "UTC", "date": "2026-01-04T15:00:00+00:00", "timestamp": 1767538800}, "league": {"id": 39, "season": 2025, "name": "Premier League", "country": "England", "logo": "https://media.api-sports.io/football/leagues/39.png", "flag": "https://media.api-sports.io/flags/gb-eng.svg"}}, {"player": {"id": 153430, "name": "A. Elanga", "photo": "https://media.api-sports.io/football/players/153430.png", "type": "Questionable", "reason": "Knee Injury"}, "team": {"id": 34, "name": "Newcastle", "logo": "https://media.api-sports.io/football/teams/34.png"}, "fixture": {"id": 1379166, "timezone": "UTC", "date": "2026-01-04T15:00:00+00:00", "timestamp": 1767538800}, "league": {"id": 39, "season": 2025, "name": "Premier League", "country": "England", "logo": "https://media.api-sports.io/football/leagues/39.png", "flag": "https://media.api-sports.io/flags/gb-eng.svg"}}, {"player": {"id": 158694, "name": "V. Livramento", "photo": "https://media.api-sports.io/football/players/158694.png", "type": "Questionable", "reason": "Knee Injury"}, "team": {"id": 34, "name": "Newcastle", "logo": "https://media.api-sports.io/football/teams/34.png"}, "fixture": {"id": 1379166, "timezone": "UTC", "date": "2026-01-04T15:00:00+00:00", "timestamp": 1767538800}, "league": {"id": 39, "season": 2025, "name": "Premier League", "country": "England", "logo": "https://media.api-sports.io/football/leagues/39.png", "flag": "https://media.api-sports.io/flags/gb-eng.svg"}}, {"player": {"id": 169, "name": "K. Trippier", "photo": "https://media.api-sports.io/football/players/169.png", "type": "Questionable", "reason": "Hamstring Injury"}, "team": {"id": 34, "name": "Newcastle", "logo": "https://media.api-sports.io/football/teams/34.png"}, "fixture": {"id": 1379166, "timezone": "UTC", "date": "2026-01-04T15:00:00+00:00", "timestamp": 1767538800}, "league": {"id": 39, "season": 2025, "name": "Premier League", "country": "England", "logo": "https://media.api-sports.io/football/leagues/39.png", "flag": "https://media.api-sports.io/flags/gb-eng.svg"}}, {"player": {"id": 18961, "name": "D. Burn", "photo": "https://media.api-sports.io/football/players/18961.png", "type": "Missing Fixture", "reason": "Chest Injury"}, "team": {"id": 34, "name": "Newcastle", "logo": "https://media.api-sports.io/football/teams/34.png"}, "fixture": {"id": 1379188, "timezone": "UTC", "date": "2026-01-18T14:00:00+00:00", "timestamp": 1768744800}, "league": {"id": 39, "season": 2025, "name": "Premier League", "country": "England", "logo": "https://media.api-sports.io/football/leagues/39.png", "flag": "https://media.api-sports.io/flags/gb-eng.svg"}}, {"player": {"id": 2855, "name": "E. Krafth", "photo": "https://media.api-sports.io/football/players/2855.png", "type": "Missing Fixture", "reason": "Knee Injury"}, "team": {"id": 34, "name": "Newcastle", "logo": "https://media.api-sports.io/football/teams/34.png"}, "fixture": {"id": 1379188, "timezone": "UTC", "date": "2026-01-18T14:00:00+00:00", "timestamp": 1768744800}, "league": {"id": 39, "season": 2025, "name": "Premier League", "country": "England", "logo": "https://media.api-sports.io/football/leagues/39.png", "flag": "https://media.api-sports.io/flags/gb-eng.svg"}}, {"player": {"id": 18894, "name": "J. Lascelles", "photo": "https://media.api-sports.io/football/players/18894.png", "type": "Missing Fixture", "reason": "Muscle Injury"}, "team": {"id": 34, "name": "Newcastle", "logo": "https://media.api-sports.io/football/teams/34.png"}, "fixture": {"id": 1379188, "timezone": "UTC", "date": "2026-01-18T14:00:00+00:00", "timestamp": 1768744800}, "league": {"id": 39, "season": 2025, "name": "Premier League", "country": "England", "logo": "https://media.api-sports.io/football/leagues/39.png", "flag": "https://media.api-sports.io/flags/gb-eng.svg"}}, {"player": {"id": 158694, "name": "V. Livramento", "photo": "https://media.api-sports.io/football/players/158694.png", "type": "Missing Fixture", "reason": "Muscle Injury"}, "team": {"id": 34, "name": "Newcastle", "logo": "https://media.api-sports.io/football/teams/34.png"}, "fixture": {"id": 1379188, "timezone": "UTC", "date": "2026-01-18T14:00:00+00:00", "timestamp": 1768744800}, "league": {"id": 39, "season": 2025, "name": "Premier League", "country": "England", "logo": "https://media.api-sports.io/football/leagues/39.png", "flag": "https://media.api-sports.io/flags/gb-eng.svg"}}, {"player": {"id": 19163, "name": "J. Murphy", "photo": "https://media.api-sports.io/football/players/19163.png", "type": "Missing Fixture", "reason": "Muscle Injury"}, "team": {"id": 34, "name": "Newcastle", "logo": "https://media.api-sports.io/football/teams/34.png"}, "fixture": {"id": 1379188, "timezone": "UTC", "date": "2026-01-18T14:00:00+00:00", "timestamp": 1768744800}, "league": {"id": 39, "season": 2025, "name": "Premier League", "country": "England", "logo": "https://media.api-sports.io/football/leagues/39.png", "flag": "https://media.api-sports.io/flags/gb-eng.svg"}}, {"player": {"id": 315237, "name": "W. Osula", "photo": "https://media.api-sports.io/football/players/315237.png", "type": "Missing Fixture", "reason": "Ankle Injury"}, "team": {"id": 34, "name": "Newcastle", "logo": "https://media.api-sports.io/football/teams/34.png"}, "fixture": {"id": 1379188, "timezone": "UTC", "date": "2026-01-18T14:00:00+00:00", "timestamp": 1768744800}, "league": {"id": 39, "season": 2025, "name": "Premier League", "country": "England", "logo": "https://media.api-sports.io/football/leagues/39.png", "flag": "https://media.api-sports.io/flags/gb-eng.svg"}}, {"player": {"id": 2806, "name": "F. Schar", "photo": "https://media.api-sports.io/football/players/2806.png", "type": "Missing Fixture", "reason": "Injury"}, "team": {"id": 34, "name": "Newcastle", "logo": "https://media.api-sports.io/football/teams/34.png"}, "fixture": {"id": 1379188, "timezone": "UTC", "date": "2026-01-18T14:00:00+00:00", "timestamp": 1768744800}, "league": {"id": 39, "season": 2025, "name": "Premier League", "country": "England", "logo": "https://media.api-sports.io/football/leagues/39.png", "flag": "https://media.api-sports.io/flags/gb-eng.svg"}}, {"player": {"id": 2855, "name": "E. Krafth", "photo": "https://media.api-sports.io/football/players/2855.png", "type": "Missing Fixture", "reason": "Knee Injury"}, "team": {"id": 34, "name": "Newcastle", "logo": "https://media.api-sports.io/football/teams/34.png"}, "fixture": {"id": 1379197, "timezone": "UTC", "date": "2026-01-25T14:00:00+00:00", "timestamp": 1769349600}, "league": {"id": 39, "season": 2025, "name": "Premier League", "country": "England", "logo": "https://media.api-sports.io/football/leagues/39.png", "flag": "https://media.api-sports.io/flags/gb-eng.svg"}}, {"player": {"id": 158694, "name": "V. Livramento", "photo": "https://media.api-sports.io/football/players/158694.png", "type": "Missing Fixture", "reason": "Hamstring Injury"}, "team": {"id": 34, "name": "Newcastle", "logo": "https://media.api-sports.io/football/teams/34.png"}, "fixture": {"id": 1379197, "timezone": "UTC", "date": "2026-01-25T14:00:00+00:00", "timestamp": 1769349600}, "league": {"id": 39, "season": 2025, "name": "Premier League", "country": "England", "logo": "https://media.api-sports.io/football/leagues/39.png", "flag": "https://media.api-sports.io/flags/gb-eng.svg"}}, {"player": {"id": 19163, "name": "J. Murphy", "photo": "https://media.api-sports.io/football/players/19163.png", "type": "Missing Fixture", "reason": "Hamstring Injury"}, "team": {"id": 34, "name": "Newcastle", "logo": "https://media.api-sports.io/football/teams/34.png"}, "fixture": {"id": 1379197, "timezone": "UTC", "date": "2026-01-25T14:00:00+00:00", "timestamp": 1769349600}, "league": {"id": 39, "season": 2025, "name": "Premier League", "country": "England", "logo": "https://media.api-sports.io/football/leagues/39.png", "flag": "https://media.api-sports.io/flags/gb-eng.svg"}}, {"player": {"id": 2806, "name": "F. Schar", "photo": "https://media.api-sports.io/football/players/2806.png", "type": "Missing Fixture", "reason": "Injury"}, "team": {"id": 34, "name": "Newcastle", "logo": "https://media.api-sports.io/football/teams/34.png"}, "fixture": {"id": 1379197, "timezone": "UTC", "date": "2026-01-25T14:00:00+00:00", "timestamp": 1769349600}, "league": {"id": 39, "season": 2025, "name": "Premier League", "country": "England", "logo": "https://media.api-sports.io/football/leagues/39.png", "flag": "https://media.api-sports.io/flags/gb-eng.svg"}}, {"player": {"id": 10135, "name": "Bruno Guimaraes", "photo": "https://media.api-sports.io/football/players/10135.png", "type": "Questionable", "reason": "Ankle Injury"}, "team": {"id": 34, "name": "Newcastle", "logo": "https://media.api-sports.io/football/teams/34.png"}, "fixture": {"id": 1379197, "timezone": "UTC", "date": "2026-01-25T14:00:00+00:00", "timestamp": 1769349600}, "league": {"id": 39, "season": 2025, "name": "Premier League", "country": "England", "logo": "https://media.api-sports.io/football/leagues/39.png", "flag": "https://media.api-sports.io/flags/gb-eng.svg"}}, {"player": {"id": 723, "name": "Joelinton", "photo": "https://media.api-sports.io/football/players/723.png", "type": "Missing Fixture", "reason": "Injury"}, "team": {"id": 34, "name": "Newcastle", "logo": "https://media.api-sports.io/football/teams/34.png"}, "fixture": {"id": 1379203, "timezone": "UTC", "date": "2026-01-31T20:00:00+00:00", "timestamp": 1769889600}, "league": {"id": 39, "season": 2025, "name": "Premier League", "country": "England", "logo": "https://media.api-sports.io/football/leagues/39.png", "flag": "https://media.api-sports.io/flags/gb-eng.svg"}}, {"player": {"id": 2855, "name": "E. Krafth", "photo": "https://media.api-sports.io/football/players/2855.png", "type": "Missing Fixture", "reason": "Knee Injury"}, "team": {"id": 34, "name": "Newcastle", "logo": "https://media.api-sports.io/football/teams/34.png"}, "fixture": {"id": 1379203, "timezone": "UTC", "date": "2026-01-31T20:00:00+00:00", "timestamp": 1769889600}, "league": {"id": 39, "season": 2025, "name": "Premier League", "country": "England", "logo": "https://media.api-sports.io/football/leagues/39.png", "flag": "https://media.api-sports.io/flags/gb-eng.svg"}}, {"player": {"id": 158694, "name": "V. Livramento", "photo": "https://media.api-sports.io/football/players/158694.png", "type": "Missing Fixture", "reason": "Hamstring Injury"}, "team": {"id": 34, "name": "Newcastle", "logo": "https://media.api-sports.io/football/teams/34.png"}, "fixture": {"id": 1379203, "timezone": "UTC", "date": "2026-01-31T20:00:00+00:00", "timestamp": 1769889600}, "league": {"id": 39, "season": 2025, "name": "Premier League", "country": "England", "logo": "https://media.api-sports.io/football/leagues/39.png", "flag": "https://media.api-sports.io/flags/gb-eng.svg"}}, {"player": {"id": 2806, "name": "F. Schar", "photo": "https://media.api-sports.io/football/players/2806.png", "type": "Missing Fixture", "reason": "Injury"}, "team": {"id": 34, "name": "Newcastle", "logo": "https://media.api-sports.io/football/teams/34.png"}, "fixture": {"id": 1379203, "timezone": "UTC", "date": "2026-01-31T20:00:00+00:00", "timestamp": 1769889600}, "league": {"id": 39, "season": 2025, "name": "Premier League", "country": "England", "logo": "https://media.api-sports.io/football/leagues/39.png", "flag": "https://media.api-sports.io/flags/gb-eng.svg"}}, {"player": {"id": 10135, "name": "Bruno Guimaraes", "photo": "https://media.api-sports.io/football/players/10135.png", "type": "Questionable", "reason": "Ankle Injury"}, "team": {"id": 34, "name": "Newcastle", "logo": "https://media.api-sports.io/football/teams/34.png"}, "fixture": {"id": 1379203, "timezone": "UTC", "date": "2026-01-31T20:00:00+00:00", "timestamp": 1769889600}, "league": {"id": 39, "season": 2025, "name": "Premier League", "country": "England", "logo": "https://media.api-sports.io/football/leagues/39.png", "flag": "https://media.api-sports.io/flags/gb-eng.svg"}}, {"player": {"id": 138787, "name": "A. Gordon", "photo": "https://media.api-sports.io/football/players/138787.png", "type": "Missing Fixture", "reason": "Thigh Injury"}, "team": {"id": 34, "name": "Newcastle", "logo": "https://media.api-sports.io/football/teams/34.png"}, "fixture": {"id": 1379217, "timezone": "UTC", "date": "2026-02-07T17:30:00+00:00", "timestamp": 1770485400}, "league": {"id": 39, "season": 2025, "name": "Premier League", "country": "England", "logo": "https://media.api-sports.io/football/leagues/39.png", "flag": "https://media.api-sports.io/flags/gb-eng.svg"}}, {"player": {"id": 723, "name": "Joelinton", "photo": "https://media.api-sports.io/football/players/723.png", "type": "Missing Fixture", "reason": "Groin Injury"}, "team": {"id": 34, "name": "Newcastle", "logo": "https://media.api-sports.io/football/teams/34.png"}, "fixture": {"id": 1379217, "timezone": "UTC", "date": "2026-02-07T17:30:00+00:00", "timestamp": 1770485400}, "league": {"id": 39, "season": 2025, "name": "Premier League", "country": "England", "logo": "https://media.api-sports.io/football/leagues/39.png", "flag": "https://media.api-sports.io/flags/gb-eng.svg"}}, {"player": {"id": 2855, "name": "E. Krafth", "photo": "https://media.api-sports.io/football/players/2855.png", "type": "Missing Fixture", "reason": "Knee Injury"}, "team": {"id": 34, "name": "Newcastle", "logo": "https://media.api-sports.io/football/teams/34.png"}, "fixture": {"id": 1379217, "timezone": "UTC", "date": "2026-02-07T17:30:00+00:00", "timestamp": 1770485400}, "league": {"id": 39, "season": 2025, "name": "Premier League", "country": "England", "logo": "https://media.api-sports.io/football/leagues/39.png", "flag": "https://media.api-sports.io/flags/gb-eng.svg"}}, {"player": {"id": 158694, "name": "V. Livramento", "photo": "https://media.api-sports.io/football/players/158694.png", "type": "Missing Fixture", "reason": "Hamstring Injury"}, "team": {"id": 34, "name": "Newcastle", "logo": "https://media.api-sports.io/football/teams/34.png"}, "fixture": {"id": 1379217, "timezone": "UTC", "date": "2026-02-07T17:30:00+00:00", "timestamp": 1770485400}, "league": {"id": 39, "season": 2025, "name": "Premier League", "country": "England", "logo": "https://media.api-sports.io/football/leagues/39.png", "flag": "https://media.api-sports.io/flags/gb-eng.svg"}}, {"player": {"id": 328105, "name": "L. Miley", "photo": "https://media.api-sports.io/football/players/328105.png", "type": "Missing Fixture", "reason": "Knee Injury"}, "team": {"id": 34, "name": "Newcastle", "logo": "https://media.api-sports.io/football/teams/34.png"}, "fixture": {"id": 1379217, "timezone": "UTC", "date": "2026-02-07T17:30:00+00:00", "timestamp": 1770485400}, "league": {"id": 39, "season": 2025, "name": "Premier League", "country": "England", "logo": "https://media.api-sports.io/football/leagues/39.png", "flag": "https://media.api-sports.io/flags/gb-eng.svg"}}, {"player": {"id": 2806, "name": "F. Schar", "photo": "https://media.api-sports.io/football/players/2806.png", "type": "Missing Fixture", "reason": "Ankle Injury"}, "team": {"id": 34, "name": "Newcastle", "logo": "https://media.api-sports.io/football/teams/34.png"}, "fixture": {"id": 1379217, "timezone": "UTC", "date": "2026-02-07T17:30:00+00:00", "timestamp": 1770485400}, "league": {"id": 39, "season": 2025, "name": "Premier League", "country": "England", "logo": "https://media.api-sports.io/football/leagues/39.png", "flag": "https://media.api-sports.io/flags/gb-eng.svg"}}, {"player": {"id": 723, "name": "Joelinton", "photo": "https://media.api-sports.io/football/players/723.png", "type": "Missing Fixture", "reason": "Groin Injury"}, "team": {"id": 34, "name": "Newcastle", "logo": "https://media.api-sports.io/football/teams/34.png"}, "fixture": {"id": 1379227, "timezone": "UTC", "date": "2026-02-10T19:30:00+00:00", "timestamp": 1770751800}, "league": {"id": 39, "season": 2025, "name": "Premier League", "country": "England", "logo": "https://media.api-sports.io/football/leagues/39.png", "flag": "https://media.api-sports.io/flags/gb-eng.svg"}}, {"player": {"id": 2855, "name": "E. Krafth", "photo": "https://media.api-sports.io/football/players/2855.png", "type": "Missing Fixture", "reason": "Knee Injury"}, "team": {"id": 34, "name": "Newcastle", "logo": "https://media.api-sports.io/football/teams/34.png"}, "fixture": {"id": 1379227, "timezone": "UTC", "date": "2026-02-10T19:30:00+00:00", "timestamp": 1770751800}, "league": {"id": 39, "season": 2025, "name": "Premier League", "country": "England", "logo": "https://media.api-sports.io/football/leagues/39.png", "flag": "https://media.api-sports.io/flags/gb-eng.svg"}}, {"player": {"id": 158694, "name": "V. Livramento", "photo": "https://media.api-sports.io/football/players/158694.png", "type": "Missing Fixture", "reason": "Hamstring Injury"}, "team": {"id": 34, "name": "Newcastle", "logo": "https://media.api-sports.io/football/teams/34.png"}, "fixture": {"id": 1379227, "timezone": "UTC", "date": "2026-02-10T19:30:00+00:00", "timestamp": 1770751800}, "league": {"id": 39, "season": 2025, "name": "Premier League", "country": "England", "logo": "https://media.api-sports.io/football/leagues/39.png", "flag": "https://media.api-sports.io/flags/gb-eng.svg"}}, {"player": {"id": 2806, "name": "F. Schar", "photo": "https://media.api-sports.io/football/players/2806.png", "type": "Missing Fixture", "reason": "Ankle Injury"}, "team": {"id": 34, "name": "Newcastle", "logo": "https://media.api-sports.io/football/teams/34.png"}, "fixture": {"id": 1379227, "timezone": "UTC", "date": "2026-02-10T19:30:00+00:00", "timestamp": 1770751800}, "league": {"id": 39, "season": 2025, "name": "Premier League", "country": "England", "logo": "https://media.api-sports.io/football/leagues/39.png", "flag": "https://media.api-sports.io/flags/gb-eng.svg"}}, {"player": {"id": 138787, "name": "A. Gordon", "photo": "https://media.api-sports.io/football/players/138787.png", "type": "Questionable", "reason": "Thigh Injury"}, "team": {"id": 34, "name": "Newcastle", "logo": "https://media.api-sports.io/football/teams/34.png"}, "fixture": {"id": 1379227, "timezone": "UTC", "date": "2026-02-10T19:30:00+00:00", "timestamp": 1770751800}, "league": {"id": 39, "season": 2025, "name": "Premier League", "country": "England", "logo": "https://media.api-sports.io/football/leagues/39.png", "flag": "https://media.api-sports.io/flags/gb-eng.svg"}}, {"player": {"id": 328105, "name": "L. Miley", "photo": "https://media.api-sports.io/football/players/328105.png", "type": "Questionable", "reason": "Knee Injury"}, "team": {"id": 34, "name": "Newcastle", "logo": "https://media.api-sports.io/football/teams/34.png"}, "fixture": {"id": 1379227, "timezone": "UTC", "date": "2026-02-10T19:30:00+00:00", "timestamp": 1770751800}, "league": {"id": 39, "season": 2025, "name": "Premier League", "country": "England", "logo": "https://media.api-sports.io/football/leagues/39.png", "flag": "https://media.api-sports.io/flags/gb-eng.svg"}}]}