{"get": "injuries", "parameters": {"league": "140", "season": "2025", "team": "543"}, "errors": [], "results": 111, "paging": {"current": 1, "total": 1}, "response": [{"player": {"id": 47302, "name": "Diego Javier Llorente Rios", "photo": "https://media.api-sports.io/football/players/47302.png", "type": "Missing Fixture", "reason": "Injured Doubtful"}, "team": {"id": 543, "name": "Real Betis", "logo": "https://media.api-sports.io/football/teams/543.png"}, "fixture": {"id": 1390822, "timezone": "UTC", "date": "2025-08-18T19:00:00+00:00", "timestamp": 1755543600}, "league": {"id": 140, "season": 2025, "name": "La Liga", "country": "Spain", "logo": "https://media.api-sports.io/football/leagues/140.png", "flag": "https://media.api-sports.io/flags/es.svg"}}, {"player": {"id": 47341, "name": "Marc Roca", "photo": "https://media.api-sports.io/football/players/47341.png", "type": "Missing Fixture", "reason": "Injured Doubtful"}, "team": {"id": 543, "name": "Real Betis", "logo": "https://media.api-sports.io/football/teams/543.png"}, "fixture": {"id": 1390822, "timezone": "UTC", "date": "2025-08-18T19:00:00+00:00", "timestamp": 1755543600}, "league": {"id": 140, "season": 2025, "name": "La Liga", "country": "Spain", "logo": "https://media.api-sports.io/football/leagues/140.png", "flag": "https://media.api-sports.io/flags/es.svg"}}, {"player": {"id": 128985, "name": "Iker Losada", "photo": "https://media.api-sports.io/football/players/128985.png", "type": "Missing Fixture", "reason": "Injured Doubtful"}, "team": {"id": 543, "name": "Real Betis", "logo": "https://media.api-sports.io/football/teams/543.png"}, "fixture": {"id": 1390822, "timezone": "UTC", "date": "2025-08-18T19:00:00+00:00", "timestamp": 1755543600}, "league": {"id": 140, "season": 2025, "name": "La Liga", "country": "Spain", "logo": "https://media.api-sports.io/football/leagues/140.png", "flag": "https://media.api-sports.io/flags/es.svg"}}, {"player": {"id": 300885, "name": "Nelson Alexander Deossa Suarez", "photo": "https://media.api-sports.io/football/players/300885.png", "type": "Missing Fixture", "reason": "Injured Doubtful"}, "team": {"id": 543, "name": "Real Betis", "logo": "https://media.api-sports.io/football/teams/543.png"}, "fixture": {"id": 1390822, "timezone": "UTC", "date": "2025-08-18T19:00:00+00:00", "timestamp": 1755543600}, "league": {"id": 140, "season": 2025, "name": "La Liga", "country": "Spain", "logo": "https://media.api-sports.io/football/leagues/140.png", "flag": "https://media.api-sports.io/flags/es.svg"}}, {"player": {"id": 47302, "name": "Diego Javier Llorente Rios", "photo": "https://media.api-sports.io/football/players/47302.png", "type": "Missing Fixture", "reason": "Injured Doubtful"}, "team": {"id": 543, "name": "Real Betis", "logo": "https://media.api-sports.io/football/teams/543.png"}, "fixture": {"id": 1390831, "timezone": "UTC", "date": "2025-08-22T19:30:00+00:00", "timestamp": 1755891000}, "league": {"id": 140, "season": 2025, "name": "La Liga", "country": "Spain", "logo": "https://media.api-sports.io/football/leagues/140.png", "flag": "https://media.api-sports.io/flags/es.svg"}}, {"player": {"id": 1578, "name": "Giovani Lo Celso", "photo": "https://media.api-sports.io/football/players/1578.png", "type": "Missing Fixture", "reason": "Muscular problems"}, "team": {"id": 543, "name": "Real Betis", "logo": "https://media.api-sports.io/football/teams/543.png"}, "fixture": {"id": 1390831, "timezone": "UTC", "date": "2025-08-22T19:30:00+00:00", "timestamp": 1755891000}, "league": {"id": 140, "season": 2025, "name": "La Liga", "country": "Spain", "logo": "https://media.api-sports.io/football/leagues/140.png", "flag": "https://media.api-sports.io/flags/es.svg"}}, {"player": {"id": 47341, "name": "Marc Roca", "photo": "https://media.api-sports.io/football/players/47341.png", "type": "Missing Fixture", "reason": "Foot injury"}, "team": {"id": 543, "name": "Real Betis", "logo": "https://media.api-sports.io/football/teams/543.png"}, "fixture": {"id": 1390831, "timezone": "UTC", "date": "2025-08-22T19:30:00+00:00", "timestamp": 1755891000}, "league": {"id": 140, "season": 2025, "name": "La Liga", "country": "Spain", "logo": "https://media.api-sports.io/football/leagues/140.png", "flag": "https://media.api-sports.io/flags/es.svg"}}, {"player": {"id": 300885, "name": "Nelson Alexander Deossa Suarez", "photo": "https://media.api-sports.io/football/players/300885.png", "type": "Missing Fixture", "reason": "injured"}, "team": {"id": 543, "name": "Real Betis", "logo": "https://media.api-sports.io/football/teams/543.png"}, "fixture": {"id": 1390831, "timezone": "UTC", "date": "2025-08-22T19:30:00+00:00", "timestamp": 1755891000}, "league": {"id": 140, "season": 2025, "name": "La Liga", "country": "Spain", "logo": "https://media.api-sports.io/football/leagues/140.png", "flag": "https://media.api-sports.io/flags/es.svg"}}, {"player": {"id": 47302, "name": "Diego Javier Llorente Rios", "photo": "https://media.api-sports.io/football/players/47302.png", "type": "Missing Fixture", "reason": "Injured Doubtful"}, "team": {"id": 543, "name": "Real Betis", "logo": "https://media.api-sports.io/football/teams/543.png"}, "fixture": {"id": 1390871, "timezone": "UTC", "date": "2025-08-27T19:00:00+00:00", "timestamp": 1756321200}, "league": {"id": 140, "season": 2025, "name": "La Liga", "country": "Spain", "logo": "https://media.api-sports.io/football/leagues/140.png", "flag": "https://media.api-sports.io/flags/es.svg"}}, {"player": {"id": 47341, "name": "Marc Roca", "photo": "https://media.api-sports.io/football/players/47341.png", "type": "Missing Fixture", "reason": "Foot injury"}, "team": {"id": 543, "name": "Real Betis", "logo": "https://media.api-sports.io/football/teams/543.png"}, "fixture": {"id": 1390871, "timezone": "UTC", "date": "2025-08-27T19:00:00+00:00", "timestamp": 1756321200}, "league": {"id": 140, "season": 2025, "name": "La Liga", "country": "Spain", "logo": "https://media.api-sports.io/football/leagues/140.png", "flag": "https://media.api-sports.io/flags/es.svg"}}, {"player": {"id": 300885, "name": "Nelson Alexander Deossa Suarez", "photo": "https://media.api-sports.io/football/players/300885.png", "type": "Missing Fixture", "reason": "Ankle Injury"}, "team": {"id": 543, "name": "Real Betis", "logo": "https://media.api-sports.io/football/teams/543.png"}, "fixture": {"id": 1390871, "timezone": "UTC", "date": "2025-08-27T19:00:00+00:00", "timestamp": 1756321200}, "league": {"id": 140, "season": 2025, "name": "La Liga", "country": "Spain", "logo": "https://media.api-sports.io/football/leagues/140.png", "flag": "https://media.api-sports.io/flags/es.svg"}}, {"player": {"id": 745, "name": "Isco", "photo": "https://media.api-sports.io/football/players/745.png", "type": "Missing Fixture", "reason": "Broken leg"}, "team": {"id": 543, "name": "Real Betis", "logo": "https://media.api-sports.io/football/teams/543.png"}, "fixture": {"id": 1390822, "timezone": "UTC", "date": "2025-08-18T19:00:00+00:00", "timestamp": 1755543600}, "league": {"id": 140, "season": 2025, "name": "La Liga", "country": "Spain", "logo": "https://media.api-sports.io/football/leagues/140.png", "flag": "https://media.api-sports.io/flags/es.svg"}}, {"player": {"id": 745, "name": "Isco", "photo": "https://media.api-sports.io/football/players/745.png", "type": "Missing Fixture", "reason": "Broken leg"}, "team": {"id": 543, "name": "Real Betis", "logo": "https://media.api-sports.io/football/teams/543.png"}, "fixture": {"id": 1390831, "timezone": "UTC", "date": "2025-08-22T19:30:00+00:00", "timestamp": 1755891000}, "league": {"id": 140, "season": 2025, "name": "La Liga", "country": "Spain", "logo": "https://media.api-sports.io/football/leagues/140.png", "flag": "https://media.api-sports.io/flags/es.svg"}}, {"player": {"id": 745, "name": "Isco", "photo": "https://media.api-sports.io/football/players/745.png", "type": "Missing Fixture", "reason": "Broken leg"}, "team": {"id": 543, "name": "Real Betis", "logo": "https://media.api-sports.io/football/teams/543.png"}, "fixture": {"id": 1390871, "timezone": "UTC", "date": "2025-08-27T19:00:00+00:00", "timestamp": 1756321200}, "league": {"id": 140, "season": 2025, "name": "La Liga", "country": "Spain", "logo": "https://media.api-sports.io/football/leagues/140.png", "flag": "https://media.api-sports.io/flags/es.svg"}}, {"player": {"id": 745, "name": "Isco", "photo": "https://media.api-sports.io/football/players/745.png", "type": "Missing Fixture", "reason": "Broken leg"}, "team": {"id": 543, "name": "Real Betis", "logo": "https://media.api-sports.io/football/teams/543.png"}, "fixture": {"id": 1390840, "timezone": "UTC", "date": "2025-08-31T17:00:00+00:00", "timestamp": 1756659600}, "league": {"id": 140, "season": 2025, "name": "La Liga", "country": "Spain", "logo": "https://media.api-sports.io/football/leagues/140.png", "flag": "https://media.api-sports.io/flags/es.svg"}}, {"player": {"id": 745, "name": "Isco", "photo": "https://media.api-sports.io/football/players/745.png", "type": "Missing Fixture", "reason": "Broken leg"}, "team": {"id": 543, "name": "Real Betis", "logo": "https://media.api-sports.io/football/teams/543.png"}, "fixture": {"id": 1390855, "timezone": "UTC", "date": "2025-09-14T14:15:00+00:00", "timestamp": 1757859300}, "league": {"id": 140, "season": 2025, "name": "La Liga", "country": "Spain", "logo": "https://media.api-sports.io/football/leagues/140.png", "flag": "https://media.api-sports.io/flags/es.svg"}}, {"player": {"id": 47119, "name": "Aitor Ruibal", "photo": "https://media.api-sports.io/football/players/47119.png", "type": "Missing Fixture", "reason": "Leg Injury"}, "team": {"id": 543, "name": "Real Betis", "logo": "https://media.api-sports.io/football/teams/543.png"}, "fixture": {"id": 1390840, "timezone": "UTC", "date": "2025-08-31T17:00:00+00:00", "timestamp": 1756659600}, "league": {"id": 140, "season": 2025, "name": "La Liga", "country": "Spain", "logo": "https://media.api-sports.io/football/leagues/140.png", "flag": "https://media.api-sports.io/flags/es.svg"}}, {"player": {"id": 47119, "name": "Aitor Ruibal", "photo": "https://media.api-sports.io/football/players/47119.png", "type": "Missing Fixture", "reason": "Leg Injury"}, "team": {"id": 543, "name": "Real Betis", "logo": "https://media.api-sports.io/football/teams/543.png"}, "fixture": {"id": 1390855, "timezone": "UTC", "date": "2025-09-14T14:15:00+00:00", "timestamp": 1757859300}, "league": {"id": 140, "season": 2025, "name": "La Liga", "country": "Spain", "logo": "https://media.api-sports.io/football/leagues/140.png", "flag": "https://media.api-sports.io/flags/es.svg"}}, {"player": {"id": 181421, "name": "A. Ezzalzouli", "photo": "https://media.api-sports.io/football/players/181421.png", "type": "Missing Fixture", "reason": "Sprained ankle"}, "team": {"id": 543, "name": "Real Betis", "logo": "https://media.api-sports.io/football/teams/543.png"}, "fixture": {"id": 1390822, "timezone": "UTC", "date": "2025-08-18T19:00:00+00:00", "timestamp": 1755543600}, "league": {"id": 140, "season": 2025, "name": "La Liga", "country": "Spain", "logo": "https://media.api-sports.io/football/leagues/140.png", "flag": "https://media.api-sports.io/flags/es.svg"}}, {"player": {"id": 181421, "name": "A. Ezzalzouli", "photo": "https://media.api-sports.io/football/players/181421.png", "type": "Missing Fixture", "reason": "Sprained ankle"}, "team": {"id": 543, "name": "Real Betis", "logo": "https://media.api-sports.io/football/teams/543.png"}, "fixture": {"id": 1390831, "timezone": "UTC", "date": "2025-08-22T19:30:00+00:00", "timestamp": 1755891000}, "league": {"id": 140, "season": 2025, "name": "La Liga", "country": "Spain", "logo": "https://media.api-sports.io/football/leagues/140.png", "flag": "https://media.api-sports.io/flags/es.svg"}}, {"player": {"id": 181421, "name": "A. Ezzalzouli", "photo": "https://media.api-sports.io/football/players/181421.png", "type": "Missing Fixture", "reason": "Sprained ankle"}, "team": {"id": 543, "name": "Real Betis", "logo": "https://media.api-sports.io/football/teams/543.png"}, "fixture": {"id": 1390871, "timezone": "UTC", "date": "2025-08-27T19:00:00+00:00", "timestamp": 1756321200}, "league": {"id": 140, "season": 2025, "name": "La Liga", "country": "Spain", "logo": "https://media.api-sports.io/football/leagues/140.png", "flag": "https://media.api-sports.io/flags/es.svg"}}, {"player": {"id": 181421, "name": "A. Ezzalzouli", "photo": "https://media.api-sports.io/football/players/181421.png", "type": "Missing Fixture", "reason": "Sprained ankle"}, "team": {"id": 543, "name": "Real Betis", "logo": "https://media.api-sports.io/football/teams/543.png"}, "fixture": {"id": 1390840, "timezone": "UTC", "date": "2025-08-31T17:00:00+00:00", "timestamp": 1756659600}, "league": {"id": 140, "season": 2025, "name": "La Liga", "country": "Spain", "logo": "https://media.api-sports.io/football/leagues/140.png", "flag": "https://media.api-sports.io/flags/es.svg"}}, {"player": {"id": 181421, "name": "A. Ezzalzouli", "photo": "https://media.api-sports.io/football/players/181421.png", "type": "Missing Fixture", "reason": "Sprained ankle"}, "team": {"id": 543, "name": "Real Betis", "logo": "https://media.api-sports.io/football/teams/543.png"}, "fixture": {"id": 1390855, "timezone": "UTC", "date": "2025-09-14T14:15:00+00:00", "timestamp": 1757859300}, "league": {"id": 140, "season": 2025, "name": "La Liga", "country": "Spain", "logo": "https://media.api-sports.io/football/leagues/140.png", "flag": "https://media.api-sports.io/flags/es.svg"}}, {"player": {"id": 1557, "name": "Pau L\u00f3pez", "photo": "https://media.api-sports.io/football/players/1557.png", "type": "Missing Fixture", "reason": "Jumpers knee"}, "team": {"id": 543, "name": "Real Betis", "logo": "https://media.api-sports.io/football/teams/543.png"}, "fixture": {"id": 1390871, "timezone": "UTC", "date": "2025-08-27T19:00:00+00:00", "timestamp": 1756321200}, "league": {"id": 140, "season": 2025, "name": "La Liga", "country": "Spain", "logo": "https://media.api-sports.io/football/leagues/140.png", "flag": "https://media.api-sports.io/flags/es.svg"}}, {"player": {"id": 1557, "name": "Pau L\u00f3pez", "photo": "https://media.api-sports.io/football/players/1557.png", "type": "Missing Fixture", "reason": "Jumpers knee"}, "team": {"id": 543, "name": "Real Betis", "logo": "https://media.api-sports.io/football/teams/543.png"}, "fixture": {"id": 1390840, "timezone": "UTC", "date": "2025-08-31T17:00:00+00:00", "timestamp": 1756659600}, "league": {"id": 140, "season": 2025, "name": "La Liga", "country": "Spain", "logo": "https://media.api-sports.io/football/leagues/140.png", "flag": "https://media.api-sports.io/flags/es.svg"}}, {"player": {"id": 1557, "name": "Pau L\u00f3pez", "photo": "https://media.api-sports.io/football/players/1557.png", "type": "Missing Fixture", "reason": "Jumpers knee"}, "team": {"id": 543, "name": "Real Betis", "logo": "https://media.api-sports.io/football/teams/543.png"}, "fixture": {"id": 1390855, "timezone": "UTC", "date": "2025-09-14T14:15:00+00:00", "timestamp": 1757859300}, "league": {"id": 140, "season": 2025, "name": "La Liga", "country": "Spain", "logo": "https://media.api-sports.io/football/leagues/140.png", "flag": "https://media.api-sports.io/flags/es.svg"}}, {"player": {"id": 300885, "name": "N. Deossa", "photo": "https://media.api-sports.io/football/players/300885.png", "type": "Missing Fixture", "reason": "Injury"}, "team": {"id": 543, "name": "Real Betis", "logo": "https://media.api-sports.io/football/teams/543.png"}, "fixture": {"id": 1390861, "timezone": "UTC", "date": "2025-09-19T19:00:00+00:00", "timestamp": 1758308400}, "league": {"id": 140, "season": 2025, "name": "La Liga", "country": "Spain", "logo": "https://media.api-sports.io/football/leagues/140.png", "flag": "https://media.api-sports.io/flags/es.svg"}}, {"player": {"id": 745, "name": "Isco", "photo": "https://media.api-sports.io/football/players/745.png", "type": "Missing Fixture", "reason": "Broken Leg"}, "team": {"id": 543, "name": "Real Betis", "logo": "https://media.api-sports.io/football/teams/543.png"}, "fixture": {"id": 1390861, "timezone": "UTC", "date": "2025-09-19T19:00:00+00:00", "timestamp": 1758308400}, "league": {"id": 140, "season": 2025, "name": "La Liga", "country": "Spain", "logo": "https://media.api-sports.io/football/leagues/140.png", "flag": "https://media.api-sports.io/flags/es.svg"}}, {"player": {"id": 1631, "name": "R. Rodriguez", "photo": "https://media.api-sports.io/football/players/1631.png", "type": "Missing Fixture", "reason": "Muscle Injury"}, "team": {"id": 543, "name": "Real Betis", "logo": "https://media.api-sports.io/football/teams/543.png"}, "fixture": {"id": 1390861, "timezone": "UTC", "date": "2025-09-19T19:00:00+00:00", "timestamp": 1758308400}, "league": {"id": 140, "season": 2025, "name": "La Liga", "country": "Spain", "logo": "https://media.api-sports.io/football/leagues/140.png", "flag": "https://media.api-sports.io/flags/es.svg"}}, {"player": {"id": 47119, "name": "A. Ruibal", "photo": "https://media.api-sports.io/football/players/47119.png", "type": "Missing Fixture", "reason": "Leg Injury"}, "team": {"id": 543, "name": "Real Betis", "logo": "https://media.api-sports.io/football/teams/543.png"}, "fixture": {"id": 1390861, "timezone": "UTC", "date": "2025-09-19T19:00:00+00:00", "timestamp": 1758308400}, "league": {"id": 140, "season": 2025, "name": "La Liga", "country": "Spain", "logo": "https://media.api-sports.io/football/leagues/140.png", "flag": "https://media.api-sports.io/flags/es.svg"}}, {"player": {"id": 1561, "name": "M. Bartra", "photo": "https://media.api-sports.io/football/players/1561.png", "type": "Missing Fixture", "reason": "Muscle Injury"}, "team": {"id": 543, "name": "Real Betis", "logo": "https://media.api-sports.io/football/teams/543.png"}, "fixture": {"id": 1390881, "timezone": "UTC", "date": "2025-09-28T19:00:00+00:00", "timestamp": 1759086000}, "league": {"id": 140, "season": 2025, "name": "La Liga", "country": "Spain", "logo": "https://media.api-sports.io/football/leagues/140.png", "flag": "https://media.api-sports.io/flags/es.svg"}}, {"player": {"id": 300885, "name": "N. Deossa", "photo": "https://media.api-sports.io/football/players/300885.png", "type": "Missing Fixture", "reason": "Ankle Injury"}, "team": {"id": 543, "name": "Real Betis", "logo": "https://media.api-sports.io/football/teams/543.png"}, "fixture": {"id": 1390881, "timezone": "UTC", "date": "2025-09-28T19:00:00+00:00", "timestamp": 1759086000}, "league": {"id": 140, "season": 2025, "name": "La Liga", "country": "Spain", "logo": "https://media.api-sports.io/football/leagues/140.png", "flag": "https://media.api-sports.io/flags/es.svg"}}, {"player": {"id": 443163, "name": "P. Garcia", "photo": "https://media.api-sports.io/football/players/443163.png", "type": "Missing Fixture", "reason": "International duty"}, "team": {"id": 543, "name": "Real Betis", "logo": "https://media.api-sports.io/football/teams/543.png"}, "fixture": {"id": 1390881, "timezone": "UTC", "date": "2025-09-28T19:00:00+00:00", "timestamp": 1759086000}, "league": {"id": 140, "season": 2025, "name": "La Liga", "country": "Spain", "logo": "https://media.api-sports.io/football/leagues/140.png", "flag": "https://media.api-sports.io/flags/es.svg"}}, {"player": {"id": 745, "name": "Isco", "photo": "https://media.api-sports.io/football/players/745.png", "type": "Missing Fixture", "reason": "Broken Leg"}, "team": {"id": 543, "name": "Real Betis", "logo": "https://media.api-sports.io/football/teams/543.png"}, "fixture": {"id": 1390881, "timezone": "UTC", "date": "2025-09-28T19:00:00+00:00", "timestamp": 1759086000}, "league": {"id": 140, "season": 2025, "name": "La Liga", "country": "Spain", "logo": "https://media.api-sports.io/football/leagues/140.png", "flag": "https://media.api-sports.io/flags/es.svg"}}, {"player": {"id": 47302, "name": "D. Llorente", "photo": "https://media.api-sports.io/football/players/47302.png", "type": "Missing Fixture", "reason": "Muscle Injury"}, "team": {"id": 543, "name": "Real Betis", "logo": "https://media.api-sports.io/football/teams/543.png"}, "fixture": {"id": 1390881, "timezone": "UTC", "date": "2025-09-28T19:00:00+00:00", "timestamp": 1759086000}, "league": {"id": 140, "season": 2025, "name": "La Liga", "country": "Spain", "logo": "https://media.api-sports.io/football/leagues/140.png", "flag": "https://media.api-sports.io/flags/es.svg"}}, {"player": {"id": 74, "name": "S. Amrabat", "photo": "https://media.api-sports.io/football/players/74.png", "type": "Missing Fixture", "reason": "Thigh Injury"}, "team": {"id": 543, "name": "Real Betis", "logo": "https://media.api-sports.io/football/teams/543.png"}, "fixture": {"id": 1390892, "timezone": "UTC", "date": "2025-10-05T16:30:00+00:00", "timestamp": 1759681800}, "league": {"id": 140, "season": 2025, "name": "La Liga", "country": "Spain", "logo": "https://media.api-sports.io/football/leagues/140.png", "flag": "https://media.api-sports.io/flags/es.svg"}}, {"player": {"id": 1561, "name": "M. Bartra", "photo": "https://media.api-sports.io/football/players/1561.png", "type": "Missing Fixture", "reason": "Muscle Injury"}, "team": {"id": 543, "name": "Real Betis", "logo": "https://media.api-sports.io/football/teams/543.png"}, "fixture": {"id": 1390892, "timezone": "UTC", "date": "2025-10-05T16:30:00+00:00", "timestamp": 1759681800}, "league": {"id": 140, "season": 2025, "name": "La Liga", "country": "Spain", "logo": "https://media.api-sports.io/football/leagues/140.png", "flag": "https://media.api-sports.io/flags/es.svg"}}, {"player": {"id": 300885, "name": "N. Deossa", "photo": "https://media.api-sports.io/football/players/300885.png", "type": "Missing Fixture", "reason": "Ankle Injury"}, "team": {"id": 543, "name": "Real Betis", "logo": "https://media.api-sports.io/football/teams/543.png"}, "fixture": {"id": 1390892, "timezone": "UTC", "date": "2025-10-05T16:30:00+00:00", "timestamp": 1759681800}, "league": {"id": 140, "season": 2025, "name": "La Liga", "country": "Spain", "logo": "https://media.api-sports.io/football/leagues/140.png", "flag": "https://media.api-sports.io/flags/es.svg"}}, {"player": {"id": 443163, "name": "P. Garcia", "photo": "https://media.api-sports.io/football/players/443163.png", "type": "Missing Fixture", "reason": "International duty"}, "team": {"id": 543, "name": "Real Betis", "logo": "https://media.api-sports.io/football/teams/543.png"}, "fixture": {"id": 1390892, "timezone": "UTC", "date": "2025-10-05T16:30:00+00:00", "timestamp": 1759681800}, "league": {"id": 140, "season": 2025, "name": "La Liga", "country": "Spain", "logo": "https://media.api-sports.io/football/leagues/140.png", "flag": "https://media.api-sports.io/flags/es.svg"}}, {"player": {"id": 745, "name": "Isco", "photo": "https://media.api-sports.io/football/players/745.png", "type": "Missing Fixture", "reason": "Broken Leg"}, "team": {"id": 543, "name": "Real Betis", "logo": "https://media.api-sports.io/football/teams/543.png"}, "fixture": {"id": 1390892, "timezone": "UTC", "date": "2025-10-05T16:30:00+00:00", "timestamp": 1759681800}, "league": {"id": 140, "season": 2025, "name": "La Liga", "country": "Spain", "logo": "https://media.api-sports.io/football/leagues/140.png", "flag": "https://media.api-sports.io/flags/es.svg"}}, {"player": {"id": 47302, "name": "D. Llorente", "photo": "https://media.api-sports.io/football/players/47302.png", "type": "Missing Fixture", "reason": "Muscle Injury"}, "team": {"id": 543, "name": "Real Betis", "logo": "https://media.api-sports.io/football/teams/543.png"}, "fixture": {"id": 1390892, "timezone": "UTC", "date": "2025-10-05T16:30:00+00:00", "timestamp": 1759681800}, "league": {"id": 140, "season": 2025, "name": "La Liga", "country": "Spain", "logo": "https://media.api-sports.io/football/leagues/140.png", "flag": "https://media.api-sports.io/flags/es.svg"}}, {"player": {"id": 745, "name": "Isco", "photo": "https://media.api-sports.io/football/players/745.png", "type": "Missing Fixture", "reason": "Broken Leg"}, "team": {"id": 543, "name": "Real Betis", "logo": "https://media.api-sports.io/football/teams/543.png"}, "fixture": {"id": 1390908, "timezone": "UTC", "date": "2025-10-18T16:30:00+00:00", "timestamp": 1760805000}, "league": {"id": 140, "season": 2025, "name": "La Liga", "country": "Spain", "logo": "https://media.api-sports.io/football/leagues/140.png", "flag": "https://media.api-sports.io/flags/es.svg"}}, {"player": {"id": 443163, "name": "P. Garcia", "photo": "https://media.api-sports.io/football/players/443163.png", "type": "Missing Fixture", "reason": "Inactive"}, "team": {"id": 543, "name": "Real Betis", "logo": "https://media.api-sports.io/football/teams/543.png"}, "fixture": {"id": 1390910, "timezone": "UTC", "date": "2025-10-27T20:00:00+00:00", "timestamp": 1761595200}, "league": {"id": 140, "season": 2025, "name": "La Liga", "country": "Spain", "logo": "https://media.api-sports.io/football/leagues/140.png", "flag": "https://media.api-sports.io/flags/es.svg"}}, {"player": {"id": 745, "name": "Isco", "photo": "https://media.api-sports.io/football/players/745.png", "type": "Missing Fixture", "reason": "Broken Leg"}, "team": {"id": 543, "name": "Real Betis", "logo": "https://media.api-sports.io/football/teams/543.png"}, "fixture": {"id": 1390910, "timezone": "UTC", "date": "2025-10-27T20:00:00+00:00", "timestamp": 1761595200}, "league": {"id": 140, "season": 2025, "name": "La Liga", "country": "Spain", "logo": "https://media.api-sports.io/football/leagues/140.png", "flag": "https://media.api-sports.io/flags/es.svg"}}, {"player": {"id": 334574, "name": "A. Ortiz", "photo": "https://media.api-sports.io/football/players/334574.png", "type": "Missing Fixture", "reason": "Inactive"}, "team": {"id": 543, "name": "Real Betis", "logo": "https://media.api-sports.io/football/teams/543.png"}, "fixture": {"id": 1390910, "timezone": "UTC", "date": "2025-10-27T20:00:00+00:00", "timestamp": 1761595200}, "league": {"id": 140, "season": 2025, "name": "La Liga", "country": "Spain", "logo": "https://media.api-sports.io/football/leagues/140.png", "flag": "https://media.api-sports.io/flags/es.svg"}}, {"player": {"id": 47579, "name": "C. Avila", "photo": "https://media.api-sports.io/football/players/47579.png", "type": "Missing Fixture", "reason": "Illness"}, "team": {"id": 543, "name": "Real Betis", "logo": "https://media.api-sports.io/football/teams/543.png"}, "fixture": {"id": 1390922, "timezone": "UTC", "date": "2025-11-02T20:00:00+00:00", "timestamp": 1762113600}, "league": {"id": 140, "season": 2025, "name": "La Liga", "country": "Spain", "logo": "https://media.api-sports.io/football/leagues/140.png", "flag": "https://media.api-sports.io/flags/es.svg"}}, {"player": {"id": 1564, "name": "J. Firpo", "photo": "https://media.api-sports.io/football/players/1564.png", "type": "Missing Fixture", "reason": "Muscle Injury"}, "team": {"id": 543, "name": "Real Betis", "logo": "https://media.api-sports.io/football/teams/543.png"}, "fixture": {"id": 1390922, "timezone": "UTC", "date": "2025-11-02T20:00:00+00:00", "timestamp": 1762113600}, "league": {"id": 140, "season": 2025, "name": "La Liga", "country": "Spain", "logo": "https://media.api-sports.io/football/leagues/140.png", "flag": "https://media.api-sports.io/flags/es.svg"}}, {"player": {"id": 745, "name": "Isco", "photo": "https://media.api-sports.io/football/players/745.png", "type": "Missing Fixture", "reason": "Broken Leg"}, "team": {"id": 543, "name": "Real Betis", "logo": "https://media.api-sports.io/football/teams/543.png"}, "fixture": {"id": 1390922, "timezone": "UTC", "date": "2025-11-02T20:00:00+00:00", "timestamp": 1762113600}, "league": {"id": 140, "season": 2025, "name": "La Liga", "country": "Spain", "logo": "https://media.api-sports.io/football/leagues/140.png", "flag": "https://media.api-sports.io/flags/es.svg"}}, {"player": {"id": 1564, "name": "J. Firpo", "photo": "https://media.api-sports.io/football/players/1564.png", "type": "Missing Fixture", "reason": "Muscle Injury"}, "team": {"id": 543, "name": "Real Betis", "logo": "https://media.api-sports.io/football/teams/543.png"}, "fixture": {"id": 1390938, "timezone": "UTC", "date": "2025-11-09T17:30:00+00:00", "timestamp": 1762709400}, "league": {"id": 140, "season": 2025, "name": "La Liga", "country": "Spain", "logo": "https://media.api-sports.io/football/leagues/140.png", "flag": "https://media.api-sports.io/flags/es.svg"}}, {"player": {"id": 745, "name": "Isco", "photo": "https://media.api-sports.io/football/players/745.png", "type": "Missing Fixture", "reason": "Broken Leg"}, "team": {"id": 543, "name": "Real Betis", "logo": "https://media.api-sports.io/football/teams/543.png"}, "fixture": {"id": 1390938, "timezone": "UTC", "date": "2025-11-09T17:30:00+00:00", "timestamp": 1762709400}, "league": {"id": 140, "season": 2025, "name": "La Liga", "country": "Spain", "logo": "https://media.api-sports.io/football/leagues/140.png", "flag": "https://media.api-sports.io/flags/es.svg"}}, {"player": {"id": 1557, "name": "P. Lopez", "photo": "https://media.api-sports.io/football/players/1557.png", "type": "Missing Fixture", "reason": "Muscle Injury"}, "team": {"id": 543, "name": "Real Betis", "logo": "https://media.api-sports.io/football/teams/543.png"}, "fixture": {"id": 1390938, "timezone": "UTC", "date": "2025-11-09T17:30:00+00:00", "timestamp": 1762709400}, "league": {"id": 140, "season": 2025, "name": "La Liga", "country": "Spain", "logo": "https://media.api-sports.io/football/leagues/140.png", "flag": "https://media.api-sports.io/flags/es.svg"}}, {"player": {"id": 1631, "name": "R. Rodriguez", "photo": "https://media.api-sports.io/football/players/1631.png", "type": "Missing Fixture", "reason": "Inactive"}, "team": {"id": 543, "name": "Real Betis", "logo": "https://media.api-sports.io/football/teams/543.png"}, "fixture": {"id": 1390938, "timezone": "UTC", "date": "2025-11-09T17:30:00+00:00", "timestamp": 1762709400}, "league": {"id": 140, "season": 2025, "name": "La Liga", "country": "Spain", "logo": "https://media.api-sports.io/football/leagues/140.png", "flag": "https://media.api-sports.io/flags/es.svg"}}, {"player": {"id": 1557, "name": "P. Lopez", "photo": "https://media.api-sports.io/football/players/1557.png", "type": "Missing Fixture", "reason": "Muscle Injury"}, "team": {"id": 543, "name": "Real Betis", "logo": "https://media.api-sports.io/football/teams/543.png"}, "fixture": {"id": 1390941, "timezone": "UTC", "date": "2025-11-23T15:15:00+00:00", "timestamp": 1763910900}, "league": {"id": 140, "season": 2025, "name": "La Liga", "country": "Spain", "logo": "https://media.api-sports.io/football/leagues/140.png", "flag": "https://media.api-sports.io/flags/es.svg"}}, {"player": {"id": 74, "name": "S. Amrabat", "photo": "https://media.api-sports.io/football/players/74.png", "type": "Missing Fixture", "reason": "Leg Injury"}, "team": {"id": 543, "name": "Real Betis", "logo": "https://media.api-sports.io/football/teams/543.png"}, "fixture": {"id": 1390958, "timezone": "UTC", "date": "2025-11-30T15:15:00+00:00", "timestamp": 1764515700}, "league": {"id": 140, "season": 2025, "name": "La Liga", "country": "Spain", "logo": "https://media.api-sports.io/football/leagues/140.png", "flag": "https://media.api-sports.io/flags/es.svg"}}, {"player": {"id": 9971, "name": "Antony", "photo": "https://media.api-sports.io/football/players/9971.png", "type": "Missing Fixture", "reason": "Red Card"}, "team": {"id": 543, "name": "Real Betis", "logo": "https://media.api-sports.io/football/teams/543.png"}, "fixture": {"id": 1390958, "timezone": "UTC", "date": "2025-11-30T15:15:00+00:00", "timestamp": 1764515700}, "league": {"id": 140, "season": 2025, "name": "La Liga", "country": "Spain", "logo": "https://media.api-sports.io/football/leagues/140.png", "flag": "https://media.api-sports.io/flags/es.svg"}}, {"player": {"id": 1439, "name": "H. Bellerin", "photo": "https://media.api-sports.io/football/players/1439.png", "type": "Missing Fixture", "reason": "Muscle Injury"}, "team": {"id": 543, "name": "Real Betis", "logo": "https://media.api-sports.io/football/teams/543.png"}, "fixture": {"id": 1390958, "timezone": "UTC", "date": "2025-11-30T15:15:00+00:00", "timestamp": 1764515700}, "league": {"id": 140, "season": 2025, "name": "La Liga", "country": "Spain", "logo": "https://media.api-sports.io/football/leagues/140.png", "flag": "https://media.api-sports.io/flags/es.svg"}}, {"player": {"id": 745, "name": "Isco", "photo": "https://media.api-sports.io/football/players/745.png", "type": "Missing Fixture", "reason": "Injury"}, "team": {"id": 543, "name": "Real Betis", "logo": "https://media.api-sports.io/football/teams/543.png"}, "fixture": {"id": 1390958, "timezone": "UTC", "date": "2025-11-30T15:15:00+00:00", "timestamp": 1764515700}, "league": {"id": 140, "season": 2025, "name": "La Liga", "country": "Spain", "logo": "https://media.api-sports.io/football/leagues/140.png", "flag": "https://media.api-sports.io/flags/es.svg"}}, {"player": {"id": 1578, "name": "G. Lo Celso", "photo": "https://media.api-sports.io/football/players/1578.png", "type": "Missing Fixture", "reason": "Injury"}, "team": {"id": 543, "name": "Real Betis", "logo": "https://media.api-sports.io/football/teams/543.png"}, "fixture": {"id": 1390958, "timezone": "UTC", "date": "2025-11-30T15:15:00+00:00", "timestamp": 1764515700}, "league": {"id": 140, "season": 2025, "name": "La Liga", "country": "Spain", "logo": "https://media.api-sports.io/football/leagues/140.png", "flag": "https://media.api-sports.io/flags/es.svg"}}, {"player": {"id": 74, "name": "S. Amrabat", "photo": "https://media.api-sports.io/football/players/74.png", "type": "Missing Fixture", "reason": "Leg Injury"}, "team": {"id": 543, "name": "Real Betis", "logo": "https://media.api-sports.io/football/teams/543.png"}, "fixture": {"id": 1390961, "timezone": "UTC", "date": "2025-12-06T17:30:00+00:00", "timestamp": 1765042200}, "league": {"id": 140, "season": 2025, "name": "La Liga", "country": "Spain", "logo": "https://media.api-sports.io/football/leagues/140.png", "flag": "https://media.api-sports.io/flags/es.svg"}}, {"player": {"id": 1439, "name": "H. Bellerin", "photo": "https://media.api-sports.io/football/players/1439.png", "type": "Missing Fixture", "reason": "Muscle Injury"}, "team": {"id": 543, "name": "Real Betis", "logo": "https://media.api-sports.io/football/teams/543.png"}, "fixture": {"id": 1390961, "timezone": "UTC", "date": "2025-12-06T17:30:00+00:00", "timestamp": 1765042200}, "league": {"id": 140, "season": 2025, "name": "La Liga", "country": "Spain", "logo": "https://media.api-sports.io/football/leagues/140.png", "flag": "https://media.api-sports.io/flags/es.svg"}}, {"player": {"id": 745, "name": "Isco", "photo": "https://media.api-sports.io/football/players/745.png", "type": "Missing Fixture", "reason": "Injury"}, "team": {"id": 543, "name": "Real Betis", "logo": "https://media.api-sports.io/football/teams/543.png"}, "fixture": {"id": 1390961, "timezone": "UTC", "date": "2025-12-06T17:30:00+00:00", "timestamp": 1765042200}, "league": {"id": 140, "season": 2025, "name": "La Liga", "country": "Spain", "logo": "https://media.api-sports.io/football/leagues/140.png", "flag": "https://media.api-sports.io/flags/es.svg"}}, {"player": {"id": 74, "name": "S. Amrabat", "photo": "https://media.api-sports.io/football/players/74.png", "type": "Missing Fixture", "reason": "International duty"}, "team": {"id": 543, "name": "Real Betis", "logo": "https://media.api-sports.io/football/teams/543.png"}, "fixture": {"id": 1390976, "timezone": "UTC", "date": "2025-12-15T20:00:00+00:00", "timestamp": 1765828800}, "league": {"id": 140, "season": 2025, "name": "La Liga", "country": "Spain", "logo": "https://media.api-sports.io/football/leagues/140.png", "flag": "https://media.api-sports.io/flags/es.svg"}}, {"player": {"id": 3033, "name": "C. Bakambu", "photo": "https://media.api-sports.io/football/players/3033.png", "type": "Missing Fixture", "reason": "International duty"}, "team": {"id": 543, "name": "Real Betis", "logo": "https://media.api-sports.io/football/teams/543.png"}, "fixture": {"id": 1390976, "timezone": "UTC", "date": "2025-12-15T20:00:00+00:00", "timestamp": 1765828800}, "league": {"id": 140, "season": 2025, "name": "La Liga", "country": "Spain", "logo": "https://media.api-sports.io/football/leagues/140.png", "flag": "https://media.api-sports.io/flags/es.svg"}}, {"player": {"id": 1439, "name": "H. Bellerin", "photo": "https://media.api-sports.io/football/players/1439.png", "type": "Missing Fixture", "reason": "Muscle Injury"}, "team": {"id": 543, "name": "Real Betis", "logo": "https://media.api-sports.io/football/teams/543.png"}, "fixture": {"id": 1390976, "timezone": "UTC", "date": "2025-12-15T20:00:00+00:00", "timestamp": 1765828800}, "league": {"id": 140, "season": 2025, "name": "La Liga", "country": "Spain", "logo": "https://media.api-sports.io/football/leagues/140.png", "flag": "https://media.api-sports.io/flags/es.svg"}}, {"player": {"id": 181421, "name": "A. Ezzalzouli", "photo": "https://media.api-sports.io/football/players/181421.png", "type": "Missing Fixture", "reason": "International duty"}, "team": {"id": 543, "name": "Real Betis", "logo": "https://media.api-sports.io/football/teams/543.png"}, "fixture": {"id": 1390976, "timezone": "UTC", "date": "2025-12-15T20:00:00+00:00", "timestamp": 1765828800}, "league": {"id": 140, "season": 2025, "name": "La Liga", "country": "Spain", "logo": "https://media.api-sports.io/football/leagues/140.png", "flag": "https://media.api-sports.io/flags/es.svg"}}, {"player": {"id": 1564, "name": "J. Firpo", "photo": "https://media.api-sports.io/football/players/1564.png", "type": "Missing Fixture", "reason": "Injury"}, "team": {"id": 543, "name": "Real Betis", "logo": "https://media.api-sports.io/football/teams/543.png"}, "fixture": {"id": 1390976, "timezone": "UTC", "date": "2025-12-15T20:00:00+00:00", "timestamp": 1765828800}, "league": {"id": 140, "season": 2025, "name": "La Liga", "country": "Spain", "logo": "https://media.api-sports.io/football/leagues/140.png", "flag": "https://media.api-sports.io/flags/es.svg"}}, {"player": {"id": 745, "name": "Isco", "photo": "https://media.api-sports.io/football/players/745.png", "type": "Missing Fixture", "reason": "Injury"}, "team": {"id": 543, "name": "Real Betis", "logo": "https://media.api-sports.io/football/teams/543.png"}, "fixture": {"id": 1390976, "timezone": "UTC", "date": "2025-12-15T20:00:00+00:00", "timestamp": 1765828800}, "league": {"id": 140, "season": 2025, "name": "La Liga", "country": "Spain", "logo": "https://media.api-sports.io/football/leagues/140.png", "flag": "https://media.api-sports.io/flags/es.svg"}}, {"player": {"id": 74, "name": "S. Amrabat", "photo": "https://media.api-sports.io/football/players/74.png", "type": "Missing Fixture", "reason": "International duty"}, "team": {"id": 543, "name": "Real Betis", "logo": "https://media.api-sports.io/football/teams/543.png"}, "fixture": {"id": 1390980, "timezone": "UTC", "date": "2025-12-21T20:00:00+00:00", "timestamp": 1766347200}, "league": {"id": 140, "season": 2025, "name": "La Liga", "country": "Spain", "logo": "https://media.api-sports.io/football/leagues/140.png", "flag": "https://media.api-sports.io/flags/es.svg"}}, {"player": {"id": 3033, "name": "C. Bakambu", "photo": "https://media.api-sports.io/football/players/3033.png", "type": "Missing Fixture", "reason": "International duty"}, "team": {"id": 543, "name": "Real Betis", "logo": "https://media.api-sports.io/football/teams/543.png"}, "fixture": {"id": 1390980, "timezone": "UTC", "date": "2025-12-21T20:00:00+00:00", "timestamp": 1766347200}, "league": {"id": 140, "season": 2025, "name": "La Liga", "country": "Spain", "logo": "https://media.api-sports.io/football/leagues/140.png", "flag": "https://media.api-sports.io/flags/es.svg"}}, {"player": {"id": 181421, "name": "A. Ezzalzouli", "photo": "https://media.api-sports.io/football/players/181421.png", "type": "Missing Fixture", "reason": "International duty"}, "team": {"id": 543, "name": "Real Betis", "logo": "https://media.api-sports.io/football/teams/543.png"}, "fixture": {"id": 1390980, "timezone": "UTC", "date": "2025-12-21T20:00:00+00:00", "timestamp": 1766347200}, "league": {"id": 140, "season": 2025, "name": "La Liga", "country": "Spain", "logo": "https://media.api-sports.io/football/leagues/140.png", "flag": "https://media.api-sports.io/flags/es.svg"}}, {"player": {"id": 1564, "name": "J. Firpo", "photo": "https://media.api-sports.io/football/players/1564.png", "type": "Missing Fixture", "reason": "Injury"}, "team": {"id": 543, "name": "Real Betis", "logo": "https://media.api-sports.io/football/teams/543.png"}, "fixture": {"id": 1390980, "timezone": "UTC", "date": "2025-12-21T20:00:00+00:00", "timestamp": 1766347200}, "league": {"id": 140, "season": 2025, "name": "La Liga", "country": "Spain", "logo": "https://media.api-sports.io/football/leagues/140.png", "flag": "https://media.api-sports.io/flags/es.svg"}}, {"player": {"id": 745, "name": "Isco", "photo": "https://media.api-sports.io/football/players/745.png", "type": "Missing Fixture", "reason": "Injury"}, "team": {"id": 543, "name": "Real Betis", "logo": "https://media.api-sports.io/football/teams/543.png"}, "fixture": {"id": 1390980, "timezone": "UTC", "date": "2025-12-21T20:00:00+00:00", "timestamp": 1766347200}, "league": {"id": 140, "season": 2025, "name": "La Liga", "country": "Spain", "logo": "https://media.api-sports.io/football/leagues/140.png", "flag": "https://media.api-sports.io/flags/es.svg"}}, {"player": {"id": 47302, "name": "D. Llorente", "photo": "https://media.api-sports.io/football/players/47302.png", "type": "Missing Fixture", "reason": "Muscle Injury"}, "team": {"id": 543, "name": "Real Betis", "logo": "https://media.api-sports.io/football/teams/543.png"}, "fixture": {"id": 1390980, "timezone": "UTC", "date": "2025-12-21T20:00:00+00:00", "timestamp": 1766347200}, "league": {"id": 140, "season": 2025, "name": "La Liga", "country": "Spain", "logo": "https://media.api-sports.io/football/leagues/140.png", "flag": "https://media.api-sports.io/flags/es.svg"}}, {"player": {"id": 74, "name": "S. Amrabat", "photo": "https://media.api-sports.io/football/players/74.png", "type": "Missing Fixture", "reason": "International duty"}, "team": {"id": 543, "name": "Real Betis", "logo": "https://media.api-sports.io/football/teams/543.png"}, "fixture": {"id": 1390996, "timezone": "UTC", "date": "2026-01-04T15:15:00+00:00", "timestamp": 1767539700}, "league": {"id": 140, "season": 2025, "name": "La Liga", "country": "Spain", "logo": "https://media.api-sports.io/football/leagues/140.png", "flag": "https://media.api-sports.io/flags/es.svg"}}, {"player": {"id": 3033, "name": "C. Bakambu", "photo": "https://media.api-sports.io/football/players/3033.png", "type": "Missing Fixture", "reason": "International duty"}, "team": {"id": 543, "name": "Real Betis", "logo": "https://media.api-sports.io/football/teams/543.png"}, "fixture": {"id": 1390996, "timezone": "UTC", "date": "2026-01-04T15:15:00+00:00", "timestamp": 1767539700}, "league": {"id": 140, "season": 2025, "name": "La Liga", "country": "Spain", "logo": "https://media.api-sports.io/football/leagues/140.png", "flag": "https://media.api-sports.io/flags/es.svg"}}, {"player": {"id": 181421, "name": "A. Ezzalzouli", "photo": "https://media.api-sports.io/football/players/181421.png", "type": "Missing Fixture", "reason": "International duty"}, "team": {"id": 543, "name": "Real Betis", "logo": "https://media.api-sports.io/football/teams/543.png"}, "fixture": {"id": 1390996, "timezone": "UTC", "date": "2026-01-04T15:15:00+00:00", "timestamp": 1767539700}, "league": {"id": 140, "season": 2025, "name": "La Liga", "country": "Spain", "logo": "https://media.api-sports.io/football/leagues/140.png", "flag": "https://media.api-sports.io/flags/es.svg"}}, {"player": {"id": 745, "name": "Isco", "photo": "https://media.api-sports.io/football/players/745.png", "type": "Missing Fixture", "reason": "Injury"}, "team": {"id": 543, "name": "Real Betis", "logo": "https://media.api-sports.io/football/teams/543.png"}, "fixture": {"id": 1390996, "timezone": "UTC", "date": "2026-01-04T15:15:00+00:00", "timestamp": 1767539700}, "league": {"id": 140, "season": 2025, "name": "La Liga", "country": "Spain", "logo": "https://media.api-sports.io/football/leagues/140.png", "flag": "https://media.api-sports.io/flags/es.svg"}}, {"player": {"id": 74, "name": "S. Amrabat", "photo": "https://media.api-sports.io/football/players/74.png", "type": "Missing Fixture", "reason": "International duty"}, "team": {"id": 543, "name": "Real Betis", "logo": "https://media.api-sports.io/football/teams/543.png"}, "fixture": {"id": 1391010, "timezone": "UTC", "date": "2026-01-17T20:00:00+00:00", "timestamp": 1768680000}, "league": {"id": 140, "season": 2025, "name": "La Liga", "country": "Spain", "logo": "https://media.api-sports.io/football/leagues/140.png", "flag": "https://media.api-sports.io/flags/es.svg"}}, {"player": {"id": 1439, "name": "H. Bellerin", "photo": "https://media.api-sports.io/football/players/1439.png", "type": "Missing Fixture", "reason": "Muscle Injury"}, "team": {"id": 543, "name": "Real Betis", "logo": "https://media.api-sports.io/football/teams/543.png"}, "fixture": {"id": 1391010, "timezone": "UTC", "date": "2026-01-17T20:00:00+00:00", "timestamp": 1768680000}, "league": {"id": 140, "season": 2025, "name": "La Liga", "country": "Spain", "logo": "https://media.api-sports.io/football/leagues/140.png", "flag": "https://media.api-sports.io/flags/es.svg"}}, {"player": {"id": 47582, "name": "Cucho Hernandez", "photo": "https://media.api-sports.io/football/players/47582.png", "type": "Missing Fixture", "reason": "Injury"}, "team": {"id": 543, "name": "Real Betis", "logo": "https://media.api-sports.io/football/teams/543.png"}, "fixture": {"id": 1391010, "timezone": "UTC", "date": "2026-01-17T20:00:00+00:00", "timestamp": 1768680000}, "league": {"id": 140, "season": 2025, "name": "La Liga", "country": "Spain", "logo": "https://media.api-sports.io/football/leagues/140.png", "flag": "https://media.api-sports.io/flags/es.svg"}}, {"player": {"id": 181421, "name": "A. Ezzalzouli", "photo": "https://media.api-sports.io/football/players/181421.png", "type": "Missing Fixture", "reason": "International duty"}, "team": {"id": 543, "name": "Real Betis", "logo": "https://media.api-sports.io/football/teams/543.png"}, "fixture": {"id": 1391010, "timezone": "UTC", "date": "2026-01-17T20:00:00+00:00", "timestamp": 1768680000}, "league": {"id": 140, "season": 2025, "name": "La Liga", "country": "Spain", "logo": "https://media.api-sports.io/football/leagues/140.png", "flag": "https://media.api-sports.io/flags/es.svg"}}, {"player": {"id": 1564, "name": "J. Firpo", "photo": "https://media.api-sports.io/football/players/1564.png", "type": "Missing Fixture", "reason": "Muscle Injury"}, "team": {"id": 543, "name": "Real Betis", "logo": "https://media.api-sports.io/football/teams/543.png"}, "fixture": {"id": 1391010, "timezone": "UTC", "date": "2026-01-17T20:00:00+00:00", "timestamp": 1768680000}, "league": {"id": 140, "season": 2025, "name": "La Liga", "country": "Spain", "logo": "https://media.api-sports.io/football/leagues/140.png", "flag": "https://media.api-sports.io/flags/es.svg"}}, {"player": {"id": 745, "name": "Isco", "photo": "https://media.api-sports.io/football/players/745.png", "type": "Missing Fixture", "reason": "Ankle Injury"}, "team": {"id": 543, "name": "Real Betis", "logo": "https://media.api-sports.io/football/teams/543.png"}, "fixture": {"id": 1391010, "timezone": "UTC", "date": "2026-01-17T20:00:00+00:00", "timestamp": 1768680000}, "league": {"id": 140, "season": 2025, "name": "La Liga", "country": "Spain", "logo": "https://media.api-sports.io/football/leagues/140.png", "flag": "https://media.api-sports.io/flags/es.svg"}}, {"player": {"id": 74, "name": "S. Amrabat", "photo": "https://media.api-sports.io/football/players/74.png", "type": "Missing Fixture", "reason": "Ankle Injury"}, "team": {"id": 543, "name": "Real Betis", "logo": "https://media.api-sports.io/football/teams/543.png"}, "fixture": {"id": 1391019, "timezone": "UTC", "date": "2026-01-25T20:00:00+00:00", "timestamp": 1769371200}, "league": {"id": 140, "season": 2025, "name": "La Liga", "country": "Spain", "logo": "https://media.api-sports.io/football/leagues/140.png", "flag": "https://media.api-sports.io/flags/es.svg"}}, {"player": {"id": 1439, "name": "H. Bellerin", "photo": "https://media.api-sports.io/football/players/1439.png", "type": "Missing Fixture", "reason": "Muscle Injury"}, "team": {"id": 543, "name": "Real Betis", "logo": "https://media.api-sports.io/football/teams/543.png"}, "fixture": {"id": 1391019, "timezone": "UTC", "date": "2026-01-25T20:00:00+00:00", "timestamp": 1769371200}, "league": {"id": 140, "season": 2025, "name": "La Liga", "country": "Spain", "logo": "https://media.api-sports.io/football/leagues/140.png", "flag": "https://media.api-sports.io/flags/es.svg"}}, {"player": {"id": 47582, "name": "Cucho Hernandez", "photo": "https://media.api-sports.io/football/players/47582.png", "type": "Missing Fixture", "reason": "Injury"}, "team": {"id": 543, "name": "Real Betis", "logo": "https://media.api-sports.io/football/teams/543.png"}, "fixture": {"id": 1391019, "timezone": "UTC", "date": "2026-01-25T20:00:00+00:00", "timestamp": 1769371200}, "league": {"id": 140, "season": 2025, "name": "La Liga", "country": "Spain", "logo": "https://media.api-sports.io/football/leagues/140.png", "flag": "https://media.api-sports.io/flags/es.svg"}}, {"player": {"id": 1564, "name": "J. Firpo", "photo": "https://media.api-sports.io/football/players/1564.png", "type": "Missing Fixture", "reason": "Muscle Injury"}, "team": {"id": 543, "name": "Real Betis", "logo": "https://media.api-sports.io/football/teams/543.png"}, "fixture": {"id": 1391019, "timezone": "UTC", "date": "2026-01-25T20:00:00+00:00", "timestamp": 1769371200}, "league": {"id": 140, "season": 2025, "name": "La Liga", "country": "Spain", "logo": "https://media.api-sports.io/football/leagues/140.png", "flag": "https://media.api-sports.io/flags/es.svg"}}, {"player": {"id": 745, "name": "Isco", "photo": "https://media.api-sports.io/football/players/745.png", "type": "Missing Fixture", "reason": "Ankle Injury"}, "team": {"id": 543, "name": "Real Betis", "logo": "https://media.api-sports.io/football/teams/543.png"}, "fixture": {"id": 1391019, "timezone": "UTC", "date": "2026-01-25T20:00:00+00:00", "timestamp": 1769371200}, "league": {"id": 140, "season": 2025, "name": "La Liga", "country": "Spain", "logo": "https://media.api-sports.io/football/leagues/140.png", "flag": "https://media.api-sports.io/flags/es.svg"}}, {"player": {"id": 1578, "name": "G. Lo Celso", "photo": "https://media.api-sports.io/football/players/1578.png", "type": "Missing Fixture", "reason": "Muscle Injury"}, "team": {"id": 543, "name": "Real Betis", "logo": "https://media.api-sports.io/football/teams/543.png"}, "fixture": {"id": 1391019, "timezone": "UTC", "date": "2026-01-25T20:00:00+00:00", "timestamp": 1769371200}, "league": {"id": 140, "season": 2025, "name": "La Liga", "country": "Spain", "logo": "https://media.api-sports.io/football/leagues/140.png", "flag": "https://media.api-sports.io/flags/es.svg"}}, {"player": {"id": 136117, "name": "R. Riquelme", "photo": "https://media.api-sports.io/football/players/136117.png", "type": "Missing Fixture", "reason": "Muscle Injury"}, "team": {"id": 543, "name": "Real Betis", "logo": "https://media.api-sports.io/football/teams/543.png"}, "fixture": {"id": 1391019, "timezone": "UTC", "date": "2026-01-25T20:00:00+00:00", "timestamp": 1769371200}, "league": {"id": 140, "season": 2025, "name": "La Liga", "country": "Spain", "logo": "https://media.api-sports.io/football/leagues/140.png", "flag": "https://media.api-sports.io/flags/es.svg"}}, {"player": {"id": 47119, "name": "A. Ruibal", "photo": "https://media.api-sports.io/football/players/47119.png", "type": "Missing Fixture", "reason": "Muscle Injury"}, "team": {"id": 543, "name": "Real Betis", "logo": "https://media.api-sports.io/football/teams/543.png"}, "fixture": {"id": 1391019, "timezone": "UTC", "date": "2026-01-25T20:00:00+00:00", "timestamp": 1769371200}, "league": {"id": 140, "season": 2025, "name": "La Liga", "country": "Spain", "logo": "https://media.api-sports.io/football/leagues/140.png", "flag": "https://media.api-sports.io/flags/es.svg"}}, {"player": {"id": 74, "name": "S. Amrabat", "photo": "https://media.api-sports.io/football/players/74.png", "type": "Missing Fixture", "reason": "Ankle Injury"}, "team": {"id": 543, "name": "Real Betis", "logo": "https://media.api-sports.io/football/teams/543.png"}, "fixture": {"id": 1391030, "timezone": "UTC", "date": "2026-02-01T15:15:00+00:00", "timestamp": 1769958900}, "league": {"id": 140, "season": 2025, "name": "La Liga", "country": "Spain", "logo": "https://media.api-sports.io/football/leagues/140.png", "flag": "https://media.api-sports.io/flags/es.svg"}}, {"player": {"id": 1439, "name": "H. Bellerin", "photo": "https://media.api-sports.io/football/players/1439.png", "type": "Missing Fixture", "reason": "Muscle Injury"}, "team": {"id": 543, "name": "Real Betis", "logo": "https://media.api-sports.io/football/teams/543.png"}, "fixture": {"id": 1391030, "timezone": "UTC", "date": "2026-02-01T15:15:00+00:00", "timestamp": 1769958900}, "league": {"id": 140, "season": 2025, "name": "La Liga", "country": "Spain", "logo": "https://media.api-sports.io/football/leagues/140.png", "flag": "https://media.api-sports.io/flags/es.svg"}}, {"player": {"id": 47582, "name": "Cucho Hernandez", "photo": "https://media.api-sports.io/football/players/47582.png", "type": "Missing Fixture", "reason": "Injury"}, "team": {"id": 543, "name": "Real Betis", "logo": "https://media.api-sports.io/football/teams/543.png"}, "fixture": {"id": 1391030, "timezone": "UTC", "date": "2026-02-01T15:15:00+00:00", "timestamp": 1769958900}, "league": {"id": 140, "season": 2025, "name": "La Liga", "country": "Spain", "logo": "https://media.api-sports.io/football/leagues/140.png", "flag": "https://media.api-sports.io/flags/es.svg"}}, {"player": {"id": 1564, "name": "J. Firpo", "photo": "https://media.api-sports.io/football/players/1564.png", "type": "Missing Fixture", "reason": "Muscle Injury"}, "team": {"id": 543, "name": "Real Betis", "logo": "https://media.api-sports.io/football/teams/543.png"}, "fixture": {"id": 1391030, "timezone": "UTC", "date": "2026-02-01T15:15:00+00:00", "timestamp": 1769958900}, "league": {"id": 140, "season": 2025, "name": "La Liga", "country": "Spain", "logo": "https://media.api-sports.io/football/leagues/140.png", "flag": "https://media.api-sports.io/flags/es.svg"}}, {"player": {"id": 745, "name": "Isco", "photo": "https://media.api-sports.io/football/players/745.png", "type": "Missing Fixture", "reason": "Ankle Injury"}, "team": {"id": 543, "name": "Real Betis", "logo": "https://media.api-sports.io/football/teams/543.png"}, "fixture": {"id": 1391030, "timezone": "UTC", "date": "2026-02-01T15:15:00+00:00", "timestamp": 1769958900}, "league": {"id": 140, "season": 2025, "name": "La Liga", "country": "Spain", "logo": "https://media.api-sports.io/football/leagues/140.png", "flag": "https://media.api-sports.io/flags/es.svg"}}, {"player": {"id": 1578, "name": "G. Lo Celso", "photo": "https://media.api-sports.io/football/players/1578.png", "type": "Missing Fixture", "reason": "Muscle Injury"}, "team": {"id": 543, "name": "Real Betis", "logo": "https://media.api-sports.io/football/teams/543.png"}, "fixture": {"id": 1391030, "timezone": "UTC", "date": "2026-02-01T15:15:00+00:00", "timestamp": 1769958900}, "league": {"id": 140, "season": 2025, "name": "La Liga", "country": "Spain", "logo": "https://media.api-sports.io/football/leagues/140.png", "flag": "https://media.api-sports.io/flags/es.svg"}}, {"player": {"id": 195100, "name": "Natan", "photo": "https://media.api-sports.io/football/players/195100.png", "type": "Missing Fixture", "reason": "Yellow Cards"}, "team": {"id": 543, "name": "Real Betis", "logo": "https://media.api-sports.io/football/teams/543.png"}, "fixture": {"id": 1391030, "timezone": "UTC", "date": "2026-02-01T15:15:00+00:00", "timestamp": 1769958900}, "league": {"id": 140, "season": 2025, "name": "La Liga", "country": "Spain", "logo": "https://media.api-sports.io/football/leagues/140.png", "flag": "https://media.api-sports.io/flags/es.svg"}}, {"player": {"id": 136117, "name": "R. Riquelme", "photo": "https://media.api-sports.io/football/players/136117.png", "type": "Missing Fixture", "reason": "Muscle Injury"}, "team": {"id": 543, "name": "Real Betis", "logo": "https://media.api-sports.io/football/teams/543.png"}, "fixture": {"id": 1391030, "timezone": "UTC", "date": "2026-02-01T15:15:00+00:00", "timestamp": 1769958900}, "league": {"id": 140, "season": 2025, "name": "La Liga", "country": "Spain", "logo": "https://media.api-sports.io/football/leagues/140.png", "flag": "https://media.api-sports.io/flags/es.svg"}}, {"player": {"id": 74, "name": "S. Amrabat", "photo": "https://media.api-sports.io/football/players/74.png", "type": "Missing Fixture", "reason": "Ankle Injury"}, "team": {"id": 543, "name": "Real Betis", "logo": "https://media.api-sports.io/football/teams/543.png"}, "fixture": {"id": 1391041, "timezone": "UTC", "date": "2026-02-08T17:30:00+00:00", "timestamp": 1770571800}, "league": {"id": 140, "season": 2025, "name": "La Liga", "country": "Spain", "logo": "https://media.api-sports.io/football/leagues/140.png", "flag": "https://media.api-sports.io/flags/es.svg"}}, {"player": {"id": 47579, "name": "C. Avila", "photo": "https://media.api-sports.io/football/players/47579.png", "type": "Missing Fixture", "reason": "Injury"}, "team": {"id": 543, "name": "Real Betis", "logo": "https://media.api-sports.io/football/teams/543.png"}, "fixture": {"id": 1391041, "timezone": "UTC", "date": "2026-02-08T17:30:00+00:00", "timestamp": 1770571800}, "league": {"id": 140, "season": 2025, "name": "La Liga", "country": "Spain", "logo": "https://media.api-sports.io/football/leagues/140.png", "flag": "https://media.api-sports.io/flags/es.svg"}}, {"player": {"id": 1439, "name": "H. Bellerin", "photo": "https://media.api-sports.io/football/players/1439.png", "type": "Missing Fixture", "reason": "Muscle Injury"}, "team": {"id": 543, "name": "Real Betis", "logo": "https://media.api-sports.io/football/teams/543.png"}, "fixture": {"id": 1391041, "timezone": "UTC", "date": "2026-02-08T17:30:00+00:00", "timestamp": 1770571800}, "league": {"id": 140, "season": 2025, "name": "La Liga", "country": "Spain", "logo": "https://media.api-sports.io/football/leagues/140.png", "flag": "https://media.api-sports.io/flags/es.svg"}}, {"player": {"id": 47582, "name": "Cucho Hernandez", "photo": "https://media.api-sports.io/football/players/47582.png", "type": "Missing Fixture", "reason": "Injury"}, "team": {"id": 543, "name": "Real Betis", "logo": "https://media.api-sports.io/football/teams/543.png"}, "fixture": {"id": 1391041, "timezone": "UTC", "date": "2026-02-08T17:30:00+00:00", "timestamp": 1770571800}, "league": {"id": 140, "season": 2025, "name": "La Liga", "country": "Spain", "logo": "https://media.api-sports.io/football/leagues/140.png", "flag": "https://media.api-sports.io/flags/es.svg"}}, {"player": {"id": 745, "name": "Isco", "photo": "https://media.api-sports.io/football/players/745.png", "type": "Missing Fixture", "reason": "Ankle Injury"}, "team": {"id": 543, "name": "Real Betis", "logo": "https://media.api-sports.io/football/teams/543.png"}, "fixture": {"id": 1391041, "timezone": "UTC", "date": "2026-02-08T17:30:00+00:00", "timestamp": 1770571800}, "league": {"id": 140, "season": 2025, "name": "La Liga", "country": "Spain", "logo": "https://media.api-sports.io/football/leagues/140.png", "flag": "https://media.api-sports.io/flags/es.svg"}}, {"player": {"id": 1578, "name": "G. Lo Celso", "photo": "https://media.api-sports.io/football/players/1578.png", "type": "Missing Fixture", "reason": "Muscle Injury"}, "team": {"id": 543, "name": "Real Betis", "logo": "https://media.api-sports.io/football/teams/543.png"}, "fixture": {"id": 1391041, "timezone": "UTC", "date": "2026-02-08T17:30:00+00:00", "timestamp": 1770571800}, "league": {"id": 140, "season": 2025, "name": "La Liga", "country": "Spain", "logo": "https://media.api-sports.io/football/leagues/140.png", "flag": "https://media.api-sports.io/flags/es.svg"}}, {"player": {"id": 74, "name": "S. Amrabat", "photo": "https://media.api-sports.io/football/players/74.png", "type": "Missing Fixture", "reason": "Ankle Injury"}, "team": {"id": 543, "name": "Real Betis", "logo": "https://media.api-sports.io/football/teams/543.png"}, "fixture": {"id": 1391054, "timezone": "UTC", "date": "2026-02-15T20:00:00+00:00", "timestamp": 1771185600}, "league": {"id": 140, "season": 2025, "name": "La Liga", "country": "Spain", "logo": "https://media.api-sports.io/football/leagues/140.png", "flag": "https://media.api-sports.io/flags/es.svg"}}, {"player": {"id": 47579, "name": "C. Avila", "photo": "https://media.api-sports.io/football/players/47579.png", "type": "Missing Fixture", "reason": "Injury"}, "team": {"id": 543, "name": "Real Betis", "logo": "https://media.api-sports.io/football/teams/543.png"}, "fixture": {"id": 1391054, "timezone": "UTC", "date": "2026-02-15T20:00:00+00:00", "timestamp": 1771185600}, "league": {"id": 140, "season": 2025, "name": "La Liga", "country": "Spain", "logo": "https://media.api-sports.io/football/leagues/140.png", "flag": "https://media.api-sports.io/flags/es.svg"}}, {"player": {"id": 1439, "name": "H. Bellerin", "photo": "https://media.api-sports.io/football/players/1439.png", "type": "Missing Fixture", "reason": "Muscle Injury"}, "team": {"id": 543, "name": "Real Betis", "logo": "https://media.api-sports.io/football/teams/543.png"}, "fixture": {"id": 1391054, "timezone": "UTC", "date": "2026-02-15T20:00:00+00:00", "timestamp": 1771185600}, "league": {"id": 140, "season": 2025, "name": "La Liga", "country": "Spain", "logo": "https://media.api-sports.io/football/leagues/140.png", "flag": "https://media.api-sports.io/flags/es.svg"}}, {"player": {"id": 47582, "name": "Cucho Hernandez", "photo": "https://media.api-sports.io/football/players/47582.png", "type": "Missing Fixture", "reason": "Injury"}, "team": {"id": 543, "name": "Real Betis", "logo": "https://media.api-sports.io/football/teams/543.png"}, "fixture": {"id": 1391054, "timezone": "UTC", "date": "2026-02-15T20:00:00+00:00", "timestamp": 1771185600}, "league": {"id": 140, "season": 2025, "name": "La Liga", "country": "Spain", "logo": "https://media.api-sports.io/football/leagues/140.png", "flag": "https://media.api-sports.io/flags/es.svg"}}, {"player": {"id": 745, "name": "Isco", "photo": "https://media.api-sports.io/football/players/745.png", "type": "Missing Fixture", "reason": "Ankle Injury"}, "team": {"id": 543, "name": "Real Betis", "logo": "https://media.api-sports.io/football/teams/543.png"}, "fixture": {"id": 1391054, "timezone": "UTC", "date": "2026-02-15T20:00:00+00:00", "timestamp": 1771185600}, "league": {"id": 140, "season": 2025, "name": "La Liga", "country": "Spain", "logo": "https://media.api-sports.io/football/leagues/140.png", "flag": "https://media.api-sports.io/flags/es.svg"}}, {"player": {"id": 1578, "name": "G. Lo Celso", "photo": "https://media.api-sports.io/football/players/1578.png", "type": "Missing Fixture", "reason": "Muscle Injury"}, "team": {"id": 543, "name": "Real Betis", "logo": "https://media.api-sports.io/football/teams/543.png"}, "fixture": {"id": 1391054, "timezone": "UTC", "date": "2026-02-15T20:00:00+00:00", "timestamp": 1771185600}, "league": {"id": 140, "season": 2025, "name": "La Liga", "country": "Spain", "logo": "https://media.api-sports.io/football/leagues/140.png", "flag": "https://media.api-sports.io/flags/es.svg"}}]}