{"get": "injuries", "parameters": {"league": "135", "season": "2025", "team": "500"}, "errors": [], "results": 81, "paging": {"current": 1, "total": 1}, "response": [{"player": {"id": 1863, "name": "Ciro Immobile", "photo": "https://media.api-sports.io/football/players/1863.png", "type": "Missing Fixture", "reason": "Injured Doubtful"}, "team": {"id": 500, "name": "Bologna", "logo": "https://media.api-sports.io/football/teams/500.png"}, "fixture": {"id": 1377871, "timezone": "UTC", "date": "2025-08-23T18:45:00+00:00", "timestamp": 1755974700}, "league": {"id": 135, "season": 2025, "name": "Serie A", "country": "Italy", "logo": "https://media.api-sports.io/football/leagues/135.png", "flag": "https://media.api-sports.io/flags/it.svg"}}, {"player": {"id": 134, "name": "Juan Miranda", "photo": "https://media.api-sports.io/football/players/134.png", "type": "Missing Fixture", "reason": "Red card Suspended"}, "team": {"id": 500, "name": "Bologna", "logo": "https://media.api-sports.io/football/teams/500.png"}, "fixture": {"id": 1377871, "timezone": "UTC", "date": "2025-08-23T18:45:00+00:00", "timestamp": 1755974700}, "league": {"id": 135, "season": 2025, "name": "Serie A", "country": "Italy", "logo": "https://media.api-sports.io/football/leagues/135.png", "flag": "https://media.api-sports.io/flags/it.svg"}}, {"player": {"id": 1863, "name": "C. Immobile", "photo": "https://media.api-sports.io/football/players/1863.png", "type": "Missing Fixture", "reason": "Thigh problems"}, "team": {"id": 500, "name": "Bologna", "logo": "https://media.api-sports.io/football/teams/500.png"}, "fixture": {"id": 1377874, "timezone": "UTC", "date": "2025-08-30T16:30:00+00:00", "timestamp": 1756571400}, "league": {"id": 135, "season": 2025, "name": "Serie A", "country": "Italy", "logo": "https://media.api-sports.io/football/leagues/135.png", "flag": "https://media.api-sports.io/flags/it.svg"}}, {"player": {"id": 1863, "name": "C. Immobile", "photo": "https://media.api-sports.io/football/players/1863.png", "type": "Missing Fixture", "reason": "Thigh problems"}, "team": {"id": 500, "name": "Bologna", "logo": "https://media.api-sports.io/football/teams/500.png"}, "fixture": {"id": 1377889, "timezone": "UTC", "date": "2025-09-14T18:45:00+00:00", "timestamp": 1757875500}, "league": {"id": 135, "season": 2025, "name": "Serie A", "country": "Italy", "logo": "https://media.api-sports.io/football/leagues/135.png", "flag": "https://media.api-sports.io/flags/it.svg"}}, {"player": {"id": 31273, "name": "T. Pobega", "photo": "https://media.api-sports.io/football/players/31273.png", "type": "Missing Fixture", "reason": "Thigh problems"}, "team": {"id": 500, "name": "Bologna", "logo": "https://media.api-sports.io/football/teams/500.png"}, "fixture": {"id": 1377889, "timezone": "UTC", "date": "2025-09-14T18:45:00+00:00", "timestamp": 1757875500}, "league": {"id": 135, "season": 2025, "name": "Serie A", "country": "Italy", "logo": "https://media.api-sports.io/football/leagues/135.png", "flag": "https://media.api-sports.io/flags/it.svg"}}, {"player": {"id": 47985, "name": "E. Holm", "photo": "https://media.api-sports.io/football/players/47985.png", "type": "Missing Fixture", "reason": "Thigh problems"}, "team": {"id": 500, "name": "Bologna", "logo": "https://media.api-sports.io/football/teams/500.png"}, "fixture": {"id": 1377871, "timezone": "UTC", "date": "2025-08-23T18:45:00+00:00", "timestamp": 1755974700}, "league": {"id": 135, "season": 2025, "name": "Serie A", "country": "Italy", "logo": "https://media.api-sports.io/football/leagues/135.png", "flag": "https://media.api-sports.io/flags/it.svg"}}, {"player": {"id": 47985, "name": "E. Holm", "photo": "https://media.api-sports.io/football/players/47985.png", "type": "Missing Fixture", "reason": "Thigh problems"}, "team": {"id": 500, "name": "Bologna", "logo": "https://media.api-sports.io/football/teams/500.png"}, "fixture": {"id": 1377874, "timezone": "UTC", "date": "2025-08-30T16:30:00+00:00", "timestamp": 1756571400}, "league": {"id": 135, "season": 2025, "name": "Serie A", "country": "Italy", "logo": "https://media.api-sports.io/football/leagues/135.png", "flag": "https://media.api-sports.io/flags/it.svg"}}, {"player": {"id": 47985, "name": "E. Holm", "photo": "https://media.api-sports.io/football/players/47985.png", "type": "Missing Fixture", "reason": "Thigh problems"}, "team": {"id": 500, "name": "Bologna", "logo": "https://media.api-sports.io/football/teams/500.png"}, "fixture": {"id": 1377889, "timezone": "UTC", "date": "2025-09-14T18:45:00+00:00", "timestamp": 1757875500}, "league": {"id": 135, "season": 2025, "name": "Serie A", "country": "Italy", "logo": "https://media.api-sports.io/football/leagues/135.png", "flag": "https://media.api-sports.io/flags/it.svg"}}, {"player": {"id": 31099, "name": "N. Casale", "photo": "https://media.api-sports.io/football/players/31099.png", "type": "Missing Fixture", "reason": "Thigh problems"}, "team": {"id": 500, "name": "Bologna", "logo": "https://media.api-sports.io/football/teams/500.png"}, "fixture": {"id": 1377874, "timezone": "UTC", "date": "2025-08-30T16:30:00+00:00", "timestamp": 1756571400}, "league": {"id": 135, "season": 2025, "name": "Serie A", "country": "Italy", "logo": "https://media.api-sports.io/football/leagues/135.png", "flag": "https://media.api-sports.io/flags/it.svg"}}, {"player": {"id": 31099, "name": "N. Casale", "photo": "https://media.api-sports.io/football/players/31099.png", "type": "Missing Fixture", "reason": "Thigh problems"}, "team": {"id": 500, "name": "Bologna", "logo": "https://media.api-sports.io/football/teams/500.png"}, "fixture": {"id": 1377889, "timezone": "UTC", "date": "2025-09-14T18:45:00+00:00", "timestamp": 1757875500}, "league": {"id": 135, "season": 2025, "name": "Serie A", "country": "Italy", "logo": "https://media.api-sports.io/football/leagues/135.png", "flag": "https://media.api-sports.io/flags/it.svg"}}, {"player": {"id": 30853, "name": "K. Bonifazi", "photo": "https://media.api-sports.io/football/players/30853.png", "type": "Missing Fixture", "reason": "Inactive"}, "team": {"id": 500, "name": "Bologna", "logo": "https://media.api-sports.io/football/teams/500.png"}, "fixture": {"id": 1377894, "timezone": "UTC", "date": "2025-09-20T13:00:00+00:00", "timestamp": 1758373200}, "league": {"id": 135, "season": 2025, "name": "Serie A", "country": "Italy", "logo": "https://media.api-sports.io/football/leagues/135.png", "flag": "https://media.api-sports.io/flags/it.svg"}}, {"player": {"id": 31099, "name": "N. Casale", "photo": "https://media.api-sports.io/football/players/31099.png", "type": "Missing Fixture", "reason": "Thigh Injury"}, "team": {"id": 500, "name": "Bologna", "logo": "https://media.api-sports.io/football/teams/500.png"}, "fixture": {"id": 1377894, "timezone": "UTC", "date": "2025-09-20T13:00:00+00:00", "timestamp": 1758373200}, "league": {"id": 135, "season": 2025, "name": "Serie A", "country": "Italy", "logo": "https://media.api-sports.io/football/leagues/135.png", "flag": "https://media.api-sports.io/flags/it.svg"}}, {"player": {"id": 1863, "name": "C. Immobile", "photo": "https://media.api-sports.io/football/players/1863.png", "type": "Missing Fixture", "reason": "Thigh Injury"}, "team": {"id": 500, "name": "Bologna", "logo": "https://media.api-sports.io/football/teams/500.png"}, "fixture": {"id": 1377894, "timezone": "UTC", "date": "2025-09-20T13:00:00+00:00", "timestamp": 1758373200}, "league": {"id": 135, "season": 2025, "name": "Serie A", "country": "Italy", "logo": "https://media.api-sports.io/football/leagues/135.png", "flag": "https://media.api-sports.io/flags/it.svg"}}, {"player": {"id": 31273, "name": "T. Pobega", "photo": "https://media.api-sports.io/football/players/31273.png", "type": "Missing Fixture", "reason": "Thigh Injury"}, "team": {"id": 500, "name": "Bologna", "logo": "https://media.api-sports.io/football/teams/500.png"}, "fixture": {"id": 1377894, "timezone": "UTC", "date": "2025-09-20T13:00:00+00:00", "timestamp": 1758373200}, "league": {"id": 135, "season": 2025, "name": "Serie A", "country": "Italy", "logo": "https://media.api-sports.io/football/leagues/135.png", "flag": "https://media.api-sports.io/flags/it.svg"}}, {"player": {"id": 353609, "name": "I. Sulemana", "photo": "https://media.api-sports.io/football/players/353609.png", "type": "Missing Fixture", "reason": "Knee Injury"}, "team": {"id": 500, "name": "Bologna", "logo": "https://media.api-sports.io/football/teams/500.png"}, "fixture": {"id": 1377894, "timezone": "UTC", "date": "2025-09-20T13:00:00+00:00", "timestamp": 1758373200}, "league": {"id": 135, "season": 2025, "name": "Serie A", "country": "Italy", "logo": "https://media.api-sports.io/football/leagues/135.png", "flag": "https://media.api-sports.io/flags/it.svg"}}, {"player": {"id": 30853, "name": "K. Bonifazi", "photo": "https://media.api-sports.io/football/players/30853.png", "type": "Missing Fixture", "reason": "Inactive"}, "team": {"id": 500, "name": "Bologna", "logo": "https://media.api-sports.io/football/teams/500.png"}, "fixture": {"id": 1377908, "timezone": "UTC", "date": "2025-09-28T16:00:00+00:00", "timestamp": 1759075200}, "league": {"id": 135, "season": 2025, "name": "Serie A", "country": "Italy", "logo": "https://media.api-sports.io/football/leagues/135.png", "flag": "https://media.api-sports.io/flags/it.svg"}}, {"player": {"id": 31099, "name": "N. Casale", "photo": "https://media.api-sports.io/football/players/31099.png", "type": "Missing Fixture", "reason": "Thigh Injury"}, "team": {"id": 500, "name": "Bologna", "logo": "https://media.api-sports.io/football/teams/500.png"}, "fixture": {"id": 1377908, "timezone": "UTC", "date": "2025-09-28T16:00:00+00:00", "timestamp": 1759075200}, "league": {"id": 135, "season": 2025, "name": "Serie A", "country": "Italy", "logo": "https://media.api-sports.io/football/leagues/135.png", "flag": "https://media.api-sports.io/flags/it.svg"}}, {"player": {"id": 1863, "name": "C. Immobile", "photo": "https://media.api-sports.io/football/players/1863.png", "type": "Missing Fixture", "reason": "Thigh Injury"}, "team": {"id": 500, "name": "Bologna", "logo": "https://media.api-sports.io/football/teams/500.png"}, "fixture": {"id": 1377908, "timezone": "UTC", "date": "2025-09-28T16:00:00+00:00", "timestamp": 1759075200}, "league": {"id": 135, "season": 2025, "name": "Serie A", "country": "Italy", "logo": "https://media.api-sports.io/football/leagues/135.png", "flag": "https://media.api-sports.io/flags/it.svg"}}, {"player": {"id": 353609, "name": "I. Sulemana", "photo": "https://media.api-sports.io/football/players/353609.png", "type": "Missing Fixture", "reason": "Knee Injury"}, "team": {"id": 500, "name": "Bologna", "logo": "https://media.api-sports.io/football/teams/500.png"}, "fixture": {"id": 1377908, "timezone": "UTC", "date": "2025-09-28T16:00:00+00:00", "timestamp": 1759075200}, "league": {"id": 135, "season": 2025, "name": "Serie A", "country": "Italy", "logo": "https://media.api-sports.io/football/leagues/135.png", "flag": "https://media.api-sports.io/flags/it.svg"}}, {"player": {"id": 30853, "name": "K. Bonifazi", "photo": "https://media.api-sports.io/football/players/30853.png", "type": "Missing Fixture", "reason": "Inactive"}, "team": {"id": 500, "name": "Bologna", "logo": "https://media.api-sports.io/football/teams/500.png"}, "fixture": {"id": 1377915, "timezone": "UTC", "date": "2025-10-05T13:00:00+00:00", "timestamp": 1759669200}, "league": {"id": 135, "season": 2025, "name": "Serie A", "country": "Italy", "logo": "https://media.api-sports.io/football/leagues/135.png", "flag": "https://media.api-sports.io/flags/it.svg"}}, {"player": {"id": 1863, "name": "C. Immobile", "photo": "https://media.api-sports.io/football/players/1863.png", "type": "Missing Fixture", "reason": "Thigh Injury"}, "team": {"id": 500, "name": "Bologna", "logo": "https://media.api-sports.io/football/teams/500.png"}, "fixture": {"id": 1377915, "timezone": "UTC", "date": "2025-10-05T13:00:00+00:00", "timestamp": 1759669200}, "league": {"id": 135, "season": 2025, "name": "Serie A", "country": "Italy", "logo": "https://media.api-sports.io/football/leagues/135.png", "flag": "https://media.api-sports.io/flags/it.svg"}}, {"player": {"id": 353609, "name": "I. Sulemana", "photo": "https://media.api-sports.io/football/players/353609.png", "type": "Missing Fixture", "reason": "Knee Injury"}, "team": {"id": 500, "name": "Bologna", "logo": "https://media.api-sports.io/football/teams/500.png"}, "fixture": {"id": 1377915, "timezone": "UTC", "date": "2025-10-05T13:00:00+00:00", "timestamp": 1759669200}, "league": {"id": 135, "season": 2025, "name": "Serie A", "country": "Italy", "logo": "https://media.api-sports.io/football/leagues/135.png", "flag": "https://media.api-sports.io/flags/it.svg"}}, {"player": {"id": 30853, "name": "K. Bonifazi", "photo": "https://media.api-sports.io/football/players/30853.png", "type": "Missing Fixture", "reason": "Inactive"}, "team": {"id": 500, "name": "Bologna", "logo": "https://media.api-sports.io/football/teams/500.png"}, "fixture": {"id": 1377925, "timezone": "UTC", "date": "2025-10-19T13:00:00+00:00", "timestamp": 1760878800}, "league": {"id": 135, "season": 2025, "name": "Serie A", "country": "Italy", "logo": "https://media.api-sports.io/football/leagues/135.png", "flag": "https://media.api-sports.io/flags/it.svg"}}, {"player": {"id": 1863, "name": "C. Immobile", "photo": "https://media.api-sports.io/football/players/1863.png", "type": "Missing Fixture", "reason": "Thigh Injury"}, "team": {"id": 500, "name": "Bologna", "logo": "https://media.api-sports.io/football/teams/500.png"}, "fixture": {"id": 1377925, "timezone": "UTC", "date": "2025-10-19T13:00:00+00:00", "timestamp": 1760878800}, "league": {"id": 135, "season": 2025, "name": "Serie A", "country": "Italy", "logo": "https://media.api-sports.io/football/leagues/135.png", "flag": "https://media.api-sports.io/flags/it.svg"}}, {"player": {"id": 30853, "name": "K. Bonifazi", "photo": "https://media.api-sports.io/football/players/30853.png", "type": "Missing Fixture", "reason": "Inactive"}, "team": {"id": 500, "name": "Bologna", "logo": "https://media.api-sports.io/football/teams/500.png"}, "fixture": {"id": 1377935, "timezone": "UTC", "date": "2025-10-26T17:00:00+00:00", "timestamp": 1761498000}, "league": {"id": 135, "season": 2025, "name": "Serie A", "country": "Italy", "logo": "https://media.api-sports.io/football/leagues/135.png", "flag": "https://media.api-sports.io/flags/it.svg"}}, {"player": {"id": 1863, "name": "C. Immobile", "photo": "https://media.api-sports.io/football/players/1863.png", "type": "Missing Fixture", "reason": "Thigh Injury"}, "team": {"id": 500, "name": "Bologna", "logo": "https://media.api-sports.io/football/teams/500.png"}, "fixture": {"id": 1377935, "timezone": "UTC", "date": "2025-10-26T17:00:00+00:00", "timestamp": 1761498000}, "league": {"id": 135, "season": 2025, "name": "Serie A", "country": "Italy", "logo": "https://media.api-sports.io/football/leagues/135.png", "flag": "https://media.api-sports.io/flags/it.svg"}}, {"player": {"id": 30542, "name": "J. Odgaard", "photo": "https://media.api-sports.io/football/players/30542.png", "type": "Missing Fixture", "reason": "Knee Injury"}, "team": {"id": 500, "name": "Bologna", "logo": "https://media.api-sports.io/football/teams/500.png"}, "fixture": {"id": 1377935, "timezone": "UTC", "date": "2025-10-26T17:00:00+00:00", "timestamp": 1761498000}, "league": {"id": 135, "season": 2025, "name": "Serie A", "country": "Italy", "logo": "https://media.api-sports.io/football/leagues/135.png", "flag": "https://media.api-sports.io/flags/it.svg"}}, {"player": {"id": 30853, "name": "K. Bonifazi", "photo": "https://media.api-sports.io/football/players/30853.png", "type": "Missing Fixture", "reason": "Inactive"}, "team": {"id": 500, "name": "Bologna", "logo": "https://media.api-sports.io/football/teams/500.png"}, "fixture": {"id": 1377945, "timezone": "UTC", "date": "2025-10-29T19:45:00+00:00", "timestamp": 1761767100}, "league": {"id": 135, "season": 2025, "name": "Serie A", "country": "Italy", "logo": "https://media.api-sports.io/football/leagues/135.png", "flag": "https://media.api-sports.io/flags/it.svg"}}, {"player": {"id": 47985, "name": "E. Holm", "photo": "https://media.api-sports.io/football/players/47985.png", "type": "Missing Fixture", "reason": "Red Card"}, "team": {"id": 500, "name": "Bologna", "logo": "https://media.api-sports.io/football/teams/500.png"}, "fixture": {"id": 1377945, "timezone": "UTC", "date": "2025-10-29T19:45:00+00:00", "timestamp": 1761767100}, "league": {"id": 135, "season": 2025, "name": "Serie A", "country": "Italy", "logo": "https://media.api-sports.io/football/leagues/135.png", "flag": "https://media.api-sports.io/flags/it.svg"}}, {"player": {"id": 1863, "name": "C. Immobile", "photo": "https://media.api-sports.io/football/players/1863.png", "type": "Missing Fixture", "reason": "Thigh Injury"}, "team": {"id": 500, "name": "Bologna", "logo": "https://media.api-sports.io/football/teams/500.png"}, "fixture": {"id": 1377945, "timezone": "UTC", "date": "2025-10-29T19:45:00+00:00", "timestamp": 1761767100}, "league": {"id": 135, "season": 2025, "name": "Serie A", "country": "Italy", "logo": "https://media.api-sports.io/football/leagues/135.png", "flag": "https://media.api-sports.io/flags/it.svg"}}, {"player": {"id": 30853, "name": "K. Bonifazi", "photo": "https://media.api-sports.io/football/players/30853.png", "type": "Missing Fixture", "reason": "Inactive"}, "team": {"id": 500, "name": "Bologna", "logo": "https://media.api-sports.io/football/teams/500.png"}, "fixture": {"id": 1377959, "timezone": "UTC", "date": "2025-11-02T17:00:00+00:00", "timestamp": 1762102800}, "league": {"id": 135, "season": 2025, "name": "Serie A", "country": "Italy", "logo": "https://media.api-sports.io/football/leagues/135.png", "flag": "https://media.api-sports.io/flags/it.svg"}}, {"player": {"id": 1863, "name": "C. Immobile", "photo": "https://media.api-sports.io/football/players/1863.png", "type": "Missing Fixture", "reason": "Thigh Injury"}, "team": {"id": 500, "name": "Bologna", "logo": "https://media.api-sports.io/football/teams/500.png"}, "fixture": {"id": 1377959, "timezone": "UTC", "date": "2025-11-02T17:00:00+00:00", "timestamp": 1762102800}, "league": {"id": 135, "season": 2025, "name": "Serie A", "country": "Italy", "logo": "https://media.api-sports.io/football/leagues/135.png", "flag": "https://media.api-sports.io/flags/it.svg"}}, {"player": {"id": 30853, "name": "K. Bonifazi", "photo": "https://media.api-sports.io/football/players/30853.png", "type": "Missing Fixture", "reason": "Inactive"}, "team": {"id": 500, "name": "Bologna", "logo": "https://media.api-sports.io/football/teams/500.png"}, "fixture": {"id": 1377965, "timezone": "UTC", "date": "2025-11-09T14:00:00+00:00", "timestamp": 1762696800}, "league": {"id": 135, "season": 2025, "name": "Serie A", "country": "Italy", "logo": "https://media.api-sports.io/football/leagues/135.png", "flag": "https://media.api-sports.io/flags/it.svg"}}, {"player": {"id": 2807, "name": "R. Freuler", "photo": "https://media.api-sports.io/football/players/2807.png", "type": "Missing Fixture", "reason": "Injury"}, "team": {"id": 500, "name": "Bologna", "logo": "https://media.api-sports.io/football/teams/500.png"}, "fixture": {"id": 1377965, "timezone": "UTC", "date": "2025-11-09T14:00:00+00:00", "timestamp": 1762696800}, "league": {"id": 135, "season": 2025, "name": "Serie A", "country": "Italy", "logo": "https://media.api-sports.io/football/leagues/135.png", "flag": "https://media.api-sports.io/flags/it.svg"}}, {"player": {"id": 1863, "name": "C. Immobile", "photo": "https://media.api-sports.io/football/players/1863.png", "type": "Missing Fixture", "reason": "Thigh Injury"}, "team": {"id": 500, "name": "Bologna", "logo": "https://media.api-sports.io/football/teams/500.png"}, "fixture": {"id": 1377965, "timezone": "UTC", "date": "2025-11-09T14:00:00+00:00", "timestamp": 1762696800}, "league": {"id": 135, "season": 2025, "name": "Serie A", "country": "Italy", "logo": "https://media.api-sports.io/football/leagues/135.png", "flag": "https://media.api-sports.io/flags/it.svg"}}, {"player": {"id": 31098, "name": "F. Ravaglia", "photo": "https://media.api-sports.io/football/players/31098.png", "type": "Missing Fixture", "reason": "Ankle Injury"}, "team": {"id": 500, "name": "Bologna", "logo": "https://media.api-sports.io/football/teams/500.png"}, "fixture": {"id": 1377965, "timezone": "UTC", "date": "2025-11-09T14:00:00+00:00", "timestamp": 1762696800}, "league": {"id": 135, "season": 2025, "name": "Serie A", "country": "Italy", "logo": "https://media.api-sports.io/football/leagues/135.png", "flag": "https://media.api-sports.io/flags/it.svg"}}, {"player": {"id": 30853, "name": "K. Bonifazi", "photo": "https://media.api-sports.io/football/players/30853.png", "type": "Missing Fixture", "reason": "Inactive"}, "team": {"id": 500, "name": "Bologna", "logo": "https://media.api-sports.io/football/teams/500.png"}, "fixture": {"id": 1377982, "timezone": "UTC", "date": "2025-11-22T14:00:00+00:00", "timestamp": 1763820000}, "league": {"id": 135, "season": 2025, "name": "Serie A", "country": "Italy", "logo": "https://media.api-sports.io/football/leagues/135.png", "flag": "https://media.api-sports.io/flags/it.svg"}}, {"player": {"id": 30438, "name": "N. Cambiaghi", "photo": "https://media.api-sports.io/football/players/30438.png", "type": "Missing Fixture", "reason": "Calf Injury"}, "team": {"id": 500, "name": "Bologna", "logo": "https://media.api-sports.io/football/teams/500.png"}, "fixture": {"id": 1377982, "timezone": "UTC", "date": "2025-11-22T14:00:00+00:00", "timestamp": 1763820000}, "league": {"id": 135, "season": 2025, "name": "Serie A", "country": "Italy", "logo": "https://media.api-sports.io/football/leagues/135.png", "flag": "https://media.api-sports.io/flags/it.svg"}}, {"player": {"id": 2807, "name": "R. Freuler", "photo": "https://media.api-sports.io/football/players/2807.png", "type": "Missing Fixture", "reason": "Shoulder Injury"}, "team": {"id": 500, "name": "Bologna", "logo": "https://media.api-sports.io/football/teams/500.png"}, "fixture": {"id": 1377982, "timezone": "UTC", "date": "2025-11-22T14:00:00+00:00", "timestamp": 1763820000}, "league": {"id": 135, "season": 2025, "name": "Serie A", "country": "Italy", "logo": "https://media.api-sports.io/football/leagues/135.png", "flag": "https://media.api-sports.io/flags/it.svg"}}, {"player": {"id": 47985, "name": "E. Holm", "photo": "https://media.api-sports.io/football/players/47985.png", "type": "Missing Fixture", "reason": "Thigh Injury"}, "team": {"id": 500, "name": "Bologna", "logo": "https://media.api-sports.io/football/teams/500.png"}, "fixture": {"id": 1377982, "timezone": "UTC", "date": "2025-11-22T14:00:00+00:00", "timestamp": 1763820000}, "league": {"id": 135, "season": 2025, "name": "Serie A", "country": "Italy", "logo": "https://media.api-sports.io/football/leagues/135.png", "flag": "https://media.api-sports.io/flags/it.svg"}}, {"player": {"id": 1863, "name": "C. Immobile", "photo": "https://media.api-sports.io/football/players/1863.png", "type": "Missing Fixture", "reason": "Thigh Injury"}, "team": {"id": 500, "name": "Bologna", "logo": "https://media.api-sports.io/football/teams/500.png"}, "fixture": {"id": 1377982, "timezone": "UTC", "date": "2025-11-22T14:00:00+00:00", "timestamp": 1763820000}, "league": {"id": 135, "season": 2025, "name": "Serie A", "country": "Italy", "logo": "https://media.api-sports.io/football/leagues/135.png", "flag": "https://media.api-sports.io/flags/it.svg"}}, {"player": {"id": 278095, "name": "J. Rowe", "photo": "https://media.api-sports.io/football/players/278095.png", "type": "Missing Fixture", "reason": "Thigh Injury"}, "team": {"id": 500, "name": "Bologna", "logo": "https://media.api-sports.io/football/teams/500.png"}, "fixture": {"id": 1377982, "timezone": "UTC", "date": "2025-11-22T14:00:00+00:00", "timestamp": 1763820000}, "league": {"id": 135, "season": 2025, "name": "Serie A", "country": "Italy", "logo": "https://media.api-sports.io/football/leagues/135.png", "flag": "https://media.api-sports.io/flags/it.svg"}}, {"player": {"id": 2998, "name": "L. Skorupski", "photo": "https://media.api-sports.io/football/players/2998.png", "type": "Missing Fixture", "reason": "Thigh Injury"}, "team": {"id": 500, "name": "Bologna", "logo": "https://media.api-sports.io/football/teams/500.png"}, "fixture": {"id": 1377982, "timezone": "UTC", "date": "2025-11-22T14:00:00+00:00", "timestamp": 1763820000}, "league": {"id": 135, "season": 2025, "name": "Serie A", "country": "Italy", "logo": "https://media.api-sports.io/football/leagues/135.png", "flag": "https://media.api-sports.io/flags/it.svg"}}, {"player": {"id": 30853, "name": "K. Bonifazi", "photo": "https://media.api-sports.io/football/players/30853.png", "type": "Missing Fixture", "reason": "Inactive"}, "team": {"id": 500, "name": "Bologna", "logo": "https://media.api-sports.io/football/teams/500.png"}, "fixture": {"id": 1377985, "timezone": "UTC", "date": "2025-12-01T19:45:00+00:00", "timestamp": 1764618300}, "league": {"id": 135, "season": 2025, "name": "Serie A", "country": "Italy", "logo": "https://media.api-sports.io/football/leagues/135.png", "flag": "https://media.api-sports.io/flags/it.svg"}}, {"player": {"id": 2807, "name": "R. Freuler", "photo": "https://media.api-sports.io/football/players/2807.png", "type": "Missing Fixture", "reason": "Shoulder Injury"}, "team": {"id": 500, "name": "Bologna", "logo": "https://media.api-sports.io/football/teams/500.png"}, "fixture": {"id": 1377985, "timezone": "UTC", "date": "2025-12-01T19:45:00+00:00", "timestamp": 1764618300}, "league": {"id": 135, "season": 2025, "name": "Serie A", "country": "Italy", "logo": "https://media.api-sports.io/football/leagues/135.png", "flag": "https://media.api-sports.io/flags/it.svg"}}, {"player": {"id": 1863, "name": "C. Immobile", "photo": "https://media.api-sports.io/football/players/1863.png", "type": "Missing Fixture", "reason": "Thigh Injury"}, "team": {"id": 500, "name": "Bologna", "logo": "https://media.api-sports.io/football/teams/500.png"}, "fixture": {"id": 1377985, "timezone": "UTC", "date": "2025-12-01T19:45:00+00:00", "timestamp": 1764618300}, "league": {"id": 135, "season": 2025, "name": "Serie A", "country": "Italy", "logo": "https://media.api-sports.io/football/leagues/135.png", "flag": "https://media.api-sports.io/flags/it.svg"}}, {"player": {"id": 2998, "name": "L. Skorupski", "photo": "https://media.api-sports.io/football/players/2998.png", "type": "Missing Fixture", "reason": "Thigh Injury"}, "team": {"id": 500, "name": "Bologna", "logo": "https://media.api-sports.io/football/teams/500.png"}, "fixture": {"id": 1377985, "timezone": "UTC", "date": "2025-12-01T19:45:00+00:00", "timestamp": 1764618300}, "league": {"id": 135, "season": 2025, "name": "Serie A", "country": "Italy", "logo": "https://media.api-sports.io/football/leagues/135.png", "flag": "https://media.api-sports.io/flags/it.svg"}}, {"player": {"id": 287564, "name": "M. Vitik", "photo": "https://media.api-sports.io/football/players/287564.png", "type": "Missing Fixture", "reason": "Muscle Injury"}, "team": {"id": 500, "name": "Bologna", "logo": "https://media.api-sports.io/football/teams/500.png"}, "fixture": {"id": 1377985, "timezone": "UTC", "date": "2025-12-01T19:45:00+00:00", "timestamp": 1764618300}, "league": {"id": 135, "season": 2025, "name": "Serie A", "country": "Italy", "logo": "https://media.api-sports.io/football/leagues/135.png", "flag": "https://media.api-sports.io/flags/it.svg"}}, {"player": {"id": 30853, "name": "K. Bonifazi", "photo": "https://media.api-sports.io/football/players/30853.png", "type": "Missing Fixture", "reason": "Inactive"}, "team": {"id": 500, "name": "Bologna", "logo": "https://media.api-sports.io/football/teams/500.png"}, "fixture": {"id": 1377997, "timezone": "UTC", "date": "2025-12-07T17:00:00+00:00", "timestamp": 1765126800}, "league": {"id": 135, "season": 2025, "name": "Serie A", "country": "Italy", "logo": "https://media.api-sports.io/football/leagues/135.png", "flag": "https://media.api-sports.io/flags/it.svg"}}, {"player": {"id": 2807, "name": "R. Freuler", "photo": "https://media.api-sports.io/football/players/2807.png", "type": "Missing Fixture", "reason": "Shoulder Injury"}, "team": {"id": 500, "name": "Bologna", "logo": "https://media.api-sports.io/football/teams/500.png"}, "fixture": {"id": 1377997, "timezone": "UTC", "date": "2025-12-07T17:00:00+00:00", "timestamp": 1765126800}, "league": {"id": 135, "season": 2025, "name": "Serie A", "country": "Italy", "logo": "https://media.api-sports.io/football/leagues/135.png", "flag": "https://media.api-sports.io/flags/it.svg"}}, {"player": {"id": 2998, "name": "L. Skorupski", "photo": "https://media.api-sports.io/football/players/2998.png", "type": "Missing Fixture", "reason": "Thigh Injury"}, "team": {"id": 500, "name": "Bologna", "logo": "https://media.api-sports.io/football/teams/500.png"}, "fixture": {"id": 1377997, "timezone": "UTC", "date": "2025-12-07T17:00:00+00:00", "timestamp": 1765126800}, "league": {"id": 135, "season": 2025, "name": "Serie A", "country": "Italy", "logo": "https://media.api-sports.io/football/leagues/135.png", "flag": "https://media.api-sports.io/flags/it.svg"}}, {"player": {"id": 287564, "name": "M. Vitik", "photo": "https://media.api-sports.io/football/players/287564.png", "type": "Missing Fixture", "reason": "Muscle Injury"}, "team": {"id": 500, "name": "Bologna", "logo": "https://media.api-sports.io/football/teams/500.png"}, "fixture": {"id": 1377997, "timezone": "UTC", "date": "2025-12-07T17:00:00+00:00", "timestamp": 1765126800}, "league": {"id": 135, "season": 2025, "name": "Serie A", "country": "Italy", "logo": "https://media.api-sports.io/football/leagues/135.png", "flag": "https://media.api-sports.io/flags/it.svg"}}, {"player": {"id": 30853, "name": "K. Bonifazi", "photo": "https://media.api-sports.io/football/players/30853.png", "type": "Missing Fixture", "reason": "Inactive"}, "team": {"id": 500, "name": "Bologna", "logo": "https://media.api-sports.io/football/teams/500.png"}, "fixture": {"id": 1378005, "timezone": "UTC", "date": "2025-12-14T19:45:00+00:00", "timestamp": 1765741500}, "league": {"id": 135, "season": 2025, "name": "Serie A", "country": "Italy", "logo": "https://media.api-sports.io/football/leagues/135.png", "flag": "https://media.api-sports.io/flags/it.svg"}}, {"player": {"id": 31099, "name": "N. Casale", "photo": "https://media.api-sports.io/football/players/31099.png", "type": "Missing Fixture", "reason": "Thigh Injury"}, "team": {"id": 500, "name": "Bologna", "logo": "https://media.api-sports.io/football/teams/500.png"}, "fixture": {"id": 1378005, "timezone": "UTC", "date": "2025-12-14T19:45:00+00:00", "timestamp": 1765741500}, "league": {"id": 135, "season": 2025, "name": "Serie A", "country": "Italy", "logo": "https://media.api-sports.io/football/leagues/135.png", "flag": "https://media.api-sports.io/flags/it.svg"}}, {"player": {"id": 2807, "name": "R. Freuler", "photo": "https://media.api-sports.io/football/players/2807.png", "type": "Missing Fixture", "reason": "Shoulder Injury"}, "team": {"id": 500, "name": "Bologna", "logo": "https://media.api-sports.io/football/teams/500.png"}, "fixture": {"id": 1378005, "timezone": "UTC", "date": "2025-12-14T19:45:00+00:00", "timestamp": 1765741500}, "league": {"id": 135, "season": 2025, "name": "Serie A", "country": "Italy", "logo": "https://media.api-sports.io/football/leagues/135.png", "flag": "https://media.api-sports.io/flags/it.svg"}}, {"player": {"id": 2998, "name": "L. Skorupski", "photo": "https://media.api-sports.io/football/players/2998.png", "type": "Missing Fixture", "reason": "Thigh Injury"}, "team": {"id": 500, "name": "Bologna", "logo": "https://media.api-sports.io/football/teams/500.png"}, "fixture": {"id": 1378005, "timezone": "UTC", "date": "2025-12-14T19:45:00+00:00", "timestamp": 1765741500}, "league": {"id": 135, "season": 2025, "name": "Serie A", "country": "Italy", "logo": "https://media.api-sports.io/football/leagues/135.png", "flag": "https://media.api-sports.io/flags/it.svg"}}, {"player": {"id": 287564, "name": "M. Vitik", "photo": "https://media.api-sports.io/football/players/287564.png", "type": "Missing Fixture", "reason": "Muscle Injury"}, "team": {"id": 500, "name": "Bologna", "logo": "https://media.api-sports.io/football/teams/500.png"}, "fixture": {"id": 1378005, "timezone": "UTC", "date": "2025-12-14T19:45:00+00:00", "timestamp": 1765741500}, "league": {"id": 135, "season": 2025, "name": "Serie A", "country": "Italy", "logo": "https://media.api-sports.io/football/leagues/135.png", "flag": "https://media.api-sports.io/flags/it.svg"}}, {"player": {"id": 873, "name": "F. Bernardeschi", "photo": "https://media.api-sports.io/football/players/873.png", "type": "Missing Fixture", "reason": "Injury"}, "team": {"id": 500, "name": "Bologna", "logo": "https://media.api-sports.io/football/teams/500.png"}, "fixture": {"id": 1378025, "timezone": "UTC", "date": "2025-12-28T17:00:00+00:00", "timestamp": 1766941200}, "league": {"id": 135, "season": 2025, "name": "Serie A", "country": "Italy", "logo": "https://media.api-sports.io/football/leagues/135.png", "flag": "https://media.api-sports.io/flags/it.svg"}}, {"player": {"id": 30853, "name": "K. Bonifazi", "photo": "https://media.api-sports.io/football/players/30853.png", "type": "Missing Fixture", "reason": "Inactive"}, "team": {"id": 500, "name": "Bologna", "logo": "https://media.api-sports.io/football/teams/500.png"}, "fixture": {"id": 1378025, "timezone": "UTC", "date": "2025-12-28T17:00:00+00:00", "timestamp": 1766941200}, "league": {"id": 135, "season": 2025, "name": "Serie A", "country": "Italy", "logo": "https://media.api-sports.io/football/leagues/135.png", "flag": "https://media.api-sports.io/flags/it.svg"}}, {"player": {"id": 30438, "name": "N. Cambiaghi", "photo": "https://media.api-sports.io/football/players/30438.png", "type": "Missing Fixture", "reason": "Illness"}, "team": {"id": 500, "name": "Bologna", "logo": "https://media.api-sports.io/football/teams/500.png"}, "fixture": {"id": 1378025, "timezone": "UTC", "date": "2025-12-28T17:00:00+00:00", "timestamp": 1766941200}, "league": {"id": 135, "season": 2025, "name": "Serie A", "country": "Italy", "logo": "https://media.api-sports.io/football/leagues/135.png", "flag": "https://media.api-sports.io/flags/it.svg"}}, {"player": {"id": 39254, "name": "T. Heggem", "photo": "https://media.api-sports.io/football/players/39254.png", "type": "Missing Fixture", "reason": "Red Card"}, "team": {"id": 500, "name": "Bologna", "logo": "https://media.api-sports.io/football/teams/500.png"}, "fixture": {"id": 1378025, "timezone": "UTC", "date": "2025-12-28T17:00:00+00:00", "timestamp": 1766941200}, "league": {"id": 135, "season": 2025, "name": "Serie A", "country": "Italy", "logo": "https://media.api-sports.io/football/leagues/135.png", "flag": "https://media.api-sports.io/flags/it.svg"}}, {"player": {"id": 2998, "name": "L. Skorupski", "photo": "https://media.api-sports.io/football/players/2998.png", "type": "Missing Fixture", "reason": "Thigh Injury"}, "team": {"id": 500, "name": "Bologna", "logo": "https://media.api-sports.io/football/teams/500.png"}, "fixture": {"id": 1378025, "timezone": "UTC", "date": "2025-12-28T17:00:00+00:00", "timestamp": 1766941200}, "league": {"id": 135, "season": 2025, "name": "Serie A", "country": "Italy", "logo": "https://media.api-sports.io/football/leagues/135.png", "flag": "https://media.api-sports.io/flags/it.svg"}}, {"player": {"id": 873, "name": "F. Bernardeschi", "photo": "https://media.api-sports.io/football/players/873.png", "type": "Missing Fixture", "reason": "Injury"}, "team": {"id": 500, "name": "Bologna", "logo": "https://media.api-sports.io/football/teams/500.png"}, "fixture": {"id": 1378039, "timezone": "UTC", "date": "2026-01-04T19:45:00+00:00", "timestamp": 1767555900}, "league": {"id": 135, "season": 2025, "name": "Serie A", "country": "Italy", "logo": "https://media.api-sports.io/football/leagues/135.png", "flag": "https://media.api-sports.io/flags/it.svg"}}, {"player": {"id": 30853, "name": "K. Bonifazi", "photo": "https://media.api-sports.io/football/players/30853.png", "type": "Missing Fixture", "reason": "Inactive"}, "team": {"id": 500, "name": "Bologna", "logo": "https://media.api-sports.io/football/teams/500.png"}, "fixture": {"id": 1378039, "timezone": "UTC", "date": "2026-01-04T19:45:00+00:00", "timestamp": 1767555900}, "league": {"id": 135, "season": 2025, "name": "Serie A", "country": "Italy", "logo": "https://media.api-sports.io/football/leagues/135.png", "flag": "https://media.api-sports.io/flags/it.svg"}}, {"player": {"id": 2998, "name": "L. Skorupski", "photo": "https://media.api-sports.io/football/players/2998.png", "type": "Missing Fixture", "reason": "Thigh Injury"}, "team": {"id": 500, "name": "Bologna", "logo": "https://media.api-sports.io/football/teams/500.png"}, "fixture": {"id": 1378039, "timezone": "UTC", "date": "2026-01-04T19:45:00+00:00", "timestamp": 1767555900}, "league": {"id": 135, "season": 2025, "name": "Serie A", "country": "Italy", "logo": "https://media.api-sports.io/football/leagues/135.png", "flag": "https://media.api-sports.io/flags/it.svg"}}, {"player": {"id": 873, "name": "F. Bernardeschi", "photo": "https://media.api-sports.io/football/players/873.png", "type": "Missing Fixture", "reason": "Collarbone injury"}, "team": {"id": 500, "name": "Bologna", "logo": "https://media.api-sports.io/football/teams/500.png"}, "fixture": {"id": 1378064, "timezone": "UTC", "date": "2026-01-18T14:00:00+00:00", "timestamp": 1768744800}, "league": {"id": 135, "season": 2025, "name": "Serie A", "country": "Italy", "logo": "https://media.api-sports.io/football/leagues/135.png", "flag": "https://media.api-sports.io/flags/it.svg"}}, {"player": {"id": 30853, "name": "K. Bonifazi", "photo": "https://media.api-sports.io/football/players/30853.png", "type": "Missing Fixture", "reason": "Inactive"}, "team": {"id": 500, "name": "Bologna", "logo": "https://media.api-sports.io/football/teams/500.png"}, "fixture": {"id": 1378064, "timezone": "UTC", "date": "2026-01-18T14:00:00+00:00", "timestamp": 1768744800}, "league": {"id": 135, "season": 2025, "name": "Serie A", "country": "Italy", "logo": "https://media.api-sports.io/football/leagues/135.png", "flag": "https://media.api-sports.io/flags/it.svg"}}, {"player": {"id": 1929, "name": "J. Lucumi", "photo": "https://media.api-sports.io/football/players/1929.png", "type": "Missing Fixture", "reason": "Injury"}, "team": {"id": 500, "name": "Bologna", "logo": "https://media.api-sports.io/football/teams/500.png"}, "fixture": {"id": 1378064, "timezone": "UTC", "date": "2026-01-18T14:00:00+00:00", "timestamp": 1768744800}, "league": {"id": 135, "season": 2025, "name": "Serie A", "country": "Italy", "logo": "https://media.api-sports.io/football/leagues/135.png", "flag": "https://media.api-sports.io/flags/it.svg"}}, {"player": {"id": 30853, "name": "K. Bonifazi", "photo": "https://media.api-sports.io/football/players/30853.png", "type": "Missing Fixture", "reason": "Inactive"}, "team": {"id": 500, "name": "Bologna", "logo": "https://media.api-sports.io/football/teams/500.png"}, "fixture": {"id": 1378077, "timezone": "UTC", "date": "2026-01-25T14:00:00+00:00", "timestamp": 1769349600}, "league": {"id": 135, "season": 2025, "name": "Serie A", "country": "Italy", "logo": "https://media.api-sports.io/football/leagues/135.png", "flag": "https://media.api-sports.io/flags/it.svg"}}, {"player": {"id": 1929, "name": "J. Lucumi", "photo": "https://media.api-sports.io/football/players/1929.png", "type": "Missing Fixture", "reason": "Injury"}, "team": {"id": 500, "name": "Bologna", "logo": "https://media.api-sports.io/football/teams/500.png"}, "fixture": {"id": 1378077, "timezone": "UTC", "date": "2026-01-25T14:00:00+00:00", "timestamp": 1769349600}, "league": {"id": 135, "season": 2025, "name": "Serie A", "country": "Italy", "logo": "https://media.api-sports.io/football/leagues/135.png", "flag": "https://media.api-sports.io/flags/it.svg"}}, {"player": {"id": 134, "name": "J. Miranda", "photo": "https://media.api-sports.io/football/players/134.png", "type": "Missing Fixture", "reason": "Yellow Cards"}, "team": {"id": 500, "name": "Bologna", "logo": "https://media.api-sports.io/football/teams/500.png"}, "fixture": {"id": 1378077, "timezone": "UTC", "date": "2026-01-25T14:00:00+00:00", "timestamp": 1769349600}, "league": {"id": 135, "season": 2025, "name": "Serie A", "country": "Italy", "logo": "https://media.api-sports.io/football/leagues/135.png", "flag": "https://media.api-sports.io/flags/it.svg"}}, {"player": {"id": 30853, "name": "K. Bonifazi", "photo": "https://media.api-sports.io/football/players/30853.png", "type": "Missing Fixture", "reason": "Inactive"}, "team": {"id": 500, "name": "Bologna", "logo": "https://media.api-sports.io/football/teams/500.png"}, "fixture": {"id": 1378084, "timezone": "UTC", "date": "2026-02-03T19:45:00+00:00", "timestamp": 1770147900}, "league": {"id": 135, "season": 2025, "name": "Serie A", "country": "Italy", "logo": "https://media.api-sports.io/football/leagues/135.png", "flag": "https://media.api-sports.io/flags/it.svg"}}, {"player": {"id": 1929, "name": "J. Lucumi", "photo": "https://media.api-sports.io/football/players/1929.png", "type": "Missing Fixture", "reason": "Injury"}, "team": {"id": 500, "name": "Bologna", "logo": "https://media.api-sports.io/football/teams/500.png"}, "fixture": {"id": 1378084, "timezone": "UTC", "date": "2026-02-03T19:45:00+00:00", "timestamp": 1770147900}, "league": {"id": 135, "season": 2025, "name": "Serie A", "country": "Italy", "logo": "https://media.api-sports.io/football/leagues/135.png", "flag": "https://media.api-sports.io/flags/it.svg"}}, {"player": {"id": 2998, "name": "L. Skorupski", "photo": "https://media.api-sports.io/football/players/2998.png", "type": "Missing Fixture", "reason": "Red Card"}, "team": {"id": 500, "name": "Bologna", "logo": "https://media.api-sports.io/football/teams/500.png"}, "fixture": {"id": 1378084, "timezone": "UTC", "date": "2026-02-03T19:45:00+00:00", "timestamp": 1770147900}, "league": {"id": 135, "season": 2025, "name": "Serie A", "country": "Italy", "logo": "https://media.api-sports.io/football/leagues/135.png", "flag": "https://media.api-sports.io/flags/it.svg"}}, {"player": {"id": 30853, "name": "K. Bonifazi", "photo": "https://media.api-sports.io/football/players/30853.png", "type": "Missing Fixture", "reason": "Inactive"}, "team": {"id": 500, "name": "Bologna", "logo": "https://media.api-sports.io/football/teams/500.png"}, "fixture": {"id": 1378095, "timezone": "UTC", "date": "2026-02-08T11:30:00+00:00", "timestamp": 1770550200}, "league": {"id": 135, "season": 2025, "name": "Serie A", "country": "Italy", "logo": "https://media.api-sports.io/football/leagues/135.png", "flag": "https://media.api-sports.io/flags/it.svg"}}, {"player": {"id": 30498, "name": "L. De Silvestri", "photo": "https://media.api-sports.io/football/players/30498.png", "type": "Missing Fixture", "reason": "Abdominal strain"}, "team": {"id": 500, "name": "Bologna", "logo": "https://media.api-sports.io/football/teams/500.png"}, "fixture": {"id": 1378095, "timezone": "UTC", "date": "2026-02-08T11:30:00+00:00", "timestamp": 1770550200}, "league": {"id": 135, "season": 2025, "name": "Serie A", "country": "Italy", "logo": "https://media.api-sports.io/football/leagues/135.png", "flag": "https://media.api-sports.io/flags/it.svg"}}, {"player": {"id": 30853, "name": "K. Bonifazi", "photo": "https://media.api-sports.io/football/players/30853.png", "type": "Missing Fixture", "reason": "Inactive"}, "team": {"id": 500, "name": "Bologna", "logo": "https://media.api-sports.io/football/teams/500.png"}, "fixture": {"id": 1378112, "timezone": "UTC", "date": "2026-02-15T17:00:00+00:00", "timestamp": 1771174800}, "league": {"id": 135, "season": 2025, "name": "Serie A", "country": "Italy", "logo": "https://media.api-sports.io/football/leagues/135.png", "flag": "https://media.api-sports.io/flags/it.svg"}}, {"player": {"id": 30498, "name": "L. De Silvestri", "photo": "https://media.api-sports.io/football/players/30498.png", "type": "Missing Fixture", "reason": "Abdominal strain"}, "team": {"id": 500, "name": "Bologna", "logo": "https://media.api-sports.io/football/teams/500.png"}, "fixture": {"id": 1378112, "timezone": "UTC", "date": "2026-02-15T17:00:00+00:00", "timestamp": 1771174800}, "league": {"id": 135, "season": 2025, "name": "Serie A", "country": "Italy", "logo": "https://media.api-sports.io/football/leagues/135.png", "flag": "https://media.api-sports.io/flags/it.svg"}}, {"player": {"id": 39254, "name": "T. Heggem", "photo": "https://media.api-sports.io/football/players/39254.png", "type": "Missing Fixture", "reason": "Muscle Injury"}, "team": {"id": 500, "name": "Bologna", "logo": "https://media.api-sports.io/football/teams/500.png"}, "fixture": {"id": 1378112, "timezone": "UTC", "date": "2026-02-15T17:00:00+00:00", "timestamp": 1771174800}, "league": {"id": 135, "season": 2025, "name": "Serie A", "country": "Italy", "logo": "https://media.api-sports.io/football/leagues/135.png", "flag": "https://media.api-sports.io/flags/it.svg"}}, {"player": {"id": 30553, "name": "C. Lykogiannis", "photo": "https://media.api-sports.io/football/players/30553.png", "type": "Missing Fixture", "reason": "Hamstring Injury"}, "team": {"id": 500, "name": "Bologna", "logo": "https://media.api-sports.io/football/teams/500.png"}, "fixture": {"id": 1378112, "timezone": "UTC", "date": "2026-02-15T17:00:00+00:00", "timestamp": 1771174800}, "league": {"id": 135, "season": 2025, "name": "Serie A", "country": "Italy", "logo": "https://media.api-sports.io/football/leagues/135.png", "flag": "https://media.api-sports.io/flags/it.svg"}}, {"player": {"id": 31273, "name": "T. Pobega", "photo": "https://media.api-sports.io/football/players/31273.png", "type": "Missing Fixture", "reason": "Red Card"}, "team": {"id": 500, "name": "Bologna", "logo": "https://media.api-sports.io/football/teams/500.png"}, "fixture": {"id": 1378112, "timezone": "UTC", "date": "2026-02-15T17:00:00+00:00", "timestamp": 1771174800}, "league": {"id": 135, "season": 2025, "name": "Serie A", "country": "Italy", "logo": "https://media.api-sports.io/football/leagues/135.png", "flag": "https://media.api-sports.io/flags/it.svg"}}]}