{"get": "fixtures", "parameters": {"league": "140", "season": "2025", "team": "533", "status": "FT", "last": "10"}, "errors": [], "results": 10, "paging": {"current": 1, "total": 1}, "response": [{"fixture": {"id": 1391048, "referee": "Adrian Cordero Vega, Spain", "timezone": "UTC", "date": "2026-02-09T20:00:00+00:00", "timestamp": 1770667200, "periods": {"first": 1770667200, "second": 1770670800}, "venue": {"id": 1498, "name": "Estadio de la Ceramica", "city": "Villarreal"}, "status": {"long": "Match Finished", "short": "FT", "elapsed": 90, "extra": 3}}, "league": {"id": 140, "name": "La Liga", "country": "Spain", "logo": "https://media.api-sports.io/football/leagues/140.png", "flag": "https://media.api-sports.io/flags/es.svg", "season": 2025, "round": "Regular Season - 23", "standings": true}, "teams": {"home": {"id": 533, "name": "Villarreal", "logo": "https://media.api-sports.io/football/teams/533.png", "winner": true}, "away": {"id": 540, "name": "Espanyol", "logo": "https://media.api-sports.io/football/teams/540.png", "winner": false}}, "goals": {"home": 4, "away": 1}, "score": {"halftime": {"home": 2, "away": 0}, "fulltime": {"home": 4, "away": 1}, "extratime": {"home": null, "away": null}, "penalty": {"home": null, "away": null}}}, {"fixture": {"id": 1391036, "referee": "Ricardo De Burgos Bengoetxea, Spain", "timezone": "UTC", "date": "2026-01-31T15:15:00+00:00", "timestamp": 1769872500, "periods": {"first": 1769872500, "second": 1769876100}, "venue": {"id": null, "name": "Estadio El Sadar", "city": "Pamplona"}, "status": {"long": "Match Finished", "short": "FT", "elapsed": 90, "extra": 6}}, "league": {"id": 140, "name": "La Liga", "country": "Spain", "logo": "https://media.api-sports.io/football/leagues/140.png", "flag": "https://media.api-sports.io/flags/es.svg", "season": 2025, "round": "Regular Season - 22", "standings": true}, "teams": {"home": {"id": 727, "name": "Osasuna", "logo": "https://media.api-sports.io/football/teams/727.png", "winner": null}, "away": {"id": 533, "name": "Villarreal", "logo": "https://media.api-sports.io/football/teams/533.png", "winner": null}}, "goals": {"home": 2, "away": 2}, "score": {"halftime": {"home": 2, "away": 1}, "fulltime": {"home": 2, "away": 2}, "extratime": {"home": null, "away": null}, "penalty": {"home": null, "away": null}}}, {"fixture": {"id": 1391028, "referee": "C\u00e9sar Soto Grado, Spain", "timezone": "UTC", "date": "2026-01-24T20:00:00+00:00", "timestamp": 1769284800, "periods": {"first": 1769284800, "second": 1769288400}, "venue": {"id": 1498, "name": "Estadio de la Ceramica", "city": "Villarreal"}, "status": {"long": "Match Finished", "short": "FT", "elapsed": 90, "extra": 5}}, "league": {"id": 140, "name": "La Liga", "country": "Spain", "logo": "https://media.api-sports.io/football/leagues/140.png", "flag": "https://media.api-sports.io/flags/es.svg", "season": 2025, "round": "Regular Season - 21", "standings": true}, "teams": {"home": {"id": 533, "name": "Villarreal", "logo": "https://media.api-sports.io/football/teams/533.png", "winner": false}, "away": {"id": 541, "name": "Real Madrid", "logo": "https://media.api-sports.io/football/teams/541.png", "winner": true}}, "goals": {"home": 0, "away": 2}, "score": {"halftime": {"home": 0, "away": 0}, "fulltime": {"home": 0, "away": 2}, "extratime": {"home": null, "away": null}, "penalty": {"home": null, "away": null}}}, {"fixture": {"id": 1391010, "referee": "Victor Garcia Verdura, Spain", "timezone": "UTC", "date": "2026-01-17T20:00:00+00:00", "timestamp": 1768680000, "periods": {"first": 1768680000, "second": 1768683600}, "venue": {"id": null, "name": "Benito Villamarin", "city": "Seville"}, "status": {"long": "Match Finished", "short": "FT", "elapsed": 90, "extra": 6}}, "league": {"id": 140, "name": "La Liga", "country": "Spain", "logo": "https://media.api-sports.io/football/leagues/140.png", "flag": "https://media.api-sports.io/flags/es.svg", "season": 2025, "round": "Regular Season - 20", "standings": true}, "teams": {"home": {"id": 543, "name": "Real Betis", "logo": "https://media.api-sports.io/football/teams/543.png", "winner": true}, "away": {"id": 533, "name": "Villarreal", "logo": "https://media.api-sports.io/football/teams/533.png", "winner": false}}, "goals": {"home": 2, "away": 0}, "score": {"halftime": {"home": 0, "away": 0}, "fulltime": {"home": 2, "away": 0}, "extratime": {"home": null, "away": null}, "penalty": {"home": null, "away": null}}}, {"fixture": {"id": 1391008, "referee": "Alejandro Mu\u00f1iz Ruiz, Spain", "timezone": "UTC", "date": "2026-01-10T15:15:00+00:00", "timestamp": 1768058100, "periods": {"first": 1768058100, "second": 1768061700}, "venue": {"id": 1498, "name": "Estadio de la Ceramica", "city": "Villarreal"}, "status": {"long": "Match Finished", "short": "FT", "elapsed": 90, "extra": 7}}, "league": {"id": 140, "name": "La Liga", "country": "Spain", "logo": "https://media.api-sports.io/football/leagues/140.png", "flag": "https://media.api-sports.io/flags/es.svg", "season": 2025, "round": "Regular Season - 19", "standings": true}, "teams": {"home": {"id": 533, "name": "Villarreal", "logo": "https://media.api-sports.io/football/teams/533.png", "winner": true}, "away": {"id": 542, "name": "Alaves", "logo": "https://media.api-sports.io/football/teams/542.png", "winner": false}}, "goals": {"home": 3, "away": 1}, "score": {"halftime": {"home": 0, "away": 0}, "fulltime": {"home": 3, "away": 1}, "extratime": {"home": null, "away": null}, "penalty": {"home": null, "away": null}}}, {"fixture": {"id": 1390991, "referee": "Isidro Diaz de Mera Escuderos, Spain", "timezone": "UTC", "date": "2026-01-03T17:30:00+00:00", "timestamp": 1767461400, "periods": {"first": 1767461400, "second": 1767465000}, "venue": {"id": 1473, "name": "Estadio Manuel Mart\u00ednez Valero", "city": "Elche"}, "status": {"long": "Match Finished", "short": "FT", "elapsed": 90, "extra": 6}}, "league": {"id": 140, "name": "La Liga", "country": "Spain", "logo": "https://media.api-sports.io/football/leagues/140.png", "flag": "https://media.api-sports.io/flags/es.svg", "season": 2025, "round": "Regular Season - 18", "standings": true}, "teams": {"home": {"id": 797, "name": "Elche", "logo": "https://media.api-sports.io/football/teams/797.png", "winner": false}, "away": {"id": 533, "name": "Villarreal", "logo": "https://media.api-sports.io/football/teams/533.png", "winner": true}}, "goals": {"home": 1, "away": 3}, "score": {"halftime": {"home": 1, "away": 2}, "fulltime": {"home": 1, "away": 3}, "extratime": {"home": null, "away": null}, "penalty": {"home": null, "away": null}}}, {"fixture": {"id": 1390988, "referee": "Javier Alberola Rojas, Spain", "timezone": "UTC", "date": "2025-12-21T15:15:00+00:00", "timestamp": 1766330100, "periods": {"first": 1766330100, "second": 1766333700}, "venue": {"id": 1498, "name": "Estadio de la Ceramica", "city": "Villarreal"}, "status": {"long": "Match Finished", "short": "FT", "elapsed": 90, "extra": 5}}, "league": {"id": 140, "name": "La Liga", "country": "Spain", "logo": "https://media.api-sports.io/football/leagues/140.png", "flag": "https://media.api-sports.io/flags/es.svg", "season": 2025, "round": "Regular Season - 17", "standings": true}, "teams": {"home": {"id": 533, "name": "Villarreal", "logo": "https://media.api-sports.io/football/teams/533.png", "winner": false}, "away": {"id": 529, "name": "Barcelona", "logo": "https://media.api-sports.io/football/teams/529.png", "winner": true}}, "goals": {"home": 0, "away": 2}, "score": {"halftime": {"home": 0, "away": 1}, "fulltime": {"home": 0, "away": 2}, "extratime": {"home": null, "away": null}, "penalty": {"home": null, "away": null}}}, {"fixture": {"id": 1390968, "referee": "Mateo Busquets Ferrer, Spain", "timezone": "UTC", "date": "2025-12-06T13:00:00+00:00", "timestamp": 1765026000, "periods": {"first": 1765026000, "second": 1765029600}, "venue": {"id": 1498, "name": "Estadio de la Ceramica", "city": "Villarreal"}, "status": {"long": "Match Finished", "short": "FT", "elapsed": 90, "extra": 4}}, "league": {"id": 140, "name": "La Liga", "country": "Spain", "logo": "https://media.api-sports.io/football/leagues/140.png", "flag": "https://media.api-sports.io/flags/es.svg", "season": 2025, "round": "Regular Season - 15", "standings": true}, "teams": {"home": {"id": 533, "name": "Villarreal", "logo": "https://media.api-sports.io/football/teams/533.png", "winner": true}, "away": {"id": 546, "name": "Getafe", "logo": "https://media.api-sports.io/football/teams/546.png", "winner": false}}, "goals": {"home": 2, "away": 0}, "score": {"halftime": {"home": 1, "away": 0}, "fulltime": {"home": 2, "away": 0}, "extratime": {"home": null, "away": null}, "penalty": {"home": null, "away": null}}}, {"fixture": {"id": 1390957, "referee": "C\u00e9sar Soto Grado, Spain", "timezone": "UTC", "date": "2025-11-30T13:00:00+00:00", "timestamp": 1764507600, "periods": {"first": 1764507600, "second": 1764511200}, "venue": {"id": null, "name": "Reale Arena", "city": "San Sebastian"}, "status": {"long": "Match Finished", "short": "FT", "elapsed": 90, "extra": 6}}, "league": {"id": 140, "name": "La Liga", "country": "Spain", "logo": "https://media.api-sports.io/football/leagues/140.png", "flag": "https://media.api-sports.io/flags/es.svg", "season": 2025, "round": "Regular Season - 14", "standings": true}, "teams": {"home": {"id": 548, "name": "Real Sociedad", "logo": "https://media.api-sports.io/football/teams/548.png", "winner": false}, "away": {"id": 533, "name": "Villarreal", "logo": "https://media.api-sports.io/football/teams/533.png", "winner": true}}, "goals": {"home": 2, "away": 3}, "score": {"halftime": {"home": 0, "away": 1}, "fulltime": {"home": 2, "away": 3}, "extratime": {"home": null, "away": null}, "penalty": {"home": null, "away": null}}}, {"fixture": {"id": 1390948, "referee": "Jose Luis Guzman Mansilla, Spain", "timezone": "UTC", "date": "2025-11-22T20:00:00+00:00", "timestamp": 1763841600, "periods": {"first": 1763841600, "second": 1763845200}, "venue": {"id": 1498, "name": "Estadio de la Ceramica", "city": "Villarreal"}, "status": {"long": "Match Finished", "short": "FT", "elapsed": 90, "extra": 8}}, "league": {"id": 140, "name": "La Liga", "country": "Spain", "logo": "https://media.api-sports.io/football/leagues/140.png", "flag": "https://media.api-sports.io/flags/es.svg", "season": 2025, "round": "Regular Season - 13", "standings": true}, "teams": {"home": {"id": 533, "name": "Villarreal", "logo": "https://media.api-sports.io/football/teams/533.png", "winner": true}, "away": {"id": 798, "name": "Mallorca", "logo": "https://media.api-sports.io/football/teams/798.png", "winner": false}}, "goals": {"home": 2, "away": 1}, "score": {"halftime": {"home": 1, "away": 1}, "fulltime": {"home": 2, "away": 1}, "extratime": {"home": null, "away": null}, "penalty": {"home": null, "away": null}}}]}