{"get": "injuries", "parameters": {"league": "135", "season": "2025", "team": "488"}, "errors": [], "results": 108, "paging": {"current": 1, "total": 1}, "response": [{"player": {"id": 264739, "name": "Laurs Skjellerup", "photo": "https://media.api-sports.io/football/players/264739.png", "type": "Missing Fixture", "reason": "Unknown Injury"}, "team": {"id": 488, "name": "Sassuolo", "logo": "https://media.api-sports.io/football/teams/488.png"}, "fixture": {"id": 1377872, "timezone": "UTC", "date": "2025-08-23T16:30:00+00:00", "timestamp": 1755966600}, "league": {"id": 135, "season": 2025, "name": "Serie A", "country": "Italy", "logo": "https://media.api-sports.io/football/leagues/135.png", "flag": "https://media.api-sports.io/flags/it.svg"}}, {"player": {"id": 39143, "name": "K. Thorstvedt", "photo": "https://media.api-sports.io/football/players/39143.png", "type": "Missing Fixture", "reason": "Heel pain"}, "team": {"id": 488, "name": "Sassuolo", "logo": "https://media.api-sports.io/football/teams/488.png"}, "fixture": {"id": 1377872, "timezone": "UTC", "date": "2025-08-23T16:30:00+00:00", "timestamp": 1755966600}, "league": {"id": 135, "season": 2025, "name": "Serie A", "country": "Italy", "logo": "https://media.api-sports.io/football/leagues/135.png", "flag": "https://media.api-sports.io/flags/it.svg"}}, {"player": {"id": 39143, "name": "K. Thorstvedt", "photo": "https://media.api-sports.io/football/players/39143.png", "type": "Missing Fixture", "reason": "Heel pain"}, "team": {"id": 488, "name": "Sassuolo", "logo": "https://media.api-sports.io/football/teams/488.png"}, "fixture": {"id": 1377875, "timezone": "UTC", "date": "2025-08-29T16:30:00+00:00", "timestamp": 1756485000}, "league": {"id": 135, "season": 2025, "name": "Serie A", "country": "Italy", "logo": "https://media.api-sports.io/football/leagues/135.png", "flag": "https://media.api-sports.io/flags/it.svg"}}, {"player": {"id": 39143, "name": "K. Thorstvedt", "photo": "https://media.api-sports.io/football/players/39143.png", "type": "Missing Fixture", "reason": "Heel pain"}, "team": {"id": 488, "name": "Sassuolo", "logo": "https://media.api-sports.io/football/teams/488.png"}, "fixture": {"id": 1377892, "timezone": "UTC", "date": "2025-09-14T16:00:00+00:00", "timestamp": 1757865600}, "league": {"id": 135, "season": 2025, "name": "Serie A", "country": "Italy", "logo": "https://media.api-sports.io/football/leagues/135.png", "flag": "https://media.api-sports.io/flags/it.svg"}}, {"player": {"id": 59513, "name": "Y. Paz", "photo": "https://media.api-sports.io/football/players/59513.png", "type": "Missing Fixture", "reason": "Calf Injury"}, "team": {"id": 488, "name": "Sassuolo", "logo": "https://media.api-sports.io/football/teams/488.png"}, "fixture": {"id": 1377897, "timezone": "UTC", "date": "2025-09-21T18:45:00+00:00", "timestamp": 1758480300}, "league": {"id": 135, "season": 2025, "name": "Serie A", "country": "Italy", "logo": "https://media.api-sports.io/football/leagues/135.png", "flag": "https://media.api-sports.io/flags/it.svg"}}, {"player": {"id": 40582, "name": "S. Walukiewicz", "photo": "https://media.api-sports.io/football/players/40582.png", "type": "Questionable", "reason": "Hip Injury"}, "team": {"id": 488, "name": "Sassuolo", "logo": "https://media.api-sports.io/football/teams/488.png"}, "fixture": {"id": 1377897, "timezone": "UTC", "date": "2025-09-21T18:45:00+00:00", "timestamp": 1758480300}, "league": {"id": 135, "season": 2025, "name": "Serie A", "country": "Italy", "logo": "https://media.api-sports.io/football/leagues/135.png", "flag": "https://media.api-sports.io/flags/it.svg"}}, {"player": {"id": 59513, "name": "Y. Paz", "photo": "https://media.api-sports.io/football/players/59513.png", "type": "Missing Fixture", "reason": "Calf Injury"}, "team": {"id": 488, "name": "Sassuolo", "logo": "https://media.api-sports.io/football/teams/488.png"}, "fixture": {"id": 1377913, "timezone": "UTC", "date": "2025-09-28T10:30:00+00:00", "timestamp": 1759055400}, "league": {"id": 135, "season": 2025, "name": "Serie A", "country": "Italy", "logo": "https://media.api-sports.io/football/leagues/135.png", "flag": "https://media.api-sports.io/flags/it.svg"}}, {"player": {"id": 59513, "name": "Y. Paz", "photo": "https://media.api-sports.io/football/players/59513.png", "type": "Missing Fixture", "reason": "Calf Injury"}, "team": {"id": 488, "name": "Sassuolo", "logo": "https://media.api-sports.io/football/teams/488.png"}, "fixture": {"id": 1377923, "timezone": "UTC", "date": "2025-10-03T18:45:00+00:00", "timestamp": 1759517100}, "league": {"id": 135, "season": 2025, "name": "Serie A", "country": "Italy", "logo": "https://media.api-sports.io/football/leagues/135.png", "flag": "https://media.api-sports.io/flags/it.svg"}}, {"player": {"id": 342055, "name": "E. Pieragnolo", "photo": "https://media.api-sports.io/football/players/342055.png", "type": "Missing Fixture", "reason": "Injury"}, "team": {"id": 488, "name": "Sassuolo", "logo": "https://media.api-sports.io/football/teams/488.png"}, "fixture": {"id": 1377923, "timezone": "UTC", "date": "2025-10-03T18:45:00+00:00", "timestamp": 1759517100}, "league": {"id": 135, "season": 2025, "name": "Serie A", "country": "Italy", "logo": "https://media.api-sports.io/football/leagues/135.png", "flag": "https://media.api-sports.io/flags/it.svg"}}, {"player": {"id": 291780, "name": "D. Boloca", "photo": "https://media.api-sports.io/football/players/291780.png", "type": "Missing Fixture", "reason": "Muscle Injury"}, "team": {"id": 488, "name": "Sassuolo", "logo": "https://media.api-sports.io/football/teams/488.png"}, "fixture": {"id": 1377929, "timezone": "UTC", "date": "2025-10-18T13:00:00+00:00", "timestamp": 1760792400}, "league": {"id": 135, "season": 2025, "name": "Serie A", "country": "Italy", "logo": "https://media.api-sports.io/football/leagues/135.png", "flag": "https://media.api-sports.io/flags/it.svg"}}, {"player": {"id": 271350, "name": "T. Muharemovic", "photo": "https://media.api-sports.io/football/players/271350.png", "type": "Missing Fixture", "reason": "Injury"}, "team": {"id": 488, "name": "Sassuolo", "logo": "https://media.api-sports.io/football/teams/488.png"}, "fixture": {"id": 1377929, "timezone": "UTC", "date": "2025-10-18T13:00:00+00:00", "timestamp": 1760792400}, "league": {"id": 135, "season": 2025, "name": "Serie A", "country": "Italy", "logo": "https://media.api-sports.io/football/leagues/135.png", "flag": "https://media.api-sports.io/flags/it.svg"}}, {"player": {"id": 59513, "name": "Y. Paz", "photo": "https://media.api-sports.io/football/players/59513.png", "type": "Missing Fixture", "reason": "Calf Injury"}, "team": {"id": 488, "name": "Sassuolo", "logo": "https://media.api-sports.io/football/teams/488.png"}, "fixture": {"id": 1377929, "timezone": "UTC", "date": "2025-10-18T13:00:00+00:00", "timestamp": 1760792400}, "league": {"id": 135, "season": 2025, "name": "Serie A", "country": "Italy", "logo": "https://media.api-sports.io/football/leagues/135.png", "flag": "https://media.api-sports.io/flags/it.svg"}}, {"player": {"id": 342055, "name": "E. Pieragnolo", "photo": "https://media.api-sports.io/football/players/342055.png", "type": "Missing Fixture", "reason": "Injury"}, "team": {"id": 488, "name": "Sassuolo", "logo": "https://media.api-sports.io/football/teams/488.png"}, "fixture": {"id": 1377929, "timezone": "UTC", "date": "2025-10-18T13:00:00+00:00", "timestamp": 1760792400}, "league": {"id": 135, "season": 2025, "name": "Serie A", "country": "Italy", "logo": "https://media.api-sports.io/football/leagues/135.png", "flag": "https://media.api-sports.io/flags/it.svg"}}, {"player": {"id": 291780, "name": "D. Boloca", "photo": "https://media.api-sports.io/football/players/291780.png", "type": "Missing Fixture", "reason": "Muscle Injury"}, "team": {"id": 488, "name": "Sassuolo", "logo": "https://media.api-sports.io/football/teams/488.png"}, "fixture": {"id": 1377940, "timezone": "UTC", "date": "2025-10-26T14:00:00+00:00", "timestamp": 1761487200}, "league": {"id": 135, "season": 2025, "name": "Serie A", "country": "Italy", "logo": "https://media.api-sports.io/football/leagues/135.png", "flag": "https://media.api-sports.io/flags/it.svg"}}, {"player": {"id": 271350, "name": "T. Muharemovic", "photo": "https://media.api-sports.io/football/players/271350.png", "type": "Missing Fixture", "reason": "Injury"}, "team": {"id": 488, "name": "Sassuolo", "logo": "https://media.api-sports.io/football/teams/488.png"}, "fixture": {"id": 1377940, "timezone": "UTC", "date": "2025-10-26T14:00:00+00:00", "timestamp": 1761487200}, "league": {"id": 135, "season": 2025, "name": "Serie A", "country": "Italy", "logo": "https://media.api-sports.io/football/leagues/135.png", "flag": "https://media.api-sports.io/flags/it.svg"}}, {"player": {"id": 342055, "name": "E. Pieragnolo", "photo": "https://media.api-sports.io/football/players/342055.png", "type": "Missing Fixture", "reason": "Knee Injury"}, "team": {"id": 488, "name": "Sassuolo", "logo": "https://media.api-sports.io/football/teams/488.png"}, "fixture": {"id": 1377940, "timezone": "UTC", "date": "2025-10-26T14:00:00+00:00", "timestamp": 1761487200}, "league": {"id": 135, "season": 2025, "name": "Serie A", "country": "Italy", "logo": "https://media.api-sports.io/football/leagues/135.png", "flag": "https://media.api-sports.io/flags/it.svg"}}, {"player": {"id": 264739, "name": "L. Skjellerup", "photo": "https://media.api-sports.io/football/players/264739.png", "type": "Missing Fixture", "reason": "Injury"}, "team": {"id": 488, "name": "Sassuolo", "logo": "https://media.api-sports.io/football/teams/488.png"}, "fixture": {"id": 1377940, "timezone": "UTC", "date": "2025-10-26T14:00:00+00:00", "timestamp": 1761487200}, "league": {"id": 135, "season": 2025, "name": "Serie A", "country": "Italy", "logo": "https://media.api-sports.io/football/leagues/135.png", "flag": "https://media.api-sports.io/flags/it.svg"}}, {"player": {"id": 30537, "name": "D. Berardi", "photo": "https://media.api-sports.io/football/players/30537.png", "type": "Missing Fixture", "reason": "Rest"}, "team": {"id": 488, "name": "Sassuolo", "logo": "https://media.api-sports.io/football/teams/488.png"}, "fixture": {"id": 1377946, "timezone": "UTC", "date": "2025-10-30T17:30:00+00:00", "timestamp": 1761845400}, "league": {"id": 135, "season": 2025, "name": "Serie A", "country": "Italy", "logo": "https://media.api-sports.io/football/leagues/135.png", "flag": "https://media.api-sports.io/flags/it.svg"}}, {"player": {"id": 291780, "name": "D. Boloca", "photo": "https://media.api-sports.io/football/players/291780.png", "type": "Missing Fixture", "reason": "Knee Injury"}, "team": {"id": 488, "name": "Sassuolo", "logo": "https://media.api-sports.io/football/teams/488.png"}, "fixture": {"id": 1377946, "timezone": "UTC", "date": "2025-10-30T17:30:00+00:00", "timestamp": 1761845400}, "league": {"id": 135, "season": 2025, "name": "Serie A", "country": "Italy", "logo": "https://media.api-sports.io/football/leagues/135.png", "flag": "https://media.api-sports.io/flags/it.svg"}}, {"player": {"id": 342055, "name": "E. Pieragnolo", "photo": "https://media.api-sports.io/football/players/342055.png", "type": "Missing Fixture", "reason": "Knee Injury"}, "team": {"id": 488, "name": "Sassuolo", "logo": "https://media.api-sports.io/football/teams/488.png"}, "fixture": {"id": 1377946, "timezone": "UTC", "date": "2025-10-30T17:30:00+00:00", "timestamp": 1761845400}, "league": {"id": 135, "season": 2025, "name": "Serie A", "country": "Italy", "logo": "https://media.api-sports.io/football/leagues/135.png", "flag": "https://media.api-sports.io/flags/it.svg"}}, {"player": {"id": 30556, "name": "F. Romagna", "photo": "https://media.api-sports.io/football/players/30556.png", "type": "Missing Fixture", "reason": "Calf Injury"}, "team": {"id": 488, "name": "Sassuolo", "logo": "https://media.api-sports.io/football/teams/488.png"}, "fixture": {"id": 1377946, "timezone": "UTC", "date": "2025-10-30T17:30:00+00:00", "timestamp": 1761845400}, "league": {"id": 135, "season": 2025, "name": "Serie A", "country": "Italy", "logo": "https://media.api-sports.io/football/leagues/135.png", "flag": "https://media.api-sports.io/flags/it.svg"}}, {"player": {"id": 30518, "name": "G. Satalino", "photo": "https://media.api-sports.io/football/players/30518.png", "type": "Missing Fixture", "reason": "Inactive"}, "team": {"id": 488, "name": "Sassuolo", "logo": "https://media.api-sports.io/football/teams/488.png"}, "fixture": {"id": 1377946, "timezone": "UTC", "date": "2025-10-30T17:30:00+00:00", "timestamp": 1761845400}, "league": {"id": 135, "season": 2025, "name": "Serie A", "country": "Italy", "logo": "https://media.api-sports.io/football/leagues/135.png", "flag": "https://media.api-sports.io/flags/it.svg"}}, {"player": {"id": 264739, "name": "L. Skjellerup", "photo": "https://media.api-sports.io/football/players/264739.png", "type": "Missing Fixture", "reason": "Injury"}, "team": {"id": 488, "name": "Sassuolo", "logo": "https://media.api-sports.io/football/teams/488.png"}, "fixture": {"id": 1377946, "timezone": "UTC", "date": "2025-10-30T17:30:00+00:00", "timestamp": 1761845400}, "league": {"id": 135, "season": 2025, "name": "Serie A", "country": "Italy", "logo": "https://media.api-sports.io/football/leagues/135.png", "flag": "https://media.api-sports.io/flags/it.svg"}}, {"player": {"id": 291780, "name": "D. Boloca", "photo": "https://media.api-sports.io/football/players/291780.png", "type": "Missing Fixture", "reason": "Knee Injury"}, "team": {"id": 488, "name": "Sassuolo", "logo": "https://media.api-sports.io/football/teams/488.png"}, "fixture": {"id": 1377960, "timezone": "UTC", "date": "2025-11-03T17:30:00+00:00", "timestamp": 1762191000}, "league": {"id": 135, "season": 2025, "name": "Serie A", "country": "Italy", "logo": "https://media.api-sports.io/football/leagues/135.png", "flag": "https://media.api-sports.io/flags/it.svg"}}, {"player": {"id": 342055, "name": "E. Pieragnolo", "photo": "https://media.api-sports.io/football/players/342055.png", "type": "Missing Fixture", "reason": "Knee Injury"}, "team": {"id": 488, "name": "Sassuolo", "logo": "https://media.api-sports.io/football/teams/488.png"}, "fixture": {"id": 1377960, "timezone": "UTC", "date": "2025-11-03T17:30:00+00:00", "timestamp": 1762191000}, "league": {"id": 135, "season": 2025, "name": "Serie A", "country": "Italy", "logo": "https://media.api-sports.io/football/leagues/135.png", "flag": "https://media.api-sports.io/flags/it.svg"}}, {"player": {"id": 30556, "name": "F. Romagna", "photo": "https://media.api-sports.io/football/players/30556.png", "type": "Missing Fixture", "reason": "Calf Injury"}, "team": {"id": 488, "name": "Sassuolo", "logo": "https://media.api-sports.io/football/teams/488.png"}, "fixture": {"id": 1377960, "timezone": "UTC", "date": "2025-11-03T17:30:00+00:00", "timestamp": 1762191000}, "league": {"id": 135, "season": 2025, "name": "Serie A", "country": "Italy", "logo": "https://media.api-sports.io/football/leagues/135.png", "flag": "https://media.api-sports.io/flags/it.svg"}}, {"player": {"id": 264739, "name": "L. Skjellerup", "photo": "https://media.api-sports.io/football/players/264739.png", "type": "Questionable", "reason": "Injury"}, "team": {"id": 488, "name": "Sassuolo", "logo": "https://media.api-sports.io/football/teams/488.png"}, "fixture": {"id": 1377960, "timezone": "UTC", "date": "2025-11-03T17:30:00+00:00", "timestamp": 1762191000}, "league": {"id": 135, "season": 2025, "name": "Serie A", "country": "Italy", "logo": "https://media.api-sports.io/football/leagues/135.png", "flag": "https://media.api-sports.io/flags/it.svg"}}, {"player": {"id": 291780, "name": "D. Boloca", "photo": "https://media.api-sports.io/football/players/291780.png", "type": "Missing Fixture", "reason": "Knee Injury"}, "team": {"id": 488, "name": "Sassuolo", "logo": "https://media.api-sports.io/football/teams/488.png"}, "fixture": {"id": 1377964, "timezone": "UTC", "date": "2025-11-09T11:30:00+00:00", "timestamp": 1762687800}, "league": {"id": 135, "season": 2025, "name": "Serie A", "country": "Italy", "logo": "https://media.api-sports.io/football/leagues/135.png", "flag": "https://media.api-sports.io/flags/it.svg"}}, {"player": {"id": 342055, "name": "E. Pieragnolo", "photo": "https://media.api-sports.io/football/players/342055.png", "type": "Missing Fixture", "reason": "Knee Injury"}, "team": {"id": 488, "name": "Sassuolo", "logo": "https://media.api-sports.io/football/teams/488.png"}, "fixture": {"id": 1377964, "timezone": "UTC", "date": "2025-11-09T11:30:00+00:00", "timestamp": 1762687800}, "league": {"id": 135, "season": 2025, "name": "Serie A", "country": "Italy", "logo": "https://media.api-sports.io/football/leagues/135.png", "flag": "https://media.api-sports.io/flags/it.svg"}}, {"player": {"id": 30556, "name": "F. Romagna", "photo": "https://media.api-sports.io/football/players/30556.png", "type": "Missing Fixture", "reason": "Calf Injury"}, "team": {"id": 488, "name": "Sassuolo", "logo": "https://media.api-sports.io/football/teams/488.png"}, "fixture": {"id": 1377964, "timezone": "UTC", "date": "2025-11-09T11:30:00+00:00", "timestamp": 1762687800}, "league": {"id": 135, "season": 2025, "name": "Serie A", "country": "Italy", "logo": "https://media.api-sports.io/football/leagues/135.png", "flag": "https://media.api-sports.io/flags/it.svg"}}, {"player": {"id": 264739, "name": "L. Skjellerup", "photo": "https://media.api-sports.io/football/players/264739.png", "type": "Missing Fixture", "reason": "Injury"}, "team": {"id": 488, "name": "Sassuolo", "logo": "https://media.api-sports.io/football/teams/488.png"}, "fixture": {"id": 1377964, "timezone": "UTC", "date": "2025-11-09T11:30:00+00:00", "timestamp": 1762687800}, "league": {"id": 135, "season": 2025, "name": "Serie A", "country": "Italy", "logo": "https://media.api-sports.io/football/leagues/135.png", "flag": "https://media.api-sports.io/flags/it.svg"}}, {"player": {"id": 342035, "name": "C. Volpato", "photo": "https://media.api-sports.io/football/players/342035.png", "type": "Missing Fixture", "reason": "Thigh Injury"}, "team": {"id": 488, "name": "Sassuolo", "logo": "https://media.api-sports.io/football/teams/488.png"}, "fixture": {"id": 1377964, "timezone": "UTC", "date": "2025-11-09T11:30:00+00:00", "timestamp": 1762687800}, "league": {"id": 135, "season": 2025, "name": "Serie A", "country": "Italy", "logo": "https://media.api-sports.io/football/leagues/135.png", "flag": "https://media.api-sports.io/flags/it.svg"}}, {"player": {"id": 291780, "name": "D. Boloca", "photo": "https://media.api-sports.io/football/players/291780.png", "type": "Missing Fixture", "reason": "Knee Injury"}, "team": {"id": 488, "name": "Sassuolo", "logo": "https://media.api-sports.io/football/teams/488.png"}, "fixture": {"id": 1377980, "timezone": "UTC", "date": "2025-11-24T19:45:00+00:00", "timestamp": 1764013500}, "league": {"id": 135, "season": 2025, "name": "Serie A", "country": "Italy", "logo": "https://media.api-sports.io/football/leagues/135.png", "flag": "https://media.api-sports.io/flags/it.svg"}}, {"player": {"id": 59513, "name": "Y. Paz", "photo": "https://media.api-sports.io/football/players/59513.png", "type": "Missing Fixture", "reason": "Hip Injury"}, "team": {"id": 488, "name": "Sassuolo", "logo": "https://media.api-sports.io/football/teams/488.png"}, "fixture": {"id": 1377980, "timezone": "UTC", "date": "2025-11-24T19:45:00+00:00", "timestamp": 1764013500}, "league": {"id": 135, "season": 2025, "name": "Serie A", "country": "Italy", "logo": "https://media.api-sports.io/football/leagues/135.png", "flag": "https://media.api-sports.io/flags/it.svg"}}, {"player": {"id": 342055, "name": "E. Pieragnolo", "photo": "https://media.api-sports.io/football/players/342055.png", "type": "Missing Fixture", "reason": "Knee Injury"}, "team": {"id": 488, "name": "Sassuolo", "logo": "https://media.api-sports.io/football/teams/488.png"}, "fixture": {"id": 1377980, "timezone": "UTC", "date": "2025-11-24T19:45:00+00:00", "timestamp": 1764013500}, "league": {"id": 135, "season": 2025, "name": "Serie A", "country": "Italy", "logo": "https://media.api-sports.io/football/leagues/135.png", "flag": "https://media.api-sports.io/flags/it.svg"}}, {"player": {"id": 30556, "name": "F. Romagna", "photo": "https://media.api-sports.io/football/players/30556.png", "type": "Missing Fixture", "reason": "Calf Injury"}, "team": {"id": 488, "name": "Sassuolo", "logo": "https://media.api-sports.io/football/teams/488.png"}, "fixture": {"id": 1377980, "timezone": "UTC", "date": "2025-11-24T19:45:00+00:00", "timestamp": 1764013500}, "league": {"id": 135, "season": 2025, "name": "Serie A", "country": "Italy", "logo": "https://media.api-sports.io/football/leagues/135.png", "flag": "https://media.api-sports.io/flags/it.svg"}}, {"player": {"id": 264739, "name": "L. Skjellerup", "photo": "https://media.api-sports.io/football/players/264739.png", "type": "Missing Fixture", "reason": "Injury"}, "team": {"id": 488, "name": "Sassuolo", "logo": "https://media.api-sports.io/football/teams/488.png"}, "fixture": {"id": 1377980, "timezone": "UTC", "date": "2025-11-24T19:45:00+00:00", "timestamp": 1764013500}, "league": {"id": 135, "season": 2025, "name": "Serie A", "country": "Italy", "logo": "https://media.api-sports.io/football/leagues/135.png", "flag": "https://media.api-sports.io/flags/it.svg"}}, {"player": {"id": 30519, "name": "S. Turati", "photo": "https://media.api-sports.io/football/players/30519.png", "type": "Missing Fixture", "reason": "Arm Injury"}, "team": {"id": 488, "name": "Sassuolo", "logo": "https://media.api-sports.io/football/teams/488.png"}, "fixture": {"id": 1377980, "timezone": "UTC", "date": "2025-11-24T19:45:00+00:00", "timestamp": 1764013500}, "league": {"id": 135, "season": 2025, "name": "Serie A", "country": "Italy", "logo": "https://media.api-sports.io/football/leagues/135.png", "flag": "https://media.api-sports.io/flags/it.svg"}}, {"player": {"id": 127413, "name": "A. Vranckx", "photo": "https://media.api-sports.io/football/players/127413.png", "type": "Missing Fixture", "reason": "Injury"}, "team": {"id": 488, "name": "Sassuolo", "logo": "https://media.api-sports.io/football/teams/488.png"}, "fixture": {"id": 1377980, "timezone": "UTC", "date": "2025-11-24T19:45:00+00:00", "timestamp": 1764013500}, "league": {"id": 135, "season": 2025, "name": "Serie A", "country": "Italy", "logo": "https://media.api-sports.io/football/leagues/135.png", "flag": "https://media.api-sports.io/flags/it.svg"}}, {"player": {"id": 291780, "name": "D. Boloca", "photo": "https://media.api-sports.io/football/players/291780.png", "type": "Missing Fixture", "reason": "Knee Injury"}, "team": {"id": 488, "name": "Sassuolo", "logo": "https://media.api-sports.io/football/teams/488.png"}, "fixture": {"id": 1377986, "timezone": "UTC", "date": "2025-11-28T19:45:00+00:00", "timestamp": 1764359100}, "league": {"id": 135, "season": 2025, "name": "Serie A", "country": "Italy", "logo": "https://media.api-sports.io/football/leagues/135.png", "flag": "https://media.api-sports.io/flags/it.svg"}}, {"player": {"id": 59513, "name": "Y. Paz", "photo": "https://media.api-sports.io/football/players/59513.png", "type": "Missing Fixture", "reason": "Hip Injury"}, "team": {"id": 488, "name": "Sassuolo", "logo": "https://media.api-sports.io/football/teams/488.png"}, "fixture": {"id": 1377986, "timezone": "UTC", "date": "2025-11-28T19:45:00+00:00", "timestamp": 1764359100}, "league": {"id": 135, "season": 2025, "name": "Serie A", "country": "Italy", "logo": "https://media.api-sports.io/football/leagues/135.png", "flag": "https://media.api-sports.io/flags/it.svg"}}, {"player": {"id": 342055, "name": "E. Pieragnolo", "photo": "https://media.api-sports.io/football/players/342055.png", "type": "Missing Fixture", "reason": "Knee Injury"}, "team": {"id": 488, "name": "Sassuolo", "logo": "https://media.api-sports.io/football/teams/488.png"}, "fixture": {"id": 1377986, "timezone": "UTC", "date": "2025-11-28T19:45:00+00:00", "timestamp": 1764359100}, "league": {"id": 135, "season": 2025, "name": "Serie A", "country": "Italy", "logo": "https://media.api-sports.io/football/leagues/135.png", "flag": "https://media.api-sports.io/flags/it.svg"}}, {"player": {"id": 30556, "name": "F. Romagna", "photo": "https://media.api-sports.io/football/players/30556.png", "type": "Missing Fixture", "reason": "Calf Injury"}, "team": {"id": 488, "name": "Sassuolo", "logo": "https://media.api-sports.io/football/teams/488.png"}, "fixture": {"id": 1377986, "timezone": "UTC", "date": "2025-11-28T19:45:00+00:00", "timestamp": 1764359100}, "league": {"id": 135, "season": 2025, "name": "Serie A", "country": "Italy", "logo": "https://media.api-sports.io/football/leagues/135.png", "flag": "https://media.api-sports.io/flags/it.svg"}}, {"player": {"id": 264739, "name": "L. Skjellerup", "photo": "https://media.api-sports.io/football/players/264739.png", "type": "Missing Fixture", "reason": "Injury"}, "team": {"id": 488, "name": "Sassuolo", "logo": "https://media.api-sports.io/football/teams/488.png"}, "fixture": {"id": 1377986, "timezone": "UTC", "date": "2025-11-28T19:45:00+00:00", "timestamp": 1764359100}, "league": {"id": 135, "season": 2025, "name": "Serie A", "country": "Italy", "logo": "https://media.api-sports.io/football/leagues/135.png", "flag": "https://media.api-sports.io/flags/it.svg"}}, {"player": {"id": 30519, "name": "S. Turati", "photo": "https://media.api-sports.io/football/players/30519.png", "type": "Missing Fixture", "reason": "Wrist Injury"}, "team": {"id": 488, "name": "Sassuolo", "logo": "https://media.api-sports.io/football/teams/488.png"}, "fixture": {"id": 1377986, "timezone": "UTC", "date": "2025-11-28T19:45:00+00:00", "timestamp": 1764359100}, "league": {"id": 135, "season": 2025, "name": "Serie A", "country": "Italy", "logo": "https://media.api-sports.io/football/leagues/135.png", "flag": "https://media.api-sports.io/flags/it.svg"}}, {"player": {"id": 343562, "name": "L. Lipani", "photo": "https://media.api-sports.io/football/players/343562.png", "type": "Questionable", "reason": "Illness"}, "team": {"id": 488, "name": "Sassuolo", "logo": "https://media.api-sports.io/football/teams/488.png"}, "fixture": {"id": 1377986, "timezone": "UTC", "date": "2025-11-28T19:45:00+00:00", "timestamp": 1764359100}, "league": {"id": 135, "season": 2025, "name": "Serie A", "country": "Italy", "logo": "https://media.api-sports.io/football/leagues/135.png", "flag": "https://media.api-sports.io/flags/it.svg"}}, {"player": {"id": 30537, "name": "D. Berardi", "photo": "https://media.api-sports.io/football/players/30537.png", "type": "Missing Fixture", "reason": "Muscle Injury"}, "team": {"id": 488, "name": "Sassuolo", "logo": "https://media.api-sports.io/football/teams/488.png"}, "fixture": {"id": 1378000, "timezone": "UTC", "date": "2025-12-06T14:00:00+00:00", "timestamp": 1765029600}, "league": {"id": 135, "season": 2025, "name": "Serie A", "country": "Italy", "logo": "https://media.api-sports.io/football/leagues/135.png", "flag": "https://media.api-sports.io/flags/it.svg"}}, {"player": {"id": 291780, "name": "D. Boloca", "photo": "https://media.api-sports.io/football/players/291780.png", "type": "Missing Fixture", "reason": "Knee Injury"}, "team": {"id": 488, "name": "Sassuolo", "logo": "https://media.api-sports.io/football/teams/488.png"}, "fixture": {"id": 1378000, "timezone": "UTC", "date": "2025-12-06T14:00:00+00:00", "timestamp": 1765029600}, "league": {"id": 135, "season": 2025, "name": "Serie A", "country": "Italy", "logo": "https://media.api-sports.io/football/leagues/135.png", "flag": "https://media.api-sports.io/flags/it.svg"}}, {"player": {"id": 59513, "name": "Y. Paz", "photo": "https://media.api-sports.io/football/players/59513.png", "type": "Missing Fixture", "reason": "Hip Injury"}, "team": {"id": 488, "name": "Sassuolo", "logo": "https://media.api-sports.io/football/teams/488.png"}, "fixture": {"id": 1378000, "timezone": "UTC", "date": "2025-12-06T14:00:00+00:00", "timestamp": 1765029600}, "league": {"id": 135, "season": 2025, "name": "Serie A", "country": "Italy", "logo": "https://media.api-sports.io/football/leagues/135.png", "flag": "https://media.api-sports.io/flags/it.svg"}}, {"player": {"id": 342055, "name": "E. Pieragnolo", "photo": "https://media.api-sports.io/football/players/342055.png", "type": "Missing Fixture", "reason": "Knee Injury"}, "team": {"id": 488, "name": "Sassuolo", "logo": "https://media.api-sports.io/football/teams/488.png"}, "fixture": {"id": 1378000, "timezone": "UTC", "date": "2025-12-06T14:00:00+00:00", "timestamp": 1765029600}, "league": {"id": 135, "season": 2025, "name": "Serie A", "country": "Italy", "logo": "https://media.api-sports.io/football/leagues/135.png", "flag": "https://media.api-sports.io/flags/it.svg"}}, {"player": {"id": 30556, "name": "F. Romagna", "photo": "https://media.api-sports.io/football/players/30556.png", "type": "Missing Fixture", "reason": "Calf Injury"}, "team": {"id": 488, "name": "Sassuolo", "logo": "https://media.api-sports.io/football/teams/488.png"}, "fixture": {"id": 1378000, "timezone": "UTC", "date": "2025-12-06T14:00:00+00:00", "timestamp": 1765029600}, "league": {"id": 135, "season": 2025, "name": "Serie A", "country": "Italy", "logo": "https://media.api-sports.io/football/leagues/135.png", "flag": "https://media.api-sports.io/flags/it.svg"}}, {"player": {"id": 264739, "name": "L. Skjellerup", "photo": "https://media.api-sports.io/football/players/264739.png", "type": "Missing Fixture", "reason": "Muscle Injury"}, "team": {"id": 488, "name": "Sassuolo", "logo": "https://media.api-sports.io/football/teams/488.png"}, "fixture": {"id": 1378000, "timezone": "UTC", "date": "2025-12-06T14:00:00+00:00", "timestamp": 1765029600}, "league": {"id": 135, "season": 2025, "name": "Serie A", "country": "Italy", "logo": "https://media.api-sports.io/football/leagues/135.png", "flag": "https://media.api-sports.io/flags/it.svg"}}, {"player": {"id": 30519, "name": "S. Turati", "photo": "https://media.api-sports.io/football/players/30519.png", "type": "Missing Fixture", "reason": "Wrist Injury"}, "team": {"id": 488, "name": "Sassuolo", "logo": "https://media.api-sports.io/football/teams/488.png"}, "fixture": {"id": 1378000, "timezone": "UTC", "date": "2025-12-06T14:00:00+00:00", "timestamp": 1765029600}, "league": {"id": 135, "season": 2025, "name": "Serie A", "country": "Italy", "logo": "https://media.api-sports.io/football/leagues/135.png", "flag": "https://media.api-sports.io/flags/it.svg"}}, {"player": {"id": 127413, "name": "A. Vranckx", "photo": "https://media.api-sports.io/football/players/127413.png", "type": "Missing Fixture", "reason": "Injury"}, "team": {"id": 488, "name": "Sassuolo", "logo": "https://media.api-sports.io/football/teams/488.png"}, "fixture": {"id": 1378000, "timezone": "UTC", "date": "2025-12-06T14:00:00+00:00", "timestamp": 1765029600}, "league": {"id": 135, "season": 2025, "name": "Serie A", "country": "Italy", "logo": "https://media.api-sports.io/football/leagues/135.png", "flag": "https://media.api-sports.io/flags/it.svg"}}, {"player": {"id": 30537, "name": "D. Berardi", "photo": "https://media.api-sports.io/football/players/30537.png", "type": "Missing Fixture", "reason": "Muscle Injury"}, "team": {"id": 488, "name": "Sassuolo", "logo": "https://media.api-sports.io/football/teams/488.png"}, "fixture": {"id": 1378009, "timezone": "UTC", "date": "2025-12-14T11:30:00+00:00", "timestamp": 1765711800}, "league": {"id": 135, "season": 2025, "name": "Serie A", "country": "Italy", "logo": "https://media.api-sports.io/football/leagues/135.png", "flag": "https://media.api-sports.io/flags/it.svg"}}, {"player": {"id": 59513, "name": "Y. Paz", "photo": "https://media.api-sports.io/football/players/59513.png", "type": "Missing Fixture", "reason": "Hip Injury"}, "team": {"id": 488, "name": "Sassuolo", "logo": "https://media.api-sports.io/football/teams/488.png"}, "fixture": {"id": 1378009, "timezone": "UTC", "date": "2025-12-14T11:30:00+00:00", "timestamp": 1765711800}, "league": {"id": 135, "season": 2025, "name": "Serie A", "country": "Italy", "logo": "https://media.api-sports.io/football/leagues/135.png", "flag": "https://media.api-sports.io/flags/it.svg"}}, {"player": {"id": 342055, "name": "E. Pieragnolo", "photo": "https://media.api-sports.io/football/players/342055.png", "type": "Missing Fixture", "reason": "Knee Injury"}, "team": {"id": 488, "name": "Sassuolo", "logo": "https://media.api-sports.io/football/teams/488.png"}, "fixture": {"id": 1378009, "timezone": "UTC", "date": "2025-12-14T11:30:00+00:00", "timestamp": 1765711800}, "league": {"id": 135, "season": 2025, "name": "Serie A", "country": "Italy", "logo": "https://media.api-sports.io/football/leagues/135.png", "flag": "https://media.api-sports.io/flags/it.svg"}}, {"player": {"id": 30556, "name": "F. Romagna", "photo": "https://media.api-sports.io/football/players/30556.png", "type": "Missing Fixture", "reason": "Calf Injury"}, "team": {"id": 488, "name": "Sassuolo", "logo": "https://media.api-sports.io/football/teams/488.png"}, "fixture": {"id": 1378009, "timezone": "UTC", "date": "2025-12-14T11:30:00+00:00", "timestamp": 1765711800}, "league": {"id": 135, "season": 2025, "name": "Serie A", "country": "Italy", "logo": "https://media.api-sports.io/football/leagues/135.png", "flag": "https://media.api-sports.io/flags/it.svg"}}, {"player": {"id": 264739, "name": "L. Skjellerup", "photo": "https://media.api-sports.io/football/players/264739.png", "type": "Missing Fixture", "reason": "Muscle Injury"}, "team": {"id": 488, "name": "Sassuolo", "logo": "https://media.api-sports.io/football/teams/488.png"}, "fixture": {"id": 1378009, "timezone": "UTC", "date": "2025-12-14T11:30:00+00:00", "timestamp": 1765711800}, "league": {"id": 135, "season": 2025, "name": "Serie A", "country": "Italy", "logo": "https://media.api-sports.io/football/leagues/135.png", "flag": "https://media.api-sports.io/flags/it.svg"}}, {"player": {"id": 30519, "name": "S. Turati", "photo": "https://media.api-sports.io/football/players/30519.png", "type": "Missing Fixture", "reason": "Wrist Injury"}, "team": {"id": 488, "name": "Sassuolo", "logo": "https://media.api-sports.io/football/teams/488.png"}, "fixture": {"id": 1378009, "timezone": "UTC", "date": "2025-12-14T11:30:00+00:00", "timestamp": 1765711800}, "league": {"id": 135, "season": 2025, "name": "Serie A", "country": "Italy", "logo": "https://media.api-sports.io/football/leagues/135.png", "flag": "https://media.api-sports.io/flags/it.svg"}}, {"player": {"id": 291780, "name": "D. Boloca", "photo": "https://media.api-sports.io/football/players/291780.png", "type": "Questionable", "reason": "Knee Injury"}, "team": {"id": 488, "name": "Sassuolo", "logo": "https://media.api-sports.io/football/teams/488.png"}, "fixture": {"id": 1378009, "timezone": "UTC", "date": "2025-12-14T11:30:00+00:00", "timestamp": 1765711800}, "league": {"id": 135, "season": 2025, "name": "Serie A", "country": "Italy", "logo": "https://media.api-sports.io/football/leagues/135.png", "flag": "https://media.api-sports.io/flags/it.svg"}}, {"player": {"id": 30537, "name": "D. Berardi", "photo": "https://media.api-sports.io/football/players/30537.png", "type": "Missing Fixture", "reason": "Muscle Injury"}, "team": {"id": 488, "name": "Sassuolo", "logo": "https://media.api-sports.io/football/teams/488.png"}, "fixture": {"id": 1378022, "timezone": "UTC", "date": "2025-12-21T14:00:00+00:00", "timestamp": 1766325600}, "league": {"id": 135, "season": 2025, "name": "Serie A", "country": "Italy", "logo": "https://media.api-sports.io/football/leagues/135.png", "flag": "https://media.api-sports.io/flags/it.svg"}}, {"player": {"id": 291780, "name": "D. Boloca", "photo": "https://media.api-sports.io/football/players/291780.png", "type": "Missing Fixture", "reason": "Knee Injury"}, "team": {"id": 488, "name": "Sassuolo", "logo": "https://media.api-sports.io/football/teams/488.png"}, "fixture": {"id": 1378022, "timezone": "UTC", "date": "2025-12-21T14:00:00+00:00", "timestamp": 1766325600}, "league": {"id": 135, "season": 2025, "name": "Serie A", "country": "Italy", "logo": "https://media.api-sports.io/football/leagues/135.png", "flag": "https://media.api-sports.io/flags/it.svg"}}, {"player": {"id": 128338, "name": "W. Coulibaly", "photo": "https://media.api-sports.io/football/players/128338.png", "type": "Missing Fixture", "reason": "International duty"}, "team": {"id": 488, "name": "Sassuolo", "logo": "https://media.api-sports.io/football/teams/488.png"}, "fixture": {"id": 1378022, "timezone": "UTC", "date": "2025-12-21T14:00:00+00:00", "timestamp": 1766325600}, "league": {"id": 135, "season": 2025, "name": "Serie A", "country": "Italy", "logo": "https://media.api-sports.io/football/leagues/135.png", "flag": "https://media.api-sports.io/flags/it.svg"}}, {"player": {"id": 59513, "name": "Y. Paz", "photo": "https://media.api-sports.io/football/players/59513.png", "type": "Missing Fixture", "reason": "Hip Injury"}, "team": {"id": 488, "name": "Sassuolo", "logo": "https://media.api-sports.io/football/teams/488.png"}, "fixture": {"id": 1378022, "timezone": "UTC", "date": "2025-12-21T14:00:00+00:00", "timestamp": 1766325600}, "league": {"id": 135, "season": 2025, "name": "Serie A", "country": "Italy", "logo": "https://media.api-sports.io/football/leagues/135.png", "flag": "https://media.api-sports.io/flags/it.svg"}}, {"player": {"id": 342055, "name": "E. Pieragnolo", "photo": "https://media.api-sports.io/football/players/342055.png", "type": "Missing Fixture", "reason": "Knee Injury"}, "team": {"id": 488, "name": "Sassuolo", "logo": "https://media.api-sports.io/football/teams/488.png"}, "fixture": {"id": 1378022, "timezone": "UTC", "date": "2025-12-21T14:00:00+00:00", "timestamp": 1766325600}, "league": {"id": 135, "season": 2025, "name": "Serie A", "country": "Italy", "logo": "https://media.api-sports.io/football/leagues/135.png", "flag": "https://media.api-sports.io/flags/it.svg"}}, {"player": {"id": 30556, "name": "F. Romagna", "photo": "https://media.api-sports.io/football/players/30556.png", "type": "Missing Fixture", "reason": "Calf Injury"}, "team": {"id": 488, "name": "Sassuolo", "logo": "https://media.api-sports.io/football/teams/488.png"}, "fixture": {"id": 1378022, "timezone": "UTC", "date": "2025-12-21T14:00:00+00:00", "timestamp": 1766325600}, "league": {"id": 135, "season": 2025, "name": "Serie A", "country": "Italy", "logo": "https://media.api-sports.io/football/leagues/135.png", "flag": "https://media.api-sports.io/flags/it.svg"}}, {"player": {"id": 264739, "name": "L. Skjellerup", "photo": "https://media.api-sports.io/football/players/264739.png", "type": "Missing Fixture", "reason": "Muscle Injury"}, "team": {"id": 488, "name": "Sassuolo", "logo": "https://media.api-sports.io/football/teams/488.png"}, "fixture": {"id": 1378022, "timezone": "UTC", "date": "2025-12-21T14:00:00+00:00", "timestamp": 1766325600}, "league": {"id": 135, "season": 2025, "name": "Serie A", "country": "Italy", "logo": "https://media.api-sports.io/football/leagues/135.png", "flag": "https://media.api-sports.io/flags/it.svg"}}, {"player": {"id": 39143, "name": "K. Thorstvedt", "photo": "https://media.api-sports.io/football/players/39143.png", "type": "Missing Fixture", "reason": "Yellow Cards"}, "team": {"id": 488, "name": "Sassuolo", "logo": "https://media.api-sports.io/football/teams/488.png"}, "fixture": {"id": 1378022, "timezone": "UTC", "date": "2025-12-21T14:00:00+00:00", "timestamp": 1766325600}, "league": {"id": 135, "season": 2025, "name": "Serie A", "country": "Italy", "logo": "https://media.api-sports.io/football/leagues/135.png", "flag": "https://media.api-sports.io/flags/it.svg"}}, {"player": {"id": 31094, "name": "A. Pinamonti", "photo": "https://media.api-sports.io/football/players/31094.png", "type": "Questionable", "reason": "Leg Injury"}, "team": {"id": 488, "name": "Sassuolo", "logo": "https://media.api-sports.io/football/teams/488.png"}, "fixture": {"id": 1378022, "timezone": "UTC", "date": "2025-12-21T14:00:00+00:00", "timestamp": 1766325600}, "league": {"id": 135, "season": 2025, "name": "Serie A", "country": "Italy", "logo": "https://media.api-sports.io/football/leagues/135.png", "flag": "https://media.api-sports.io/flags/it.svg"}}, {"player": {"id": 30537, "name": "D. Berardi", "photo": "https://media.api-sports.io/football/players/30537.png", "type": "Missing Fixture", "reason": "Muscle Injury"}, "team": {"id": 488, "name": "Sassuolo", "logo": "https://media.api-sports.io/football/teams/488.png"}, "fixture": {"id": 1378025, "timezone": "UTC", "date": "2025-12-28T17:00:00+00:00", "timestamp": 1766941200}, "league": {"id": 135, "season": 2025, "name": "Serie A", "country": "Italy", "logo": "https://media.api-sports.io/football/leagues/135.png", "flag": "https://media.api-sports.io/flags/it.svg"}}, {"player": {"id": 291780, "name": "D. Boloca", "photo": "https://media.api-sports.io/football/players/291780.png", "type": "Missing Fixture", "reason": "Knee Injury"}, "team": {"id": 488, "name": "Sassuolo", "logo": "https://media.api-sports.io/football/teams/488.png"}, "fixture": {"id": 1378025, "timezone": "UTC", "date": "2025-12-28T17:00:00+00:00", "timestamp": 1766941200}, "league": {"id": 135, "season": 2025, "name": "Serie A", "country": "Italy", "logo": "https://media.api-sports.io/football/leagues/135.png", "flag": "https://media.api-sports.io/flags/it.svg"}}, {"player": {"id": 128338, "name": "W. Coulibaly", "photo": "https://media.api-sports.io/football/players/128338.png", "type": "Missing Fixture", "reason": "International duty"}, "team": {"id": 488, "name": "Sassuolo", "logo": "https://media.api-sports.io/football/teams/488.png"}, "fixture": {"id": 1378025, "timezone": "UTC", "date": "2025-12-28T17:00:00+00:00", "timestamp": 1766941200}, "league": {"id": 135, "season": 2025, "name": "Serie A", "country": "Italy", "logo": "https://media.api-sports.io/football/leagues/135.png", "flag": "https://media.api-sports.io/flags/it.svg"}}, {"player": {"id": 59513, "name": "Y. Paz", "photo": "https://media.api-sports.io/football/players/59513.png", "type": "Missing Fixture", "reason": "Hip Injury"}, "team": {"id": 488, "name": "Sassuolo", "logo": "https://media.api-sports.io/football/teams/488.png"}, "fixture": {"id": 1378025, "timezone": "UTC", "date": "2025-12-28T17:00:00+00:00", "timestamp": 1766941200}, "league": {"id": 135, "season": 2025, "name": "Serie A", "country": "Italy", "logo": "https://media.api-sports.io/football/leagues/135.png", "flag": "https://media.api-sports.io/flags/it.svg"}}, {"player": {"id": 342055, "name": "E. Pieragnolo", "photo": "https://media.api-sports.io/football/players/342055.png", "type": "Missing Fixture", "reason": "Knee Injury"}, "team": {"id": 488, "name": "Sassuolo", "logo": "https://media.api-sports.io/football/teams/488.png"}, "fixture": {"id": 1378025, "timezone": "UTC", "date": "2025-12-28T17:00:00+00:00", "timestamp": 1766941200}, "league": {"id": 135, "season": 2025, "name": "Serie A", "country": "Italy", "logo": "https://media.api-sports.io/football/leagues/135.png", "flag": "https://media.api-sports.io/flags/it.svg"}}, {"player": {"id": 30556, "name": "F. Romagna", "photo": "https://media.api-sports.io/football/players/30556.png", "type": "Missing Fixture", "reason": "Calf Injury"}, "team": {"id": 488, "name": "Sassuolo", "logo": "https://media.api-sports.io/football/teams/488.png"}, "fixture": {"id": 1378025, "timezone": "UTC", "date": "2025-12-28T17:00:00+00:00", "timestamp": 1766941200}, "league": {"id": 135, "season": 2025, "name": "Serie A", "country": "Italy", "logo": "https://media.api-sports.io/football/leagues/135.png", "flag": "https://media.api-sports.io/flags/it.svg"}}, {"player": {"id": 30537, "name": "D. Berardi", "photo": "https://media.api-sports.io/football/players/30537.png", "type": "Missing Fixture", "reason": "Muscle Injury"}, "team": {"id": 488, "name": "Sassuolo", "logo": "https://media.api-sports.io/football/teams/488.png"}, "fixture": {"id": 1378042, "timezone": "UTC", "date": "2026-01-03T14:00:00+00:00", "timestamp": 1767448800}, "league": {"id": 135, "season": 2025, "name": "Serie A", "country": "Italy", "logo": "https://media.api-sports.io/football/leagues/135.png", "flag": "https://media.api-sports.io/flags/it.svg"}}, {"player": {"id": 291780, "name": "D. Boloca", "photo": "https://media.api-sports.io/football/players/291780.png", "type": "Missing Fixture", "reason": "Knee Injury"}, "team": {"id": 488, "name": "Sassuolo", "logo": "https://media.api-sports.io/football/teams/488.png"}, "fixture": {"id": 1378042, "timezone": "UTC", "date": "2026-01-03T14:00:00+00:00", "timestamp": 1767448800}, "league": {"id": 135, "season": 2025, "name": "Serie A", "country": "Italy", "logo": "https://media.api-sports.io/football/leagues/135.png", "flag": "https://media.api-sports.io/flags/it.svg"}}, {"player": {"id": 128338, "name": "W. Coulibaly", "photo": "https://media.api-sports.io/football/players/128338.png", "type": "Missing Fixture", "reason": "International duty"}, "team": {"id": 488, "name": "Sassuolo", "logo": "https://media.api-sports.io/football/teams/488.png"}, "fixture": {"id": 1378042, "timezone": "UTC", "date": "2026-01-03T14:00:00+00:00", "timestamp": 1767448800}, "league": {"id": 135, "season": 2025, "name": "Serie A", "country": "Italy", "logo": "https://media.api-sports.io/football/leagues/135.png", "flag": "https://media.api-sports.io/flags/it.svg"}}, {"player": {"id": 59513, "name": "Y. Paz", "photo": "https://media.api-sports.io/football/players/59513.png", "type": "Missing Fixture", "reason": "Hip Injury"}, "team": {"id": 488, "name": "Sassuolo", "logo": "https://media.api-sports.io/football/teams/488.png"}, "fixture": {"id": 1378042, "timezone": "UTC", "date": "2026-01-03T14:00:00+00:00", "timestamp": 1767448800}, "league": {"id": 135, "season": 2025, "name": "Serie A", "country": "Italy", "logo": "https://media.api-sports.io/football/leagues/135.png", "flag": "https://media.api-sports.io/flags/it.svg"}}, {"player": {"id": 342055, "name": "E. Pieragnolo", "photo": "https://media.api-sports.io/football/players/342055.png", "type": "Missing Fixture", "reason": "Knee Injury"}, "team": {"id": 488, "name": "Sassuolo", "logo": "https://media.api-sports.io/football/teams/488.png"}, "fixture": {"id": 1378042, "timezone": "UTC", "date": "2026-01-03T14:00:00+00:00", "timestamp": 1767448800}, "league": {"id": 135, "season": 2025, "name": "Serie A", "country": "Italy", "logo": "https://media.api-sports.io/football/leagues/135.png", "flag": "https://media.api-sports.io/flags/it.svg"}}, {"player": {"id": 30556, "name": "F. Romagna", "photo": "https://media.api-sports.io/football/players/30556.png", "type": "Missing Fixture", "reason": "Calf Injury"}, "team": {"id": 488, "name": "Sassuolo", "logo": "https://media.api-sports.io/football/teams/488.png"}, "fixture": {"id": 1378042, "timezone": "UTC", "date": "2026-01-03T14:00:00+00:00", "timestamp": 1767448800}, "league": {"id": 135, "season": 2025, "name": "Serie A", "country": "Italy", "logo": "https://media.api-sports.io/football/leagues/135.png", "flag": "https://media.api-sports.io/flags/it.svg"}}, {"player": {"id": 30537, "name": "D. Berardi", "photo": "https://media.api-sports.io/football/players/30537.png", "type": "Missing Fixture", "reason": "Muscle Injury"}, "team": {"id": 488, "name": "Sassuolo", "logo": "https://media.api-sports.io/football/teams/488.png"}, "fixture": {"id": 1378052, "timezone": "UTC", "date": "2026-01-06T19:45:00+00:00", "timestamp": 1767728700}, "league": {"id": 135, "season": 2025, "name": "Serie A", "country": "Italy", "logo": "https://media.api-sports.io/football/leagues/135.png", "flag": "https://media.api-sports.io/flags/it.svg"}}, {"player": {"id": 291780, "name": "D. Boloca", "photo": "https://media.api-sports.io/football/players/291780.png", "type": "Missing Fixture", "reason": "Knee Injury"}, "team": {"id": 488, "name": "Sassuolo", "logo": "https://media.api-sports.io/football/teams/488.png"}, "fixture": {"id": 1378052, "timezone": "UTC", "date": "2026-01-06T19:45:00+00:00", "timestamp": 1767728700}, "league": {"id": 135, "season": 2025, "name": "Serie A", "country": "Italy", "logo": "https://media.api-sports.io/football/leagues/135.png", "flag": "https://media.api-sports.io/flags/it.svg"}}, {"player": {"id": 128338, "name": "W. Coulibaly", "photo": "https://media.api-sports.io/football/players/128338.png", "type": "Missing Fixture", "reason": "International duty"}, "team": {"id": 488, "name": "Sassuolo", "logo": "https://media.api-sports.io/football/teams/488.png"}, "fixture": {"id": 1378052, "timezone": "UTC", "date": "2026-01-06T19:45:00+00:00", "timestamp": 1767728700}, "league": {"id": 135, "season": 2025, "name": "Serie A", "country": "Italy", "logo": "https://media.api-sports.io/football/leagues/135.png", "flag": "https://media.api-sports.io/flags/it.svg"}}, {"player": {"id": 59513, "name": "Y. Paz", "photo": "https://media.api-sports.io/football/players/59513.png", "type": "Missing Fixture", "reason": "Hip Injury"}, "team": {"id": 488, "name": "Sassuolo", "logo": "https://media.api-sports.io/football/teams/488.png"}, "fixture": {"id": 1378052, "timezone": "UTC", "date": "2026-01-06T19:45:00+00:00", "timestamp": 1767728700}, "league": {"id": 135, "season": 2025, "name": "Serie A", "country": "Italy", "logo": "https://media.api-sports.io/football/leagues/135.png", "flag": "https://media.api-sports.io/flags/it.svg"}}, {"player": {"id": 342055, "name": "E. Pieragnolo", "photo": "https://media.api-sports.io/football/players/342055.png", "type": "Missing Fixture", "reason": "Knee Injury"}, "team": {"id": 488, "name": "Sassuolo", "logo": "https://media.api-sports.io/football/teams/488.png"}, "fixture": {"id": 1378052, "timezone": "UTC", "date": "2026-01-06T19:45:00+00:00", "timestamp": 1767728700}, "league": {"id": 135, "season": 2025, "name": "Serie A", "country": "Italy", "logo": "https://media.api-sports.io/football/leagues/135.png", "flag": "https://media.api-sports.io/flags/it.svg"}}, {"player": {"id": 30556, "name": "F. Romagna", "photo": "https://media.api-sports.io/football/players/30556.png", "type": "Missing Fixture", "reason": "Calf Injury"}, "team": {"id": 488, "name": "Sassuolo", "logo": "https://media.api-sports.io/football/teams/488.png"}, "fixture": {"id": 1378052, "timezone": "UTC", "date": "2026-01-06T19:45:00+00:00", "timestamp": 1767728700}, "league": {"id": 135, "season": 2025, "name": "Serie A", "country": "Italy", "logo": "https://media.api-sports.io/football/leagues/135.png", "flag": "https://media.api-sports.io/flags/it.svg"}}, {"player": {"id": 30537, "name": "D. Berardi", "photo": "https://media.api-sports.io/football/players/30537.png", "type": "Missing Fixture", "reason": "Muscle Injury"}, "team": {"id": 488, "name": "Sassuolo", "logo": "https://media.api-sports.io/football/teams/488.png"}, "fixture": {"id": 1378069, "timezone": "UTC", "date": "2026-01-17T17:00:00+00:00", "timestamp": 1768669200}, "league": {"id": 135, "season": 2025, "name": "Serie A", "country": "Italy", "logo": "https://media.api-sports.io/football/leagues/135.png", "flag": "https://media.api-sports.io/flags/it.svg"}}, {"player": {"id": 291780, "name": "D. Boloca", "photo": "https://media.api-sports.io/football/players/291780.png", "type": "Missing Fixture", "reason": "Knee Injury"}, "team": {"id": 488, "name": "Sassuolo", "logo": "https://media.api-sports.io/football/teams/488.png"}, "fixture": {"id": 1378069, "timezone": "UTC", "date": "2026-01-17T17:00:00+00:00", "timestamp": 1768669200}, "league": {"id": 135, "season": 2025, "name": "Serie A", "country": "Italy", "logo": "https://media.api-sports.io/football/leagues/135.png", "flag": "https://media.api-sports.io/flags/it.svg"}}, {"player": {"id": 41371, "name": "F. Cande", "photo": "https://media.api-sports.io/football/players/41371.png", "type": "Missing Fixture", "reason": "Injury"}, "team": {"id": 488, "name": "Sassuolo", "logo": "https://media.api-sports.io/football/teams/488.png"}, "fixture": {"id": 1378069, "timezone": "UTC", "date": "2026-01-17T17:00:00+00:00", "timestamp": 1768669200}, "league": {"id": 135, "season": 2025, "name": "Serie A", "country": "Italy", "logo": "https://media.api-sports.io/football/leagues/135.png", "flag": "https://media.api-sports.io/flags/it.svg"}}, {"player": {"id": 342055, "name": "E. Pieragnolo", "photo": "https://media.api-sports.io/football/players/342055.png", "type": "Missing Fixture", "reason": "Knee Injury"}, "team": {"id": 488, "name": "Sassuolo", "logo": "https://media.api-sports.io/football/teams/488.png"}, "fixture": {"id": 1378069, "timezone": "UTC", "date": "2026-01-17T17:00:00+00:00", "timestamp": 1768669200}, "league": {"id": 135, "season": 2025, "name": "Serie A", "country": "Italy", "logo": "https://media.api-sports.io/football/leagues/135.png", "flag": "https://media.api-sports.io/flags/it.svg"}}, {"player": {"id": 39143, "name": "K. Thorstvedt", "photo": "https://media.api-sports.io/football/players/39143.png", "type": "Missing Fixture", "reason": "Shoulder Injury"}, "team": {"id": 488, "name": "Sassuolo", "logo": "https://media.api-sports.io/football/teams/488.png"}, "fixture": {"id": 1378069, "timezone": "UTC", "date": "2026-01-17T17:00:00+00:00", "timestamp": 1768669200}, "league": {"id": 135, "season": 2025, "name": "Serie A", "country": "Italy", "logo": "https://media.api-sports.io/football/leagues/135.png", "flag": "https://media.api-sports.io/flags/it.svg"}}, {"player": {"id": 342035, "name": "C. Volpato", "photo": "https://media.api-sports.io/football/players/342035.png", "type": "Missing Fixture", "reason": "Muscle Injury"}, "team": {"id": 488, "name": "Sassuolo", "logo": "https://media.api-sports.io/football/teams/488.png"}, "fixture": {"id": 1378069, "timezone": "UTC", "date": "2026-01-17T17:00:00+00:00", "timestamp": 1768669200}, "league": {"id": 135, "season": 2025, "name": "Serie A", "country": "Italy", "logo": "https://media.api-sports.io/football/leagues/135.png", "flag": "https://media.api-sports.io/flags/it.svg"}}, {"player": {"id": 291780, "name": "D. Boloca", "photo": "https://media.api-sports.io/football/players/291780.png", "type": "Missing Fixture", "reason": "Knee Injury"}, "team": {"id": 488, "name": "Sassuolo", "logo": "https://media.api-sports.io/football/teams/488.png"}, "fixture": {"id": 1378082, "timezone": "UTC", "date": "2026-01-25T11:30:00+00:00", "timestamp": 1769340600}, "league": {"id": 135, "season": 2025, "name": "Serie A", "country": "Italy", "logo": "https://media.api-sports.io/football/leagues/135.png", "flag": "https://media.api-sports.io/flags/it.svg"}}, {"player": {"id": 41371, "name": "F. Cande", "photo": "https://media.api-sports.io/football/players/41371.png", "type": "Missing Fixture", "reason": "Knee Injury"}, "team": {"id": 488, "name": "Sassuolo", "logo": "https://media.api-sports.io/football/teams/488.png"}, "fixture": {"id": 1378082, "timezone": "UTC", "date": "2026-01-25T11:30:00+00:00", "timestamp": 1769340600}, "league": {"id": 135, "season": 2025, "name": "Serie A", "country": "Italy", "logo": "https://media.api-sports.io/football/leagues/135.png", "flag": "https://media.api-sports.io/flags/it.svg"}}, {"player": {"id": 342055, "name": "E. Pieragnolo", "photo": "https://media.api-sports.io/football/players/342055.png", "type": "Missing Fixture", "reason": "Knee Injury"}, "team": {"id": 488, "name": "Sassuolo", "logo": "https://media.api-sports.io/football/teams/488.png"}, "fixture": {"id": 1378082, "timezone": "UTC", "date": "2026-01-25T11:30:00+00:00", "timestamp": 1769340600}, "league": {"id": 135, "season": 2025, "name": "Serie A", "country": "Italy", "logo": "https://media.api-sports.io/football/leagues/135.png", "flag": "https://media.api-sports.io/flags/it.svg"}}, {"player": {"id": 291780, "name": "D. Boloca", "photo": "https://media.api-sports.io/football/players/291780.png", "type": "Missing Fixture", "reason": "Knee Injury"}, "team": {"id": 488, "name": "Sassuolo", "logo": "https://media.api-sports.io/football/teams/488.png"}, "fixture": {"id": 1378091, "timezone": "UTC", "date": "2026-01-31T14:00:00+00:00", "timestamp": 1769868000}, "league": {"id": 135, "season": 2025, "name": "Serie A", "country": "Italy", "logo": "https://media.api-sports.io/football/leagues/135.png", "flag": "https://media.api-sports.io/flags/it.svg"}}, {"player": {"id": 41371, "name": "F. Cande", "photo": "https://media.api-sports.io/football/players/41371.png", "type": "Missing Fixture", "reason": "Knee Injury"}, "team": {"id": 488, "name": "Sassuolo", "logo": "https://media.api-sports.io/football/teams/488.png"}, "fixture": {"id": 1378091, "timezone": "UTC", "date": "2026-01-31T14:00:00+00:00", "timestamp": 1769868000}, "league": {"id": 135, "season": 2025, "name": "Serie A", "country": "Italy", "logo": "https://media.api-sports.io/football/leagues/135.png", "flag": "https://media.api-sports.io/flags/it.svg"}}, {"player": {"id": 342055, "name": "E. Pieragnolo", "photo": "https://media.api-sports.io/football/players/342055.png", "type": "Missing Fixture", "reason": "Knee Injury"}, "team": {"id": 488, "name": "Sassuolo", "logo": "https://media.api-sports.io/football/teams/488.png"}, "fixture": {"id": 1378091, "timezone": "UTC", "date": "2026-01-31T14:00:00+00:00", "timestamp": 1769868000}, "league": {"id": 135, "season": 2025, "name": "Serie A", "country": "Italy", "logo": "https://media.api-sports.io/football/leagues/135.png", "flag": "https://media.api-sports.io/flags/it.svg"}}, {"player": {"id": 41371, "name": "F. Cande", "photo": "https://media.api-sports.io/football/players/41371.png", "type": "Missing Fixture", "reason": "Knee Injury"}, "team": {"id": 488, "name": "Sassuolo", "logo": "https://media.api-sports.io/football/teams/488.png"}, "fixture": {"id": 1378102, "timezone": "UTC", "date": "2026-02-08T17:00:00+00:00", "timestamp": 1770570000}, "league": {"id": 135, "season": 2025, "name": "Serie A", "country": "Italy", "logo": "https://media.api-sports.io/football/leagues/135.png", "flag": "https://media.api-sports.io/flags/it.svg"}}, {"player": {"id": 342055, "name": "E. Pieragnolo", "photo": "https://media.api-sports.io/football/players/342055.png", "type": "Missing Fixture", "reason": "Knee Injury"}, "team": {"id": 488, "name": "Sassuolo", "logo": "https://media.api-sports.io/football/teams/488.png"}, "fixture": {"id": 1378102, "timezone": "UTC", "date": "2026-02-08T17:00:00+00:00", "timestamp": 1770570000}, "league": {"id": 135, "season": 2025, "name": "Serie A", "country": "Italy", "logo": "https://media.api-sports.io/football/leagues/135.png", "flag": "https://media.api-sports.io/flags/it.svg"}}, {"player": {"id": 30519, "name": "S. Turati", "photo": "https://media.api-sports.io/football/players/30519.png", "type": "Missing Fixture", "reason": "Illness"}, "team": {"id": 488, "name": "Sassuolo", "logo": "https://media.api-sports.io/football/teams/488.png"}, "fixture": {"id": 1378102, "timezone": "UTC", "date": "2026-02-08T17:00:00+00:00", "timestamp": 1770570000}, "league": {"id": 135, "season": 2025, "name": "Serie A", "country": "Italy", "logo": "https://media.api-sports.io/football/leagues/135.png", "flag": "https://media.api-sports.io/flags/it.svg"}}, {"player": {"id": 291780, "name": "D. Boloca", "photo": "https://media.api-sports.io/football/players/291780.png", "type": "Missing Fixture", "reason": "Muscle Injury"}, "team": {"id": 488, "name": "Sassuolo", "logo": "https://media.api-sports.io/football/teams/488.png"}, "fixture": {"id": 1378113, "timezone": "UTC", "date": "2026-02-15T11:30:00+00:00", "timestamp": 1771155000}, "league": {"id": 135, "season": 2025, "name": "Serie A", "country": "Italy", "logo": "https://media.api-sports.io/football/leagues/135.png", "flag": "https://media.api-sports.io/flags/it.svg"}}, {"player": {"id": 41371, "name": "F. Cande", "photo": "https://media.api-sports.io/football/players/41371.png", "type": "Missing Fixture", "reason": "Knee Injury"}, "team": {"id": 488, "name": "Sassuolo", "logo": "https://media.api-sports.io/football/teams/488.png"}, "fixture": {"id": 1378113, "timezone": "UTC", "date": "2026-02-15T11:30:00+00:00", "timestamp": 1771155000}, "league": {"id": 135, "season": 2025, "name": "Serie A", "country": "Italy", "logo": "https://media.api-sports.io/football/leagues/135.png", "flag": "https://media.api-sports.io/flags/it.svg"}}, {"player": {"id": 902, "name": "N. Matic", "photo": "https://media.api-sports.io/football/players/902.png", "type": "Missing Fixture", "reason": "Red Card"}, "team": {"id": 488, "name": "Sassuolo", "logo": "https://media.api-sports.io/football/teams/488.png"}, "fixture": {"id": 1378113, "timezone": "UTC", "date": "2026-02-15T11:30:00+00:00", "timestamp": 1771155000}, "league": {"id": 135, "season": 2025, "name": "Serie A", "country": "Italy", "logo": "https://media.api-sports.io/football/leagues/135.png", "flag": "https://media.api-sports.io/flags/it.svg"}}, {"player": {"id": 342055, "name": "E. Pieragnolo", "photo": "https://media.api-sports.io/football/players/342055.png", "type": "Missing Fixture", "reason": "Knee Injury"}, "team": {"id": 488, "name": "Sassuolo", "logo": "https://media.api-sports.io/football/teams/488.png"}, "fixture": {"id": 1378113, "timezone": "UTC", "date": "2026-02-15T11:30:00+00:00", "timestamp": 1771155000}, "league": {"id": 135, "season": 2025, "name": "Serie A", "country": "Italy", "logo": "https://media.api-sports.io/football/leagues/135.png", "flag": "https://media.api-sports.io/flags/it.svg"}}, {"player": {"id": 30519, "name": "S. Turati", "photo": "https://media.api-sports.io/football/players/30519.png", "type": "Questionable", "reason": "Illness"}, "team": {"id": 488, "name": "Sassuolo", "logo": "https://media.api-sports.io/football/teams/488.png"}, "fixture": {"id": 1378113, "timezone": "UTC", "date": "2026-02-15T11:30:00+00:00", "timestamp": 1771155000}, "league": {"id": 135, "season": 2025, "name": "Serie A", "country": "Italy", "logo": "https://media.api-sports.io/football/leagues/135.png", "flag": "https://media.api-sports.io/flags/it.svg"}}]}