{"get": "injuries", "parameters": {"league": "39", "season": "2025", "team": "746"}, "errors": [], "results": 136, "paging": {"current": 1, "total": 1}, "response": [{"player": {"id": 18816, "name": "Fuka Arthur Masuaku", "photo": "https://media.api-sports.io/football/players/18816.png", "type": "Missing Fixture", "reason": "Suspension"}, "team": {"id": 746, "name": "Sunderland", "logo": "https://media.api-sports.io/football/teams/746.png"}, "fixture": {"id": 1378973, "timezone": "UTC", "date": "2025-08-16T14:00:00+00:00", "timestamp": 1755352800}, "league": {"id": 39, "season": 2025, "name": "Premier League", "country": "England", "logo": "https://media.api-sports.io/football/leagues/39.png", "flag": "https://media.api-sports.io/flags/gb-eng.svg"}}, {"player": {"id": 84087, "name": "Wilson Isidor", "photo": "https://media.api-sports.io/football/players/84087.png", "type": "Missing Fixture", "reason": "injured"}, "team": {"id": 746, "name": "Sunderland", "logo": "https://media.api-sports.io/football/teams/746.png"}, "fixture": {"id": 1378973, "timezone": "UTC", "date": "2025-08-16T14:00:00+00:00", "timestamp": 1755352800}, "league": {"id": 39, "season": 2025, "name": "Premier League", "country": "England", "logo": "https://media.api-sports.io/football/leagues/39.png", "flag": "https://media.api-sports.io/flags/gb-eng.svg"}}, {"player": {"id": 169282, "name": "Niall Huggins", "photo": "https://media.api-sports.io/football/players/169282.png", "type": "Missing Fixture", "reason": "Knee Surgery"}, "team": {"id": 746, "name": "Sunderland", "logo": "https://media.api-sports.io/football/teams/746.png"}, "fixture": {"id": 1378973, "timezone": "UTC", "date": "2025-08-16T14:00:00+00:00", "timestamp": 1755352800}, "league": {"id": 39, "season": 2025, "name": "Premier League", "country": "England", "logo": "https://media.api-sports.io/football/leagues/39.png", "flag": "https://media.api-sports.io/flags/gb-eng.svg"}}, {"player": {"id": 392270, "name": "Marc Guiu", "photo": "https://media.api-sports.io/football/players/392270.png", "type": "Missing Fixture", "reason": "Injured Doubtful"}, "team": {"id": 746, "name": "Sunderland", "logo": "https://media.api-sports.io/football/teams/746.png"}, "fixture": {"id": 1378973, "timezone": "UTC", "date": "2025-08-16T14:00:00+00:00", "timestamp": 1755352800}, "league": {"id": 39, "season": 2025, "name": "Premier League", "country": "England", "logo": "https://media.api-sports.io/football/leagues/39.png", "flag": "https://media.api-sports.io/flags/gb-eng.svg"}}, {"player": {"id": 1146, "name": "Nordi Mukiele", "photo": "https://media.api-sports.io/football/players/1146.png", "type": "Missing Fixture", "reason": "Torn Muscle Fibre"}, "team": {"id": 746, "name": "Sunderland", "logo": "https://media.api-sports.io/football/teams/746.png"}, "fixture": {"id": 1378982, "timezone": "UTC", "date": "2025-08-23T14:00:00+00:00", "timestamp": 1755957600}, "league": {"id": 39, "season": 2025, "name": "Premier League", "country": "England", "logo": "https://media.api-sports.io/football/leagues/39.png", "flag": "https://media.api-sports.io/flags/gb-eng.svg"}}, {"player": {"id": 169282, "name": "Niall Huggins", "photo": "https://media.api-sports.io/football/players/169282.png", "type": "Missing Fixture", "reason": "Knee Surgery"}, "team": {"id": 746, "name": "Sunderland", "logo": "https://media.api-sports.io/football/teams/746.png"}, "fixture": {"id": 1378982, "timezone": "UTC", "date": "2025-08-23T14:00:00+00:00", "timestamp": 1755957600}, "league": {"id": 39, "season": 2025, "name": "Premier League", "country": "England", "logo": "https://media.api-sports.io/football/leagues/39.png", "flag": "https://media.api-sports.io/flags/gb-eng.svg"}}, {"player": {"id": 55904, "name": "D. Ballard", "photo": "https://media.api-sports.io/football/players/55904.png", "type": "Missing Fixture", "reason": "Groin Injury"}, "team": {"id": 746, "name": "Sunderland", "logo": "https://media.api-sports.io/football/teams/746.png"}, "fixture": {"id": 1378996, "timezone": "UTC", "date": "2025-08-30T14:00:00+00:00", "timestamp": 1756562400}, "league": {"id": 39, "season": 2025, "name": "Premier League", "country": "England", "logo": "https://media.api-sports.io/football/leagues/39.png", "flag": "https://media.api-sports.io/flags/gb-eng.svg"}}, {"player": {"id": 55904, "name": "D. Ballard", "photo": "https://media.api-sports.io/football/players/55904.png", "type": "Missing Fixture", "reason": "Groin Injury"}, "team": {"id": 746, "name": "Sunderland", "logo": "https://media.api-sports.io/football/teams/746.png"}, "fixture": {"id": 1379003, "timezone": "UTC", "date": "2025-09-13T14:00:00+00:00", "timestamp": 1757772000}, "league": {"id": 39, "season": 2025, "name": "Premier League", "country": "England", "logo": "https://media.api-sports.io/football/leagues/39.png", "flag": "https://media.api-sports.io/flags/gb-eng.svg"}}, {"player": {"id": 284414, "name": "R. Mundle", "photo": "https://media.api-sports.io/football/players/284414.png", "type": "Missing Fixture", "reason": "Hamstring Injury"}, "team": {"id": 746, "name": "Sunderland", "logo": "https://media.api-sports.io/football/teams/746.png"}, "fixture": {"id": 1378973, "timezone": "UTC", "date": "2025-08-16T14:00:00+00:00", "timestamp": 1755352800}, "league": {"id": 39, "season": 2025, "name": "Premier League", "country": "England", "logo": "https://media.api-sports.io/football/leagues/39.png", "flag": "https://media.api-sports.io/flags/gb-eng.svg"}}, {"player": {"id": 284414, "name": "R. Mundle", "photo": "https://media.api-sports.io/football/players/284414.png", "type": "Missing Fixture", "reason": "Hamstring Injury"}, "team": {"id": 746, "name": "Sunderland", "logo": "https://media.api-sports.io/football/teams/746.png"}, "fixture": {"id": 1378982, "timezone": "UTC", "date": "2025-08-23T14:00:00+00:00", "timestamp": 1755957600}, "league": {"id": 39, "season": 2025, "name": "Premier League", "country": "England", "logo": "https://media.api-sports.io/football/leagues/39.png", "flag": "https://media.api-sports.io/flags/gb-eng.svg"}}, {"player": {"id": 284414, "name": "R. Mundle", "photo": "https://media.api-sports.io/football/players/284414.png", "type": "Missing Fixture", "reason": "Hamstring Injury"}, "team": {"id": 746, "name": "Sunderland", "logo": "https://media.api-sports.io/football/teams/746.png"}, "fixture": {"id": 1378996, "timezone": "UTC", "date": "2025-08-30T14:00:00+00:00", "timestamp": 1756562400}, "league": {"id": 39, "season": 2025, "name": "Premier League", "country": "England", "logo": "https://media.api-sports.io/football/leagues/39.png", "flag": "https://media.api-sports.io/flags/gb-eng.svg"}}, {"player": {"id": 284414, "name": "R. Mundle", "photo": "https://media.api-sports.io/football/players/284414.png", "type": "Missing Fixture", "reason": "Hamstring Injury"}, "team": {"id": 746, "name": "Sunderland", "logo": "https://media.api-sports.io/football/teams/746.png"}, "fixture": {"id": 1379003, "timezone": "UTC", "date": "2025-09-13T14:00:00+00:00", "timestamp": 1757772000}, "league": {"id": 39, "season": 2025, "name": "Premier League", "country": "England", "logo": "https://media.api-sports.io/football/leagues/39.png", "flag": "https://media.api-sports.io/flags/gb-eng.svg"}}, {"player": {"id": 297187, "name": "L. Hjelde", "photo": "https://media.api-sports.io/football/players/297187.png", "type": "Missing Fixture", "reason": "Achilles tendon problems"}, "team": {"id": 746, "name": "Sunderland", "logo": "https://media.api-sports.io/football/teams/746.png"}, "fixture": {"id": 1378973, "timezone": "UTC", "date": "2025-08-16T14:00:00+00:00", "timestamp": 1755352800}, "league": {"id": 39, "season": 2025, "name": "Premier League", "country": "England", "logo": "https://media.api-sports.io/football/leagues/39.png", "flag": "https://media.api-sports.io/flags/gb-eng.svg"}}, {"player": {"id": 297187, "name": "L. Hjelde", "photo": "https://media.api-sports.io/football/players/297187.png", "type": "Missing Fixture", "reason": "Achilles tendon problems"}, "team": {"id": 746, "name": "Sunderland", "logo": "https://media.api-sports.io/football/teams/746.png"}, "fixture": {"id": 1378982, "timezone": "UTC", "date": "2025-08-23T14:00:00+00:00", "timestamp": 1755957600}, "league": {"id": 39, "season": 2025, "name": "Premier League", "country": "England", "logo": "https://media.api-sports.io/football/leagues/39.png", "flag": "https://media.api-sports.io/flags/gb-eng.svg"}}, {"player": {"id": 297187, "name": "L. Hjelde", "photo": "https://media.api-sports.io/football/players/297187.png", "type": "Missing Fixture", "reason": "Achilles tendon problems"}, "team": {"id": 746, "name": "Sunderland", "logo": "https://media.api-sports.io/football/teams/746.png"}, "fixture": {"id": 1378996, "timezone": "UTC", "date": "2025-08-30T14:00:00+00:00", "timestamp": 1756562400}, "league": {"id": 39, "season": 2025, "name": "Premier League", "country": "England", "logo": "https://media.api-sports.io/football/leagues/39.png", "flag": "https://media.api-sports.io/flags/gb-eng.svg"}}, {"player": {"id": 297187, "name": "L. Hjelde", "photo": "https://media.api-sports.io/football/players/297187.png", "type": "Missing Fixture", "reason": "Achilles tendon problems"}, "team": {"id": 746, "name": "Sunderland", "logo": "https://media.api-sports.io/football/teams/746.png"}, "fixture": {"id": 1379003, "timezone": "UTC", "date": "2025-09-13T14:00:00+00:00", "timestamp": 1757772000}, "league": {"id": 39, "season": 2025, "name": "Premier League", "country": "England", "logo": "https://media.api-sports.io/football/leagues/39.png", "flag": "https://media.api-sports.io/flags/gb-eng.svg"}}, {"player": {"id": 141133, "name": "A. Alese", "photo": "https://media.api-sports.io/football/players/141133.png", "type": "Missing Fixture", "reason": "Shoulder injury"}, "team": {"id": 746, "name": "Sunderland", "logo": "https://media.api-sports.io/football/teams/746.png"}, "fixture": {"id": 1378973, "timezone": "UTC", "date": "2025-08-16T14:00:00+00:00", "timestamp": 1755352800}, "league": {"id": 39, "season": 2025, "name": "Premier League", "country": "England", "logo": "https://media.api-sports.io/football/leagues/39.png", "flag": "https://media.api-sports.io/flags/gb-eng.svg"}}, {"player": {"id": 141133, "name": "A. Alese", "photo": "https://media.api-sports.io/football/players/141133.png", "type": "Missing Fixture", "reason": "Shoulder injury"}, "team": {"id": 746, "name": "Sunderland", "logo": "https://media.api-sports.io/football/teams/746.png"}, "fixture": {"id": 1378982, "timezone": "UTC", "date": "2025-08-23T14:00:00+00:00", "timestamp": 1755957600}, "league": {"id": 39, "season": 2025, "name": "Premier League", "country": "England", "logo": "https://media.api-sports.io/football/leagues/39.png", "flag": "https://media.api-sports.io/flags/gb-eng.svg"}}, {"player": {"id": 141133, "name": "A. Alese", "photo": "https://media.api-sports.io/football/players/141133.png", "type": "Missing Fixture", "reason": "Shoulder injury"}, "team": {"id": 746, "name": "Sunderland", "logo": "https://media.api-sports.io/football/teams/746.png"}, "fixture": {"id": 1378996, "timezone": "UTC", "date": "2025-08-30T14:00:00+00:00", "timestamp": 1756562400}, "league": {"id": 39, "season": 2025, "name": "Premier League", "country": "England", "logo": "https://media.api-sports.io/football/leagues/39.png", "flag": "https://media.api-sports.io/flags/gb-eng.svg"}}, {"player": {"id": 141133, "name": "A. Alese", "photo": "https://media.api-sports.io/football/players/141133.png", "type": "Missing Fixture", "reason": "Shoulder injury"}, "team": {"id": 746, "name": "Sunderland", "logo": "https://media.api-sports.io/football/teams/746.png"}, "fixture": {"id": 1379003, "timezone": "UTC", "date": "2025-09-13T14:00:00+00:00", "timestamp": 1757772000}, "league": {"id": 39, "season": 2025, "name": "Premier League", "country": "England", "logo": "https://media.api-sports.io/football/leagues/39.png", "flag": "https://media.api-sports.io/flags/gb-eng.svg"}}, {"player": {"id": 141133, "name": "A. Alese", "photo": "https://media.api-sports.io/football/players/141133.png", "type": "Missing Fixture", "reason": "Shoulder injury"}, "team": {"id": 746, "name": "Sunderland", "logo": "https://media.api-sports.io/football/teams/746.png"}, "fixture": {"id": 1379171, "timezone": "UTC", "date": "2026-01-07T20:00:00+00:00", "timestamp": 1767816000}, "league": {"id": 39, "season": 2025, "name": "Premier League", "country": "England", "logo": "https://media.api-sports.io/football/leagues/39.png", "flag": "https://media.api-sports.io/flags/gb-eng.svg"}}, {"player": {"id": 141133, "name": "A. Alese", "photo": "https://media.api-sports.io/football/players/141133.png", "type": "Missing Fixture", "reason": "Shoulder injury"}, "team": {"id": 746, "name": "Sunderland", "logo": "https://media.api-sports.io/football/teams/746.png"}, "fixture": {"id": 1379236, "timezone": "UTC", "date": "2026-02-21T15:00:00+00:00", "timestamp": 1771686000}, "league": {"id": 39, "season": 2025, "name": "Premier League", "country": "England", "logo": "https://media.api-sports.io/football/leagues/39.png", "flag": "https://media.api-sports.io/flags/gb-eng.svg"}}, {"player": {"id": 141133, "name": "A. Alese", "photo": "https://media.api-sports.io/football/players/141133.png", "type": "Missing Fixture", "reason": "Shoulder injury"}, "team": {"id": 746, "name": "Sunderland", "logo": "https://media.api-sports.io/football/teams/746.png"}, "fixture": {"id": 1379240, "timezone": "UTC", "date": "2026-02-28T15:00:00+00:00", "timestamp": 1772290800}, "league": {"id": 39, "season": 2025, "name": "Premier League", "country": "England", "logo": "https://media.api-sports.io/football/leagues/39.png", "flag": "https://media.api-sports.io/flags/gb-eng.svg"}}, {"player": {"id": 141133, "name": "A. Alese", "photo": "https://media.api-sports.io/football/players/141133.png", "type": "Missing Fixture", "reason": "Shoulder injury"}, "team": {"id": 746, "name": "Sunderland", "logo": "https://media.api-sports.io/football/teams/746.png"}, "fixture": {"id": 1379254, "timezone": "UTC", "date": "2026-03-04T20:00:00+00:00", "timestamp": 1772654400}, "league": {"id": 39, "season": 2025, "name": "Premier League", "country": "England", "logo": "https://media.api-sports.io/football/leagues/39.png", "flag": "https://media.api-sports.io/flags/gb-eng.svg"}}, {"player": {"id": 141133, "name": "A. Alese", "photo": "https://media.api-sports.io/football/players/141133.png", "type": "Missing Fixture", "reason": "Shoulder injury"}, "team": {"id": 746, "name": "Sunderland", "logo": "https://media.api-sports.io/football/teams/746.png"}, "fixture": {"id": 1379267, "timezone": "UTC", "date": "2026-03-14T15:00:00+00:00", "timestamp": 1773500400}, "league": {"id": 39, "season": 2025, "name": "Premier League", "country": "England", "logo": "https://media.api-sports.io/football/leagues/39.png", "flag": "https://media.api-sports.io/flags/gb-eng.svg"}}, {"player": {"id": 141133, "name": "A. Alese", "photo": "https://media.api-sports.io/football/players/141133.png", "type": "Missing Fixture", "reason": "Shoulder injury"}, "team": {"id": 746, "name": "Sunderland", "logo": "https://media.api-sports.io/football/teams/746.png"}, "fixture": {"id": 1379276, "timezone": "UTC", "date": "2026-03-21T15:00:00+00:00", "timestamp": 1774105200}, "league": {"id": 39, "season": 2025, "name": "Premier League", "country": "England", "logo": "https://media.api-sports.io/football/leagues/39.png", "flag": "https://media.api-sports.io/flags/gb-eng.svg"}}, {"player": {"id": 141133, "name": "A. Alese", "photo": "https://media.api-sports.io/football/players/141133.png", "type": "Missing Fixture", "reason": "Shoulder injury"}, "team": {"id": 746, "name": "Sunderland", "logo": "https://media.api-sports.io/football/teams/746.png"}, "fixture": {"id": 1379287, "timezone": "UTC", "date": "2026-04-11T14:00:00+00:00", "timestamp": 1775916000}, "league": {"id": 39, "season": 2025, "name": "Premier League", "country": "England", "logo": "https://media.api-sports.io/football/leagues/39.png", "flag": "https://media.api-sports.io/flags/gb-eng.svg"}}, {"player": {"id": 141133, "name": "A. Alese", "photo": "https://media.api-sports.io/football/players/141133.png", "type": "Missing Fixture", "reason": "Shoulder injury"}, "team": {"id": 746, "name": "Sunderland", "logo": "https://media.api-sports.io/football/teams/746.png"}, "fixture": {"id": 1379289, "timezone": "UTC", "date": "2026-04-18T14:00:00+00:00", "timestamp": 1776520800}, "league": {"id": 39, "season": 2025, "name": "Premier League", "country": "England", "logo": "https://media.api-sports.io/football/leagues/39.png", "flag": "https://media.api-sports.io/flags/gb-eng.svg"}}, {"player": {"id": 141133, "name": "A. Alese", "photo": "https://media.api-sports.io/football/players/141133.png", "type": "Missing Fixture", "reason": "Shoulder injury"}, "team": {"id": 746, "name": "Sunderland", "logo": "https://media.api-sports.io/football/teams/746.png"}, "fixture": {"id": 1379306, "timezone": "UTC", "date": "2026-04-25T14:00:00+00:00", "timestamp": 1777125600}, "league": {"id": 39, "season": 2025, "name": "Premier League", "country": "England", "logo": "https://media.api-sports.io/football/leagues/39.png", "flag": "https://media.api-sports.io/flags/gb-eng.svg"}}, {"player": {"id": 141133, "name": "A. Alese", "photo": "https://media.api-sports.io/football/players/141133.png", "type": "Missing Fixture", "reason": "Shoulder injury"}, "team": {"id": 746, "name": "Sunderland", "logo": "https://media.api-sports.io/football/teams/746.png"}, "fixture": {"id": 1379318, "timezone": "UTC", "date": "2026-05-02T14:00:00+00:00", "timestamp": 1777730400}, "league": {"id": 39, "season": 2025, "name": "Premier League", "country": "England", "logo": "https://media.api-sports.io/football/leagues/39.png", "flag": "https://media.api-sports.io/flags/gb-eng.svg"}}, {"player": {"id": 162076, "name": "D. Cirkin", "photo": "https://media.api-sports.io/football/players/162076.png", "type": "Missing Fixture", "reason": "Wirst injury"}, "team": {"id": 746, "name": "Sunderland", "logo": "https://media.api-sports.io/football/teams/746.png"}, "fixture": {"id": 1378973, "timezone": "UTC", "date": "2025-08-16T14:00:00+00:00", "timestamp": 1755352800}, "league": {"id": 39, "season": 2025, "name": "Premier League", "country": "England", "logo": "https://media.api-sports.io/football/leagues/39.png", "flag": "https://media.api-sports.io/flags/gb-eng.svg"}}, {"player": {"id": 162076, "name": "D. Cirkin", "photo": "https://media.api-sports.io/football/players/162076.png", "type": "Missing Fixture", "reason": "Wirst injury"}, "team": {"id": 746, "name": "Sunderland", "logo": "https://media.api-sports.io/football/teams/746.png"}, "fixture": {"id": 1378982, "timezone": "UTC", "date": "2025-08-23T14:00:00+00:00", "timestamp": 1755957600}, "league": {"id": 39, "season": 2025, "name": "Premier League", "country": "England", "logo": "https://media.api-sports.io/football/leagues/39.png", "flag": "https://media.api-sports.io/flags/gb-eng.svg"}}, {"player": {"id": 162076, "name": "D. Cirkin", "photo": "https://media.api-sports.io/football/players/162076.png", "type": "Missing Fixture", "reason": "Wirst injury"}, "team": {"id": 746, "name": "Sunderland", "logo": "https://media.api-sports.io/football/teams/746.png"}, "fixture": {"id": 1378996, "timezone": "UTC", "date": "2025-08-30T14:00:00+00:00", "timestamp": 1756562400}, "league": {"id": 39, "season": 2025, "name": "Premier League", "country": "England", "logo": "https://media.api-sports.io/football/leagues/39.png", "flag": "https://media.api-sports.io/flags/gb-eng.svg"}}, {"player": {"id": 162076, "name": "D. Cirkin", "photo": "https://media.api-sports.io/football/players/162076.png", "type": "Missing Fixture", "reason": "Wirst injury"}, "team": {"id": 746, "name": "Sunderland", "logo": "https://media.api-sports.io/football/teams/746.png"}, "fixture": {"id": 1379003, "timezone": "UTC", "date": "2025-09-13T14:00:00+00:00", "timestamp": 1757772000}, "league": {"id": 39, "season": 2025, "name": "Premier League", "country": "England", "logo": "https://media.api-sports.io/football/leagues/39.png", "flag": "https://media.api-sports.io/flags/gb-eng.svg"}}, {"player": {"id": 141133, "name": "A. Alese", "photo": "https://media.api-sports.io/football/players/141133.png", "type": "Missing Fixture", "reason": "Shoulder Injury"}, "team": {"id": 746, "name": "Sunderland", "logo": "https://media.api-sports.io/football/teams/746.png"}, "fixture": {"id": 1379016, "timezone": "UTC", "date": "2025-09-21T13:00:00+00:00", "timestamp": 1758459600}, "league": {"id": 39, "season": 2025, "name": "Premier League", "country": "England", "logo": "https://media.api-sports.io/football/leagues/39.png", "flag": "https://media.api-sports.io/flags/gb-eng.svg"}}, {"player": {"id": 162076, "name": "D. Cirkin", "photo": "https://media.api-sports.io/football/players/162076.png", "type": "Missing Fixture", "reason": "Wrist Injury"}, "team": {"id": 746, "name": "Sunderland", "logo": "https://media.api-sports.io/football/teams/746.png"}, "fixture": {"id": 1379016, "timezone": "UTC", "date": "2025-09-21T13:00:00+00:00", "timestamp": 1758459600}, "league": {"id": 39, "season": 2025, "name": "Premier League", "country": "England", "logo": "https://media.api-sports.io/football/leagues/39.png", "flag": "https://media.api-sports.io/flags/gb-eng.svg"}}, {"player": {"id": 297187, "name": "L. F. Hjelde", "photo": "https://media.api-sports.io/football/players/297187.png", "type": "Missing Fixture", "reason": "Achilles Tendon Injury"}, "team": {"id": 746, "name": "Sunderland", "logo": "https://media.api-sports.io/football/teams/746.png"}, "fixture": {"id": 1379016, "timezone": "UTC", "date": "2025-09-21T13:00:00+00:00", "timestamp": 1758459600}, "league": {"id": 39, "season": 2025, "name": "Premier League", "country": "England", "logo": "https://media.api-sports.io/football/leagues/39.png", "flag": "https://media.api-sports.io/flags/gb-eng.svg"}}, {"player": {"id": 284414, "name": "R. Mundle", "photo": "https://media.api-sports.io/football/players/284414.png", "type": "Missing Fixture", "reason": "Hamstring Injury"}, "team": {"id": 746, "name": "Sunderland", "logo": "https://media.api-sports.io/football/teams/746.png"}, "fixture": {"id": 1379016, "timezone": "UTC", "date": "2025-09-21T13:00:00+00:00", "timestamp": 1758459600}, "league": {"id": 39, "season": 2025, "name": "Premier League", "country": "England", "logo": "https://media.api-sports.io/football/leagues/39.png", "flag": "https://media.api-sports.io/flags/gb-eng.svg"}}, {"player": {"id": 19911, "name": "L. O'Nien", "photo": "https://media.api-sports.io/football/players/19911.png", "type": "Missing Fixture", "reason": "Shoulder Injury"}, "team": {"id": 746, "name": "Sunderland", "logo": "https://media.api-sports.io/football/teams/746.png"}, "fixture": {"id": 1379016, "timezone": "UTC", "date": "2025-09-21T13:00:00+00:00", "timestamp": 1758459600}, "league": {"id": 39, "season": 2025, "name": "Premier League", "country": "England", "logo": "https://media.api-sports.io/football/leagues/39.png", "flag": "https://media.api-sports.io/flags/gb-eng.svg"}}, {"player": {"id": 141133, "name": "A. Alese", "photo": "https://media.api-sports.io/football/players/141133.png", "type": "Missing Fixture", "reason": "Shoulder Injury"}, "team": {"id": 746, "name": "Sunderland", "logo": "https://media.api-sports.io/football/teams/746.png"}, "fixture": {"id": 1379027, "timezone": "UTC", "date": "2025-09-27T16:30:00+00:00", "timestamp": 1758990600}, "league": {"id": 39, "season": 2025, "name": "Premier League", "country": "England", "logo": "https://media.api-sports.io/football/leagues/39.png", "flag": "https://media.api-sports.io/flags/gb-eng.svg"}}, {"player": {"id": 162076, "name": "D. Cirkin", "photo": "https://media.api-sports.io/football/players/162076.png", "type": "Missing Fixture", "reason": "Wrist Injury"}, "team": {"id": 746, "name": "Sunderland", "logo": "https://media.api-sports.io/football/teams/746.png"}, "fixture": {"id": 1379027, "timezone": "UTC", "date": "2025-09-27T16:30:00+00:00", "timestamp": 1758990600}, "league": {"id": 39, "season": 2025, "name": "Premier League", "country": "England", "logo": "https://media.api-sports.io/football/leagues/39.png", "flag": "https://media.api-sports.io/flags/gb-eng.svg"}}, {"player": {"id": 327631, "name": "H. Diarra", "photo": "https://media.api-sports.io/football/players/327631.png", "type": "Missing Fixture", "reason": "Groin Injury"}, "team": {"id": 746, "name": "Sunderland", "logo": "https://media.api-sports.io/football/teams/746.png"}, "fixture": {"id": 1379027, "timezone": "UTC", "date": "2025-09-27T16:30:00+00:00", "timestamp": 1758990600}, "league": {"id": 39, "season": 2025, "name": "Premier League", "country": "England", "logo": "https://media.api-sports.io/football/leagues/39.png", "flag": "https://media.api-sports.io/flags/gb-eng.svg"}}, {"player": {"id": 297187, "name": "L. F. Hjelde", "photo": "https://media.api-sports.io/football/players/297187.png", "type": "Missing Fixture", "reason": "Achilles Tendon Injury"}, "team": {"id": 746, "name": "Sunderland", "logo": "https://media.api-sports.io/football/teams/746.png"}, "fixture": {"id": 1379027, "timezone": "UTC", "date": "2025-09-27T16:30:00+00:00", "timestamp": 1758990600}, "league": {"id": 39, "season": 2025, "name": "Premier League", "country": "England", "logo": "https://media.api-sports.io/football/leagues/39.png", "flag": "https://media.api-sports.io/flags/gb-eng.svg"}}, {"player": {"id": 22225, "name": "R. Mandava", "photo": "https://media.api-sports.io/football/players/22225.png", "type": "Missing Fixture", "reason": "Red Card"}, "team": {"id": 746, "name": "Sunderland", "logo": "https://media.api-sports.io/football/teams/746.png"}, "fixture": {"id": 1379027, "timezone": "UTC", "date": "2025-09-27T16:30:00+00:00", "timestamp": 1758990600}, "league": {"id": 39, "season": 2025, "name": "Premier League", "country": "England", "logo": "https://media.api-sports.io/football/leagues/39.png", "flag": "https://media.api-sports.io/flags/gb-eng.svg"}}, {"player": {"id": 284414, "name": "R. Mundle", "photo": "https://media.api-sports.io/football/players/284414.png", "type": "Missing Fixture", "reason": "Hamstring Injury"}, "team": {"id": 746, "name": "Sunderland", "logo": "https://media.api-sports.io/football/teams/746.png"}, "fixture": {"id": 1379027, "timezone": "UTC", "date": "2025-09-27T16:30:00+00:00", "timestamp": 1758990600}, "league": {"id": 39, "season": 2025, "name": "Premier League", "country": "England", "logo": "https://media.api-sports.io/football/leagues/39.png", "flag": "https://media.api-sports.io/flags/gb-eng.svg"}}, {"player": {"id": 162076, "name": "D. Cirkin", "photo": "https://media.api-sports.io/football/players/162076.png", "type": "Missing Fixture", "reason": "Wrist Injury"}, "team": {"id": 746, "name": "Sunderland", "logo": "https://media.api-sports.io/football/teams/746.png"}, "fixture": {"id": 1379036, "timezone": "UTC", "date": "2025-10-04T14:00:00+00:00", "timestamp": 1759586400}, "league": {"id": 39, "season": 2025, "name": "Premier League", "country": "England", "logo": "https://media.api-sports.io/football/leagues/39.png", "flag": "https://media.api-sports.io/flags/gb-eng.svg"}}, {"player": {"id": 327631, "name": "H. Diarra", "photo": "https://media.api-sports.io/football/players/327631.png", "type": "Missing Fixture", "reason": "Groin Injury"}, "team": {"id": 746, "name": "Sunderland", "logo": "https://media.api-sports.io/football/teams/746.png"}, "fixture": {"id": 1379036, "timezone": "UTC", "date": "2025-10-04T14:00:00+00:00", "timestamp": 1759586400}, "league": {"id": 39, "season": 2025, "name": "Premier League", "country": "England", "logo": "https://media.api-sports.io/football/leagues/39.png", "flag": "https://media.api-sports.io/flags/gb-eng.svg"}}, {"player": {"id": 297187, "name": "L. F. Hjelde", "photo": "https://media.api-sports.io/football/players/297187.png", "type": "Missing Fixture", "reason": "Achilles Tendon Injury"}, "team": {"id": 746, "name": "Sunderland", "logo": "https://media.api-sports.io/football/teams/746.png"}, "fixture": {"id": 1379036, "timezone": "UTC", "date": "2025-10-04T14:00:00+00:00", "timestamp": 1759586400}, "league": {"id": 39, "season": 2025, "name": "Premier League", "country": "England", "logo": "https://media.api-sports.io/football/leagues/39.png", "flag": "https://media.api-sports.io/flags/gb-eng.svg"}}, {"player": {"id": 22225, "name": "R. Mandava", "photo": "https://media.api-sports.io/football/players/22225.png", "type": "Missing Fixture", "reason": "Red Card"}, "team": {"id": 746, "name": "Sunderland", "logo": "https://media.api-sports.io/football/teams/746.png"}, "fixture": {"id": 1379036, "timezone": "UTC", "date": "2025-10-04T14:00:00+00:00", "timestamp": 1759586400}, "league": {"id": 39, "season": 2025, "name": "Premier League", "country": "England", "logo": "https://media.api-sports.io/football/leagues/39.png", "flag": "https://media.api-sports.io/flags/gb-eng.svg"}}, {"player": {"id": 284414, "name": "R. Mundle", "photo": "https://media.api-sports.io/football/players/284414.png", "type": "Missing Fixture", "reason": "Hamstring Injury"}, "team": {"id": 746, "name": "Sunderland", "logo": "https://media.api-sports.io/football/teams/746.png"}, "fixture": {"id": 1379036, "timezone": "UTC", "date": "2025-10-04T14:00:00+00:00", "timestamp": 1759586400}, "league": {"id": 39, "season": 2025, "name": "Premier League", "country": "England", "logo": "https://media.api-sports.io/football/leagues/39.png", "flag": "https://media.api-sports.io/flags/gb-eng.svg"}}, {"player": {"id": 141133, "name": "A. Alese", "photo": "https://media.api-sports.io/football/players/141133.png", "type": "Questionable", "reason": "Shoulder Injury"}, "team": {"id": 746, "name": "Sunderland", "logo": "https://media.api-sports.io/football/teams/746.png"}, "fixture": {"id": 1379036, "timezone": "UTC", "date": "2025-10-04T14:00:00+00:00", "timestamp": 1759586400}, "league": {"id": 39, "season": 2025, "name": "Premier League", "country": "England", "logo": "https://media.api-sports.io/football/leagues/39.png", "flag": "https://media.api-sports.io/flags/gb-eng.svg"}}, {"player": {"id": 141133, "name": "A. Alese", "photo": "https://media.api-sports.io/football/players/141133.png", "type": "Missing Fixture", "reason": "Shoulder Injury"}, "team": {"id": 746, "name": "Sunderland", "logo": "https://media.api-sports.io/football/teams/746.png"}, "fixture": {"id": 1379046, "timezone": "UTC", "date": "2025-10-18T14:00:00+00:00", "timestamp": 1760796000}, "league": {"id": 39, "season": 2025, "name": "Premier League", "country": "England", "logo": "https://media.api-sports.io/football/leagues/39.png", "flag": "https://media.api-sports.io/flags/gb-eng.svg"}}, {"player": {"id": 162076, "name": "D. Cirkin", "photo": "https://media.api-sports.io/football/players/162076.png", "type": "Missing Fixture", "reason": "Wrist Injury"}, "team": {"id": 746, "name": "Sunderland", "logo": "https://media.api-sports.io/football/teams/746.png"}, "fixture": {"id": 1379046, "timezone": "UTC", "date": "2025-10-18T14:00:00+00:00", "timestamp": 1760796000}, "league": {"id": 39, "season": 2025, "name": "Premier League", "country": "England", "logo": "https://media.api-sports.io/football/leagues/39.png", "flag": "https://media.api-sports.io/flags/gb-eng.svg"}}, {"player": {"id": 327631, "name": "H. Diarra", "photo": "https://media.api-sports.io/football/players/327631.png", "type": "Missing Fixture", "reason": "Groin Injury"}, "team": {"id": 746, "name": "Sunderland", "logo": "https://media.api-sports.io/football/teams/746.png"}, "fixture": {"id": 1379046, "timezone": "UTC", "date": "2025-10-18T14:00:00+00:00", "timestamp": 1760796000}, "league": {"id": 39, "season": 2025, "name": "Premier League", "country": "England", "logo": "https://media.api-sports.io/football/leagues/39.png", "flag": "https://media.api-sports.io/flags/gb-eng.svg"}}, {"player": {"id": 297187, "name": "L. F. Hjelde", "photo": "https://media.api-sports.io/football/players/297187.png", "type": "Missing Fixture", "reason": "Achilles Tendon Injury"}, "team": {"id": 746, "name": "Sunderland", "logo": "https://media.api-sports.io/football/teams/746.png"}, "fixture": {"id": 1379046, "timezone": "UTC", "date": "2025-10-18T14:00:00+00:00", "timestamp": 1760796000}, "league": {"id": 39, "season": 2025, "name": "Premier League", "country": "England", "logo": "https://media.api-sports.io/football/leagues/39.png", "flag": "https://media.api-sports.io/flags/gb-eng.svg"}}, {"player": {"id": 22225, "name": "R. Mandava", "photo": "https://media.api-sports.io/football/players/22225.png", "type": "Missing Fixture", "reason": "Red Card"}, "team": {"id": 746, "name": "Sunderland", "logo": "https://media.api-sports.io/football/teams/746.png"}, "fixture": {"id": 1379046, "timezone": "UTC", "date": "2025-10-18T14:00:00+00:00", "timestamp": 1760796000}, "league": {"id": 39, "season": 2025, "name": "Premier League", "country": "England", "logo": "https://media.api-sports.io/football/leagues/39.png", "flag": "https://media.api-sports.io/flags/gb-eng.svg"}}, {"player": {"id": 284414, "name": "R. Mundle", "photo": "https://media.api-sports.io/football/players/284414.png", "type": "Missing Fixture", "reason": "Hamstring Injury"}, "team": {"id": 746, "name": "Sunderland", "logo": "https://media.api-sports.io/football/teams/746.png"}, "fixture": {"id": 1379046, "timezone": "UTC", "date": "2025-10-18T14:00:00+00:00", "timestamp": 1760796000}, "league": {"id": 39, "season": 2025, "name": "Premier League", "country": "England", "logo": "https://media.api-sports.io/football/leagues/39.png", "flag": "https://media.api-sports.io/flags/gb-eng.svg"}}, {"player": {"id": 6168, "name": "O. Alderete", "photo": "https://media.api-sports.io/football/players/6168.png", "type": "Missing Fixture", "reason": "Concussion"}, "team": {"id": 746, "name": "Sunderland", "logo": "https://media.api-sports.io/football/teams/746.png"}, "fixture": {"id": 1379053, "timezone": "UTC", "date": "2025-10-25T14:00:00+00:00", "timestamp": 1761400800}, "league": {"id": 39, "season": 2025, "name": "Premier League", "country": "England", "logo": "https://media.api-sports.io/football/leagues/39.png", "flag": "https://media.api-sports.io/flags/gb-eng.svg"}}, {"player": {"id": 141133, "name": "A. Alese", "photo": "https://media.api-sports.io/football/players/141133.png", "type": "Missing Fixture", "reason": "Shoulder Injury"}, "team": {"id": 746, "name": "Sunderland", "logo": "https://media.api-sports.io/football/teams/746.png"}, "fixture": {"id": 1379053, "timezone": "UTC", "date": "2025-10-25T14:00:00+00:00", "timestamp": 1761400800}, "league": {"id": 39, "season": 2025, "name": "Premier League", "country": "England", "logo": "https://media.api-sports.io/football/leagues/39.png", "flag": "https://media.api-sports.io/flags/gb-eng.svg"}}, {"player": {"id": 162076, "name": "D. Cirkin", "photo": "https://media.api-sports.io/football/players/162076.png", "type": "Missing Fixture", "reason": "Wrist Injury"}, "team": {"id": 746, "name": "Sunderland", "logo": "https://media.api-sports.io/football/teams/746.png"}, "fixture": {"id": 1379053, "timezone": "UTC", "date": "2025-10-25T14:00:00+00:00", "timestamp": 1761400800}, "league": {"id": 39, "season": 2025, "name": "Premier League", "country": "England", "logo": "https://media.api-sports.io/football/leagues/39.png", "flag": "https://media.api-sports.io/flags/gb-eng.svg"}}, {"player": {"id": 327631, "name": "H. Diarra", "photo": "https://media.api-sports.io/football/players/327631.png", "type": "Missing Fixture", "reason": "Groin Injury"}, "team": {"id": 746, "name": "Sunderland", "logo": "https://media.api-sports.io/football/teams/746.png"}, "fixture": {"id": 1379053, "timezone": "UTC", "date": "2025-10-25T14:00:00+00:00", "timestamp": 1761400800}, "league": {"id": 39, "season": 2025, "name": "Premier League", "country": "England", "logo": "https://media.api-sports.io/football/leagues/39.png", "flag": "https://media.api-sports.io/flags/gb-eng.svg"}}, {"player": {"id": 297187, "name": "L. F. Hjelde", "photo": "https://media.api-sports.io/football/players/297187.png", "type": "Missing Fixture", "reason": "Achilles Tendon Injury"}, "team": {"id": 746, "name": "Sunderland", "logo": "https://media.api-sports.io/football/teams/746.png"}, "fixture": {"id": 1379053, "timezone": "UTC", "date": "2025-10-25T14:00:00+00:00", "timestamp": 1761400800}, "league": {"id": 39, "season": 2025, "name": "Premier League", "country": "England", "logo": "https://media.api-sports.io/football/leagues/39.png", "flag": "https://media.api-sports.io/flags/gb-eng.svg"}}, {"player": {"id": 284414, "name": "R. Mundle", "photo": "https://media.api-sports.io/football/players/284414.png", "type": "Missing Fixture", "reason": "Hamstring Injury"}, "team": {"id": 746, "name": "Sunderland", "logo": "https://media.api-sports.io/football/teams/746.png"}, "fixture": {"id": 1379053, "timezone": "UTC", "date": "2025-10-25T14:00:00+00:00", "timestamp": 1761400800}, "league": {"id": 39, "season": 2025, "name": "Premier League", "country": "England", "logo": "https://media.api-sports.io/football/leagues/39.png", "flag": "https://media.api-sports.io/flags/gb-eng.svg"}}, {"player": {"id": 141133, "name": "A. Alese", "photo": "https://media.api-sports.io/football/players/141133.png", "type": "Missing Fixture", "reason": "Shoulder Injury"}, "team": {"id": 746, "name": "Sunderland", "logo": "https://media.api-sports.io/football/teams/746.png"}, "fixture": {"id": 1379066, "timezone": "UTC", "date": "2025-11-03T20:00:00+00:00", "timestamp": 1762200000}, "league": {"id": 39, "season": 2025, "name": "Premier League", "country": "England", "logo": "https://media.api-sports.io/football/leagues/39.png", "flag": "https://media.api-sports.io/flags/gb-eng.svg"}}, {"player": {"id": 162076, "name": "D. Cirkin", "photo": "https://media.api-sports.io/football/players/162076.png", "type": "Missing Fixture", "reason": "Wrist Injury"}, "team": {"id": 746, "name": "Sunderland", "logo": "https://media.api-sports.io/football/teams/746.png"}, "fixture": {"id": 1379066, "timezone": "UTC", "date": "2025-11-03T20:00:00+00:00", "timestamp": 1762200000}, "league": {"id": 39, "season": 2025, "name": "Premier League", "country": "England", "logo": "https://media.api-sports.io/football/leagues/39.png", "flag": "https://media.api-sports.io/flags/gb-eng.svg"}}, {"player": {"id": 327631, "name": "H. Diarra", "photo": "https://media.api-sports.io/football/players/327631.png", "type": "Missing Fixture", "reason": "Groin Injury"}, "team": {"id": 746, "name": "Sunderland", "logo": "https://media.api-sports.io/football/teams/746.png"}, "fixture": {"id": 1379066, "timezone": "UTC", "date": "2025-11-03T20:00:00+00:00", "timestamp": 1762200000}, "league": {"id": 39, "season": 2025, "name": "Premier League", "country": "England", "logo": "https://media.api-sports.io/football/leagues/39.png", "flag": "https://media.api-sports.io/flags/gb-eng.svg"}}, {"player": {"id": 297187, "name": "L. F. Hjelde", "photo": "https://media.api-sports.io/football/players/297187.png", "type": "Missing Fixture", "reason": "Achilles Tendon Injury"}, "team": {"id": 746, "name": "Sunderland", "logo": "https://media.api-sports.io/football/teams/746.png"}, "fixture": {"id": 1379066, "timezone": "UTC", "date": "2025-11-03T20:00:00+00:00", "timestamp": 1762200000}, "league": {"id": 39, "season": 2025, "name": "Premier League", "country": "England", "logo": "https://media.api-sports.io/football/leagues/39.png", "flag": "https://media.api-sports.io/flags/gb-eng.svg"}}, {"player": {"id": 284414, "name": "R. Mundle", "photo": "https://media.api-sports.io/football/players/284414.png", "type": "Missing Fixture", "reason": "Hamstring Injury"}, "team": {"id": 746, "name": "Sunderland", "logo": "https://media.api-sports.io/football/teams/746.png"}, "fixture": {"id": 1379066, "timezone": "UTC", "date": "2025-11-03T20:00:00+00:00", "timestamp": 1762200000}, "league": {"id": 39, "season": 2025, "name": "Premier League", "country": "England", "logo": "https://media.api-sports.io/football/leagues/39.png", "flag": "https://media.api-sports.io/flags/gb-eng.svg"}}, {"player": {"id": 6168, "name": "O. Alderete", "photo": "https://media.api-sports.io/football/players/6168.png", "type": "Questionable", "reason": "Concussion"}, "team": {"id": 746, "name": "Sunderland", "logo": "https://media.api-sports.io/football/teams/746.png"}, "fixture": {"id": 1379066, "timezone": "UTC", "date": "2025-11-03T20:00:00+00:00", "timestamp": 1762200000}, "league": {"id": 39, "season": 2025, "name": "Premier League", "country": "England", "logo": "https://media.api-sports.io/football/leagues/39.png", "flag": "https://media.api-sports.io/flags/gb-eng.svg"}}, {"player": {"id": 6168, "name": "O. Alderete", "photo": "https://media.api-sports.io/football/players/6168.png", "type": "Missing Fixture", "reason": "Concussion"}, "team": {"id": 746, "name": "Sunderland", "logo": "https://media.api-sports.io/football/teams/746.png"}, "fixture": {"id": 1379076, "timezone": "UTC", "date": "2025-11-08T17:30:00+00:00", "timestamp": 1762623000}, "league": {"id": 39, "season": 2025, "name": "Premier League", "country": "England", "logo": "https://media.api-sports.io/football/leagues/39.png", "flag": "https://media.api-sports.io/flags/gb-eng.svg"}}, {"player": {"id": 141133, "name": "A. Alese", "photo": "https://media.api-sports.io/football/players/141133.png", "type": "Missing Fixture", "reason": "Shoulder Injury"}, "team": {"id": 746, "name": "Sunderland", "logo": "https://media.api-sports.io/football/teams/746.png"}, "fixture": {"id": 1379076, "timezone": "UTC", "date": "2025-11-08T17:30:00+00:00", "timestamp": 1762623000}, "league": {"id": 39, "season": 2025, "name": "Premier League", "country": "England", "logo": "https://media.api-sports.io/football/leagues/39.png", "flag": "https://media.api-sports.io/flags/gb-eng.svg"}}, {"player": {"id": 327631, "name": "H. Diarra", "photo": "https://media.api-sports.io/football/players/327631.png", "type": "Missing Fixture", "reason": "Groin Injury"}, "team": {"id": 746, "name": "Sunderland", "logo": "https://media.api-sports.io/football/teams/746.png"}, "fixture": {"id": 1379076, "timezone": "UTC", "date": "2025-11-08T17:30:00+00:00", "timestamp": 1762623000}, "league": {"id": 39, "season": 2025, "name": "Premier League", "country": "England", "logo": "https://media.api-sports.io/football/leagues/39.png", "flag": "https://media.api-sports.io/flags/gb-eng.svg"}}, {"player": {"id": 297187, "name": "L. F. Hjelde", "photo": "https://media.api-sports.io/football/players/297187.png", "type": "Missing Fixture", "reason": "Achilles Tendon Injury"}, "team": {"id": 746, "name": "Sunderland", "logo": "https://media.api-sports.io/football/teams/746.png"}, "fixture": {"id": 1379076, "timezone": "UTC", "date": "2025-11-08T17:30:00+00:00", "timestamp": 1762623000}, "league": {"id": 39, "season": 2025, "name": "Premier League", "country": "England", "logo": "https://media.api-sports.io/football/leagues/39.png", "flag": "https://media.api-sports.io/flags/gb-eng.svg"}}, {"player": {"id": 284414, "name": "R. Mundle", "photo": "https://media.api-sports.io/football/players/284414.png", "type": "Missing Fixture", "reason": "Hamstring Injury"}, "team": {"id": 746, "name": "Sunderland", "logo": "https://media.api-sports.io/football/teams/746.png"}, "fixture": {"id": 1379076, "timezone": "UTC", "date": "2025-11-08T17:30:00+00:00", "timestamp": 1762623000}, "league": {"id": 39, "season": 2025, "name": "Premier League", "country": "England", "logo": "https://media.api-sports.io/football/leagues/39.png", "flag": "https://media.api-sports.io/flags/gb-eng.svg"}}, {"player": {"id": 141133, "name": "A. Alese", "photo": "https://media.api-sports.io/football/players/141133.png", "type": "Missing Fixture", "reason": "Shoulder Injury"}, "team": {"id": 746, "name": "Sunderland", "logo": "https://media.api-sports.io/football/teams/746.png"}, "fixture": {"id": 1379083, "timezone": "UTC", "date": "2025-11-22T15:00:00+00:00", "timestamp": 1763823600}, "league": {"id": 39, "season": 2025, "name": "Premier League", "country": "England", "logo": "https://media.api-sports.io/football/leagues/39.png", "flag": "https://media.api-sports.io/flags/gb-eng.svg"}}, {"player": {"id": 327631, "name": "H. Diarra", "photo": "https://media.api-sports.io/football/players/327631.png", "type": "Missing Fixture", "reason": "Groin Injury"}, "team": {"id": 746, "name": "Sunderland", "logo": "https://media.api-sports.io/football/teams/746.png"}, "fixture": {"id": 1379083, "timezone": "UTC", "date": "2025-11-22T15:00:00+00:00", "timestamp": 1763823600}, "league": {"id": 39, "season": 2025, "name": "Premier League", "country": "England", "logo": "https://media.api-sports.io/football/leagues/39.png", "flag": "https://media.api-sports.io/flags/gb-eng.svg"}}, {"player": {"id": 297187, "name": "L. F. Hjelde", "photo": "https://media.api-sports.io/football/players/297187.png", "type": "Questionable", "reason": "Achilles Tendon Injury"}, "team": {"id": 746, "name": "Sunderland", "logo": "https://media.api-sports.io/football/teams/746.png"}, "fixture": {"id": 1379083, "timezone": "UTC", "date": "2025-11-22T15:00:00+00:00", "timestamp": 1763823600}, "league": {"id": 39, "season": 2025, "name": "Premier League", "country": "England", "logo": "https://media.api-sports.io/football/leagues/39.png", "flag": "https://media.api-sports.io/flags/gb-eng.svg"}}, {"player": {"id": 284414, "name": "R. Mundle", "photo": "https://media.api-sports.io/football/players/284414.png", "type": "Questionable", "reason": "Hamstring Injury"}, "team": {"id": 746, "name": "Sunderland", "logo": "https://media.api-sports.io/football/teams/746.png"}, "fixture": {"id": 1379083, "timezone": "UTC", "date": "2025-11-22T15:00:00+00:00", "timestamp": 1763823600}, "league": {"id": 39, "season": 2025, "name": "Premier League", "country": "England", "logo": "https://media.api-sports.io/football/leagues/39.png", "flag": "https://media.api-sports.io/flags/gb-eng.svg"}}, {"player": {"id": 141133, "name": "A. Alese", "photo": "https://media.api-sports.io/football/players/141133.png", "type": "Missing Fixture", "reason": "Shoulder Injury"}, "team": {"id": 746, "name": "Sunderland", "logo": "https://media.api-sports.io/football/teams/746.png"}, "fixture": {"id": 1379096, "timezone": "UTC", "date": "2025-11-29T15:00:00+00:00", "timestamp": 1764428400}, "league": {"id": 39, "season": 2025, "name": "Premier League", "country": "England", "logo": "https://media.api-sports.io/football/leagues/39.png", "flag": "https://media.api-sports.io/flags/gb-eng.svg"}}, {"player": {"id": 327631, "name": "H. Diarra", "photo": "https://media.api-sports.io/football/players/327631.png", "type": "Missing Fixture", "reason": "Groin Injury"}, "team": {"id": 746, "name": "Sunderland", "logo": "https://media.api-sports.io/football/teams/746.png"}, "fixture": {"id": 1379096, "timezone": "UTC", "date": "2025-11-29T15:00:00+00:00", "timestamp": 1764428400}, "league": {"id": 39, "season": 2025, "name": "Premier League", "country": "England", "logo": "https://media.api-sports.io/football/leagues/39.png", "flag": "https://media.api-sports.io/flags/gb-eng.svg"}}, {"player": {"id": 141133, "name": "A. Alese", "photo": "https://media.api-sports.io/football/players/141133.png", "type": "Missing Fixture", "reason": "Shoulder Injury"}, "team": {"id": 746, "name": "Sunderland", "logo": "https://media.api-sports.io/football/teams/746.png"}, "fixture": {"id": 1379105, "timezone": "UTC", "date": "2025-12-03T20:15:00+00:00", "timestamp": 1764792900}, "league": {"id": 39, "season": 2025, "name": "Premier League", "country": "England", "logo": "https://media.api-sports.io/football/leagues/39.png", "flag": "https://media.api-sports.io/flags/gb-eng.svg"}}, {"player": {"id": 327631, "name": "H. Diarra", "photo": "https://media.api-sports.io/football/players/327631.png", "type": "Missing Fixture", "reason": "Groin Injury"}, "team": {"id": 746, "name": "Sunderland", "logo": "https://media.api-sports.io/football/teams/746.png"}, "fixture": {"id": 1379105, "timezone": "UTC", "date": "2025-12-03T20:15:00+00:00", "timestamp": 1764792900}, "league": {"id": 39, "season": 2025, "name": "Premier League", "country": "England", "logo": "https://media.api-sports.io/football/leagues/39.png", "flag": "https://media.api-sports.io/flags/gb-eng.svg"}}, {"player": {"id": 141133, "name": "A. Alese", "photo": "https://media.api-sports.io/football/players/141133.png", "type": "Missing Fixture", "reason": "Shoulder Injury"}, "team": {"id": 746, "name": "Sunderland", "logo": "https://media.api-sports.io/football/teams/746.png"}, "fixture": {"id": 1379115, "timezone": "UTC", "date": "2025-12-06T15:00:00+00:00", "timestamp": 1765033200}, "league": {"id": 39, "season": 2025, "name": "Premier League", "country": "England", "logo": "https://media.api-sports.io/football/leagues/39.png", "flag": "https://media.api-sports.io/flags/gb-eng.svg"}}, {"player": {"id": 327631, "name": "H. Diarra", "photo": "https://media.api-sports.io/football/players/327631.png", "type": "Missing Fixture", "reason": "Groin Injury"}, "team": {"id": 746, "name": "Sunderland", "logo": "https://media.api-sports.io/football/teams/746.png"}, "fixture": {"id": 1379115, "timezone": "UTC", "date": "2025-12-06T15:00:00+00:00", "timestamp": 1765033200}, "league": {"id": 39, "season": 2025, "name": "Premier League", "country": "England", "logo": "https://media.api-sports.io/football/leagues/39.png", "flag": "https://media.api-sports.io/flags/gb-eng.svg"}}, {"player": {"id": 141133, "name": "A. Alese", "photo": "https://media.api-sports.io/football/players/141133.png", "type": "Missing Fixture", "reason": "Shoulder Injury"}, "team": {"id": 746, "name": "Sunderland", "logo": "https://media.api-sports.io/football/teams/746.png"}, "fixture": {"id": 1379127, "timezone": "UTC", "date": "2025-12-14T14:00:00+00:00", "timestamp": 1765720800}, "league": {"id": 39, "season": 2025, "name": "Premier League", "country": "England", "logo": "https://media.api-sports.io/football/leagues/39.png", "flag": "https://media.api-sports.io/flags/gb-eng.svg"}}, {"player": {"id": 327631, "name": "H. Diarra", "photo": "https://media.api-sports.io/football/players/327631.png", "type": "Missing Fixture", "reason": "Groin Injury"}, "team": {"id": 746, "name": "Sunderland", "logo": "https://media.api-sports.io/football/teams/746.png"}, "fixture": {"id": 1379127, "timezone": "UTC", "date": "2025-12-14T14:00:00+00:00", "timestamp": 1765720800}, "league": {"id": 39, "season": 2025, "name": "Premier League", "country": "England", "logo": "https://media.api-sports.io/football/leagues/39.png", "flag": "https://media.api-sports.io/flags/gb-eng.svg"}}, {"player": {"id": 19911, "name": "L. O'Nien", "photo": "https://media.api-sports.io/football/players/19911.png", "type": "Missing Fixture", "reason": "Red Card"}, "team": {"id": 746, "name": "Sunderland", "logo": "https://media.api-sports.io/football/teams/746.png"}, "fixture": {"id": 1379127, "timezone": "UTC", "date": "2025-12-14T14:00:00+00:00", "timestamp": 1765720800}, "league": {"id": 39, "season": 2025, "name": "Premier League", "country": "England", "logo": "https://media.api-sports.io/football/leagues/39.png", "flag": "https://media.api-sports.io/flags/gb-eng.svg"}}, {"player": {"id": 141133, "name": "A. Alese", "photo": "https://media.api-sports.io/football/players/141133.png", "type": "Missing Fixture", "reason": "Shoulder Injury"}, "team": {"id": 746, "name": "Sunderland", "logo": "https://media.api-sports.io/football/teams/746.png"}, "fixture": {"id": 1379131, "timezone": "UTC", "date": "2025-12-20T15:00:00+00:00", "timestamp": 1766242800}, "league": {"id": 39, "season": 2025, "name": "Premier League", "country": "England", "logo": "https://media.api-sports.io/football/leagues/39.png", "flag": "https://media.api-sports.io/flags/gb-eng.svg"}}, {"player": {"id": 22225, "name": "R. Mandava", "photo": "https://media.api-sports.io/football/players/22225.png", "type": "Missing Fixture", "reason": "International duty"}, "team": {"id": 746, "name": "Sunderland", "logo": "https://media.api-sports.io/football/teams/746.png"}, "fixture": {"id": 1379131, "timezone": "UTC", "date": "2025-12-20T15:00:00+00:00", "timestamp": 1766242800}, "league": {"id": 39, "season": 2025, "name": "Premier League", "country": "England", "logo": "https://media.api-sports.io/football/leagues/39.png", "flag": "https://media.api-sports.io/flags/gb-eng.svg"}}, {"player": {"id": 18816, "name": "A. Masuaku", "photo": "https://media.api-sports.io/football/players/18816.png", "type": "Missing Fixture", "reason": "International duty"}, "team": {"id": 746, "name": "Sunderland", "logo": "https://media.api-sports.io/football/teams/746.png"}, "fixture": {"id": 1379131, "timezone": "UTC", "date": "2025-12-20T15:00:00+00:00", "timestamp": 1766242800}, "league": {"id": 39, "season": 2025, "name": "Premier League", "country": "England", "logo": "https://media.api-sports.io/football/leagues/39.png", "flag": "https://media.api-sports.io/flags/gb-eng.svg"}}, {"player": {"id": 19911, "name": "L. O'Nien", "photo": "https://media.api-sports.io/football/players/19911.png", "type": "Missing Fixture", "reason": "Red Card"}, "team": {"id": 746, "name": "Sunderland", "logo": "https://media.api-sports.io/football/teams/746.png"}, "fixture": {"id": 1379131, "timezone": "UTC", "date": "2025-12-20T15:00:00+00:00", "timestamp": 1766242800}, "league": {"id": 39, "season": 2025, "name": "Premier League", "country": "England", "logo": "https://media.api-sports.io/football/leagues/39.png", "flag": "https://media.api-sports.io/flags/gb-eng.svg"}}, {"player": {"id": 365331, "name": "N. Sadiki", "photo": "https://media.api-sports.io/football/players/365331.png", "type": "Missing Fixture", "reason": "International duty"}, "team": {"id": 746, "name": "Sunderland", "logo": "https://media.api-sports.io/football/teams/746.png"}, "fixture": {"id": 1379131, "timezone": "UTC", "date": "2025-12-20T15:00:00+00:00", "timestamp": 1766242800}, "league": {"id": 39, "season": 2025, "name": "Premier League", "country": "England", "logo": "https://media.api-sports.io/football/leagues/39.png", "flag": "https://media.api-sports.io/flags/gb-eng.svg"}}, {"player": {"id": 336659, "name": "C. Talbi", "photo": "https://media.api-sports.io/football/players/336659.png", "type": "Missing Fixture", "reason": "International duty"}, "team": {"id": 746, "name": "Sunderland", "logo": "https://media.api-sports.io/football/teams/746.png"}, "fixture": {"id": 1379131, "timezone": "UTC", "date": "2025-12-20T15:00:00+00:00", "timestamp": 1766242800}, "league": {"id": 39, "season": 2025, "name": "Premier League", "country": "England", "logo": "https://media.api-sports.io/football/leagues/39.png", "flag": "https://media.api-sports.io/flags/gb-eng.svg"}}, {"player": {"id": 671, "name": "B. Traore", "photo": "https://media.api-sports.io/football/players/671.png", "type": "Missing Fixture", "reason": "International duty"}, "team": {"id": 746, "name": "Sunderland", "logo": "https://media.api-sports.io/football/teams/746.png"}, "fixture": {"id": 1379131, "timezone": "UTC", "date": "2025-12-20T15:00:00+00:00", "timestamp": 1766242800}, "league": {"id": 39, "season": 2025, "name": "Premier League", "country": "England", "logo": "https://media.api-sports.io/football/leagues/39.png", "flag": "https://media.api-sports.io/flags/gb-eng.svg"}}, {"player": {"id": 141133, "name": "A. Alese", "photo": "https://media.api-sports.io/football/players/141133.png", "type": "Missing Fixture", "reason": "Shoulder Injury"}, "team": {"id": 746, "name": "Sunderland", "logo": "https://media.api-sports.io/football/teams/746.png"}, "fixture": {"id": 1379147, "timezone": "UTC", "date": "2025-12-28T14:00:00+00:00", "timestamp": 1766930400}, "league": {"id": 39, "season": 2025, "name": "Premier League", "country": "England", "logo": "https://media.api-sports.io/football/leagues/39.png", "flag": "https://media.api-sports.io/flags/gb-eng.svg"}}, {"player": {"id": 327631, "name": "H. Diarra", "photo": "https://media.api-sports.io/football/players/327631.png", "type": "Missing Fixture", "reason": "International duty"}, "team": {"id": 746, "name": "Sunderland", "logo": "https://media.api-sports.io/football/teams/746.png"}, "fixture": {"id": 1379147, "timezone": "UTC", "date": "2025-12-28T14:00:00+00:00", "timestamp": 1766930400}, "league": {"id": 39, "season": 2025, "name": "Premier League", "country": "England", "logo": "https://media.api-sports.io/football/leagues/39.png", "flag": "https://media.api-sports.io/flags/gb-eng.svg"}}, {"player": {"id": 22225, "name": "R. Mandava", "photo": "https://media.api-sports.io/football/players/22225.png", "type": "Missing Fixture", "reason": "International duty"}, "team": {"id": 746, "name": "Sunderland", "logo": "https://media.api-sports.io/football/teams/746.png"}, "fixture": {"id": 1379147, "timezone": "UTC", "date": "2025-12-28T14:00:00+00:00", "timestamp": 1766930400}, "league": {"id": 39, "season": 2025, "name": "Premier League", "country": "England", "logo": "https://media.api-sports.io/football/leagues/39.png", "flag": "https://media.api-sports.io/flags/gb-eng.svg"}}, {"player": {"id": 18816, "name": "A. Masuaku", "photo": "https://media.api-sports.io/football/players/18816.png", "type": "Missing Fixture", "reason": "International duty"}, "team": {"id": 746, "name": "Sunderland", "logo": "https://media.api-sports.io/football/teams/746.png"}, "fixture": {"id": 1379147, "timezone": "UTC", "date": "2025-12-28T14:00:00+00:00", "timestamp": 1766930400}, "league": {"id": 39, "season": 2025, "name": "Premier League", "country": "England", "logo": "https://media.api-sports.io/football/leagues/39.png", "flag": "https://media.api-sports.io/flags/gb-eng.svg"}}, {"player": {"id": 19911, "name": "L. O'Nien", "photo": "https://media.api-sports.io/football/players/19911.png", "type": "Missing Fixture", "reason": "Red Card"}, "team": {"id": 746, "name": "Sunderland", "logo": "https://media.api-sports.io/football/teams/746.png"}, "fixture": {"id": 1379147, "timezone": "UTC", "date": "2025-12-28T14:00:00+00:00", "timestamp": 1766930400}, "league": {"id": 39, "season": 2025, "name": "Premier League", "country": "England", "logo": "https://media.api-sports.io/football/leagues/39.png", "flag": "https://media.api-sports.io/flags/gb-eng.svg"}}, {"player": {"id": 365331, "name": "N. Sadiki", "photo": "https://media.api-sports.io/football/players/365331.png", "type": "Missing Fixture", "reason": "International duty"}, "team": {"id": 746, "name": "Sunderland", "logo": "https://media.api-sports.io/football/teams/746.png"}, "fixture": {"id": 1379147, "timezone": "UTC", "date": "2025-12-28T14:00:00+00:00", "timestamp": 1766930400}, "league": {"id": 39, "season": 2025, "name": "Premier League", "country": "England", "logo": "https://media.api-sports.io/football/leagues/39.png", "flag": "https://media.api-sports.io/flags/gb-eng.svg"}}, {"player": {"id": 336659, "name": "C. Talbi", "photo": "https://media.api-sports.io/football/players/336659.png", "type": "Missing Fixture", "reason": "International duty"}, "team": {"id": 746, "name": "Sunderland", "logo": "https://media.api-sports.io/football/teams/746.png"}, "fixture": {"id": 1379147, "timezone": "UTC", "date": "2025-12-28T14:00:00+00:00", "timestamp": 1766930400}, "league": {"id": 39, "season": 2025, "name": "Premier League", "country": "England", "logo": "https://media.api-sports.io/football/leagues/39.png", "flag": "https://media.api-sports.io/flags/gb-eng.svg"}}, {"player": {"id": 671, "name": "B. Traore", "photo": "https://media.api-sports.io/football/players/671.png", "type": "Missing Fixture", "reason": "International duty"}, "team": {"id": 746, "name": "Sunderland", "logo": "https://media.api-sports.io/football/teams/746.png"}, "fixture": {"id": 1379147, "timezone": "UTC", "date": "2025-12-28T14:00:00+00:00", "timestamp": 1766930400}, "league": {"id": 39, "season": 2025, "name": "Premier League", "country": "England", "logo": "https://media.api-sports.io/football/leagues/39.png", "flag": "https://media.api-sports.io/flags/gb-eng.svg"}}, {"player": {"id": 141133, "name": "A. Alese", "photo": "https://media.api-sports.io/football/players/141133.png", "type": "Missing Fixture", "reason": "Shoulder Injury"}, "team": {"id": 746, "name": "Sunderland", "logo": "https://media.api-sports.io/football/teams/746.png"}, "fixture": {"id": 1379157, "timezone": "UTC", "date": "2026-01-01T20:00:00+00:00", "timestamp": 1767297600}, "league": {"id": 39, "season": 2025, "name": "Premier League", "country": "England", "logo": "https://media.api-sports.io/football/leagues/39.png", "flag": "https://media.api-sports.io/flags/gb-eng.svg"}}, {"player": {"id": 327631, "name": "H. Diarra", "photo": "https://media.api-sports.io/football/players/327631.png", "type": "Missing Fixture", "reason": "International duty"}, "team": {"id": 746, "name": "Sunderland", "logo": "https://media.api-sports.io/football/teams/746.png"}, "fixture": {"id": 1379157, "timezone": "UTC", "date": "2026-01-01T20:00:00+00:00", "timestamp": 1767297600}, "league": {"id": 39, "season": 2025, "name": "Premier League", "country": "England", "logo": "https://media.api-sports.io/football/leagues/39.png", "flag": "https://media.api-sports.io/flags/gb-eng.svg"}}, {"player": {"id": 22225, "name": "R. Mandava", "photo": "https://media.api-sports.io/football/players/22225.png", "type": "Missing Fixture", "reason": "International duty"}, "team": {"id": 746, "name": "Sunderland", "logo": "https://media.api-sports.io/football/teams/746.png"}, "fixture": {"id": 1379157, "timezone": "UTC", "date": "2026-01-01T20:00:00+00:00", "timestamp": 1767297600}, "league": {"id": 39, "season": 2025, "name": "Premier League", "country": "England", "logo": "https://media.api-sports.io/football/leagues/39.png", "flag": "https://media.api-sports.io/flags/gb-eng.svg"}}, {"player": {"id": 18816, "name": "A. Masuaku", "photo": "https://media.api-sports.io/football/players/18816.png", "type": "Missing Fixture", "reason": "International duty"}, "team": {"id": 746, "name": "Sunderland", "logo": "https://media.api-sports.io/football/teams/746.png"}, "fixture": {"id": 1379157, "timezone": "UTC", "date": "2026-01-01T20:00:00+00:00", "timestamp": 1767297600}, "league": {"id": 39, "season": 2025, "name": "Premier League", "country": "England", "logo": "https://media.api-sports.io/football/leagues/39.png", "flag": "https://media.api-sports.io/flags/gb-eng.svg"}}, {"player": {"id": 365331, "name": "N. Sadiki", "photo": "https://media.api-sports.io/football/players/365331.png", "type": "Missing Fixture", "reason": "International duty"}, "team": {"id": 746, "name": "Sunderland", "logo": "https://media.api-sports.io/football/teams/746.png"}, "fixture": {"id": 1379157, "timezone": "UTC", "date": "2026-01-01T20:00:00+00:00", "timestamp": 1767297600}, "league": {"id": 39, "season": 2025, "name": "Premier League", "country": "England", "logo": "https://media.api-sports.io/football/leagues/39.png", "flag": "https://media.api-sports.io/flags/gb-eng.svg"}}, {"player": {"id": 336659, "name": "C. Talbi", "photo": "https://media.api-sports.io/football/players/336659.png", "type": "Missing Fixture", "reason": "International duty"}, "team": {"id": 746, "name": "Sunderland", "logo": "https://media.api-sports.io/football/teams/746.png"}, "fixture": {"id": 1379157, "timezone": "UTC", "date": "2026-01-01T20:00:00+00:00", "timestamp": 1767297600}, "league": {"id": 39, "season": 2025, "name": "Premier League", "country": "England", "logo": "https://media.api-sports.io/football/leagues/39.png", "flag": "https://media.api-sports.io/flags/gb-eng.svg"}}, {"player": {"id": 671, "name": "B. Traore", "photo": "https://media.api-sports.io/football/players/671.png", "type": "Missing Fixture", "reason": "International duty"}, "team": {"id": 746, "name": "Sunderland", "logo": "https://media.api-sports.io/football/teams/746.png"}, "fixture": {"id": 1379157, "timezone": "UTC", "date": "2026-01-01T20:00:00+00:00", "timestamp": 1767297600}, "league": {"id": 39, "season": 2025, "name": "Premier League", "country": "England", "logo": "https://media.api-sports.io/football/leagues/39.png", "flag": "https://media.api-sports.io/flags/gb-eng.svg"}}, {"player": {"id": 55904, "name": "D. Ballard", "photo": "https://media.api-sports.io/football/players/55904.png", "type": "Questionable", "reason": "Ankle Injury"}, "team": {"id": 746, "name": "Sunderland", "logo": "https://media.api-sports.io/football/teams/746.png"}, "fixture": {"id": 1379157, "timezone": "UTC", "date": "2026-01-01T20:00:00+00:00", "timestamp": 1767297600}, "league": {"id": 39, "season": 2025, "name": "Premier League", "country": "England", "logo": "https://media.api-sports.io/football/leagues/39.png", "flag": "https://media.api-sports.io/flags/gb-eng.svg"}}, {"player": {"id": 141133, "name": "A. Alese", "photo": "https://media.api-sports.io/football/players/141133.png", "type": "Missing Fixture", "reason": "Shoulder Injury"}, "team": {"id": 746, "name": "Sunderland", "logo": "https://media.api-sports.io/football/teams/746.png"}, "fixture": {"id": 1379167, "timezone": "UTC", "date": "2026-01-04T15:00:00+00:00", "timestamp": 1767538800}, "league": {"id": 39, "season": 2025, "name": "Premier League", "country": "England", "logo": "https://media.api-sports.io/football/leagues/39.png", "flag": "https://media.api-sports.io/flags/gb-eng.svg"}}, {"player": {"id": 327631, "name": "H. Diarra", "photo": "https://media.api-sports.io/football/players/327631.png", "type": "Missing Fixture", "reason": "International duty"}, "team": {"id": 746, "name": "Sunderland", "logo": "https://media.api-sports.io/football/teams/746.png"}, "fixture": {"id": 1379167, "timezone": "UTC", "date": "2026-01-04T15:00:00+00:00", "timestamp": 1767538800}, "league": {"id": 39, "season": 2025, "name": "Premier League", "country": "England", "logo": "https://media.api-sports.io/football/leagues/39.png", "flag": "https://media.api-sports.io/flags/gb-eng.svg"}}, {"player": {"id": 22225, "name": "R. Mandava", "photo": "https://media.api-sports.io/football/players/22225.png", "type": "Missing Fixture", "reason": "International duty"}, "team": {"id": 746, "name": "Sunderland", "logo": "https://media.api-sports.io/football/teams/746.png"}, "fixture": {"id": 1379167, "timezone": "UTC", "date": "2026-01-04T15:00:00+00:00", "timestamp": 1767538800}, "league": {"id": 39, "season": 2025, "name": "Premier League", "country": "England", "logo": "https://media.api-sports.io/football/leagues/39.png", "flag": "https://media.api-sports.io/flags/gb-eng.svg"}}, {"player": {"id": 18816, "name": "A. Masuaku", "photo": "https://media.api-sports.io/football/players/18816.png", "type": "Missing Fixture", "reason": "International duty"}, "team": {"id": 746, "name": "Sunderland", "logo": "https://media.api-sports.io/football/teams/746.png"}, "fixture": {"id": 1379167, "timezone": "UTC", "date": "2026-01-04T15:00:00+00:00", "timestamp": 1767538800}, "league": {"id": 39, "season": 2025, "name": "Premier League", "country": "England", "logo": "https://media.api-sports.io/football/leagues/39.png", "flag": "https://media.api-sports.io/flags/gb-eng.svg"}}, {"player": {"id": 365331, "name": "N. Sadiki", "photo": "https://media.api-sports.io/football/players/365331.png", "type": "Missing Fixture", "reason": "International duty"}, "team": {"id": 746, "name": "Sunderland", "logo": "https://media.api-sports.io/football/teams/746.png"}, "fixture": {"id": 1379167, "timezone": "UTC", "date": "2026-01-04T15:00:00+00:00", "timestamp": 1767538800}, "league": {"id": 39, "season": 2025, "name": "Premier League", "country": "England", "logo": "https://media.api-sports.io/football/leagues/39.png", "flag": "https://media.api-sports.io/flags/gb-eng.svg"}}, {"player": {"id": 336659, "name": "C. Talbi", "photo": "https://media.api-sports.io/football/players/336659.png", "type": "Missing Fixture", "reason": "International duty"}, "team": {"id": 746, "name": "Sunderland", "logo": "https://media.api-sports.io/football/teams/746.png"}, "fixture": {"id": 1379167, "timezone": "UTC", "date": "2026-01-04T15:00:00+00:00", "timestamp": 1767538800}, "league": {"id": 39, "season": 2025, "name": "Premier League", "country": "England", "logo": "https://media.api-sports.io/football/leagues/39.png", "flag": "https://media.api-sports.io/flags/gb-eng.svg"}}, {"player": {"id": 671, "name": "B. Traore", "photo": "https://media.api-sports.io/football/players/671.png", "type": "Missing Fixture", "reason": "International duty"}, "team": {"id": 746, "name": "Sunderland", "logo": "https://media.api-sports.io/football/teams/746.png"}, "fixture": {"id": 1379167, "timezone": "UTC", "date": "2026-01-04T15:00:00+00:00", "timestamp": 1767538800}, "league": {"id": 39, "season": 2025, "name": "Premier League", "country": "England", "logo": "https://media.api-sports.io/football/leagues/39.png", "flag": "https://media.api-sports.io/flags/gb-eng.svg"}}, {"player": {"id": 55904, "name": "D. Ballard", "photo": "https://media.api-sports.io/football/players/55904.png", "type": "Questionable", "reason": "Ankle Injury"}, "team": {"id": 746, "name": "Sunderland", "logo": "https://media.api-sports.io/football/teams/746.png"}, "fixture": {"id": 1379167, "timezone": "UTC", "date": "2026-01-04T15:00:00+00:00", "timestamp": 1767538800}, "league": {"id": 39, "season": 2025, "name": "Premier League", "country": "England", "logo": "https://media.api-sports.io/football/leagues/39.png", "flag": "https://media.api-sports.io/flags/gb-eng.svg"}}, {"player": {"id": 38750, "name": "B. Brobbey", "photo": "https://media.api-sports.io/football/players/38750.png", "type": "Questionable", "reason": "Injury"}, "team": {"id": 746, "name": "Sunderland", "logo": "https://media.api-sports.io/football/teams/746.png"}, "fixture": {"id": 1379167, "timezone": "UTC", "date": "2026-01-04T15:00:00+00:00", "timestamp": 1767538800}, "league": {"id": 39, "season": 2025, "name": "Premier League", "country": "England", "logo": "https://media.api-sports.io/football/leagues/39.png", "flag": "https://media.api-sports.io/flags/gb-eng.svg"}}, {"player": {"id": 141133, "name": "A. Alese", "photo": "https://media.api-sports.io/football/players/141133.png", "type": "Missing Fixture", "reason": "Lacking Match Fitness"}, "team": {"id": 746, "name": "Sunderland", "logo": "https://media.api-sports.io/football/teams/746.png"}, "fixture": {"id": 1379186, "timezone": "UTC", "date": "2026-01-17T15:00:00+00:00", "timestamp": 1768662000}, "league": {"id": 39, "season": 2025, "name": "Premier League", "country": "England", "logo": "https://media.api-sports.io/football/leagues/39.png", "flag": "https://media.api-sports.io/flags/gb-eng.svg"}}, {"player": {"id": 554280, "name": "J. T. Bi", "photo": "https://media.api-sports.io/football/players/554280.png", "type": "Missing Fixture", "reason": "Injury"}, "team": {"id": 746, "name": "Sunderland", "logo": "https://media.api-sports.io/football/teams/746.png"}, "fixture": {"id": 1379186, "timezone": "UTC", "date": "2026-01-17T15:00:00+00:00", "timestamp": 1768662000}, "league": {"id": 39, "season": 2025, "name": "Premier League", "country": "England", "logo": "https://media.api-sports.io/football/leagues/39.png", "flag": "https://media.api-sports.io/flags/gb-eng.svg"}}, {"player": {"id": 327631, "name": "H. Diarra", "photo": "https://media.api-sports.io/football/players/327631.png", "type": "Missing Fixture", "reason": "International duty"}, "team": {"id": 746, "name": "Sunderland", "logo": "https://media.api-sports.io/football/teams/746.png"}, "fixture": {"id": 1379186, "timezone": "UTC", "date": "2026-01-17T15:00:00+00:00", "timestamp": 1768662000}, "league": {"id": 39, "season": 2025, "name": "Premier League", "country": "England", "logo": "https://media.api-sports.io/football/leagues/39.png", "flag": "https://media.api-sports.io/flags/gb-eng.svg"}}, {"player": {"id": 18816, "name": "A. Masuaku", "photo": "https://media.api-sports.io/football/players/18816.png", "type": "Missing Fixture", "reason": "Ankle Injury"}, "team": {"id": 746, "name": "Sunderland", "logo": "https://media.api-sports.io/football/teams/746.png"}, "fixture": {"id": 1379186, "timezone": "UTC", "date": "2026-01-17T15:00:00+00:00", "timestamp": 1768662000}, "league": {"id": 39, "season": 2025, "name": "Premier League", "country": "England", "logo": "https://media.api-sports.io/football/leagues/39.png", "flag": "https://media.api-sports.io/flags/gb-eng.svg"}}, {"player": {"id": 336659, "name": "C. Talbi", "photo": "https://media.api-sports.io/football/players/336659.png", "type": "Missing Fixture", "reason": "International duty"}, "team": {"id": 746, "name": "Sunderland", "logo": "https://media.api-sports.io/football/teams/746.png"}, "fixture": {"id": 1379186, "timezone": "UTC", "date": "2026-01-17T15:00:00+00:00", "timestamp": 1768662000}, "league": {"id": 39, "season": 2025, "name": "Premier League", "country": "England", "logo": "https://media.api-sports.io/football/leagues/39.png", "flag": "https://media.api-sports.io/flags/gb-eng.svg"}}, {"player": {"id": 671, "name": "B. Traore", "photo": "https://media.api-sports.io/football/players/671.png", "type": "Missing Fixture", "reason": "Knee Injury"}, "team": {"id": 746, "name": "Sunderland", "logo": "https://media.api-sports.io/football/teams/746.png"}, "fixture": {"id": 1379186, "timezone": "UTC", "date": "2026-01-17T15:00:00+00:00", "timestamp": 1768662000}, "league": {"id": 39, "season": 2025, "name": "Premier League", "country": "England", "logo": "https://media.api-sports.io/football/leagues/39.png", "flag": "https://media.api-sports.io/flags/gb-eng.svg"}}, {"player": {"id": 18816, "name": "A. Masuaku", "photo": "https://media.api-sports.io/football/players/18816.png", "type": "Missing Fixture", "reason": "Ankle Injury"}, "team": {"id": 746, "name": "Sunderland", "logo": "https://media.api-sports.io/football/teams/746.png"}, "fixture": {"id": 1379198, "timezone": "UTC", "date": "2026-01-24T12:30:00+00:00", "timestamp": 1769257800}, "league": {"id": 39, "season": 2025, "name": "Premier League", "country": "England", "logo": "https://media.api-sports.io/football/leagues/39.png", "flag": "https://media.api-sports.io/flags/gb-eng.svg"}}, {"player": {"id": 671, "name": "B. Traore", "photo": "https://media.api-sports.io/football/players/671.png", "type": "Missing Fixture", "reason": "Knee Injury"}, "team": {"id": 746, "name": "Sunderland", "logo": "https://media.api-sports.io/football/teams/746.png"}, "fixture": {"id": 1379198, "timezone": "UTC", "date": "2026-01-24T12:30:00+00:00", "timestamp": 1769257800}, "league": {"id": 39, "season": 2025, "name": "Premier League", "country": "England", "logo": "https://media.api-sports.io/football/leagues/39.png", "flag": "https://media.api-sports.io/flags/gb-eng.svg"}}, {"player": {"id": 554280, "name": "J. T. Bi", "photo": "https://media.api-sports.io/football/players/554280.png", "type": "Missing Fixture", "reason": "Ankle Injury"}, "team": {"id": 746, "name": "Sunderland", "logo": "https://media.api-sports.io/football/teams/746.png"}, "fixture": {"id": 1379206, "timezone": "UTC", "date": "2026-02-02T20:00:00+00:00", "timestamp": 1770062400}, "league": {"id": 39, "season": 2025, "name": "Premier League", "country": "England", "logo": "https://media.api-sports.io/football/leagues/39.png", "flag": "https://media.api-sports.io/flags/gb-eng.svg"}}, {"player": {"id": 671, "name": "B. Traore", "photo": "https://media.api-sports.io/football/players/671.png", "type": "Missing Fixture", "reason": "Knee Injury"}, "team": {"id": 746, "name": "Sunderland", "logo": "https://media.api-sports.io/football/teams/746.png"}, "fixture": {"id": 1379206, "timezone": "UTC", "date": "2026-02-02T20:00:00+00:00", "timestamp": 1770062400}, "league": {"id": 39, "season": 2025, "name": "Premier League", "country": "England", "logo": "https://media.api-sports.io/football/leagues/39.png", "flag": "https://media.api-sports.io/flags/gb-eng.svg"}}, {"player": {"id": 1464, "name": "G. Xhaka", "photo": "https://media.api-sports.io/football/players/1464.png", "type": "Missing Fixture", "reason": "Ankle Injury"}, "team": {"id": 746, "name": "Sunderland", "logo": "https://media.api-sports.io/football/teams/746.png"}, "fixture": {"id": 1379206, "timezone": "UTC", "date": "2026-02-02T20:00:00+00:00", "timestamp": 1770062400}, "league": {"id": 39, "season": 2025, "name": "Premier League", "country": "England", "logo": "https://media.api-sports.io/football/leagues/39.png", "flag": "https://media.api-sports.io/flags/gb-eng.svg"}}, {"player": {"id": 554280, "name": "J. T. Bi", "photo": "https://media.api-sports.io/football/players/554280.png", "type": "Missing Fixture", "reason": "Ankle Injury"}, "team": {"id": 746, "name": "Sunderland", "logo": "https://media.api-sports.io/football/teams/746.png"}, "fixture": {"id": 1379209, "timezone": "UTC", "date": "2026-02-07T15:00:00+00:00", "timestamp": 1770476400}, "league": {"id": 39, "season": 2025, "name": "Premier League", "country": "England", "logo": "https://media.api-sports.io/football/leagues/39.png", "flag": "https://media.api-sports.io/flags/gb-eng.svg"}}, {"player": {"id": 671, "name": "B. Traore", "photo": "https://media.api-sports.io/football/players/671.png", "type": "Missing Fixture", "reason": "Knee Injury"}, "team": {"id": 746, "name": "Sunderland", "logo": "https://media.api-sports.io/football/teams/746.png"}, "fixture": {"id": 1379209, "timezone": "UTC", "date": "2026-02-07T15:00:00+00:00", "timestamp": 1770476400}, "league": {"id": 39, "season": 2025, "name": "Premier League", "country": "England", "logo": "https://media.api-sports.io/football/leagues/39.png", "flag": "https://media.api-sports.io/flags/gb-eng.svg"}}, {"player": {"id": 1464, "name": "G. Xhaka", "photo": "https://media.api-sports.io/football/players/1464.png", "type": "Missing Fixture", "reason": "Ankle Injury"}, "team": {"id": 746, "name": "Sunderland", "logo": "https://media.api-sports.io/football/teams/746.png"}, "fixture": {"id": 1379209, "timezone": "UTC", "date": "2026-02-07T15:00:00+00:00", "timestamp": 1770476400}, "league": {"id": 39, "season": 2025, "name": "Premier League", "country": "England", "logo": "https://media.api-sports.io/football/leagues/39.png", "flag": "https://media.api-sports.io/flags/gb-eng.svg"}}, {"player": {"id": 554280, "name": "J. T. Bi", "photo": "https://media.api-sports.io/football/players/554280.png", "type": "Missing Fixture", "reason": "Ankle Injury"}, "team": {"id": 746, "name": "Sunderland", "logo": "https://media.api-sports.io/football/teams/746.png"}, "fixture": {"id": 1379226, "timezone": "UTC", "date": "2026-02-11T20:15:00+00:00", "timestamp": 1770840900}, "league": {"id": 39, "season": 2025, "name": "Premier League", "country": "England", "logo": "https://media.api-sports.io/football/leagues/39.png", "flag": "https://media.api-sports.io/flags/gb-eng.svg"}}, {"player": {"id": 671, "name": "B. Traore", "photo": "https://media.api-sports.io/football/players/671.png", "type": "Missing Fixture", "reason": "Knee Injury"}, "team": {"id": 746, "name": "Sunderland", "logo": "https://media.api-sports.io/football/teams/746.png"}, "fixture": {"id": 1379226, "timezone": "UTC", "date": "2026-02-11T20:15:00+00:00", "timestamp": 1770840900}, "league": {"id": 39, "season": 2025, "name": "Premier League", "country": "England", "logo": "https://media.api-sports.io/football/leagues/39.png", "flag": "https://media.api-sports.io/flags/gb-eng.svg"}}, {"player": {"id": 1464, "name": "G. Xhaka", "photo": "https://media.api-sports.io/football/players/1464.png", "type": "Missing Fixture", "reason": "Ankle Injury"}, "team": {"id": 746, "name": "Sunderland", "logo": "https://media.api-sports.io/football/teams/746.png"}, "fixture": {"id": 1379226, "timezone": "UTC", "date": "2026-02-11T20:15:00+00:00", "timestamp": 1770840900}, "league": {"id": 39, "season": 2025, "name": "Premier League", "country": "England", "logo": "https://media.api-sports.io/football/leagues/39.png", "flag": "https://media.api-sports.io/flags/gb-eng.svg"}}]}