{"get": "fixtures", "parameters": {"league": "78", "season": "2025", "team": "161", "status": "FT", "last": "10"}, "errors": [], "results": 10, "paging": {"current": 1, "total": 1}, "response": [{"fixture": {"id": 1388496, "referee": "Timo Gerach, Germany", "timezone": "UTC", "date": "2026-02-07T14:30:00+00:00", "timestamp": 1770474600, "periods": {"first": 1770474600, "second": 1770478200}, "venue": {"id": 752, "name": "Volkswagen Arena", "city": "Wolfsburg"}, "status": {"long": "Match Finished", "short": "FT", "elapsed": 90, "extra": 5}}, "league": {"id": 78, "name": "Bundesliga", "country": "Germany", "logo": "https://media.api-sports.io/football/leagues/78.png", "flag": "https://media.api-sports.io/flags/de.svg", "season": 2025, "round": "Regular Season - 21", "standings": true}, "teams": {"home": {"id": 161, "name": "VfL Wolfsburg", "logo": "https://media.api-sports.io/football/teams/161.png", "winner": false}, "away": {"id": 165, "name": "Borussia Dortmund", "logo": "https://media.api-sports.io/football/teams/165.png", "winner": true}}, "goals": {"home": 1, "away": 2}, "score": {"halftime": {"home": 0, "away": 1}, "fulltime": {"home": 1, "away": 2}, "extratime": {"home": null, "away": null}, "penalty": {"home": null, "away": null}}}, {"fixture": {"id": 1388482, "referee": "Martin Petersen, Germany", "timezone": "UTC", "date": "2026-01-30T19:30:00+00:00", "timestamp": 1769801400, "periods": {"first": 1769801400, "second": 1769805000}, "venue": {"id": null, "name": "RheinEnergieStadion", "city": "Cologne"}, "status": {"long": "Match Finished", "short": "FT", "elapsed": 90, "extra": 6}}, "league": {"id": 78, "name": "Bundesliga", "country": "Germany", "logo": "https://media.api-sports.io/football/leagues/78.png", "flag": "https://media.api-sports.io/flags/de.svg", "season": 2025, "round": "Regular Season - 20", "standings": true}, "teams": {"home": {"id": 192, "name": "1. FC K\u00f6ln", "logo": "https://media.api-sports.io/football/teams/192.png", "winner": true}, "away": {"id": 161, "name": "VfL Wolfsburg", "logo": "https://media.api-sports.io/football/teams/161.png", "winner": false}}, "goals": {"home": 1, "away": 0}, "score": {"halftime": {"home": 1, "away": 0}, "fulltime": {"home": 1, "away": 0}, "extratime": {"home": null, "away": null}, "penalty": {"home": null, "away": null}}}, {"fixture": {"id": 1388476, "referee": "Daniel Siebert, Germany", "timezone": "UTC", "date": "2026-01-24T14:30:00+00:00", "timestamp": 1769265000, "periods": {"first": 1769265000, "second": 1769268600}, "venue": {"id": 11899, "name": "Mewa Arena", "city": "Mainz"}, "status": {"long": "Match Finished", "short": "FT", "elapsed": 90, "extra": 8}}, "league": {"id": 78, "name": "Bundesliga", "country": "Germany", "logo": "https://media.api-sports.io/football/leagues/78.png", "flag": "https://media.api-sports.io/flags/de.svg", "season": 2025, "round": "Regular Season - 19", "standings": true}, "teams": {"home": {"id": 164, "name": "FSV Mainz 05", "logo": "https://media.api-sports.io/football/teams/164.png", "winner": true}, "away": {"id": 161, "name": "VfL Wolfsburg", "logo": "https://media.api-sports.io/football/teams/161.png", "winner": false}}, "goals": {"home": 3, "away": 1}, "score": {"halftime": {"home": 0, "away": 1}, "fulltime": {"home": 3, "away": 1}, "extratime": {"home": null, "away": null}, "penalty": {"home": null, "away": null}}}, {"fixture": {"id": 1388469, "referee": "Tobias Welz, Germany", "timezone": "UTC", "date": "2026-01-17T14:30:00+00:00", "timestamp": 1768660200, "periods": {"first": 1768660200, "second": 1768663800}, "venue": {"id": 752, "name": "Volkswagen Arena", "city": "Wolfsburg"}, "status": {"long": "Match Finished", "short": "FT", "elapsed": 90, "extra": 7}}, "league": {"id": 78, "name": "Bundesliga", "country": "Germany", "logo": "https://media.api-sports.io/football/leagues/78.png", "flag": "https://media.api-sports.io/flags/de.svg", "season": 2025, "round": "Regular Season - 18", "standings": true}, "teams": {"home": {"id": 161, "name": "VfL Wolfsburg", "logo": "https://media.api-sports.io/football/teams/161.png", "winner": null}, "away": {"id": 180, "name": "1. FC Heidenheim", "logo": "https://media.api-sports.io/football/teams/180.png", "winner": null}}, "goals": {"home": 1, "away": 1}, "score": {"halftime": {"home": 0, "away": 1}, "fulltime": {"home": 1, "away": 1}, "extratime": {"home": null, "away": null}, "penalty": {"home": null, "away": null}}}, {"fixture": {"id": 1388460, "referee": "Frank Willenborg, Germany", "timezone": "UTC", "date": "2026-01-14T17:30:00+00:00", "timestamp": 1768411800, "periods": {"first": 1768411800, "second": 1768415400}, "venue": {"id": 752, "name": "Volkswagen Arena", "city": "Wolfsburg"}, "status": {"long": "Match Finished", "short": "FT", "elapsed": 90, "extra": 5}}, "league": {"id": 78, "name": "Bundesliga", "country": "Germany", "logo": "https://media.api-sports.io/football/leagues/78.png", "flag": "https://media.api-sports.io/flags/de.svg", "season": 2025, "round": "Regular Season - 17", "standings": true}, "teams": {"home": {"id": 161, "name": "VfL Wolfsburg", "logo": "https://media.api-sports.io/football/teams/161.png", "winner": true}, "away": {"id": 186, "name": "FC St. Pauli", "logo": "https://media.api-sports.io/football/teams/186.png", "winner": false}}, "goals": {"home": 2, "away": 1}, "score": {"halftime": {"home": 1, "away": 1}, "fulltime": {"home": 2, "away": 1}, "extratime": {"home": null, "away": null}, "penalty": {"home": null, "away": null}}}, {"fixture": {"id": 1388444, "referee": "Tobias Reichel, Germany", "timezone": "UTC", "date": "2026-01-11T16:30:00+00:00", "timestamp": 1768149000, "periods": {"first": 1768149000, "second": 1768152600}, "venue": {"id": null, "name": "Allianz Arena", "city": "Munich"}, "status": {"long": "Match Finished", "short": "FT", "elapsed": 90, "extra": 7}}, "league": {"id": 78, "name": "Bundesliga", "country": "Germany", "logo": "https://media.api-sports.io/football/leagues/78.png", "flag": "https://media.api-sports.io/flags/de.svg", "season": 2025, "round": "Regular Season - 16", "standings": true}, "teams": {"home": {"id": 157, "name": "Bayern M\u00fcnchen", "logo": "https://media.api-sports.io/football/teams/157.png", "winner": true}, "away": {"id": 161, "name": "VfL Wolfsburg", "logo": "https://media.api-sports.io/football/teams/161.png", "winner": false}}, "goals": {"home": 8, "away": 1}, "score": {"halftime": {"home": 2, "away": 1}, "fulltime": {"home": 8, "away": 1}, "extratime": {"home": null, "away": null}, "penalty": {"home": null, "away": null}}}, {"fixture": {"id": 1388442, "referee": "Sascha Stegemann, Germany", "timezone": "UTC", "date": "2025-12-20T14:30:00+00:00", "timestamp": 1766241000, "periods": {"first": 1766241000, "second": 1766244600}, "venue": {"id": 752, "name": "Volkswagen Arena", "city": "Wolfsburg"}, "status": {"long": "Match Finished", "short": "FT", "elapsed": 90, "extra": 7}}, "league": {"id": 78, "name": "Bundesliga", "country": "Germany", "logo": "https://media.api-sports.io/football/leagues/78.png", "flag": "https://media.api-sports.io/flags/de.svg", "season": 2025, "round": "Regular Season - 15", "standings": true}, "teams": {"home": {"id": 161, "name": "VfL Wolfsburg", "logo": "https://media.api-sports.io/football/teams/161.png", "winner": false}, "away": {"id": 160, "name": "SC Freiburg", "logo": "https://media.api-sports.io/football/teams/160.png", "winner": true}}, "goals": {"home": 3, "away": 4}, "score": {"halftime": {"home": 1, "away": 1}, "fulltime": {"home": 3, "away": 4}, "extratime": {"home": null, "away": null}, "penalty": {"home": null, "away": null}}}, {"fixture": {"id": 1388427, "referee": "Patrick Ittrich, Germany", "timezone": "UTC", "date": "2025-12-13T14:30:00+00:00", "timestamp": 1765636200, "periods": {"first": 1765636200, "second": 1765639800}, "venue": {"id": 20471, "name": "Borussia-Park", "city": "Monchengladbach"}, "status": {"long": "Match Finished", "short": "FT", "elapsed": 90, "extra": 7}}, "league": {"id": 78, "name": "Bundesliga", "country": "Germany", "logo": "https://media.api-sports.io/football/leagues/78.png", "flag": "https://media.api-sports.io/flags/de.svg", "season": 2025, "round": "Regular Season - 14", "standings": true}, "teams": {"home": {"id": 163, "name": "Borussia M\u00f6nchengladbach", "logo": "https://media.api-sports.io/football/teams/163.png", "winner": false}, "away": {"id": 161, "name": "VfL Wolfsburg", "logo": "https://media.api-sports.io/football/teams/161.png", "winner": true}}, "goals": {"home": 1, "away": 3}, "score": {"halftime": {"home": 1, "away": 3}, "fulltime": {"home": 1, "away": 3}, "extratime": {"home": null, "away": null}, "penalty": {"home": null, "away": null}}}, {"fixture": {"id": 1388424, "referee": "Robert Schr\u00f6der, Germany", "timezone": "UTC", "date": "2025-12-06T14:30:00+00:00", "timestamp": 1765031400, "periods": {"first": 1765031400, "second": 1765035000}, "venue": {"id": 752, "name": "Volkswagen Arena", "city": "Wolfsburg"}, "status": {"long": "Match Finished", "short": "FT", "elapsed": 90, "extra": 15}}, "league": {"id": 78, "name": "Bundesliga", "country": "Germany", "logo": "https://media.api-sports.io/football/leagues/78.png", "flag": "https://media.api-sports.io/flags/de.svg", "season": 2025, "round": "Regular Season - 13", "standings": true}, "teams": {"home": {"id": 161, "name": "VfL Wolfsburg", "logo": "https://media.api-sports.io/football/teams/161.png", "winner": true}, "away": {"id": 182, "name": "Union Berlin", "logo": "https://media.api-sports.io/football/teams/182.png", "winner": false}}, "goals": {"home": 3, "away": 1}, "score": {"halftime": {"home": 2, "away": 0}, "fulltime": {"home": 3, "away": 1}, "extratime": {"home": null, "away": null}, "penalty": {"home": null, "away": null}}}, {"fixture": {"id": 1388410, "referee": "Harm Osmers, Germany", "timezone": "UTC", "date": "2025-11-30T16:30:00+00:00", "timestamp": 1764520200, "periods": {"first": 1764520200, "second": 1764523800}, "venue": {"id": null, "name": "Deutsche Bank Park", "city": "Frankfurt"}, "status": {"long": "Match Finished", "short": "FT", "elapsed": 90, "extra": 10}}, "league": {"id": 78, "name": "Bundesliga", "country": "Germany", "logo": "https://media.api-sports.io/football/leagues/78.png", "flag": "https://media.api-sports.io/flags/de.svg", "season": 2025, "round": "Regular Season - 12", "standings": true}, "teams": {"home": {"id": 169, "name": "Eintracht Frankfurt", "logo": "https://media.api-sports.io/football/teams/169.png", "winner": null}, "away": {"id": 161, "name": "VfL Wolfsburg", "logo": "https://media.api-sports.io/football/teams/161.png", "winner": null}}, "goals": {"home": 1, "away": 1}, "score": {"halftime": {"home": 0, "away": 0}, "fulltime": {"home": 1, "away": 1}, "extratime": {"home": null, "away": null}, "penalty": {"home": null, "away": null}}}]}