{"get": "fixtures", "parameters": {"league": "39", "season": "2025", "team": "49", "status": "FT", "last": "10"}, "errors": [], "results": 10, "paging": {"current": 1, "total": 1}, "response": [{"fixture": {"id": 1379218, "referee": "Jarred Gillett, Australia", "timezone": "UTC", "date": "2026-02-07T15:00:00+00:00", "timestamp": 1770476400, "periods": {"first": 1770476400, "second": 1770480000}, "venue": {"id": 600, "name": "Molineux Stadium", "city": "Wolverhampton"}, "status": {"long": "Match Finished", "short": "FT", "elapsed": 90, "extra": 9}}, "league": {"id": 39, "name": "Premier League", "country": "England", "logo": "https://media.api-sports.io/football/leagues/39.png", "flag": "https://media.api-sports.io/flags/gb-eng.svg", "season": 2025, "round": "Regular Season - 25", "standings": true}, "teams": {"home": {"id": 39, "name": "Wolves", "logo": "https://media.api-sports.io/football/teams/39.png", "winner": false}, "away": {"id": 49, "name": "Chelsea", "logo": "https://media.api-sports.io/football/teams/49.png", "winner": true}}, "goals": {"home": 1, "away": 3}, "score": {"halftime": {"home": 0, "away": 3}, "fulltime": {"home": 1, "away": 3}, "extratime": {"home": null, "away": null}, "penalty": {"home": null, "away": null}}}, {"fixture": {"id": 1379201, "referee": "Anthony Taylor, England", "timezone": "UTC", "date": "2026-01-31T17:30:00+00:00", "timestamp": 1769880600, "periods": {"first": 1769880600, "second": 1769884200}, "venue": {"id": 519, "name": "Stamford Bridge", "city": "London"}, "status": {"long": "Match Finished", "short": "FT", "elapsed": 90, "extra": 11}}, "league": {"id": 39, "name": "Premier League", "country": "England", "logo": "https://media.api-sports.io/football/leagues/39.png", "flag": "https://media.api-sports.io/flags/gb-eng.svg", "season": 2025, "round": "Regular Season - 24", "standings": true}, "teams": {"home": {"id": 49, "name": "Chelsea", "logo": "https://media.api-sports.io/football/teams/49.png", "winner": true}, "away": {"id": 48, "name": "West Ham", "logo": "https://media.api-sports.io/football/teams/48.png", "winner": false}}, "goals": {"home": 3, "away": 2}, "score": {"halftime": {"home": 0, "away": 2}, "fulltime": {"home": 3, "away": 2}, "extratime": {"home": null, "away": null}, "penalty": {"home": null, "away": null}}}, {"fixture": {"id": 1379193, "referee": "Darren England, England", "timezone": "UTC", "date": "2026-01-25T14:00:00+00:00", "timestamp": 1769349600, "periods": {"first": 1769349600, "second": 1769353200}, "venue": {"id": 525, "name": "Selhurst Park", "city": "London"}, "status": {"long": "Match Finished", "short": "FT", "elapsed": 90, "extra": 10}}, "league": {"id": 39, "name": "Premier League", "country": "England", "logo": "https://media.api-sports.io/football/leagues/39.png", "flag": "https://media.api-sports.io/flags/gb-eng.svg", "season": 2025, "round": "Regular Season - 23", "standings": true}, "teams": {"home": {"id": 52, "name": "Crystal Palace", "logo": "https://media.api-sports.io/football/teams/52.png", "winner": false}, "away": {"id": 49, "name": "Chelsea", "logo": "https://media.api-sports.io/football/teams/49.png", "winner": true}}, "goals": {"home": 1, "away": 3}, "score": {"halftime": {"home": 0, "away": 1}, "fulltime": {"home": 1, "away": 3}, "extratime": {"home": null, "away": null}, "penalty": {"home": null, "away": null}}}, {"fixture": {"id": 1379181, "referee": "John Brooks, England", "timezone": "UTC", "date": "2026-01-17T15:00:00+00:00", "timestamp": 1768662000, "periods": {"first": 1768662000, "second": 1768665600}, "venue": {"id": 519, "name": "Stamford Bridge", "city": "London"}, "status": {"long": "Match Finished", "short": "FT", "elapsed": 90, "extra": 8}}, "league": {"id": 39, "name": "Premier League", "country": "England", "logo": "https://media.api-sports.io/football/leagues/39.png", "flag": "https://media.api-sports.io/flags/gb-eng.svg", "season": 2025, "round": "Regular Season - 22", "standings": true}, "teams": {"home": {"id": 49, "name": "Chelsea", "logo": "https://media.api-sports.io/football/teams/49.png", "winner": true}, "away": {"id": 55, "name": "Brentford", "logo": "https://media.api-sports.io/football/teams/55.png", "winner": false}}, "goals": {"home": 2, "away": 0}, "score": {"halftime": {"home": 1, "away": 0}, "fulltime": {"home": 2, "away": 0}, "extratime": {"home": null, "away": null}, "penalty": {"home": null, "away": null}}}, {"fixture": {"id": 1379175, "referee": "Peter Bankes, England", "timezone": "UTC", "date": "2026-01-07T19:30:00+00:00", "timestamp": 1767814200, "periods": {"first": 1767814200, "second": 1767817800}, "venue": {"id": 535, "name": "Craven Cottage", "city": "London"}, "status": {"long": "Match Finished", "short": "FT", "elapsed": 90, "extra": 6}}, "league": {"id": 39, "name": "Premier League", "country": "England", "logo": "https://media.api-sports.io/football/leagues/39.png", "flag": "https://media.api-sports.io/flags/gb-eng.svg", "season": 2025, "round": "Regular Season - 21", "standings": true}, "teams": {"home": {"id": 36, "name": "Fulham", "logo": "https://media.api-sports.io/football/teams/36.png", "winner": true}, "away": {"id": 49, "name": "Chelsea", "logo": "https://media.api-sports.io/football/teams/49.png", "winner": false}}, "goals": {"home": 2, "away": 1}, "score": {"halftime": {"home": 0, "away": 0}, "fulltime": {"home": 2, "away": 1}, "extratime": {"home": null, "away": null}, "penalty": {"home": null, "away": null}}}, {"fixture": {"id": 1379165, "referee": "Michael Oliver, England", "timezone": "UTC", "date": "2026-01-04T17:30:00+00:00", "timestamp": 1767547800, "periods": {"first": 1767547800, "second": 1767551400}, "venue": {"id": 555, "name": "Etihad Stadium", "city": "Manchester"}, "status": {"long": "Match Finished", "short": "FT", "elapsed": 90, "extra": 8}}, "league": {"id": 39, "name": "Premier League", "country": "England", "logo": "https://media.api-sports.io/football/leagues/39.png", "flag": "https://media.api-sports.io/flags/gb-eng.svg", "season": 2025, "round": "Regular Season - 20", "standings": true}, "teams": {"home": {"id": 50, "name": "Manchester City", "logo": "https://media.api-sports.io/football/teams/50.png", "winner": null}, "away": {"id": 49, "name": "Chelsea", "logo": "https://media.api-sports.io/football/teams/49.png", "winner": null}}, "goals": {"home": 1, "away": 1}, "score": {"halftime": {"home": 1, "away": 0}, "fulltime": {"home": 1, "away": 1}, "extratime": {"home": null, "away": null}, "penalty": {"home": null, "away": null}}}, {"fixture": {"id": 1379152, "referee": "Samuel Barrott, England", "timezone": "UTC", "date": "2025-12-30T19:30:00+00:00", "timestamp": 1767123000, "periods": {"first": 1767123000, "second": 1767126600}, "venue": {"id": 519, "name": "Stamford Bridge", "city": "London"}, "status": {"long": "Match Finished", "short": "FT", "elapsed": 90, "extra": 6}}, "league": {"id": 39, "name": "Premier League", "country": "England", "logo": "https://media.api-sports.io/football/leagues/39.png", "flag": "https://media.api-sports.io/flags/gb-eng.svg", "season": 2025, "round": "Regular Season - 19", "standings": true}, "teams": {"home": {"id": 49, "name": "Chelsea", "logo": "https://media.api-sports.io/football/teams/49.png", "winner": null}, "away": {"id": 35, "name": "Bournemouth", "logo": "https://media.api-sports.io/football/teams/35.png", "winner": null}}, "goals": {"home": 2, "away": 2}, "score": {"halftime": {"home": 2, "away": 2}, "fulltime": {"home": 2, "away": 2}, "extratime": {"home": null, "away": null}, "penalty": {"home": null, "away": null}}}, {"fixture": {"id": 1379142, "referee": "Stuart Attwell, England", "timezone": "UTC", "date": "2025-12-27T17:30:00+00:00", "timestamp": 1766856600, "periods": {"first": 1766856600, "second": 1766860200}, "venue": {"id": 519, "name": "Stamford Bridge", "city": "London"}, "status": {"long": "Match Finished", "short": "FT", "elapsed": 90, "extra": 6}}, "league": {"id": 39, "name": "Premier League", "country": "England", "logo": "https://media.api-sports.io/football/leagues/39.png", "flag": "https://media.api-sports.io/flags/gb-eng.svg", "season": 2025, "round": "Regular Season - 18", "standings": true}, "teams": {"home": {"id": 49, "name": "Chelsea", "logo": "https://media.api-sports.io/football/teams/49.png", "winner": false}, "away": {"id": 66, "name": "Aston Villa", "logo": "https://media.api-sports.io/football/teams/66.png", "winner": true}}, "goals": {"home": 1, "away": 2}, "score": {"halftime": {"home": 1, "away": 0}, "fulltime": {"home": 1, "away": 2}, "extratime": {"home": null, "away": null}, "penalty": {"home": null, "away": null}}}, {"fixture": {"id": 1379136, "referee": "Andy Madley, England", "timezone": "UTC", "date": "2025-12-20T12:30:00+00:00", "timestamp": 1766233800, "periods": {"first": 1766233800, "second": 1766237400}, "venue": {"id": 562, "name": "St. James' Park", "city": "Newcastle"}, "status": {"long": "Match Finished", "short": "FT", "elapsed": 90, "extra": 7}}, "league": {"id": 39, "name": "Premier League", "country": "England", "logo": "https://media.api-sports.io/football/leagues/39.png", "flag": "https://media.api-sports.io/flags/gb-eng.svg", "season": 2025, "round": "Regular Season - 17", "standings": true}, "teams": {"home": {"id": 34, "name": "Newcastle", "logo": "https://media.api-sports.io/football/teams/34.png", "winner": null}, "away": {"id": 49, "name": "Chelsea", "logo": "https://media.api-sports.io/football/teams/49.png", "winner": null}}, "goals": {"home": 2, "away": 2}, "score": {"halftime": {"home": 2, "away": 0}, "fulltime": {"home": 2, "away": 2}, "extratime": {"home": null, "away": null}, "penalty": {"home": null, "away": null}}}, {"fixture": {"id": 1379122, "referee": "Thomas Bramall, England", "timezone": "UTC", "date": "2025-12-13T15:00:00+00:00", "timestamp": 1765638000, "periods": {"first": 1765638000, "second": 1765641600}, "venue": {"id": 519, "name": "Stamford Bridge", "city": "London"}, "status": {"long": "Match Finished", "short": "FT", "elapsed": 90, "extra": 5}}, "league": {"id": 39, "name": "Premier League", "country": "England", "logo": "https://media.api-sports.io/football/leagues/39.png", "flag": "https://media.api-sports.io/flags/gb-eng.svg", "season": 2025, "round": "Regular Season - 16", "standings": true}, "teams": {"home": {"id": 49, "name": "Chelsea", "logo": "https://media.api-sports.io/football/teams/49.png", "winner": true}, "away": {"id": 45, "name": "Everton", "logo": "https://media.api-sports.io/football/teams/45.png", "winner": false}}, "goals": {"home": 2, "away": 0}, "score": {"halftime": {"home": 2, "away": 0}, "fulltime": {"home": 2, "away": 0}, "extratime": {"home": null, "away": null}, "penalty": {"home": null, "away": null}}}]}