{"get": "fixtures", "parameters": {"league": "135", "season": "2025", "team": "801", "status": "FT", "last": "10"}, "errors": [], "results": 10, "paging": {"current": 1, "total": 1}, "response": [{"fixture": {"id": 1378103, "referee": "D. Doveri", "timezone": "UTC", "date": "2026-02-06T19:45:00+00:00", "timestamp": 1770407100, "periods": {"first": 1770407100, "second": 1770410700}, "venue": {"id": 0, "name": "Stadio Marcantonio Bentegodi", "city": "Verona"}, "status": {"long": "Match Finished", "short": "FT", "elapsed": 90, "extra": 5}}, "league": {"id": 135, "name": "Serie A", "country": "Italy", "logo": "https://media.api-sports.io/football/leagues/135.png", "flag": "https://media.api-sports.io/flags/it.svg", "season": 2025, "round": "Regular Season - 24", "standings": true}, "teams": {"home": {"id": 504, "name": "Verona", "logo": "https://media.api-sports.io/football/teams/504.png", "winner": null}, "away": {"id": 801, "name": "Pisa", "logo": "https://media.api-sports.io/football/teams/801.png", "winner": null}}, "goals": {"home": 0, "away": 0}, "score": {"halftime": {"home": 0, "away": 0}, "fulltime": {"home": 0, "away": 0}, "extratime": {"home": null, "away": null}, "penalty": {"home": null, "away": null}}}, {"fixture": {"id": 1378091, "referee": "A. Arena", "timezone": "UTC", "date": "2026-01-31T14:00:00+00:00", "timestamp": 1769868000, "periods": {"first": 1769868000, "second": 1769871600}, "venue": {"id": 925, "name": "Arena Garibaldi - Stadio Romeo Anconetani", "city": "Pisa"}, "status": {"long": "Match Finished", "short": "FT", "elapsed": 90, "extra": 6}}, "league": {"id": 135, "name": "Serie A", "country": "Italy", "logo": "https://media.api-sports.io/football/leagues/135.png", "flag": "https://media.api-sports.io/flags/it.svg", "season": 2025, "round": "Regular Season - 23", "standings": true}, "teams": {"home": {"id": 801, "name": "Pisa", "logo": "https://media.api-sports.io/football/teams/801.png", "winner": false}, "away": {"id": 488, "name": "Sassuolo", "logo": "https://media.api-sports.io/football/teams/488.png", "winner": true}}, "goals": {"home": 1, "away": 3}, "score": {"halftime": {"home": 0, "away": 2}, "fulltime": {"home": 1, "away": 3}, "extratime": {"home": null, "away": null}, "penalty": {"home": null, "away": null}}}, {"fixture": {"id": 1378078, "referee": "M. Marcenaro", "timezone": "UTC", "date": "2026-01-23T19:45:00+00:00", "timestamp": 1769197500, "periods": {"first": 1769197500, "second": 1769201100}, "venue": {"id": 907, "name": "Stadio Giuseppe Meazza", "city": "Milan"}, "status": {"long": "Match Finished", "short": "FT", "elapsed": 90, "extra": 4}}, "league": {"id": 135, "name": "Serie A", "country": "Italy", "logo": "https://media.api-sports.io/football/leagues/135.png", "flag": "https://media.api-sports.io/flags/it.svg", "season": 2025, "round": "Regular Season - 22", "standings": true}, "teams": {"home": {"id": 505, "name": "Inter", "logo": "https://media.api-sports.io/football/teams/505.png", "winner": true}, "away": {"id": 801, "name": "Pisa", "logo": "https://media.api-sports.io/football/teams/801.png", "winner": false}}, "goals": {"home": 6, "away": 2}, "score": {"halftime": {"home": 3, "away": 2}, "fulltime": {"home": 6, "away": 2}, "extratime": {"home": null, "away": null}, "penalty": {"home": null, "away": null}}}, {"fixture": {"id": 1378071, "referee": "Matteo Marchetti, Italy", "timezone": "UTC", "date": "2026-01-16T19:45:00+00:00", "timestamp": 1768592700, "periods": {"first": 1768592700, "second": 1768596300}, "venue": {"id": 925, "name": "Arena Garibaldi - Stadio Romeo Anconetani", "city": "Pisa"}, "status": {"long": "Match Finished", "short": "FT", "elapsed": 90, "extra": 6}}, "league": {"id": 135, "name": "Serie A", "country": "Italy", "logo": "https://media.api-sports.io/football/leagues/135.png", "flag": "https://media.api-sports.io/flags/it.svg", "season": 2025, "round": "Regular Season - 21", "standings": true}, "teams": {"home": {"id": 801, "name": "Pisa", "logo": "https://media.api-sports.io/football/teams/801.png", "winner": null}, "away": {"id": 499, "name": "Atalanta", "logo": "https://media.api-sports.io/football/teams/499.png", "winner": null}}, "goals": {"home": 1, "away": 1}, "score": {"halftime": {"home": 0, "away": 0}, "fulltime": {"home": 1, "away": 1}, "extratime": {"home": null, "away": null}, "penalty": {"home": null, "away": null}}}, {"fixture": {"id": 1378062, "referee": "Giovanni Ayroldi, Italy", "timezone": "UTC", "date": "2026-01-10T14:00:00+00:00", "timestamp": 1768053600, "periods": {"first": 1768053600, "second": 1768057200}, "venue": {"id": 20416, "name": "Bluenergy Stadium - Stadio Friuli", "city": "Udine"}, "status": {"long": "Match Finished", "short": "FT", "elapsed": 90, "extra": 8}}, "league": {"id": 135, "name": "Serie A", "country": "Italy", "logo": "https://media.api-sports.io/football/leagues/135.png", "flag": "https://media.api-sports.io/flags/it.svg", "season": 2025, "round": "Regular Season - 20", "standings": true}, "teams": {"home": {"id": 494, "name": "Udinese", "logo": "https://media.api-sports.io/football/teams/494.png", "winner": null}, "away": {"id": 801, "name": "Pisa", "logo": "https://media.api-sports.io/football/teams/801.png", "winner": null}}, "goals": {"home": 2, "away": 2}, "score": {"halftime": {"home": 2, "away": 1}, "fulltime": {"home": 2, "away": 2}, "extratime": {"home": null, "away": null}, "penalty": {"home": null, "away": null}}}, {"fixture": {"id": 1378051, "referee": "Luca Pairetto, Italy", "timezone": "UTC", "date": "2026-01-06T14:00:00+00:00", "timestamp": 1767708000, "periods": {"first": 1767708000, "second": 1767711600}, "venue": {"id": 925, "name": "Arena Garibaldi - Stadio Romeo Anconetani", "city": "Pisa"}, "status": {"long": "Match Finished", "short": "FT", "elapsed": 90, "extra": 7}}, "league": {"id": 135, "name": "Serie A", "country": "Italy", "logo": "https://media.api-sports.io/football/leagues/135.png", "flag": "https://media.api-sports.io/flags/it.svg", "season": 2025, "round": "Regular Season - 19", "standings": true}, "teams": {"home": {"id": 801, "name": "Pisa", "logo": "https://media.api-sports.io/football/teams/801.png", "winner": false}, "away": {"id": 895, "name": "Como", "logo": "https://media.api-sports.io/football/teams/895.png", "winner": true}}, "goals": {"home": 0, "away": 3}, "score": {"halftime": {"home": 0, "away": 0}, "fulltime": {"home": 0, "away": 3}, "extratime": {"home": null, "away": null}, "penalty": {"home": null, "away": null}}}, {"fixture": {"id": 1378038, "referee": "Daniele Chiffi, Italy", "timezone": "UTC", "date": "2026-01-03T14:00:00+00:00", "timestamp": 1767448800, "periods": {"first": 1767448800, "second": 1767452400}, "venue": {"id": 905, "name": "Stadio Luigi Ferraris", "city": "Genoa"}, "status": {"long": "Match Finished", "short": "FT", "elapsed": 90, "extra": 6}}, "league": {"id": 135, "name": "Serie A", "country": "Italy", "logo": "https://media.api-sports.io/football/leagues/135.png", "flag": "https://media.api-sports.io/flags/it.svg", "season": 2025, "round": "Regular Season - 18", "standings": true}, "teams": {"home": {"id": 495, "name": "Genoa", "logo": "https://media.api-sports.io/football/teams/495.png", "winner": null}, "away": {"id": 801, "name": "Pisa", "logo": "https://media.api-sports.io/football/teams/801.png", "winner": null}}, "goals": {"home": 1, "away": 1}, "score": {"halftime": {"home": 1, "away": 1}, "fulltime": {"home": 1, "away": 1}, "extratime": {"home": null, "away": null}, "penalty": {"home": null, "away": null}}}, {"fixture": {"id": 1378030, "referee": "Fabio Maresca, Italy", "timezone": "UTC", "date": "2025-12-27T19:45:00+00:00", "timestamp": 1766864700, "periods": {"first": 1766864700, "second": 1766868300}, "venue": {"id": 925, "name": "Arena Garibaldi - Stadio Romeo Anconetani", "city": "Pisa"}, "status": {"long": "Match Finished", "short": "FT", "elapsed": 90, "extra": 7}}, "league": {"id": 135, "name": "Serie A", "country": "Italy", "logo": "https://media.api-sports.io/football/leagues/135.png", "flag": "https://media.api-sports.io/flags/it.svg", "season": 2025, "round": "Regular Season - 17", "standings": true}, "teams": {"home": {"id": 801, "name": "Pisa", "logo": "https://media.api-sports.io/football/teams/801.png", "winner": false}, "away": {"id": 496, "name": "Juventus", "logo": "https://media.api-sports.io/football/teams/496.png", "winner": true}}, "goals": {"home": 0, "away": 2}, "score": {"halftime": {"home": 0, "away": 0}, "fulltime": {"home": 0, "away": 2}, "extratime": {"home": null, "away": null}, "penalty": {"home": null, "away": null}}}, {"fixture": {"id": 1378014, "referee": "Francesco Fourneau, Italy", "timezone": "UTC", "date": "2025-12-21T11:30:00+00:00", "timestamp": 1766316600, "periods": {"first": 1766316600, "second": 1766320200}, "venue": {"id": 12275, "name": "Unipol Domus", "city": "Cagliari"}, "status": {"long": "Match Finished", "short": "FT", "elapsed": 90, "extra": 7}}, "league": {"id": 135, "name": "Serie A", "country": "Italy", "logo": "https://media.api-sports.io/football/leagues/135.png", "flag": "https://media.api-sports.io/flags/it.svg", "season": 2025, "round": "Regular Season - 16", "standings": true}, "teams": {"home": {"id": 490, "name": "Cagliari", "logo": "https://media.api-sports.io/football/teams/490.png", "winner": null}, "away": {"id": 801, "name": "Pisa", "logo": "https://media.api-sports.io/football/teams/801.png", "winner": null}}, "goals": {"home": 2, "away": 2}, "score": {"halftime": {"home": 0, "away": 1}, "fulltime": {"home": 2, "away": 2}, "extratime": {"home": null, "away": null}, "penalty": {"home": null, "away": null}}}, {"fixture": {"id": 1378008, "referee": "Juan Luca Sacchi, Italy", "timezone": "UTC", "date": "2025-12-12T19:45:00+00:00", "timestamp": 1765568700, "periods": {"first": 1765568700, "second": 1765572300}, "venue": {"id": null, "name": "Stadio Via del Mare", "city": "Lecce"}, "status": {"long": "Match Finished", "short": "FT", "elapsed": 90, "extra": 5}}, "league": {"id": 135, "name": "Serie A", "country": "Italy", "logo": "https://media.api-sports.io/football/leagues/135.png", "flag": "https://media.api-sports.io/flags/it.svg", "season": 2025, "round": "Regular Season - 15", "standings": true}, "teams": {"home": {"id": 867, "name": "Lecce", "logo": "https://media.api-sports.io/football/teams/867.png", "winner": true}, "away": {"id": 801, "name": "Pisa", "logo": "https://media.api-sports.io/football/teams/801.png", "winner": false}}, "goals": {"home": 1, "away": 0}, "score": {"halftime": {"home": 0, "away": 0}, "fulltime": {"home": 1, "away": 0}, "extratime": {"home": null, "away": null}, "penalty": {"home": null, "away": null}}}]}