{"get": "fixtures", "parameters": {"league": "78", "season": "2025", "team": "173", "status": "FT", "last": "10"}, "errors": [], "results": 10, "paging": {"current": 1, "total": 1}, "response": [{"fixture": {"id": 1388490, "referee": "Frank Willenborg, Germany", "timezone": "UTC", "date": "2026-02-08T14:30:00+00:00", "timestamp": 1770561000, "periods": {"first": 1770561000, "second": 1770564600}, "venue": {"id": null, "name": "RheinEnergieStadion", "city": "Cologne"}, "status": {"long": "Match Finished", "short": "FT", "elapsed": 90, "extra": 7}}, "league": {"id": 78, "name": "Bundesliga", "country": "Germany", "logo": "https://media.api-sports.io/football/leagues/78.png", "flag": "https://media.api-sports.io/flags/de.svg", "season": 2025, "round": "Regular Season - 21", "standings": true}, "teams": {"home": {"id": 192, "name": "1. FC K\u00f6ln", "logo": "https://media.api-sports.io/football/teams/192.png", "winner": false}, "away": {"id": 173, "name": "RB Leipzig", "logo": "https://media.api-sports.io/football/teams/173.png", "winner": true}}, "goals": {"home": 1, "away": 2}, "score": {"halftime": {"home": 0, "away": 1}, "fulltime": {"home": 1, "away": 2}, "extratime": {"home": null, "away": null}, "penalty": {"home": null, "away": null}}}, {"fixture": {"id": 1388485, "referee": "Daniel Schlager, Germany", "timezone": "UTC", "date": "2026-01-31T14:30:00+00:00", "timestamp": 1769869800, "periods": {"first": 1769869800, "second": 1769873400}, "venue": {"id": null, "name": "Red Bull Arena", "city": "Leipzig"}, "status": {"long": "Match Finished", "short": "FT", "elapsed": 90, "extra": 6}}, "league": {"id": 78, "name": "Bundesliga", "country": "Germany", "logo": "https://media.api-sports.io/football/leagues/78.png", "flag": "https://media.api-sports.io/flags/de.svg", "season": 2025, "round": "Regular Season - 20", "standings": true}, "teams": {"home": {"id": 173, "name": "RB Leipzig", "logo": "https://media.api-sports.io/football/teams/173.png", "winner": false}, "away": {"id": 164, "name": "FSV Mainz 05", "logo": "https://media.api-sports.io/football/teams/164.png", "winner": true}}, "goals": {"home": 1, "away": 2}, "score": {"halftime": {"home": 1, "away": 1}, "fulltime": {"home": 1, "away": 2}, "extratime": {"home": null, "away": null}, "penalty": {"home": null, "away": null}}}, {"fixture": {"id": 1388449, "referee": "Florian Exner, Germany", "timezone": "UTC", "date": "2026-01-27T19:30:00+00:00", "timestamp": 1769542200, "periods": {"first": 1769542200, "second": 1769545800}, "venue": {"id": 745, "name": "Millerntor-Stadion", "city": "Hamburg"}, "status": {"long": "Match Finished", "short": "FT", "elapsed": 90, "extra": 6}}, "league": {"id": 78, "name": "Bundesliga", "country": "Germany", "logo": "https://media.api-sports.io/football/leagues/78.png", "flag": "https://media.api-sports.io/flags/de.svg", "season": 2025, "round": "Regular Season - 16", "standings": true}, "teams": {"home": {"id": 186, "name": "FC St. Pauli", "logo": "https://media.api-sports.io/football/teams/186.png", "winner": null}, "away": {"id": 173, "name": "RB Leipzig", "logo": "https://media.api-sports.io/football/teams/173.png", "winner": null}}, "goals": {"home": 1, "away": 1}, "score": {"halftime": {"home": 0, "away": 0}, "fulltime": {"home": 1, "away": 1}, "extratime": {"home": null, "away": null}, "penalty": {"home": null, "away": null}}}, {"fixture": {"id": 1388475, "referee": "Tobias Stieler, Germany", "timezone": "UTC", "date": "2026-01-24T14:30:00+00:00", "timestamp": 1769265000, "periods": {"first": 1769265000, "second": 1769268600}, "venue": {"id": 723, "name": "Voith-Arena", "city": "Heidenheim an der Brenz"}, "status": {"long": "Match Finished", "short": "FT", "elapsed": 90, "extra": 4}}, "league": {"id": 78, "name": "Bundesliga", "country": "Germany", "logo": "https://media.api-sports.io/football/leagues/78.png", "flag": "https://media.api-sports.io/flags/de.svg", "season": 2025, "round": "Regular Season - 19", "standings": true}, "teams": {"home": {"id": 180, "name": "1. FC Heidenheim", "logo": "https://media.api-sports.io/football/teams/180.png", "winner": false}, "away": {"id": 173, "name": "RB Leipzig", "logo": "https://media.api-sports.io/football/teams/173.png", "winner": true}}, "goals": {"home": 0, "away": 3}, "score": {"halftime": {"home": 0, "away": 0}, "fulltime": {"home": 0, "away": 3}, "extratime": {"home": null, "away": null}, "penalty": {"home": null, "away": null}}}, {"fixture": {"id": 1388466, "referee": "Sascha Stegemann, Germany", "timezone": "UTC", "date": "2026-01-17T17:30:00+00:00", "timestamp": 1768671000, "periods": {"first": 1768671000, "second": 1768674600}, "venue": {"id": null, "name": "Red Bull Arena", "city": "Leipzig"}, "status": {"long": "Match Finished", "short": "FT", "elapsed": 90, "extra": 5}}, "league": {"id": 78, "name": "Bundesliga", "country": "Germany", "logo": "https://media.api-sports.io/football/leagues/78.png", "flag": "https://media.api-sports.io/flags/de.svg", "season": 2025, "round": "Regular Season - 18", "standings": true}, "teams": {"home": {"id": 173, "name": "RB Leipzig", "logo": "https://media.api-sports.io/football/teams/173.png", "winner": false}, "away": {"id": 157, "name": "Bayern M\u00fcnchen", "logo": "https://media.api-sports.io/football/teams/157.png", "winner": true}}, "goals": {"home": 1, "away": 5}, "score": {"halftime": {"home": 1, "away": 0}, "fulltime": {"home": 1, "away": 5}, "extratime": {"home": null, "away": null}, "penalty": {"home": null, "away": null}}}, {"fixture": {"id": 1388458, "referee": "Robert Hartmann, Germany", "timezone": "UTC", "date": "2026-01-14T19:30:00+00:00", "timestamp": 1768419000, "periods": {"first": 1768419000, "second": 1768422600}, "venue": {"id": null, "name": "Red Bull Arena", "city": "Leipzig"}, "status": {"long": "Match Finished", "short": "FT", "elapsed": 90, "extra": 7}}, "league": {"id": 78, "name": "Bundesliga", "country": "Germany", "logo": "https://media.api-sports.io/football/leagues/78.png", "flag": "https://media.api-sports.io/flags/de.svg", "season": 2025, "round": "Regular Season - 17", "standings": true}, "teams": {"home": {"id": 173, "name": "RB Leipzig", "logo": "https://media.api-sports.io/football/teams/173.png", "winner": true}, "away": {"id": 160, "name": "SC Freiburg", "logo": "https://media.api-sports.io/football/teams/160.png", "winner": false}}, "goals": {"home": 2, "away": 0}, "score": {"halftime": {"home": 0, "away": 0}, "fulltime": {"home": 2, "away": 0}, "extratime": {"home": null, "away": null}, "penalty": {"home": null, "away": null}}}, {"fixture": {"id": 1388440, "referee": "Benjamin Brand, Germany", "timezone": "UTC", "date": "2025-12-20T17:30:00+00:00", "timestamp": 1766251800, "periods": {"first": 1766251800, "second": 1766255400}, "venue": {"id": null, "name": "Red Bull Arena", "city": "Leipzig"}, "status": {"long": "Match Finished", "short": "FT", "elapsed": 90, "extra": 11}}, "league": {"id": 78, "name": "Bundesliga", "country": "Germany", "logo": "https://media.api-sports.io/football/leagues/78.png", "flag": "https://media.api-sports.io/flags/de.svg", "season": 2025, "round": "Regular Season - 15", "standings": true}, "teams": {"home": {"id": 173, "name": "RB Leipzig", "logo": "https://media.api-sports.io/football/teams/173.png", "winner": false}, "away": {"id": 168, "name": "Bayer Leverkusen", "logo": "https://media.api-sports.io/football/teams/168.png", "winner": true}}, "goals": {"home": 1, "away": 3}, "score": {"halftime": {"home": 1, "away": 2}, "fulltime": {"home": 1, "away": 3}, "extratime": {"home": null, "away": null}, "penalty": {"home": null, "away": null}}}, {"fixture": {"id": 1388432, "referee": "Daniel Schlager, Germany", "timezone": "UTC", "date": "2025-12-12T19:30:00+00:00", "timestamp": 1765567800, "periods": {"first": 1765567800, "second": 1765571400}, "venue": {"id": 748, "name": "Stadion An der Alten F\u00f6rsterei", "city": "Berlin"}, "status": {"long": "Match Finished", "short": "FT", "elapsed": 90, "extra": 5}}, "league": {"id": 78, "name": "Bundesliga", "country": "Germany", "logo": "https://media.api-sports.io/football/leagues/78.png", "flag": "https://media.api-sports.io/flags/de.svg", "season": 2025, "round": "Regular Season - 14", "standings": true}, "teams": {"home": {"id": 182, "name": "Union Berlin", "logo": "https://media.api-sports.io/football/teams/182.png", "winner": true}, "away": {"id": 173, "name": "RB Leipzig", "logo": "https://media.api-sports.io/football/teams/173.png", "winner": false}}, "goals": {"home": 3, "away": 1}, "score": {"halftime": {"home": 0, "away": 0}, "fulltime": {"home": 3, "away": 1}, "extratime": {"home": null, "away": null}, "penalty": {"home": null, "away": null}}}, {"fixture": {"id": 1388422, "referee": "Daniel Siebert, Germany", "timezone": "UTC", "date": "2025-12-06T17:30:00+00:00", "timestamp": 1765042200, "periods": {"first": 1765042200, "second": 1765045800}, "venue": {"id": null, "name": "Red Bull Arena", "city": "Leipzig"}, "status": {"long": "Match Finished", "short": "FT", "elapsed": 90, "extra": 6}}, "league": {"id": 78, "name": "Bundesliga", "country": "Germany", "logo": "https://media.api-sports.io/football/leagues/78.png", "flag": "https://media.api-sports.io/flags/de.svg", "season": 2025, "round": "Regular Season - 13", "standings": true}, "teams": {"home": {"id": 173, "name": "RB Leipzig", "logo": "https://media.api-sports.io/football/teams/173.png", "winner": true}, "away": {"id": 169, "name": "Eintracht Frankfurt", "logo": "https://media.api-sports.io/football/teams/169.png", "winner": false}}, "goals": {"home": 6, "away": 0}, "score": {"halftime": {"home": 2, "away": 0}, "fulltime": {"home": 6, "away": 0}, "extratime": {"home": null, "away": null}, "penalty": {"home": null, "away": null}}}, {"fixture": {"id": 1388409, "referee": "Timo Gerach, Germany", "timezone": "UTC", "date": "2025-11-28T19:30:00+00:00", "timestamp": 1764358200, "periods": {"first": 1764358200, "second": 1764361800}, "venue": {"id": 20471, "name": "Borussia-Park", "city": "Monchengladbach"}, "status": {"long": "Match Finished", "short": "FT", "elapsed": 90, "extra": 8}}, "league": {"id": 78, "name": "Bundesliga", "country": "Germany", "logo": "https://media.api-sports.io/football/leagues/78.png", "flag": "https://media.api-sports.io/flags/de.svg", "season": 2025, "round": "Regular Season - 12", "standings": true}, "teams": {"home": {"id": 163, "name": "Borussia M\u00f6nchengladbach", "logo": "https://media.api-sports.io/football/teams/163.png", "winner": null}, "away": {"id": 173, "name": "RB Leipzig", "logo": "https://media.api-sports.io/football/teams/173.png", "winner": null}}, "goals": {"home": 0, "away": 0}, "score": {"halftime": {"home": 0, "away": 0}, "fulltime": {"home": 0, "away": 0}, "extratime": {"home": null, "away": null}, "penalty": {"home": null, "away": null}}}]}