{"get": "standings", "parameters": {"league": "135", "season": "2025"}, "errors": [], "results": 1, "paging": {"current": 1, "total": 1}, "response": [{"league": {"id": 135, "name": "Serie A", "country": "Italy", "logo": "https://media.api-sports.io/football/leagues/135.png", "flag": "https://media.api-sports.io/flags/it.svg", "season": 2025, "standings": [[{"rank": 1, "team": {"id": 505, "name": "Inter", "logo": "https://media.api-sports.io/football/teams/505.png"}, "points": 61, "goalsDiff": 39, "group": "Serie A", "form": "WWWWW", "status": "same", "description": "Promotion - Champions League (League phase)", "all": {"played": 25, "win": 20, "draw": 1, "lose": 4, "goals": {"for": 60, "against": 21}}, "home": {"played": 13, "win": 10, "draw": 1, "lose": 2, "goals": {"for": 36, "against": 12}}, "away": {"played": 12, "win": 10, "draw": 0, "lose": 2, "goals": {"for": 24, "against": 9}}, "update": "2026-02-15T00:00:00+00:00"}, {"rank": 2, "team": {"id": 489, "name": "AC Milan", "logo": "https://media.api-sports.io/football/teams/489.png"}, "points": 53, "goalsDiff": 22, "group": "Serie A", "form": "WWDWW", "status": "same", "description": "Promotion - Champions League (League phase)", "all": {"played": 24, "win": 15, "draw": 8, "lose": 1, "goals": {"for": 40, "against": 18}}, "home": {"played": 11, "win": 7, "draw": 3, "lose": 1, "goals": {"for": 17, "against": 9}}, "away": {"played": 13, "win": 8, "draw": 5, "lose": 0, "goals": {"for": 23, "against": 9}}, "update": "2026-02-15T00:00:00+00:00"}, {"rank": 3, "team": {"id": 492, "name": "Napoli", "logo": "https://media.api-sports.io/football/teams/492.png"}, "points": 50, "goalsDiff": 13, "group": "Serie A", "form": "DWWLW", "status": "same", "description": "Promotion - Champions League (League phase)", "all": {"played": 25, "win": 15, "draw": 5, "lose": 5, "goals": {"for": 38, "against": 25}}, "home": {"played": 12, "win": 8, "draw": 4, "lose": 0, "goals": {"for": 21, "against": 11}}, "away": {"played": 13, "win": 7, "draw": 1, "lose": 5, "goals": {"for": 17, "against": 14}}, "update": "2026-02-15T00:00:00+00:00"}, {"rank": 4, "team": {"id": 497, "name": "AS Roma", "logo": "https://media.api-sports.io/football/teams/497.png"}, "points": 47, "goalsDiff": 15, "group": "Serie A", "form": "DWLDW", "status": "same", "description": "Promotion - Champions League (League phase)", "all": {"played": 25, "win": 15, "draw": 2, "lose": 8, "goals": {"for": 31, "against": 16}}, "home": {"played": 12, "win": 8, "draw": 1, "lose": 3, "goals": {"for": 16, "against": 6}}, "away": {"played": 13, "win": 7, "draw": 1, "lose": 5, "goals": {"for": 15, "against": 10}}, "update": "2026-02-15T00:00:00+00:00"}, {"rank": 5, "team": {"id": 496, "name": "Juventus", "logo": "https://media.api-sports.io/football/teams/496.png"}, "points": 46, "goalsDiff": 20, "group": "Serie A", "form": "LDWWL", "status": "same", "description": "Promotion - Europa League (League phase)", "all": {"played": 25, "win": 13, "draw": 7, "lose": 5, "goals": {"for": 43, "against": 23}}, "home": {"played": 12, "win": 7, "draw": 5, "lose": 0, "goals": {"for": 25, "against": 10}}, "away": {"played": 13, "win": 6, "draw": 2, "lose": 5, "goals": {"for": 18, "against": 13}}, "update": "2026-02-15T00:00:00+00:00"}, {"rank": 6, "team": {"id": 499, "name": "Atalanta", "logo": "https://media.api-sports.io/football/teams/499.png"}, "points": 42, "goalsDiff": 13, "group": "Serie A", "form": "WWDWD", "status": "same", "description": "Promotion - Conference League (Qualification)", "all": {"played": 25, "win": 11, "draw": 9, "lose": 5, "goals": {"for": 34, "against": 21}}, "home": {"played": 13, "win": 7, "draw": 4, "lose": 2, "goals": {"for": 20, "against": 10}}, "away": {"played": 12, "win": 4, "draw": 5, "lose": 3, "goals": {"for": 14, "against": 11}}, "update": "2026-02-15T00:00:00+00:00"}, {"rank": 7, "team": {"id": 895, "name": "Como", "logo": "https://media.api-sports.io/football/teams/895.png"}, "points": 41, "goalsDiff": 20, "group": "Serie A", "form": "LDWWL", "status": "same", "description": null, "all": {"played": 24, "win": 11, "draw": 8, "lose": 5, "goals": {"for": 38, "against": 18}}, "home": {"played": 13, "win": 6, "draw": 5, "lose": 2, "goals": {"for": 21, "against": 9}}, "away": {"played": 11, "win": 5, "draw": 3, "lose": 3, "goals": {"for": 17, "against": 9}}, "update": "2026-02-15T00:00:00+00:00"}, {"rank": 8, "team": {"id": 500, "name": "Bologna", "logo": "https://media.api-sports.io/football/teams/500.png"}, "points": 33, "goalsDiff": 2, "group": "Serie A", "form": "WLLLL", "status": "same", "description": null, "all": {"played": 25, "win": 9, "draw": 6, "lose": 10, "goals": {"for": 34, "against": 32}}, "home": {"played": 12, "win": 4, "draw": 2, "lose": 6, "goals": {"for": 12, "against": 14}}, "away": {"played": 13, "win": 5, "draw": 4, "lose": 4, "goals": {"for": 22, "against": 18}}, "update": "2026-02-15T00:00:00+00:00"}, {"rank": 9, "team": {"id": 487, "name": "Lazio", "logo": "https://media.api-sports.io/football/teams/487.png"}, "points": 33, "goalsDiff": 1, "group": "Serie A", "form": "LDWDL", "status": "same", "description": null, "all": {"played": 25, "win": 8, "draw": 9, "lose": 8, "goals": {"for": 26, "against": 25}}, "home": {"played": 13, "win": 5, "draw": 4, "lose": 4, "goals": {"for": 18, "against": 16}}, "away": {"played": 12, "win": 3, "draw": 5, "lose": 4, "goals": {"for": 8, "against": 9}}, "update": "2026-02-15T00:00:00+00:00"}, {"rank": 10, "team": {"id": 488, "name": "Sassuolo", "logo": "https://media.api-sports.io/football/teams/488.png"}, "points": 32, "goalsDiff": -6, "group": "Serie A", "form": "WLWWL", "status": "same", "description": null, "all": {"played": 25, "win": 9, "draw": 5, "lose": 11, "goals": {"for": 29, "against": 35}}, "home": {"played": 12, "win": 4, "draw": 2, "lose": 6, "goals": {"for": 12, "against": 19}}, "away": {"played": 13, "win": 5, "draw": 3, "lose": 5, "goals": {"for": 17, "against": 16}}, "update": "2026-02-15T00:00:00+00:00"}, {"rank": 11, "team": {"id": 494, "name": "Udinese", "logo": "https://media.api-sports.io/football/teams/494.png"}, "points": 32, "goalsDiff": -10, "group": "Serie A", "form": "LLWWL", "status": "same", "description": null, "all": {"played": 25, "win": 9, "draw": 5, "lose": 11, "goals": {"for": 28, "against": 38}}, "home": {"played": 13, "win": 4, "draw": 4, "lose": 5, "goals": {"for": 13, "against": 18}}, "away": {"played": 12, "win": 5, "draw": 1, "lose": 6, "goals": {"for": 15, "against": 20}}, "update": "2026-02-15T00:00:00+00:00"}, {"rank": 12, "team": {"id": 523, "name": "Parma", "logo": "https://media.api-sports.io/football/teams/523.png"}, "points": 29, "goalsDiff": -13, "group": "Serie A", "form": "WWLLD", "status": "same", "description": null, "all": {"played": 25, "win": 7, "draw": 8, "lose": 10, "goals": {"for": 18, "against": 31}}, "home": {"played": 13, "win": 3, "draw": 4, "lose": 6, "goals": {"for": 10, "against": 18}}, "away": {"played": 12, "win": 4, "draw": 4, "lose": 4, "goals": {"for": 8, "against": 13}}, "update": "2026-02-15T00:00:00+00:00"}, {"rank": 13, "team": {"id": 490, "name": "Cagliari", "logo": "https://media.api-sports.io/football/teams/490.png"}, "points": 28, "goalsDiff": -5, "group": "Serie A", "form": "LWWWL", "status": "same", "description": null, "all": {"played": 24, "win": 7, "draw": 7, "lose": 10, "goals": {"for": 28, "against": 33}}, "home": {"played": 11, "win": 4, "draw": 3, "lose": 4, "goals": {"for": 15, "against": 13}}, "away": {"played": 13, "win": 3, "draw": 4, "lose": 6, "goals": {"for": 13, "against": 20}}, "update": "2026-02-15T00:00:00+00:00"}, {"rank": 14, "team": {"id": 503, "name": "Torino", "logo": "https://media.api-sports.io/football/teams/503.png"}, "points": 27, "goalsDiff": -19, "group": "Serie A", "form": "LDWLL", "status": "same", "description": null, "all": {"played": 25, "win": 7, "draw": 6, "lose": 12, "goals": {"for": 25, "against": 44}}, "home": {"played": 13, "win": 4, "draw": 2, "lose": 7, "goals": {"for": 13, "against": 22}}, "away": {"played": 12, "win": 3, "draw": 4, "lose": 5, "goals": {"for": 12, "against": 22}}, "update": "2026-02-15T00:00:00+00:00"}, {"rank": 15, "team": {"id": 520, "name": "Cremonese", "logo": "https://media.api-sports.io/football/teams/520.png"}, "points": 24, "goalsDiff": -12, "group": "Serie A", "form": "DLLLD", "status": "same", "description": null, "all": {"played": 25, "win": 5, "draw": 9, "lose": 11, "goals": {"for": 21, "against": 33}}, "home": {"played": 12, "win": 2, "draw": 6, "lose": 4, "goals": {"for": 11, "against": 15}}, "away": {"played": 13, "win": 3, "draw": 3, "lose": 7, "goals": {"for": 10, "against": 18}}, "update": "2026-02-15T00:00:00+00:00"}, {"rank": 16, "team": {"id": 495, "name": "Genoa", "logo": "https://media.api-sports.io/football/teams/495.png"}, "points": 24, "goalsDiff": -8, "group": "Serie A", "form": "DLLWD", "status": "same", "description": null, "all": {"played": 25, "win": 5, "draw": 9, "lose": 11, "goals": {"for": 29, "against": 37}}, "home": {"played": 13, "win": 3, "draw": 4, "lose": 6, "goals": {"for": 14, "against": 18}}, "away": {"played": 12, "win": 2, "draw": 5, "lose": 5, "goals": {"for": 15, "against": 19}}, "update": "2026-02-15T00:00:00+00:00"}, {"rank": 17, "team": {"id": 867, "name": "Lecce", "logo": "https://media.api-sports.io/football/teams/867.png"}, "points": 21, "goalsDiff": -16, "group": "Serie A", "form": "WLDLL", "status": "same", "description": null, "all": {"played": 24, "win": 5, "draw": 6, "lose": 13, "goals": {"for": 15, "against": 31}}, "home": {"played": 13, "win": 3, "draw": 4, "lose": 6, "goals": {"for": 9, "against": 16}}, "away": {"played": 11, "win": 2, "draw": 2, "lose": 7, "goals": {"for": 6, "against": 15}}, "update": "2026-02-15T00:00:00+00:00"}, {"rank": 18, "team": {"id": 502, "name": "Fiorentina", "logo": "https://media.api-sports.io/football/teams/502.png"}, "points": 21, "goalsDiff": -10, "group": "Serie A", "form": "WDLLW", "status": "same", "description": "Relegation - Serie B", "all": {"played": 25, "win": 4, "draw": 9, "lose": 12, "goals": {"for": 29, "against": 39}}, "home": {"played": 12, "win": 2, "draw": 4, "lose": 6, "goals": {"for": 17, "against": 19}}, "away": {"played": 13, "win": 2, "draw": 5, "lose": 6, "goals": {"for": 12, "against": 20}}, "update": "2026-02-15T00:00:00+00:00"}, {"rank": 19, "team": {"id": 801, "name": "Pisa", "logo": "https://media.api-sports.io/football/teams/801.png"}, "points": 15, "goalsDiff": -22, "group": "Serie A", "form": "LDLLD", "status": "same", "description": "Relegation - Serie B", "all": {"played": 25, "win": 1, "draw": 12, "lose": 12, "goals": {"for": 20, "against": 42}}, "home": {"played": 13, "win": 1, "draw": 4, "lose": 8, "goals": {"for": 4, "against": 16}}, "away": {"played": 12, "win": 0, "draw": 8, "lose": 4, "goals": {"for": 16, "against": 26}}, "update": "2026-02-15T00:00:00+00:00"}, {"rank": 20, "team": {"id": 504, "name": "Verona", "logo": "https://media.api-sports.io/football/teams/504.png"}, "points": 15, "goalsDiff": -24, "group": "Serie A", "form": "LDLLD", "status": "same", "description": "Relegation - Serie B", "all": {"played": 25, "win": 2, "draw": 9, "lose": 14, "goals": {"for": 19, "against": 43}}, "home": {"played": 12, "win": 1, "draw": 4, "lose": 7, "goals": {"for": 11, "against": 19}}, "away": {"played": 13, "win": 1, "draw": 5, "lose": 7, "goals": {"for": 8, "against": 24}}, "update": "2026-02-15T00:00:00+00:00"}]]}}]}