{"get": "injuries", "parameters": {"league": "135", "season": "2025", "team": "494"}, "errors": [], "results": 64, "paging": {"current": 1, "total": 1}, "response": [{"player": {"id": 541, "name": "Jurgen Ekkelenkamp", "photo": "https://media.api-sports.io/football/players/541.png", "type": "Missing Fixture", "reason": "Muscle Injury"}, "team": {"id": 494, "name": "Udinese", "logo": "https://media.api-sports.io/football/teams/494.png"}, "fixture": {"id": 1377873, "timezone": "UTC", "date": "2025-08-25T16:30:00+00:00", "timestamp": 1756139400}, "league": {"id": 135, "season": 2025, "name": "Serie A", "country": "Italy", "logo": "https://media.api-sports.io/football/leagues/135.png", "flag": "https://media.api-sports.io/flags/it.svg"}}, {"player": {"id": 143648, "name": "M. Okoye", "photo": "https://media.api-sports.io/football/players/143648.png", "type": "Missing Fixture", "reason": "Suspension"}, "team": {"id": 494, "name": "Udinese", "logo": "https://media.api-sports.io/football/teams/494.png"}, "fixture": {"id": 1377873, "timezone": "UTC", "date": "2025-08-25T16:30:00+00:00", "timestamp": 1756139400}, "league": {"id": 135, "season": 2025, "name": "Serie A", "country": "Italy", "logo": "https://media.api-sports.io/football/leagues/135.png", "flag": "https://media.api-sports.io/flags/it.svg"}}, {"player": {"id": 143648, "name": "M. Okoye", "photo": "https://media.api-sports.io/football/players/143648.png", "type": "Missing Fixture", "reason": "Suspension"}, "team": {"id": 494, "name": "Udinese", "logo": "https://media.api-sports.io/football/teams/494.png"}, "fixture": {"id": 1377877, "timezone": "UTC", "date": "2025-08-31T18:45:00+00:00", "timestamp": 1756665900}, "league": {"id": 135, "season": 2025, "name": "Serie A", "country": "Italy", "logo": "https://media.api-sports.io/football/leagues/135.png", "flag": "https://media.api-sports.io/flags/it.svg"}}, {"player": {"id": 7591, "name": "S. Lovri\u0107", "photo": "https://media.api-sports.io/football/players/7591.png", "type": "Missing Fixture", "reason": "Wound"}, "team": {"id": 494, "name": "Udinese", "logo": "https://media.api-sports.io/football/teams/494.png"}, "fixture": {"id": 1377890, "timezone": "UTC", "date": "2025-09-14T13:00:00+00:00", "timestamp": 1757854800}, "league": {"id": 135, "season": 2025, "name": "Serie A", "country": "Italy", "logo": "https://media.api-sports.io/football/leagues/135.png", "flag": "https://media.api-sports.io/flags/it.svg"}}, {"player": {"id": 189, "name": "D. Padelli", "photo": "https://media.api-sports.io/football/players/189.png", "type": "Missing Fixture", "reason": "Jumpers knee"}, "team": {"id": 494, "name": "Udinese", "logo": "https://media.api-sports.io/football/teams/494.png"}, "fixture": {"id": 1377877, "timezone": "UTC", "date": "2025-08-31T18:45:00+00:00", "timestamp": 1756665900}, "league": {"id": 135, "season": 2025, "name": "Serie A", "country": "Italy", "logo": "https://media.api-sports.io/football/leagues/135.png", "flag": "https://media.api-sports.io/flags/it.svg"}}, {"player": {"id": 7591, "name": "S. Lovric", "photo": "https://media.api-sports.io/football/players/7591.png", "type": "Missing Fixture", "reason": "Calf Injury"}, "team": {"id": 494, "name": "Udinese", "logo": "https://media.api-sports.io/football/teams/494.png"}, "fixture": {"id": 1377902, "timezone": "UTC", "date": "2025-09-20T18:45:00+00:00", "timestamp": 1758393900}, "league": {"id": 135, "season": 2025, "name": "Serie A", "country": "Italy", "logo": "https://media.api-sports.io/football/leagues/135.png", "flag": "https://media.api-sports.io/flags/it.svg"}}, {"player": {"id": 143648, "name": "M. Okoye", "photo": "https://media.api-sports.io/football/players/143648.png", "type": "Missing Fixture", "reason": "Suspended"}, "team": {"id": 494, "name": "Udinese", "logo": "https://media.api-sports.io/football/teams/494.png"}, "fixture": {"id": 1377902, "timezone": "UTC", "date": "2025-09-20T18:45:00+00:00", "timestamp": 1758393900}, "league": {"id": 135, "season": 2025, "name": "Serie A", "country": "Italy", "logo": "https://media.api-sports.io/football/leagues/135.png", "flag": "https://media.api-sports.io/flags/it.svg"}}, {"player": {"id": 1134, "name": "V. Bayo", "photo": "https://media.api-sports.io/football/players/1134.png", "type": "Missing Fixture", "reason": "Knee Injury"}, "team": {"id": 494, "name": "Udinese", "logo": "https://media.api-sports.io/football/teams/494.png"}, "fixture": {"id": 1377913, "timezone": "UTC", "date": "2025-09-28T10:30:00+00:00", "timestamp": 1759055400}, "league": {"id": 135, "season": 2025, "name": "Serie A", "country": "Italy", "logo": "https://media.api-sports.io/football/leagues/135.png", "flag": "https://media.api-sports.io/flags/it.svg"}}, {"player": {"id": 330599, "name": "I. Bravo", "photo": "https://media.api-sports.io/football/players/330599.png", "type": "Missing Fixture", "reason": "International duty"}, "team": {"id": 494, "name": "Udinese", "logo": "https://media.api-sports.io/football/teams/494.png"}, "fixture": {"id": 1377913, "timezone": "UTC", "date": "2025-09-28T10:30:00+00:00", "timestamp": 1759055400}, "league": {"id": 135, "season": 2025, "name": "Serie A", "country": "Italy", "logo": "https://media.api-sports.io/football/leagues/135.png", "flag": "https://media.api-sports.io/flags/it.svg"}}, {"player": {"id": 40594, "name": "A. Buksa", "photo": "https://media.api-sports.io/football/players/40594.png", "type": "Missing Fixture", "reason": "Face Injury"}, "team": {"id": 494, "name": "Udinese", "logo": "https://media.api-sports.io/football/teams/494.png"}, "fixture": {"id": 1377913, "timezone": "UTC", "date": "2025-09-28T10:30:00+00:00", "timestamp": 1759055400}, "league": {"id": 135, "season": 2025, "name": "Serie A", "country": "Italy", "logo": "https://media.api-sports.io/football/leagues/135.png", "flag": "https://media.api-sports.io/flags/it.svg"}}, {"player": {"id": 143648, "name": "M. Okoye", "photo": "https://media.api-sports.io/football/players/143648.png", "type": "Missing Fixture", "reason": "Suspended"}, "team": {"id": 494, "name": "Udinese", "logo": "https://media.api-sports.io/football/teams/494.png"}, "fixture": {"id": 1377913, "timezone": "UTC", "date": "2025-09-28T10:30:00+00:00", "timestamp": 1759055400}, "league": {"id": 135, "season": 2025, "name": "Serie A", "country": "Italy", "logo": "https://media.api-sports.io/football/leagues/135.png", "flag": "https://media.api-sports.io/flags/it.svg"}}, {"player": {"id": 330599, "name": "I. Bravo", "photo": "https://media.api-sports.io/football/players/330599.png", "type": "Missing Fixture", "reason": "International duty"}, "team": {"id": 494, "name": "Udinese", "logo": "https://media.api-sports.io/football/teams/494.png"}, "fixture": {"id": 1377922, "timezone": "UTC", "date": "2025-10-05T10:30:00+00:00", "timestamp": 1759660200}, "league": {"id": 135, "season": 2025, "name": "Serie A", "country": "Italy", "logo": "https://media.api-sports.io/football/leagues/135.png", "flag": "https://media.api-sports.io/flags/it.svg"}}, {"player": {"id": 281495, "name": "T. Kristensen", "photo": "https://media.api-sports.io/football/players/281495.png", "type": "Missing Fixture", "reason": "Inactive"}, "team": {"id": 494, "name": "Udinese", "logo": "https://media.api-sports.io/football/teams/494.png"}, "fixture": {"id": 1377922, "timezone": "UTC", "date": "2025-10-05T10:30:00+00:00", "timestamp": 1759660200}, "league": {"id": 135, "season": 2025, "name": "Serie A", "country": "Italy", "logo": "https://media.api-sports.io/football/leagues/135.png", "flag": "https://media.api-sports.io/flags/it.svg"}}, {"player": {"id": 418940, "name": "A. Nunziante", "photo": "https://media.api-sports.io/football/players/418940.png", "type": "Missing Fixture", "reason": "International duty"}, "team": {"id": 494, "name": "Udinese", "logo": "https://media.api-sports.io/football/teams/494.png"}, "fixture": {"id": 1377922, "timezone": "UTC", "date": "2025-10-05T10:30:00+00:00", "timestamp": 1759660200}, "league": {"id": 135, "season": 2025, "name": "Serie A", "country": "Italy", "logo": "https://media.api-sports.io/football/leagues/135.png", "flag": "https://media.api-sports.io/flags/it.svg"}}, {"player": {"id": 143648, "name": "M. Okoye", "photo": "https://media.api-sports.io/football/players/143648.png", "type": "Missing Fixture", "reason": "Suspended"}, "team": {"id": 494, "name": "Udinese", "logo": "https://media.api-sports.io/football/teams/494.png"}, "fixture": {"id": 1377922, "timezone": "UTC", "date": "2025-10-05T10:30:00+00:00", "timestamp": 1759660200}, "league": {"id": 135, "season": 2025, "name": "Serie A", "country": "Italy", "logo": "https://media.api-sports.io/football/leagues/135.png", "flag": "https://media.api-sports.io/flags/it.svg"}}, {"player": {"id": 281495, "name": "T. Kristensen", "photo": "https://media.api-sports.io/football/players/281495.png", "type": "Missing Fixture", "reason": "Hamstring Injury"}, "team": {"id": 494, "name": "Udinese", "logo": "https://media.api-sports.io/football/teams/494.png"}, "fixture": {"id": 1377927, "timezone": "UTC", "date": "2025-10-20T18:45:00+00:00", "timestamp": 1760985900}, "league": {"id": 135, "season": 2025, "name": "Serie A", "country": "Italy", "logo": "https://media.api-sports.io/football/leagues/135.png", "flag": "https://media.api-sports.io/flags/it.svg"}}, {"player": {"id": 281495, "name": "T. Kristensen", "photo": "https://media.api-sports.io/football/players/281495.png", "type": "Missing Fixture", "reason": "Hamstring Injury"}, "team": {"id": 494, "name": "Udinese", "logo": "https://media.api-sports.io/football/teams/494.png"}, "fixture": {"id": 1377942, "timezone": "UTC", "date": "2025-10-25T13:00:00+00:00", "timestamp": 1761397200}, "league": {"id": 135, "season": 2025, "name": "Serie A", "country": "Italy", "logo": "https://media.api-sports.io/football/leagues/135.png", "flag": "https://media.api-sports.io/flags/it.svg"}}, {"player": {"id": 281495, "name": "T. Kristensen", "photo": "https://media.api-sports.io/football/players/281495.png", "type": "Missing Fixture", "reason": "Hamstring Injury"}, "team": {"id": 494, "name": "Udinese", "logo": "https://media.api-sports.io/football/teams/494.png"}, "fixture": {"id": 1377950, "timezone": "UTC", "date": "2025-10-29T17:30:00+00:00", "timestamp": 1761759000}, "league": {"id": 135, "season": 2025, "name": "Serie A", "country": "Italy", "logo": "https://media.api-sports.io/football/leagues/135.png", "flag": "https://media.api-sports.io/flags/it.svg"}}, {"player": {"id": 19185, "name": "K. Davis", "photo": "https://media.api-sports.io/football/players/19185.png", "type": "Missing Fixture", "reason": "Thigh Injury"}, "team": {"id": 494, "name": "Udinese", "logo": "https://media.api-sports.io/football/teams/494.png"}, "fixture": {"id": 1377962, "timezone": "UTC", "date": "2025-11-01T14:00:00+00:00", "timestamp": 1762005600}, "league": {"id": 135, "season": 2025, "name": "Serie A", "country": "Italy", "logo": "https://media.api-sports.io/football/leagues/135.png", "flag": "https://media.api-sports.io/flags/it.svg"}}, {"player": {"id": 281495, "name": "T. Kristensen", "photo": "https://media.api-sports.io/football/players/281495.png", "type": "Missing Fixture", "reason": "Hamstring Injury"}, "team": {"id": 494, "name": "Udinese", "logo": "https://media.api-sports.io/football/teams/494.png"}, "fixture": {"id": 1377962, "timezone": "UTC", "date": "2025-11-01T14:00:00+00:00", "timestamp": 1762005600}, "league": {"id": 135, "season": 2025, "name": "Serie A", "country": "Italy", "logo": "https://media.api-sports.io/football/leagues/135.png", "flag": "https://media.api-sports.io/flags/it.svg"}}, {"player": {"id": 281495, "name": "T. Kristensen", "photo": "https://media.api-sports.io/football/players/281495.png", "type": "Missing Fixture", "reason": "Hamstring Injury"}, "team": {"id": 494, "name": "Udinese", "logo": "https://media.api-sports.io/football/teams/494.png"}, "fixture": {"id": 1377973, "timezone": "UTC", "date": "2025-11-09T17:00:00+00:00", "timestamp": 1762707600}, "league": {"id": 135, "season": 2025, "name": "Serie A", "country": "Italy", "logo": "https://media.api-sports.io/football/leagues/135.png", "flag": "https://media.api-sports.io/flags/it.svg"}}, {"player": {"id": 343558, "name": "L. Miller", "photo": "https://media.api-sports.io/football/players/343558.png", "type": "Missing Fixture", "reason": "Contusion"}, "team": {"id": 494, "name": "Udinese", "logo": "https://media.api-sports.io/football/teams/494.png"}, "fixture": {"id": 1377973, "timezone": "UTC", "date": "2025-11-09T17:00:00+00:00", "timestamp": 1762707600}, "league": {"id": 135, "season": 2025, "name": "Serie A", "country": "Italy", "logo": "https://media.api-sports.io/football/leagues/135.png", "flag": "https://media.api-sports.io/flags/it.svg"}}, {"player": {"id": 281495, "name": "T. Kristensen", "photo": "https://media.api-sports.io/football/players/281495.png", "type": "Missing Fixture", "reason": "Thigh Injury"}, "team": {"id": 494, "name": "Udinese", "logo": "https://media.api-sports.io/football/teams/494.png"}, "fixture": {"id": 1377982, "timezone": "UTC", "date": "2025-11-22T14:00:00+00:00", "timestamp": 1763820000}, "league": {"id": 135, "season": 2025, "name": "Serie A", "country": "Italy", "logo": "https://media.api-sports.io/football/leagues/135.png", "flag": "https://media.api-sports.io/flags/it.svg"}}, {"player": {"id": 22007, "name": "H. Kamara", "photo": "https://media.api-sports.io/football/players/22007.png", "type": "Missing Fixture", "reason": "Foot Injury"}, "team": {"id": 494, "name": "Udinese", "logo": "https://media.api-sports.io/football/teams/494.png"}, "fixture": {"id": 1377991, "timezone": "UTC", "date": "2025-11-29T14:00:00+00:00", "timestamp": 1764424800}, "league": {"id": 135, "season": 2025, "name": "Serie A", "country": "Italy", "logo": "https://media.api-sports.io/football/leagues/135.png", "flag": "https://media.api-sports.io/flags/it.svg"}}, {"player": {"id": 281495, "name": "T. Kristensen", "photo": "https://media.api-sports.io/football/players/281495.png", "type": "Missing Fixture", "reason": "Thigh Injury"}, "team": {"id": 494, "name": "Udinese", "logo": "https://media.api-sports.io/football/teams/494.png"}, "fixture": {"id": 1377991, "timezone": "UTC", "date": "2025-11-29T14:00:00+00:00", "timestamp": 1764424800}, "league": {"id": 135, "season": 2025, "name": "Serie A", "country": "Italy", "logo": "https://media.api-sports.io/football/leagues/135.png", "flag": "https://media.api-sports.io/flags/it.svg"}}, {"player": {"id": 347644, "name": "A. Atta", "photo": "https://media.api-sports.io/football/players/347644.png", "type": "Missing Fixture", "reason": "Thigh Injury"}, "team": {"id": 494, "name": "Udinese", "logo": "https://media.api-sports.io/football/teams/494.png"}, "fixture": {"id": 1378002, "timezone": "UTC", "date": "2025-12-08T17:00:00+00:00", "timestamp": 1765213200}, "league": {"id": 135, "season": 2025, "name": "Serie A", "country": "Italy", "logo": "https://media.api-sports.io/football/leagues/135.png", "flag": "https://media.api-sports.io/flags/it.svg"}}, {"player": {"id": 22007, "name": "H. Kamara", "photo": "https://media.api-sports.io/football/players/22007.png", "type": "Missing Fixture", "reason": "Foot Injury"}, "team": {"id": 494, "name": "Udinese", "logo": "https://media.api-sports.io/football/teams/494.png"}, "fixture": {"id": 1378002, "timezone": "UTC", "date": "2025-12-08T17:00:00+00:00", "timestamp": 1765213200}, "league": {"id": 135, "season": 2025, "name": "Serie A", "country": "Italy", "logo": "https://media.api-sports.io/football/leagues/135.png", "flag": "https://media.api-sports.io/flags/it.svg"}}, {"player": {"id": 347644, "name": "A. Atta", "photo": "https://media.api-sports.io/football/players/347644.png", "type": "Missing Fixture", "reason": "Thigh Injury"}, "team": {"id": 494, "name": "Udinese", "logo": "https://media.api-sports.io/football/teams/494.png"}, "fixture": {"id": 1378013, "timezone": "UTC", "date": "2025-12-14T14:00:00+00:00", "timestamp": 1765720800}, "league": {"id": 135, "season": 2025, "name": "Serie A", "country": "Italy", "logo": "https://media.api-sports.io/football/leagues/135.png", "flag": "https://media.api-sports.io/flags/it.svg"}}, {"player": {"id": 22007, "name": "H. Kamara", "photo": "https://media.api-sports.io/football/players/22007.png", "type": "Missing Fixture", "reason": "Foot Injury"}, "team": {"id": 494, "name": "Udinese", "logo": "https://media.api-sports.io/football/teams/494.png"}, "fixture": {"id": 1378013, "timezone": "UTC", "date": "2025-12-14T14:00:00+00:00", "timestamp": 1765720800}, "league": {"id": 135, "season": 2025, "name": "Serie A", "country": "Italy", "logo": "https://media.api-sports.io/football/leagues/135.png", "flag": "https://media.api-sports.io/flags/it.svg"}}, {"player": {"id": 19824, "name": "J. Zemura", "photo": "https://media.api-sports.io/football/players/19824.png", "type": "Missing Fixture", "reason": "Thigh Injury"}, "team": {"id": 494, "name": "Udinese", "logo": "https://media.api-sports.io/football/teams/494.png"}, "fixture": {"id": 1378013, "timezone": "UTC", "date": "2025-12-14T14:00:00+00:00", "timestamp": 1765720800}, "league": {"id": 135, "season": 2025, "name": "Serie A", "country": "Italy", "logo": "https://media.api-sports.io/football/leagues/135.png", "flag": "https://media.api-sports.io/flags/it.svg"}}, {"player": {"id": 347644, "name": "A. Atta", "photo": "https://media.api-sports.io/football/players/347644.png", "type": "Missing Fixture", "reason": "Thigh Injury"}, "team": {"id": 494, "name": "Udinese", "logo": "https://media.api-sports.io/football/teams/494.png"}, "fixture": {"id": 1378016, "timezone": "UTC", "date": "2025-12-21T17:00:00+00:00", "timestamp": 1766336400}, "league": {"id": 135, "season": 2025, "name": "Serie A", "country": "Italy", "logo": "https://media.api-sports.io/football/leagues/135.png", "flag": "https://media.api-sports.io/flags/it.svg"}}, {"player": {"id": 1134, "name": "V. Bayo", "photo": "https://media.api-sports.io/football/players/1134.png", "type": "Missing Fixture", "reason": "International duty"}, "team": {"id": 494, "name": "Udinese", "logo": "https://media.api-sports.io/football/teams/494.png"}, "fixture": {"id": 1378016, "timezone": "UTC", "date": "2025-12-21T17:00:00+00:00", "timestamp": 1766336400}, "league": {"id": 135, "season": 2025, "name": "Serie A", "country": "Italy", "logo": "https://media.api-sports.io/football/leagues/135.png", "flag": "https://media.api-sports.io/flags/it.svg"}}, {"player": {"id": 142442, "name": "R. Modesto", "photo": "https://media.api-sports.io/football/players/142442.png", "type": "Missing Fixture", "reason": "International duty"}, "team": {"id": 494, "name": "Udinese", "logo": "https://media.api-sports.io/football/teams/494.png"}, "fixture": {"id": 1378016, "timezone": "UTC", "date": "2025-12-21T17:00:00+00:00", "timestamp": 1766336400}, "league": {"id": 135, "season": 2025, "name": "Serie A", "country": "Italy", "logo": "https://media.api-sports.io/football/leagues/135.png", "flag": "https://media.api-sports.io/flags/it.svg"}}, {"player": {"id": 19824, "name": "J. Zemura", "photo": "https://media.api-sports.io/football/players/19824.png", "type": "Missing Fixture", "reason": "Thigh Injury"}, "team": {"id": 494, "name": "Udinese", "logo": "https://media.api-sports.io/football/teams/494.png"}, "fixture": {"id": 1378016, "timezone": "UTC", "date": "2025-12-21T17:00:00+00:00", "timestamp": 1766336400}, "league": {"id": 135, "season": 2025, "name": "Serie A", "country": "Italy", "logo": "https://media.api-sports.io/football/leagues/135.png", "flag": "https://media.api-sports.io/flags/it.svg"}}, {"player": {"id": 347644, "name": "A. Atta", "photo": "https://media.api-sports.io/football/players/347644.png", "type": "Missing Fixture", "reason": "Thigh Injury"}, "team": {"id": 494, "name": "Udinese", "logo": "https://media.api-sports.io/football/teams/494.png"}, "fixture": {"id": 1378033, "timezone": "UTC", "date": "2025-12-27T17:00:00+00:00", "timestamp": 1766854800}, "league": {"id": 135, "season": 2025, "name": "Serie A", "country": "Italy", "logo": "https://media.api-sports.io/football/leagues/135.png", "flag": "https://media.api-sports.io/flags/it.svg"}}, {"player": {"id": 1134, "name": "V. Bayo", "photo": "https://media.api-sports.io/football/players/1134.png", "type": "Missing Fixture", "reason": "International duty"}, "team": {"id": 494, "name": "Udinese", "logo": "https://media.api-sports.io/football/teams/494.png"}, "fixture": {"id": 1378033, "timezone": "UTC", "date": "2025-12-27T17:00:00+00:00", "timestamp": 1766854800}, "league": {"id": 135, "season": 2025, "name": "Serie A", "country": "Italy", "logo": "https://media.api-sports.io/football/leagues/135.png", "flag": "https://media.api-sports.io/flags/it.svg"}}, {"player": {"id": 142442, "name": "R. Modesto", "photo": "https://media.api-sports.io/football/players/142442.png", "type": "Missing Fixture", "reason": "International duty"}, "team": {"id": 494, "name": "Udinese", "logo": "https://media.api-sports.io/football/teams/494.png"}, "fixture": {"id": 1378033, "timezone": "UTC", "date": "2025-12-27T17:00:00+00:00", "timestamp": 1766854800}, "league": {"id": 135, "season": 2025, "name": "Serie A", "country": "Italy", "logo": "https://media.api-sports.io/football/leagues/135.png", "flag": "https://media.api-sports.io/flags/it.svg"}}, {"player": {"id": 143648, "name": "M. Okoye", "photo": "https://media.api-sports.io/football/players/143648.png", "type": "Missing Fixture", "reason": "Red Card"}, "team": {"id": 494, "name": "Udinese", "logo": "https://media.api-sports.io/football/teams/494.png"}, "fixture": {"id": 1378033, "timezone": "UTC", "date": "2025-12-27T17:00:00+00:00", "timestamp": 1766854800}, "league": {"id": 135, "season": 2025, "name": "Serie A", "country": "Italy", "logo": "https://media.api-sports.io/football/leagues/135.png", "flag": "https://media.api-sports.io/flags/it.svg"}}, {"player": {"id": 19824, "name": "J. Zemura", "photo": "https://media.api-sports.io/football/players/19824.png", "type": "Missing Fixture", "reason": "Thigh Injury"}, "team": {"id": 494, "name": "Udinese", "logo": "https://media.api-sports.io/football/teams/494.png"}, "fixture": {"id": 1378033, "timezone": "UTC", "date": "2025-12-27T17:00:00+00:00", "timestamp": 1766854800}, "league": {"id": 135, "season": 2025, "name": "Serie A", "country": "Italy", "logo": "https://media.api-sports.io/football/leagues/135.png", "flag": "https://media.api-sports.io/flags/it.svg"}}, {"player": {"id": 347644, "name": "A. Atta", "photo": "https://media.api-sports.io/football/players/347644.png", "type": "Missing Fixture", "reason": "Thigh Injury"}, "team": {"id": 494, "name": "Udinese", "logo": "https://media.api-sports.io/football/teams/494.png"}, "fixture": {"id": 1378036, "timezone": "UTC", "date": "2026-01-03T11:30:00+00:00", "timestamp": 1767439800}, "league": {"id": 135, "season": 2025, "name": "Serie A", "country": "Italy", "logo": "https://media.api-sports.io/football/leagues/135.png", "flag": "https://media.api-sports.io/flags/it.svg"}}, {"player": {"id": 1134, "name": "V. Bayo", "photo": "https://media.api-sports.io/football/players/1134.png", "type": "Missing Fixture", "reason": "International duty"}, "team": {"id": 494, "name": "Udinese", "logo": "https://media.api-sports.io/football/teams/494.png"}, "fixture": {"id": 1378036, "timezone": "UTC", "date": "2026-01-03T11:30:00+00:00", "timestamp": 1767439800}, "league": {"id": 135, "season": 2025, "name": "Serie A", "country": "Italy", "logo": "https://media.api-sports.io/football/leagues/135.png", "flag": "https://media.api-sports.io/flags/it.svg"}}, {"player": {"id": 40594, "name": "A. Buksa", "photo": "https://media.api-sports.io/football/players/40594.png", "type": "Missing Fixture", "reason": "Calf Injury"}, "team": {"id": 494, "name": "Udinese", "logo": "https://media.api-sports.io/football/teams/494.png"}, "fixture": {"id": 1378036, "timezone": "UTC", "date": "2026-01-03T11:30:00+00:00", "timestamp": 1767439800}, "league": {"id": 135, "season": 2025, "name": "Serie A", "country": "Italy", "logo": "https://media.api-sports.io/football/leagues/135.png", "flag": "https://media.api-sports.io/flags/it.svg"}}, {"player": {"id": 19824, "name": "J. Zemura", "photo": "https://media.api-sports.io/football/players/19824.png", "type": "Missing Fixture", "reason": "Thigh Injury"}, "team": {"id": 494, "name": "Udinese", "logo": "https://media.api-sports.io/football/teams/494.png"}, "fixture": {"id": 1378036, "timezone": "UTC", "date": "2026-01-03T11:30:00+00:00", "timestamp": 1767439800}, "league": {"id": 135, "season": 2025, "name": "Serie A", "country": "Italy", "logo": "https://media.api-sports.io/football/leagues/135.png", "flag": "https://media.api-sports.io/flags/it.svg"}}, {"player": {"id": 318053, "name": "S. Goglichidze", "photo": "https://media.api-sports.io/football/players/318053.png", "type": "Questionable", "reason": "Muscle Injury"}, "team": {"id": 494, "name": "Udinese", "logo": "https://media.api-sports.io/football/teams/494.png"}, "fixture": {"id": 1378036, "timezone": "UTC", "date": "2026-01-03T11:30:00+00:00", "timestamp": 1767439800}, "league": {"id": 135, "season": 2025, "name": "Serie A", "country": "Italy", "logo": "https://media.api-sports.io/football/leagues/135.png", "flag": "https://media.api-sports.io/flags/it.svg"}}, {"player": {"id": 40594, "name": "A. Buksa", "photo": "https://media.api-sports.io/football/players/40594.png", "type": "Missing Fixture", "reason": "Calf Injury"}, "team": {"id": 494, "name": "Udinese", "logo": "https://media.api-sports.io/football/teams/494.png"}, "fixture": {"id": 1378073, "timezone": "UTC", "date": "2026-01-17T14:00:00+00:00", "timestamp": 1768658400}, "league": {"id": 135, "season": 2025, "name": "Serie A", "country": "Italy", "logo": "https://media.api-sports.io/football/leagues/135.png", "flag": "https://media.api-sports.io/flags/it.svg"}}, {"player": {"id": 786, "name": "N. Zaniolo", "photo": "https://media.api-sports.io/football/players/786.png", "type": "Missing Fixture", "reason": "Yellow Cards"}, "team": {"id": 494, "name": "Udinese", "logo": "https://media.api-sports.io/football/teams/494.png"}, "fixture": {"id": 1378073, "timezone": "UTC", "date": "2026-01-17T14:00:00+00:00", "timestamp": 1768658400}, "league": {"id": 135, "season": 2025, "name": "Serie A", "country": "Italy", "logo": "https://media.api-sports.io/football/leagues/135.png", "flag": "https://media.api-sports.io/flags/it.svg"}}, {"player": {"id": 40594, "name": "A. Buksa", "photo": "https://media.api-sports.io/football/players/40594.png", "type": "Missing Fixture", "reason": "Calf Injury"}, "team": {"id": 494, "name": "Udinese", "logo": "https://media.api-sports.io/football/teams/494.png"}, "fixture": {"id": 1378083, "timezone": "UTC", "date": "2026-01-26T19:45:00+00:00", "timestamp": 1769456700}, "league": {"id": 135, "season": 2025, "name": "Serie A", "country": "Italy", "logo": "https://media.api-sports.io/football/leagues/135.png", "flag": "https://media.api-sports.io/flags/it.svg"}}, {"player": {"id": 22007, "name": "H. Kamara", "photo": "https://media.api-sports.io/football/players/22007.png", "type": "Missing Fixture", "reason": "Injury"}, "team": {"id": 494, "name": "Udinese", "logo": "https://media.api-sports.io/football/teams/494.png"}, "fixture": {"id": 1378083, "timezone": "UTC", "date": "2026-01-26T19:45:00+00:00", "timestamp": 1769456700}, "league": {"id": 135, "season": 2025, "name": "Serie A", "country": "Italy", "logo": "https://media.api-sports.io/football/leagues/135.png", "flag": "https://media.api-sports.io/flags/it.svg"}}, {"player": {"id": 142442, "name": "R. Modesto", "photo": "https://media.api-sports.io/football/players/142442.png", "type": "Missing Fixture", "reason": "Injury"}, "team": {"id": 494, "name": "Udinese", "logo": "https://media.api-sports.io/football/teams/494.png"}, "fixture": {"id": 1378083, "timezone": "UTC", "date": "2026-01-26T19:45:00+00:00", "timestamp": 1769456700}, "league": {"id": 135, "season": 2025, "name": "Serie A", "country": "Italy", "logo": "https://media.api-sports.io/football/leagues/135.png", "flag": "https://media.api-sports.io/flags/it.svg"}}, {"player": {"id": 1939, "name": "J. Piotrowski", "photo": "https://media.api-sports.io/football/players/1939.png", "type": "Missing Fixture", "reason": "Injury"}, "team": {"id": 494, "name": "Udinese", "logo": "https://media.api-sports.io/football/teams/494.png"}, "fixture": {"id": 1378083, "timezone": "UTC", "date": "2026-01-26T19:45:00+00:00", "timestamp": 1769456700}, "league": {"id": 135, "season": 2025, "name": "Serie A", "country": "Italy", "logo": "https://media.api-sports.io/football/leagues/135.png", "flag": "https://media.api-sports.io/flags/it.svg"}}, {"player": {"id": 786, "name": "N. Zaniolo", "photo": "https://media.api-sports.io/football/players/786.png", "type": "Missing Fixture", "reason": "Knee Injury"}, "team": {"id": 494, "name": "Udinese", "logo": "https://media.api-sports.io/football/teams/494.png"}, "fixture": {"id": 1378083, "timezone": "UTC", "date": "2026-01-26T19:45:00+00:00", "timestamp": 1769456700}, "league": {"id": 135, "season": 2025, "name": "Serie A", "country": "Italy", "logo": "https://media.api-sports.io/football/leagues/135.png", "flag": "https://media.api-sports.io/flags/it.svg"}}, {"player": {"id": 40594, "name": "A. Buksa", "photo": "https://media.api-sports.io/football/players/40594.png", "type": "Missing Fixture", "reason": "Calf Injury"}, "team": {"id": 494, "name": "Udinese", "logo": "https://media.api-sports.io/football/teams/494.png"}, "fixture": {"id": 1378093, "timezone": "UTC", "date": "2026-02-02T19:45:00+00:00", "timestamp": 1770061500}, "league": {"id": 135, "season": 2025, "name": "Serie A", "country": "Italy", "logo": "https://media.api-sports.io/football/leagues/135.png", "flag": "https://media.api-sports.io/flags/it.svg"}}, {"player": {"id": 22007, "name": "H. Kamara", "photo": "https://media.api-sports.io/football/players/22007.png", "type": "Missing Fixture", "reason": "Injury"}, "team": {"id": 494, "name": "Udinese", "logo": "https://media.api-sports.io/football/teams/494.png"}, "fixture": {"id": 1378093, "timezone": "UTC", "date": "2026-02-02T19:45:00+00:00", "timestamp": 1770061500}, "league": {"id": 135, "season": 2025, "name": "Serie A", "country": "Italy", "logo": "https://media.api-sports.io/football/leagues/135.png", "flag": "https://media.api-sports.io/flags/it.svg"}}, {"player": {"id": 507646, "name": "B. Mlacic", "photo": "https://media.api-sports.io/football/players/507646.png", "type": "Missing Fixture", "reason": "Inactive"}, "team": {"id": 494, "name": "Udinese", "logo": "https://media.api-sports.io/football/teams/494.png"}, "fixture": {"id": 1378093, "timezone": "UTC", "date": "2026-02-02T19:45:00+00:00", "timestamp": 1770061500}, "league": {"id": 135, "season": 2025, "name": "Serie A", "country": "Italy", "logo": "https://media.api-sports.io/football/leagues/135.png", "flag": "https://media.api-sports.io/flags/it.svg"}}, {"player": {"id": 142442, "name": "R. Modesto", "photo": "https://media.api-sports.io/football/players/142442.png", "type": "Missing Fixture", "reason": "Injury"}, "team": {"id": 494, "name": "Udinese", "logo": "https://media.api-sports.io/football/teams/494.png"}, "fixture": {"id": 1378093, "timezone": "UTC", "date": "2026-02-02T19:45:00+00:00", "timestamp": 1770061500}, "league": {"id": 135, "season": 2025, "name": "Serie A", "country": "Italy", "logo": "https://media.api-sports.io/football/leagues/135.png", "flag": "https://media.api-sports.io/flags/it.svg"}}, {"player": {"id": 1939, "name": "J. Piotrowski", "photo": "https://media.api-sports.io/football/players/1939.png", "type": "Missing Fixture", "reason": "Injury"}, "team": {"id": 494, "name": "Udinese", "logo": "https://media.api-sports.io/football/teams/494.png"}, "fixture": {"id": 1378093, "timezone": "UTC", "date": "2026-02-02T19:45:00+00:00", "timestamp": 1770061500}, "league": {"id": 135, "season": 2025, "name": "Serie A", "country": "Italy", "logo": "https://media.api-sports.io/football/leagues/135.png", "flag": "https://media.api-sports.io/flags/it.svg"}}, {"player": {"id": 19185, "name": "K. Davis", "photo": "https://media.api-sports.io/football/players/19185.png", "type": "Missing Fixture", "reason": "Injury"}, "team": {"id": 494, "name": "Udinese", "logo": "https://media.api-sports.io/football/teams/494.png"}, "fixture": {"id": 1378099, "timezone": "UTC", "date": "2026-02-08T14:00:00+00:00", "timestamp": 1770559200}, "league": {"id": 135, "season": 2025, "name": "Serie A", "country": "Italy", "logo": "https://media.api-sports.io/football/leagues/135.png", "flag": "https://media.api-sports.io/flags/it.svg"}}, {"player": {"id": 22007, "name": "H. Kamara", "photo": "https://media.api-sports.io/football/players/22007.png", "type": "Missing Fixture", "reason": "Injury"}, "team": {"id": 494, "name": "Udinese", "logo": "https://media.api-sports.io/football/teams/494.png"}, "fixture": {"id": 1378099, "timezone": "UTC", "date": "2026-02-08T14:00:00+00:00", "timestamp": 1770559200}, "league": {"id": 135, "season": 2025, "name": "Serie A", "country": "Italy", "logo": "https://media.api-sports.io/football/leagues/135.png", "flag": "https://media.api-sports.io/flags/it.svg"}}, {"player": {"id": 1939, "name": "J. Piotrowski", "photo": "https://media.api-sports.io/football/players/1939.png", "type": "Missing Fixture", "reason": "Injury"}, "team": {"id": 494, "name": "Udinese", "logo": "https://media.api-sports.io/football/teams/494.png"}, "fixture": {"id": 1378099, "timezone": "UTC", "date": "2026-02-08T14:00:00+00:00", "timestamp": 1770559200}, "league": {"id": 135, "season": 2025, "name": "Serie A", "country": "Italy", "logo": "https://media.api-sports.io/football/leagues/135.png", "flag": "https://media.api-sports.io/flags/it.svg"}}, {"player": {"id": 162907, "name": "A. Zanoli", "photo": "https://media.api-sports.io/football/players/162907.png", "type": "Missing Fixture", "reason": "Knee Injury"}, "team": {"id": 494, "name": "Udinese", "logo": "https://media.api-sports.io/football/teams/494.png"}, "fixture": {"id": 1378099, "timezone": "UTC", "date": "2026-02-08T14:00:00+00:00", "timestamp": 1770559200}, "league": {"id": 135, "season": 2025, "name": "Serie A", "country": "Italy", "logo": "https://media.api-sports.io/football/leagues/135.png", "flag": "https://media.api-sports.io/flags/it.svg"}}, {"player": {"id": 19185, "name": "K. Davis", "photo": "https://media.api-sports.io/football/players/19185.png", "type": "Missing Fixture", "reason": "Injury"}, "team": {"id": 494, "name": "Udinese", "logo": "https://media.api-sports.io/football/teams/494.png"}, "fixture": {"id": 1378113, "timezone": "UTC", "date": "2026-02-15T11:30:00+00:00", "timestamp": 1771155000}, "league": {"id": 135, "season": 2025, "name": "Serie A", "country": "Italy", "logo": "https://media.api-sports.io/football/leagues/135.png", "flag": "https://media.api-sports.io/flags/it.svg"}}, {"player": {"id": 162907, "name": "A. Zanoli", "photo": "https://media.api-sports.io/football/players/162907.png", "type": "Missing Fixture", "reason": "Knee Injury"}, "team": {"id": 494, "name": "Udinese", "logo": "https://media.api-sports.io/football/teams/494.png"}, "fixture": {"id": 1378113, "timezone": "UTC", "date": "2026-02-15T11:30:00+00:00", "timestamp": 1771155000}, "league": {"id": 135, "season": 2025, "name": "Serie A", "country": "Italy", "logo": "https://media.api-sports.io/football/leagues/135.png", "flag": "https://media.api-sports.io/flags/it.svg"}}, {"player": {"id": 22007, "name": "H. Kamara", "photo": "https://media.api-sports.io/football/players/22007.png", "type": "Questionable", "reason": "Injury"}, "team": {"id": 494, "name": "Udinese", "logo": "https://media.api-sports.io/football/teams/494.png"}, "fixture": {"id": 1378113, "timezone": "UTC", "date": "2026-02-15T11:30:00+00:00", "timestamp": 1771155000}, "league": {"id": 135, "season": 2025, "name": "Serie A", "country": "Italy", "logo": "https://media.api-sports.io/football/leagues/135.png", "flag": "https://media.api-sports.io/flags/it.svg"}}, {"player": {"id": 1939, "name": "J. Piotrowski", "photo": "https://media.api-sports.io/football/players/1939.png", "type": "Questionable", "reason": "Injury"}, "team": {"id": 494, "name": "Udinese", "logo": "https://media.api-sports.io/football/teams/494.png"}, "fixture": {"id": 1378113, "timezone": "UTC", "date": "2026-02-15T11:30:00+00:00", "timestamp": 1771155000}, "league": {"id": 135, "season": 2025, "name": "Serie A", "country": "Italy", "logo": "https://media.api-sports.io/football/leagues/135.png", "flag": "https://media.api-sports.io/flags/it.svg"}}]}