{"get": "fixtures", "parameters": {"league": "135", "season": "2025", "team": "489", "status": "FT", "last": "10"}, "errors": [], "results": 10, "paging": {"current": 1, "total": 1}, "response": [{"fixture": {"id": 1378084, "referee": "G. Manganiello", "timezone": "UTC", "date": "2026-02-03T19:45:00+00:00", "timestamp": 1770147900, "periods": {"first": 1770147900, "second": 1770151500}, "venue": {"id": 881, "name": "Stadio Renato Dall'Ara", "city": "Bologna"}, "status": {"long": "Match Finished", "short": "FT", "elapsed": 90, "extra": 4}}, "league": {"id": 135, "name": "Serie A", "country": "Italy", "logo": "https://media.api-sports.io/football/leagues/135.png", "flag": "https://media.api-sports.io/flags/it.svg", "season": 2025, "round": "Regular Season - 23", "standings": true}, "teams": {"home": {"id": 500, "name": "Bologna", "logo": "https://media.api-sports.io/football/teams/500.png", "winner": false}, "away": {"id": 489, "name": "AC Milan", "logo": "https://media.api-sports.io/football/teams/489.png", "winner": true}}, "goals": {"home": 0, "away": 3}, "score": {"halftime": {"home": 0, "away": 2}, "fulltime": {"home": 0, "away": 3}, "extratime": {"home": null, "away": null}, "penalty": {"home": null, "away": null}}}, {"fixture": {"id": 1378081, "referee": "A. Colombo", "timezone": "UTC", "date": "2026-01-25T19:45:00+00:00", "timestamp": 1769370300, "periods": {"first": 1769370300, "second": 1769373900}, "venue": {"id": null, "name": "Stadio Olimpico", "city": "Rome"}, "status": {"long": "Match Finished", "short": "FT", "elapsed": 90, "extra": 4}}, "league": {"id": 135, "name": "Serie A", "country": "Italy", "logo": "https://media.api-sports.io/football/leagues/135.png", "flag": "https://media.api-sports.io/flags/it.svg", "season": 2025, "round": "Regular Season - 22", "standings": true}, "teams": {"home": {"id": 497, "name": "AS Roma", "logo": "https://media.api-sports.io/football/teams/497.png", "winner": null}, "away": {"id": 489, "name": "AC Milan", "logo": "https://media.api-sports.io/football/teams/489.png", "winner": null}}, "goals": {"home": 1, "away": 1}, "score": {"halftime": {"home": 0, "away": 0}, "fulltime": {"home": 1, "away": 1}, "extratime": {"home": null, "away": null}, "penalty": {"home": null, "away": null}}}, {"fixture": {"id": 1378068, "referee": "Luca Zufferli, Italy", "timezone": "UTC", "date": "2026-01-18T19:45:00+00:00", "timestamp": 1768765500, "periods": {"first": 1768765500, "second": 1768769100}, "venue": {"id": 907, "name": "Stadio Giuseppe Meazza", "city": "Milan"}, "status": {"long": "Match Finished", "short": "FT", "elapsed": 90, "extra": 5}}, "league": {"id": 135, "name": "Serie A", "country": "Italy", "logo": "https://media.api-sports.io/football/leagues/135.png", "flag": "https://media.api-sports.io/flags/it.svg", "season": 2025, "round": "Regular Season - 21", "standings": true}, "teams": {"home": {"id": 489, "name": "AC Milan", "logo": "https://media.api-sports.io/football/teams/489.png", "winner": true}, "away": {"id": 867, "name": "Lecce", "logo": "https://media.api-sports.io/football/teams/867.png", "winner": false}}, "goals": {"home": 1, "away": 0}, "score": {"halftime": {"home": 0, "away": 0}, "fulltime": {"home": 1, "away": 0}, "extratime": {"home": null, "away": null}, "penalty": {"home": null, "away": null}}}, {"fixture": {"id": 1378015, "referee": "Marco Guida, Italy", "timezone": "UTC", "date": "2026-01-15T19:45:00+00:00", "timestamp": 1768506300, "periods": {"first": 1768506300, "second": 1768509900}, "venue": {"id": 892, "name": "Stadio Giuseppe Sinigaglia", "city": "Como"}, "status": {"long": "Match Finished", "short": "FT", "elapsed": 90, "extra": 6}}, "league": {"id": 135, "name": "Serie A", "country": "Italy", "logo": "https://media.api-sports.io/football/leagues/135.png", "flag": "https://media.api-sports.io/flags/it.svg", "season": 2025, "round": "Regular Season - 16", "standings": true}, "teams": {"home": {"id": 895, "name": "Como", "logo": "https://media.api-sports.io/football/teams/895.png", "winner": false}, "away": {"id": 489, "name": "AC Milan", "logo": "https://media.api-sports.io/football/teams/489.png", "winner": true}}, "goals": {"home": 1, "away": 3}, "score": {"halftime": {"home": 1, "away": 1}, "fulltime": {"home": 1, "away": 3}, "extratime": {"home": null, "away": null}, "penalty": {"home": null, "away": null}}}, {"fixture": {"id": 1378056, "referee": "Davide Massa, Italy", "timezone": "UTC", "date": "2026-01-11T14:00:00+00:00", "timestamp": 1768140000, "periods": {"first": 1768140000, "second": 1768143600}, "venue": {"id": null, "name": "Stadio Artemio Franchi", "city": "Florence"}, "status": {"long": "Match Finished", "short": "FT", "elapsed": 90, "extra": 8}}, "league": {"id": 135, "name": "Serie A", "country": "Italy", "logo": "https://media.api-sports.io/football/leagues/135.png", "flag": "https://media.api-sports.io/flags/it.svg", "season": 2025, "round": "Regular Season - 20", "standings": true}, "teams": {"home": {"id": 502, "name": "Fiorentina", "logo": "https://media.api-sports.io/football/teams/502.png", "winner": null}, "away": {"id": 489, "name": "AC Milan", "logo": "https://media.api-sports.io/football/teams/489.png", "winner": null}}, "goals": {"home": 1, "away": 1}, "score": {"halftime": {"home": 0, "away": 0}, "fulltime": {"home": 1, "away": 1}, "extratime": {"home": null, "away": null}, "penalty": {"home": null, "away": null}}}, {"fixture": {"id": 1378048, "referee": "Maurizio Mariani, Italy", "timezone": "UTC", "date": "2026-01-08T19:45:00+00:00", "timestamp": 1767901500, "periods": {"first": 1767901500, "second": 1767905100}, "venue": {"id": 907, "name": "Stadio Giuseppe Meazza", "city": "Milan"}, "status": {"long": "Match Finished", "short": "FT", "elapsed": 90, "extra": 10}}, "league": {"id": 135, "name": "Serie A", "country": "Italy", "logo": "https://media.api-sports.io/football/leagues/135.png", "flag": "https://media.api-sports.io/flags/it.svg", "season": 2025, "round": "Regular Season - 19", "standings": true}, "teams": {"home": {"id": 489, "name": "AC Milan", "logo": "https://media.api-sports.io/football/teams/489.png", "winner": null}, "away": {"id": 495, "name": "Genoa", "logo": "https://media.api-sports.io/football/teams/495.png", "winner": null}}, "goals": {"home": 1, "away": 1}, "score": {"halftime": {"home": 0, "away": 1}, "fulltime": {"home": 1, "away": 1}, "extratime": {"home": null, "away": null}, "penalty": {"home": null, "away": null}}}, {"fixture": {"id": 1378035, "referee": "Rosario Abisso, Italy", "timezone": "UTC", "date": "2026-01-02T19:45:00+00:00", "timestamp": 1767383100, "periods": {"first": 1767383100, "second": 1767386700}, "venue": {"id": 12275, "name": "Unipol Domus", "city": "Cagliari"}, "status": {"long": "Match Finished", "short": "FT", "elapsed": 90, "extra": 5}}, "league": {"id": 135, "name": "Serie A", "country": "Italy", "logo": "https://media.api-sports.io/football/leagues/135.png", "flag": "https://media.api-sports.io/flags/it.svg", "season": 2025, "round": "Regular Season - 18", "standings": true}, "teams": {"home": {"id": 490, "name": "Cagliari", "logo": "https://media.api-sports.io/football/teams/490.png", "winner": false}, "away": {"id": 489, "name": "AC Milan", "logo": "https://media.api-sports.io/football/teams/489.png", "winner": true}}, "goals": {"home": 0, "away": 1}, "score": {"halftime": {"home": 0, "away": 0}, "fulltime": {"home": 0, "away": 1}, "extratime": {"home": null, "away": null}, "penalty": {"home": null, "away": null}}}, {"fixture": {"id": 1378028, "referee": "Michael Fabbri, Italy", "timezone": "UTC", "date": "2025-12-28T11:30:00+00:00", "timestamp": 1766921400, "periods": {"first": 1766921400, "second": 1766925000}, "venue": {"id": 907, "name": "Stadio Giuseppe Meazza", "city": "Milan"}, "status": {"long": "Match Finished", "short": "FT", "elapsed": 90, "extra": 4}}, "league": {"id": 135, "name": "Serie A", "country": "Italy", "logo": "https://media.api-sports.io/football/leagues/135.png", "flag": "https://media.api-sports.io/flags/it.svg", "season": 2025, "round": "Regular Season - 17", "standings": true}, "teams": {"home": {"id": 489, "name": "AC Milan", "logo": "https://media.api-sports.io/football/teams/489.png", "winner": true}, "away": {"id": 504, "name": "Verona", "logo": "https://media.api-sports.io/football/teams/504.png", "winner": false}}, "goals": {"home": 3, "away": 0}, "score": {"halftime": {"home": 1, "away": 0}, "fulltime": {"home": 3, "away": 0}, "extratime": {"home": null, "away": null}, "penalty": {"home": null, "away": null}}}, {"fixture": {"id": 1378009, "referee": "Valerio Crezzini, Italy", "timezone": "UTC", "date": "2025-12-14T11:30:00+00:00", "timestamp": 1765711800, "periods": {"first": 1765711800, "second": 1765715400}, "venue": {"id": 907, "name": "Stadio Giuseppe Meazza", "city": "Milan"}, "status": {"long": "Match Finished", "short": "FT", "elapsed": 90, "extra": 8}}, "league": {"id": 135, "name": "Serie A", "country": "Italy", "logo": "https://media.api-sports.io/football/leagues/135.png", "flag": "https://media.api-sports.io/flags/it.svg", "season": 2025, "round": "Regular Season - 15", "standings": true}, "teams": {"home": {"id": 489, "name": "AC Milan", "logo": "https://media.api-sports.io/football/teams/489.png", "winner": null}, "away": {"id": 488, "name": "Sassuolo", "logo": "https://media.api-sports.io/football/teams/488.png", "winner": null}}, "goals": {"home": 2, "away": 2}, "score": {"halftime": {"home": 1, "away": 1}, "fulltime": {"home": 2, "away": 2}, "extratime": {"home": null, "away": null}, "penalty": {"home": null, "away": null}}}, {"fixture": {"id": 1378001, "referee": "Daniele Chiffi, Italy", "timezone": "UTC", "date": "2025-12-08T19:45:00+00:00", "timestamp": 1765223100, "periods": {"first": 1765223100, "second": 1765226700}, "venue": {"id": null, "name": "Stadio Olimpico di Torino", "city": "Turin"}, "status": {"long": "Match Finished", "short": "FT", "elapsed": 90, "extra": 6}}, "league": {"id": 135, "name": "Serie A", "country": "Italy", "logo": "https://media.api-sports.io/football/leagues/135.png", "flag": "https://media.api-sports.io/flags/it.svg", "season": 2025, "round": "Regular Season - 14", "standings": true}, "teams": {"home": {"id": 503, "name": "Torino", "logo": "https://media.api-sports.io/football/teams/503.png", "winner": false}, "away": {"id": 489, "name": "AC Milan", "logo": "https://media.api-sports.io/football/teams/489.png", "winner": true}}, "goals": {"home": 2, "away": 3}, "score": {"halftime": {"home": 2, "away": 1}, "fulltime": {"home": 2, "away": 3}, "extratime": {"home": null, "away": null}, "penalty": {"home": null, "away": null}}}]}