{"get": "injuries", "parameters": {"league": "39", "season": "2025", "team": "49"}, "errors": [], "results": 147, "paging": {"current": 1, "total": 1}, "response": [{"player": {"id": 283058, "name": "Nicolas Jackson", "photo": "https://media.api-sports.io/football/players/283058.png", "type": "Missing Fixture", "reason": "Suspension"}, "team": {"id": 49, "name": "Chelsea", "logo": "https://media.api-sports.io/football/teams/49.png"}, "fixture": {"id": 1378976, "timezone": "UTC", "date": "2025-08-17T13:00:00+00:00", "timestamp": 1755435600}, "league": {"id": 39, "season": 2025, "name": "Premier League", "country": "England", "logo": "https://media.api-sports.io/football/leagues/39.png", "flag": "https://media.api-sports.io/flags/gb-eng.svg"}}, {"player": {"id": 19145, "name": "Oluwatosin Adarabioyo", "photo": "https://media.api-sports.io/football/players/19145.png", "type": "Missing Fixture", "reason": "Injured Doubtful"}, "team": {"id": 49, "name": "Chelsea", "logo": "https://media.api-sports.io/football/teams/49.png"}, "fixture": {"id": 1378988, "timezone": "UTC", "date": "2025-08-22T19:00:00+00:00", "timestamp": 1755889200}, "league": {"id": 39, "season": 2025, "name": "Premier League", "country": "England", "logo": "https://media.api-sports.io/football/leagues/39.png", "flag": "https://media.api-sports.io/flags/gb-eng.svg"}}, {"player": {"id": 63577, "name": "M. Mudryk", "photo": "https://media.api-sports.io/football/players/63577.png", "type": "Missing Fixture", "reason": "Suspension"}, "team": {"id": 49, "name": "Chelsea", "logo": "https://media.api-sports.io/football/teams/49.png"}, "fixture": {"id": 1378976, "timezone": "UTC", "date": "2025-08-17T13:00:00+00:00", "timestamp": 1755435600}, "league": {"id": 39, "season": 2025, "name": "Premier League", "country": "England", "logo": "https://media.api-sports.io/football/leagues/39.png", "flag": "https://media.api-sports.io/flags/gb-eng.svg"}}, {"player": {"id": 63577, "name": "M. Mudryk", "photo": "https://media.api-sports.io/football/players/63577.png", "type": "Missing Fixture", "reason": "Suspension"}, "team": {"id": 49, "name": "Chelsea", "logo": "https://media.api-sports.io/football/teams/49.png"}, "fixture": {"id": 1378988, "timezone": "UTC", "date": "2025-08-22T19:00:00+00:00", "timestamp": 1755889200}, "league": {"id": 39, "season": 2025, "name": "Premier League", "country": "England", "logo": "https://media.api-sports.io/football/leagues/39.png", "flag": "https://media.api-sports.io/flags/gb-eng.svg"}}, {"player": {"id": 63577, "name": "M. Mudryk", "photo": "https://media.api-sports.io/football/players/63577.png", "type": "Missing Fixture", "reason": "Suspension"}, "team": {"id": 49, "name": "Chelsea", "logo": "https://media.api-sports.io/football/teams/49.png"}, "fixture": {"id": 1378991, "timezone": "UTC", "date": "2025-08-30T11:30:00+00:00", "timestamp": 1756553400}, "league": {"id": 39, "season": 2025, "name": "Premier League", "country": "England", "logo": "https://media.api-sports.io/football/leagues/39.png", "flag": "https://media.api-sports.io/flags/gb-eng.svg"}}, {"player": {"id": 308678, "name": "D\u00e1rio Essugo", "photo": "https://media.api-sports.io/football/players/308678.png", "type": "Missing Fixture", "reason": "Thigh problems"}, "team": {"id": 49, "name": "Chelsea", "logo": "https://media.api-sports.io/football/teams/49.png"}, "fixture": {"id": 1379001, "timezone": "UTC", "date": "2025-09-13T19:00:00+00:00", "timestamp": 1757790000}, "league": {"id": 39, "season": 2025, "name": "Premier League", "country": "England", "logo": "https://media.api-sports.io/football/leagues/39.png", "flag": "https://media.api-sports.io/flags/gb-eng.svg"}}, {"player": {"id": 95, "name": "B. Badiashile", "photo": "https://media.api-sports.io/football/players/95.png", "type": "Missing Fixture", "reason": "Contusion"}, "team": {"id": 49, "name": "Chelsea", "logo": "https://media.api-sports.io/football/teams/49.png"}, "fixture": {"id": 1378976, "timezone": "UTC", "date": "2025-08-17T13:00:00+00:00", "timestamp": 1755435600}, "league": {"id": 39, "season": 2025, "name": "Premier League", "country": "England", "logo": "https://media.api-sports.io/football/leagues/39.png", "flag": "https://media.api-sports.io/flags/gb-eng.svg"}}, {"player": {"id": 95, "name": "B. Badiashile", "photo": "https://media.api-sports.io/football/players/95.png", "type": "Missing Fixture", "reason": "Contusion"}, "team": {"id": 49, "name": "Chelsea", "logo": "https://media.api-sports.io/football/teams/49.png"}, "fixture": {"id": 1378988, "timezone": "UTC", "date": "2025-08-22T19:00:00+00:00", "timestamp": 1755889200}, "league": {"id": 39, "season": 2025, "name": "Premier League", "country": "England", "logo": "https://media.api-sports.io/football/leagues/39.png", "flag": "https://media.api-sports.io/flags/gb-eng.svg"}}, {"player": {"id": 95, "name": "B. Badiashile", "photo": "https://media.api-sports.io/football/players/95.png", "type": "Missing Fixture", "reason": "Contusion"}, "team": {"id": 49, "name": "Chelsea", "logo": "https://media.api-sports.io/football/teams/49.png"}, "fixture": {"id": 1378991, "timezone": "UTC", "date": "2025-08-30T11:30:00+00:00", "timestamp": 1756553400}, "league": {"id": 39, "season": 2025, "name": "Premier League", "country": "England", "logo": "https://media.api-sports.io/football/leagues/39.png", "flag": "https://media.api-sports.io/flags/gb-eng.svg"}}, {"player": {"id": 95, "name": "B. Badiashile", "photo": "https://media.api-sports.io/football/players/95.png", "type": "Missing Fixture", "reason": "Contusion"}, "team": {"id": 49, "name": "Chelsea", "logo": "https://media.api-sports.io/football/teams/49.png"}, "fixture": {"id": 1379001, "timezone": "UTC", "date": "2025-09-13T19:00:00+00:00", "timestamp": 1757790000}, "league": {"id": 39, "season": 2025, "name": "Premier League", "country": "England", "logo": "https://media.api-sports.io/football/leagues/39.png", "flag": "https://media.api-sports.io/flags/gb-eng.svg"}}, {"player": {"id": 152953, "name": "L. Colwill", "photo": "https://media.api-sports.io/football/players/152953.png", "type": "Missing Fixture", "reason": "Jumpers knee"}, "team": {"id": 49, "name": "Chelsea", "logo": "https://media.api-sports.io/football/teams/49.png"}, "fixture": {"id": 1378976, "timezone": "UTC", "date": "2025-08-17T13:00:00+00:00", "timestamp": 1755435600}, "league": {"id": 39, "season": 2025, "name": "Premier League", "country": "England", "logo": "https://media.api-sports.io/football/leagues/39.png", "flag": "https://media.api-sports.io/flags/gb-eng.svg"}}, {"player": {"id": 152953, "name": "L. Colwill", "photo": "https://media.api-sports.io/football/players/152953.png", "type": "Missing Fixture", "reason": "Jumpers knee"}, "team": {"id": 49, "name": "Chelsea", "logo": "https://media.api-sports.io/football/teams/49.png"}, "fixture": {"id": 1378988, "timezone": "UTC", "date": "2025-08-22T19:00:00+00:00", "timestamp": 1755889200}, "league": {"id": 39, "season": 2025, "name": "Premier League", "country": "England", "logo": "https://media.api-sports.io/football/leagues/39.png", "flag": "https://media.api-sports.io/flags/gb-eng.svg"}}, {"player": {"id": 152953, "name": "L. Colwill", "photo": "https://media.api-sports.io/football/players/152953.png", "type": "Missing Fixture", "reason": "Jumpers knee"}, "team": {"id": 49, "name": "Chelsea", "logo": "https://media.api-sports.io/football/teams/49.png"}, "fixture": {"id": 1378991, "timezone": "UTC", "date": "2025-08-30T11:30:00+00:00", "timestamp": 1756553400}, "league": {"id": 39, "season": 2025, "name": "Premier League", "country": "England", "logo": "https://media.api-sports.io/football/leagues/39.png", "flag": "https://media.api-sports.io/flags/gb-eng.svg"}}, {"player": {"id": 152953, "name": "L. Colwill", "photo": "https://media.api-sports.io/football/players/152953.png", "type": "Missing Fixture", "reason": "Jumpers knee"}, "team": {"id": 49, "name": "Chelsea", "logo": "https://media.api-sports.io/football/teams/49.png"}, "fixture": {"id": 1379001, "timezone": "UTC", "date": "2025-09-13T19:00:00+00:00", "timestamp": 1757790000}, "league": {"id": 39, "season": 2025, "name": "Premier League", "country": "England", "logo": "https://media.api-sports.io/football/leagues/39.png", "flag": "https://media.api-sports.io/flags/gb-eng.svg"}}, {"player": {"id": 282125, "name": "R. Lavia", "photo": "https://media.api-sports.io/football/players/282125.png", "type": "Missing Fixture", "reason": "Muscle bruise"}, "team": {"id": 49, "name": "Chelsea", "logo": "https://media.api-sports.io/football/teams/49.png"}, "fixture": {"id": 1378976, "timezone": "UTC", "date": "2025-08-17T13:00:00+00:00", "timestamp": 1755435600}, "league": {"id": 39, "season": 2025, "name": "Premier League", "country": "England", "logo": "https://media.api-sports.io/football/leagues/39.png", "flag": "https://media.api-sports.io/flags/gb-eng.svg"}}, {"player": {"id": 282125, "name": "R. Lavia", "photo": "https://media.api-sports.io/football/players/282125.png", "type": "Missing Fixture", "reason": "Muscle bruise"}, "team": {"id": 49, "name": "Chelsea", "logo": "https://media.api-sports.io/football/teams/49.png"}, "fixture": {"id": 1378988, "timezone": "UTC", "date": "2025-08-22T19:00:00+00:00", "timestamp": 1755889200}, "league": {"id": 39, "season": 2025, "name": "Premier League", "country": "England", "logo": "https://media.api-sports.io/football/leagues/39.png", "flag": "https://media.api-sports.io/flags/gb-eng.svg"}}, {"player": {"id": 282125, "name": "R. Lavia", "photo": "https://media.api-sports.io/football/players/282125.png", "type": "Missing Fixture", "reason": "Muscle bruise"}, "team": {"id": 49, "name": "Chelsea", "logo": "https://media.api-sports.io/football/teams/49.png"}, "fixture": {"id": 1378991, "timezone": "UTC", "date": "2025-08-30T11:30:00+00:00", "timestamp": 1756553400}, "league": {"id": 39, "season": 2025, "name": "Premier League", "country": "England", "logo": "https://media.api-sports.io/football/leagues/39.png", "flag": "https://media.api-sports.io/flags/gb-eng.svg"}}, {"player": {"id": 282125, "name": "R. Lavia", "photo": "https://media.api-sports.io/football/players/282125.png", "type": "Missing Fixture", "reason": "Muscle bruise"}, "team": {"id": 49, "name": "Chelsea", "logo": "https://media.api-sports.io/football/teams/49.png"}, "fixture": {"id": 1379001, "timezone": "UTC", "date": "2025-09-13T19:00:00+00:00", "timestamp": 1757790000}, "league": {"id": 39, "season": 2025, "name": "Premier League", "country": "England", "logo": "https://media.api-sports.io/football/leagues/39.png", "flag": "https://media.api-sports.io/flags/gb-eng.svg"}}, {"player": {"id": 95, "name": "B. Badiashile", "photo": "https://media.api-sports.io/football/players/95.png", "type": "Missing Fixture", "reason": "Knock"}, "team": {"id": 49, "name": "Chelsea", "logo": "https://media.api-sports.io/football/teams/49.png"}, "fixture": {"id": 1379015, "timezone": "UTC", "date": "2025-09-20T16:30:00+00:00", "timestamp": 1758385800}, "league": {"id": 39, "season": 2025, "name": "Premier League", "country": "England", "logo": "https://media.api-sports.io/football/leagues/39.png", "flag": "https://media.api-sports.io/flags/gb-eng.svg"}}, {"player": {"id": 152953, "name": "L. Colwill", "photo": "https://media.api-sports.io/football/players/152953.png", "type": "Missing Fixture", "reason": "Knee Injury"}, "team": {"id": 49, "name": "Chelsea", "logo": "https://media.api-sports.io/football/teams/49.png"}, "fixture": {"id": 1379015, "timezone": "UTC", "date": "2025-09-20T16:30:00+00:00", "timestamp": 1758385800}, "league": {"id": 39, "season": 2025, "name": "Premier League", "country": "England", "logo": "https://media.api-sports.io/football/leagues/39.png", "flag": "https://media.api-sports.io/flags/gb-eng.svg"}}, {"player": {"id": 161948, "name": "L. Delap", "photo": "https://media.api-sports.io/football/players/161948.png", "type": "Missing Fixture", "reason": "Hamstring Injury"}, "team": {"id": 49, "name": "Chelsea", "logo": "https://media.api-sports.io/football/teams/49.png"}, "fixture": {"id": 1379015, "timezone": "UTC", "date": "2025-09-20T16:30:00+00:00", "timestamp": 1758385800}, "league": {"id": 39, "season": 2025, "name": "Premier League", "country": "England", "logo": "https://media.api-sports.io/football/leagues/39.png", "flag": "https://media.api-sports.io/flags/gb-eng.svg"}}, {"player": {"id": 308678, "name": "D. Essugo", "photo": "https://media.api-sports.io/football/players/308678.png", "type": "Missing Fixture", "reason": "Thigh Injury"}, "team": {"id": 49, "name": "Chelsea", "logo": "https://media.api-sports.io/football/teams/49.png"}, "fixture": {"id": 1379015, "timezone": "UTC", "date": "2025-09-20T16:30:00+00:00", "timestamp": 1758385800}, "league": {"id": 39, "season": 2025, "name": "Premier League", "country": "England", "logo": "https://media.api-sports.io/football/leagues/39.png", "flag": "https://media.api-sports.io/flags/gb-eng.svg"}}, {"player": {"id": 282125, "name": "R. Lavia", "photo": "https://media.api-sports.io/football/players/282125.png", "type": "Missing Fixture", "reason": "Muscle Injury"}, "team": {"id": 49, "name": "Chelsea", "logo": "https://media.api-sports.io/football/teams/49.png"}, "fixture": {"id": 1379015, "timezone": "UTC", "date": "2025-09-20T16:30:00+00:00", "timestamp": 1758385800}, "league": {"id": 39, "season": 2025, "name": "Premier League", "country": "England", "logo": "https://media.api-sports.io/football/leagues/39.png", "flag": "https://media.api-sports.io/flags/gb-eng.svg"}}, {"player": {"id": 63577, "name": "M. Mudryk", "photo": "https://media.api-sports.io/football/players/63577.png", "type": "Missing Fixture", "reason": "Suspended"}, "team": {"id": 49, "name": "Chelsea", "logo": "https://media.api-sports.io/football/teams/49.png"}, "fixture": {"id": 1379015, "timezone": "UTC", "date": "2025-09-20T16:30:00+00:00", "timestamp": 1758385800}, "league": {"id": 39, "season": 2025, "name": "Premier League", "country": "England", "logo": "https://media.api-sports.io/football/leagues/39.png", "flag": "https://media.api-sports.io/flags/gb-eng.svg"}}, {"player": {"id": 19145, "name": "T. Adarabioyo", "photo": "https://media.api-sports.io/football/players/19145.png", "type": "Missing Fixture", "reason": "Calf Injury"}, "team": {"id": 49, "name": "Chelsea", "logo": "https://media.api-sports.io/football/teams/49.png"}, "fixture": {"id": 1379021, "timezone": "UTC", "date": "2025-09-27T14:00:00+00:00", "timestamp": 1758981600}, "league": {"id": 39, "season": 2025, "name": "Premier League", "country": "England", "logo": "https://media.api-sports.io/football/leagues/39.png", "flag": "https://media.api-sports.io/flags/gb-eng.svg"}}, {"player": {"id": 311334, "name": "F. Buonanotte", "photo": "https://media.api-sports.io/football/players/311334.png", "type": "Missing Fixture", "reason": "Loan agreement"}, "team": {"id": 49, "name": "Chelsea", "logo": "https://media.api-sports.io/football/teams/49.png"}, "fixture": {"id": 1379021, "timezone": "UTC", "date": "2025-09-27T14:00:00+00:00", "timestamp": 1758981600}, "league": {"id": 39, "season": 2025, "name": "Premier League", "country": "England", "logo": "https://media.api-sports.io/football/leagues/39.png", "flag": "https://media.api-sports.io/flags/gb-eng.svg"}}, {"player": {"id": 152953, "name": "L. Colwill", "photo": "https://media.api-sports.io/football/players/152953.png", "type": "Missing Fixture", "reason": "Knee Injury"}, "team": {"id": 49, "name": "Chelsea", "logo": "https://media.api-sports.io/football/teams/49.png"}, "fixture": {"id": 1379021, "timezone": "UTC", "date": "2025-09-27T14:00:00+00:00", "timestamp": 1758981600}, "league": {"id": 39, "season": 2025, "name": "Premier League", "country": "England", "logo": "https://media.api-sports.io/football/leagues/39.png", "flag": "https://media.api-sports.io/flags/gb-eng.svg"}}, {"player": {"id": 161948, "name": "L. Delap", "photo": "https://media.api-sports.io/football/players/161948.png", "type": "Missing Fixture", "reason": "Hamstring Injury"}, "team": {"id": 49, "name": "Chelsea", "logo": "https://media.api-sports.io/football/teams/49.png"}, "fixture": {"id": 1379021, "timezone": "UTC", "date": "2025-09-27T14:00:00+00:00", "timestamp": 1758981600}, "league": {"id": 39, "season": 2025, "name": "Premier League", "country": "England", "logo": "https://media.api-sports.io/football/leagues/39.png", "flag": "https://media.api-sports.io/flags/gb-eng.svg"}}, {"player": {"id": 308678, "name": "D. Essugo", "photo": "https://media.api-sports.io/football/players/308678.png", "type": "Missing Fixture", "reason": "Thigh Injury"}, "team": {"id": 49, "name": "Chelsea", "logo": "https://media.api-sports.io/football/teams/49.png"}, "fixture": {"id": 1379021, "timezone": "UTC", "date": "2025-09-27T14:00:00+00:00", "timestamp": 1758981600}, "league": {"id": 39, "season": 2025, "name": "Premier League", "country": "England", "logo": "https://media.api-sports.io/football/leagues/39.png", "flag": "https://media.api-sports.io/flags/gb-eng.svg"}}, {"player": {"id": 22094, "name": "W. Fofana", "photo": "https://media.api-sports.io/football/players/22094.png", "type": "Missing Fixture", "reason": "Concussion"}, "team": {"id": 49, "name": "Chelsea", "logo": "https://media.api-sports.io/football/teams/49.png"}, "fixture": {"id": 1379021, "timezone": "UTC", "date": "2025-09-27T14:00:00+00:00", "timestamp": 1758981600}, "league": {"id": 39, "season": 2025, "name": "Premier League", "country": "England", "logo": "https://media.api-sports.io/football/leagues/39.png", "flag": "https://media.api-sports.io/flags/gb-eng.svg"}}, {"player": {"id": 63577, "name": "M. Mudryk", "photo": "https://media.api-sports.io/football/players/63577.png", "type": "Missing Fixture", "reason": "Suspended"}, "team": {"id": 49, "name": "Chelsea", "logo": "https://media.api-sports.io/football/teams/49.png"}, "fixture": {"id": 1379021, "timezone": "UTC", "date": "2025-09-27T14:00:00+00:00", "timestamp": 1758981600}, "league": {"id": 39, "season": 2025, "name": "Premier League", "country": "England", "logo": "https://media.api-sports.io/football/leagues/39.png", "flag": "https://media.api-sports.io/flags/gb-eng.svg"}}, {"player": {"id": 152982, "name": "C. Palmer", "photo": "https://media.api-sports.io/football/players/152982.png", "type": "Missing Fixture", "reason": "Groin Injury"}, "team": {"id": 49, "name": "Chelsea", "logo": "https://media.api-sports.io/football/teams/49.png"}, "fixture": {"id": 1379021, "timezone": "UTC", "date": "2025-09-27T14:00:00+00:00", "timestamp": 1758981600}, "league": {"id": 39, "season": 2025, "name": "Premier League", "country": "England", "logo": "https://media.api-sports.io/football/leagues/39.png", "flag": "https://media.api-sports.io/flags/gb-eng.svg"}}, {"player": {"id": 19145, "name": "T. Adarabioyo", "photo": "https://media.api-sports.io/football/players/19145.png", "type": "Missing Fixture", "reason": "Calf Injury"}, "team": {"id": 49, "name": "Chelsea", "logo": "https://media.api-sports.io/football/teams/49.png"}, "fixture": {"id": 1379033, "timezone": "UTC", "date": "2025-10-04T16:30:00+00:00", "timestamp": 1759595400}, "league": {"id": 39, "season": 2025, "name": "Premier League", "country": "England", "logo": "https://media.api-sports.io/football/leagues/39.png", "flag": "https://media.api-sports.io/flags/gb-eng.svg"}}, {"player": {"id": 19720, "name": "T. Chalobah", "photo": "https://media.api-sports.io/football/players/19720.png", "type": "Missing Fixture", "reason": "Red Card"}, "team": {"id": 49, "name": "Chelsea", "logo": "https://media.api-sports.io/football/teams/49.png"}, "fixture": {"id": 1379033, "timezone": "UTC", "date": "2025-10-04T16:30:00+00:00", "timestamp": 1759595400}, "league": {"id": 39, "season": 2025, "name": "Premier League", "country": "England", "logo": "https://media.api-sports.io/football/leagues/39.png", "flag": "https://media.api-sports.io/flags/gb-eng.svg"}}, {"player": {"id": 152953, "name": "L. Colwill", "photo": "https://media.api-sports.io/football/players/152953.png", "type": "Missing Fixture", "reason": "Knee Injury"}, "team": {"id": 49, "name": "Chelsea", "logo": "https://media.api-sports.io/football/teams/49.png"}, "fixture": {"id": 1379033, "timezone": "UTC", "date": "2025-10-04T16:30:00+00:00", "timestamp": 1759595400}, "league": {"id": 39, "season": 2025, "name": "Premier League", "country": "England", "logo": "https://media.api-sports.io/football/leagues/39.png", "flag": "https://media.api-sports.io/flags/gb-eng.svg"}}, {"player": {"id": 161948, "name": "L. Delap", "photo": "https://media.api-sports.io/football/players/161948.png", "type": "Missing Fixture", "reason": "Hamstring Injury"}, "team": {"id": 49, "name": "Chelsea", "logo": "https://media.api-sports.io/football/teams/49.png"}, "fixture": {"id": 1379033, "timezone": "UTC", "date": "2025-10-04T16:30:00+00:00", "timestamp": 1759595400}, "league": {"id": 39, "season": 2025, "name": "Premier League", "country": "England", "logo": "https://media.api-sports.io/football/leagues/39.png", "flag": "https://media.api-sports.io/flags/gb-eng.svg"}}, {"player": {"id": 308678, "name": "D. Essugo", "photo": "https://media.api-sports.io/football/players/308678.png", "type": "Missing Fixture", "reason": "Thigh Injury"}, "team": {"id": 49, "name": "Chelsea", "logo": "https://media.api-sports.io/football/teams/49.png"}, "fixture": {"id": 1379033, "timezone": "UTC", "date": "2025-10-04T16:30:00+00:00", "timestamp": 1759595400}, "league": {"id": 39, "season": 2025, "name": "Premier League", "country": "England", "logo": "https://media.api-sports.io/football/leagues/39.png", "flag": "https://media.api-sports.io/flags/gb-eng.svg"}}, {"player": {"id": 63577, "name": "M. Mudryk", "photo": "https://media.api-sports.io/football/players/63577.png", "type": "Missing Fixture", "reason": "Suspended"}, "team": {"id": 49, "name": "Chelsea", "logo": "https://media.api-sports.io/football/teams/49.png"}, "fixture": {"id": 1379033, "timezone": "UTC", "date": "2025-10-04T16:30:00+00:00", "timestamp": 1759595400}, "league": {"id": 39, "season": 2025, "name": "Premier League", "country": "England", "logo": "https://media.api-sports.io/football/leagues/39.png", "flag": "https://media.api-sports.io/flags/gb-eng.svg"}}, {"player": {"id": 152982, "name": "C. Palmer", "photo": "https://media.api-sports.io/football/players/152982.png", "type": "Missing Fixture", "reason": "Groin Injury"}, "team": {"id": 49, "name": "Chelsea", "logo": "https://media.api-sports.io/football/teams/49.png"}, "fixture": {"id": 1379033, "timezone": "UTC", "date": "2025-10-04T16:30:00+00:00", "timestamp": 1759595400}, "league": {"id": 39, "season": 2025, "name": "Premier League", "country": "England", "logo": "https://media.api-sports.io/football/leagues/39.png", "flag": "https://media.api-sports.io/flags/gb-eng.svg"}}, {"player": {"id": 305834, "name": "Andrey Santos", "photo": "https://media.api-sports.io/football/players/305834.png", "type": "Questionable", "reason": "Injury"}, "team": {"id": 49, "name": "Chelsea", "logo": "https://media.api-sports.io/football/teams/49.png"}, "fixture": {"id": 1379033, "timezone": "UTC", "date": "2025-10-04T16:30:00+00:00", "timestamp": 1759595400}, "league": {"id": 39, "season": 2025, "name": "Premier League", "country": "England", "logo": "https://media.api-sports.io/football/leagues/39.png", "flag": "https://media.api-sports.io/flags/gb-eng.svg"}}, {"player": {"id": 22094, "name": "W. Fofana", "photo": "https://media.api-sports.io/football/players/22094.png", "type": "Questionable", "reason": "Concussion"}, "team": {"id": 49, "name": "Chelsea", "logo": "https://media.api-sports.io/football/teams/49.png"}, "fixture": {"id": 1379033, "timezone": "UTC", "date": "2025-10-04T16:30:00+00:00", "timestamp": 1759595400}, "league": {"id": 39, "season": 2025, "name": "Premier League", "country": "England", "logo": "https://media.api-sports.io/football/leagues/39.png", "flag": "https://media.api-sports.io/flags/gb-eng.svg"}}, {"player": {"id": 95, "name": "B. Badiashile", "photo": "https://media.api-sports.io/football/players/95.png", "type": "Missing Fixture", "reason": "Muscle Injury"}, "team": {"id": 49, "name": "Chelsea", "logo": "https://media.api-sports.io/football/teams/49.png"}, "fixture": {"id": 1379045, "timezone": "UTC", "date": "2025-10-18T11:30:00+00:00", "timestamp": 1760787000}, "league": {"id": 39, "season": 2025, "name": "Premier League", "country": "England", "logo": "https://media.api-sports.io/football/leagues/39.png", "flag": "https://media.api-sports.io/flags/gb-eng.svg"}}, {"player": {"id": 152953, "name": "L. Colwill", "photo": "https://media.api-sports.io/football/players/152953.png", "type": "Missing Fixture", "reason": "Knee Injury"}, "team": {"id": 49, "name": "Chelsea", "logo": "https://media.api-sports.io/football/teams/49.png"}, "fixture": {"id": 1379045, "timezone": "UTC", "date": "2025-10-18T11:30:00+00:00", "timestamp": 1760787000}, "league": {"id": 39, "season": 2025, "name": "Premier League", "country": "England", "logo": "https://media.api-sports.io/football/leagues/39.png", "flag": "https://media.api-sports.io/flags/gb-eng.svg"}}, {"player": {"id": 161948, "name": "L. Delap", "photo": "https://media.api-sports.io/football/players/161948.png", "type": "Missing Fixture", "reason": "Hamstring Injury"}, "team": {"id": 49, "name": "Chelsea", "logo": "https://media.api-sports.io/football/teams/49.png"}, "fixture": {"id": 1379045, "timezone": "UTC", "date": "2025-10-18T11:30:00+00:00", "timestamp": 1760787000}, "league": {"id": 39, "season": 2025, "name": "Premier League", "country": "England", "logo": "https://media.api-sports.io/football/leagues/39.png", "flag": "https://media.api-sports.io/flags/gb-eng.svg"}}, {"player": {"id": 308678, "name": "D. Essugo", "photo": "https://media.api-sports.io/football/players/308678.png", "type": "Missing Fixture", "reason": "Thigh Injury"}, "team": {"id": 49, "name": "Chelsea", "logo": "https://media.api-sports.io/football/teams/49.png"}, "fixture": {"id": 1379045, "timezone": "UTC", "date": "2025-10-18T11:30:00+00:00", "timestamp": 1760787000}, "league": {"id": 39, "season": 2025, "name": "Premier League", "country": "England", "logo": "https://media.api-sports.io/football/leagues/39.png", "flag": "https://media.api-sports.io/flags/gb-eng.svg"}}, {"player": {"id": 63577, "name": "M. Mudryk", "photo": "https://media.api-sports.io/football/players/63577.png", "type": "Missing Fixture", "reason": "Suspended"}, "team": {"id": 49, "name": "Chelsea", "logo": "https://media.api-sports.io/football/teams/49.png"}, "fixture": {"id": 1379045, "timezone": "UTC", "date": "2025-10-18T11:30:00+00:00", "timestamp": 1760787000}, "league": {"id": 39, "season": 2025, "name": "Premier League", "country": "England", "logo": "https://media.api-sports.io/football/leagues/39.png", "flag": "https://media.api-sports.io/flags/gb-eng.svg"}}, {"player": {"id": 152982, "name": "C. Palmer", "photo": "https://media.api-sports.io/football/players/152982.png", "type": "Missing Fixture", "reason": "Groin Injury"}, "team": {"id": 49, "name": "Chelsea", "logo": "https://media.api-sports.io/football/teams/49.png"}, "fixture": {"id": 1379045, "timezone": "UTC", "date": "2025-10-18T11:30:00+00:00", "timestamp": 1760787000}, "league": {"id": 39, "season": 2025, "name": "Premier League", "country": "England", "logo": "https://media.api-sports.io/football/leagues/39.png", "flag": "https://media.api-sports.io/flags/gb-eng.svg"}}, {"player": {"id": 95, "name": "B. Badiashile", "photo": "https://media.api-sports.io/football/players/95.png", "type": "Missing Fixture", "reason": "Muscle Injury"}, "team": {"id": 49, "name": "Chelsea", "logo": "https://media.api-sports.io/football/teams/49.png"}, "fixture": {"id": 1379053, "timezone": "UTC", "date": "2025-10-25T14:00:00+00:00", "timestamp": 1761400800}, "league": {"id": 39, "season": 2025, "name": "Premier League", "country": "England", "logo": "https://media.api-sports.io/football/leagues/39.png", "flag": "https://media.api-sports.io/flags/gb-eng.svg"}}, {"player": {"id": 152953, "name": "L. Colwill", "photo": "https://media.api-sports.io/football/players/152953.png", "type": "Missing Fixture", "reason": "Knee Injury"}, "team": {"id": 49, "name": "Chelsea", "logo": "https://media.api-sports.io/football/teams/49.png"}, "fixture": {"id": 1379053, "timezone": "UTC", "date": "2025-10-25T14:00:00+00:00", "timestamp": 1761400800}, "league": {"id": 39, "season": 2025, "name": "Premier League", "country": "England", "logo": "https://media.api-sports.io/football/leagues/39.png", "flag": "https://media.api-sports.io/flags/gb-eng.svg"}}, {"player": {"id": 161948, "name": "L. Delap", "photo": "https://media.api-sports.io/football/players/161948.png", "type": "Missing Fixture", "reason": "Hamstring Injury"}, "team": {"id": 49, "name": "Chelsea", "logo": "https://media.api-sports.io/football/teams/49.png"}, "fixture": {"id": 1379053, "timezone": "UTC", "date": "2025-10-25T14:00:00+00:00", "timestamp": 1761400800}, "league": {"id": 39, "season": 2025, "name": "Premier League", "country": "England", "logo": "https://media.api-sports.io/football/leagues/39.png", "flag": "https://media.api-sports.io/flags/gb-eng.svg"}}, {"player": {"id": 308678, "name": "D. Essugo", "photo": "https://media.api-sports.io/football/players/308678.png", "type": "Missing Fixture", "reason": "Thigh Injury"}, "team": {"id": 49, "name": "Chelsea", "logo": "https://media.api-sports.io/football/teams/49.png"}, "fixture": {"id": 1379053, "timezone": "UTC", "date": "2025-10-25T14:00:00+00:00", "timestamp": 1761400800}, "league": {"id": 39, "season": 2025, "name": "Premier League", "country": "England", "logo": "https://media.api-sports.io/football/leagues/39.png", "flag": "https://media.api-sports.io/flags/gb-eng.svg"}}, {"player": {"id": 161907, "name": "M. Gusto", "photo": "https://media.api-sports.io/football/players/161907.png", "type": "Missing Fixture", "reason": "Red Card"}, "team": {"id": 49, "name": "Chelsea", "logo": "https://media.api-sports.io/football/teams/49.png"}, "fixture": {"id": 1379053, "timezone": "UTC", "date": "2025-10-25T14:00:00+00:00", "timestamp": 1761400800}, "league": {"id": 39, "season": 2025, "name": "Premier League", "country": "England", "logo": "https://media.api-sports.io/football/leagues/39.png", "flag": "https://media.api-sports.io/flags/gb-eng.svg"}}, {"player": {"id": 63577, "name": "M. Mudryk", "photo": "https://media.api-sports.io/football/players/63577.png", "type": "Missing Fixture", "reason": "Suspended"}, "team": {"id": 49, "name": "Chelsea", "logo": "https://media.api-sports.io/football/teams/49.png"}, "fixture": {"id": 1379053, "timezone": "UTC", "date": "2025-10-25T14:00:00+00:00", "timestamp": 1761400800}, "league": {"id": 39, "season": 2025, "name": "Premier League", "country": "England", "logo": "https://media.api-sports.io/football/leagues/39.png", "flag": "https://media.api-sports.io/flags/gb-eng.svg"}}, {"player": {"id": 152982, "name": "C. Palmer", "photo": "https://media.api-sports.io/football/players/152982.png", "type": "Missing Fixture", "reason": "Groin Injury"}, "team": {"id": 49, "name": "Chelsea", "logo": "https://media.api-sports.io/football/teams/49.png"}, "fixture": {"id": 1379053, "timezone": "UTC", "date": "2025-10-25T14:00:00+00:00", "timestamp": 1761400800}, "league": {"id": 39, "season": 2025, "name": "Premier League", "country": "England", "logo": "https://media.api-sports.io/football/leagues/39.png", "flag": "https://media.api-sports.io/flags/gb-eng.svg"}}, {"player": {"id": 95, "name": "B. Badiashile", "photo": "https://media.api-sports.io/football/players/95.png", "type": "Missing Fixture", "reason": "Muscle Injury"}, "team": {"id": 49, "name": "Chelsea", "logo": "https://media.api-sports.io/football/teams/49.png"}, "fixture": {"id": 1379067, "timezone": "UTC", "date": "2025-11-01T17:30:00+00:00", "timestamp": 1762018200}, "league": {"id": 39, "season": 2025, "name": "Premier League", "country": "England", "logo": "https://media.api-sports.io/football/leagues/39.png", "flag": "https://media.api-sports.io/flags/gb-eng.svg"}}, {"player": {"id": 152953, "name": "L. Colwill", "photo": "https://media.api-sports.io/football/players/152953.png", "type": "Missing Fixture", "reason": "Knee Injury"}, "team": {"id": 49, "name": "Chelsea", "logo": "https://media.api-sports.io/football/teams/49.png"}, "fixture": {"id": 1379067, "timezone": "UTC", "date": "2025-11-01T17:30:00+00:00", "timestamp": 1762018200}, "league": {"id": 39, "season": 2025, "name": "Premier League", "country": "England", "logo": "https://media.api-sports.io/football/leagues/39.png", "flag": "https://media.api-sports.io/flags/gb-eng.svg"}}, {"player": {"id": 161948, "name": "L. Delap", "photo": "https://media.api-sports.io/football/players/161948.png", "type": "Missing Fixture", "reason": "Red Card"}, "team": {"id": 49, "name": "Chelsea", "logo": "https://media.api-sports.io/football/teams/49.png"}, "fixture": {"id": 1379067, "timezone": "UTC", "date": "2025-11-01T17:30:00+00:00", "timestamp": 1762018200}, "league": {"id": 39, "season": 2025, "name": "Premier League", "country": "England", "logo": "https://media.api-sports.io/football/leagues/39.png", "flag": "https://media.api-sports.io/flags/gb-eng.svg"}}, {"player": {"id": 308678, "name": "D. Essugo", "photo": "https://media.api-sports.io/football/players/308678.png", "type": "Missing Fixture", "reason": "Thigh Injury"}, "team": {"id": 49, "name": "Chelsea", "logo": "https://media.api-sports.io/football/teams/49.png"}, "fixture": {"id": 1379067, "timezone": "UTC", "date": "2025-11-01T17:30:00+00:00", "timestamp": 1762018200}, "league": {"id": 39, "season": 2025, "name": "Premier League", "country": "England", "logo": "https://media.api-sports.io/football/leagues/39.png", "flag": "https://media.api-sports.io/flags/gb-eng.svg"}}, {"player": {"id": 63577, "name": "M. Mudryk", "photo": "https://media.api-sports.io/football/players/63577.png", "type": "Missing Fixture", "reason": "Suspended"}, "team": {"id": 49, "name": "Chelsea", "logo": "https://media.api-sports.io/football/teams/49.png"}, "fixture": {"id": 1379067, "timezone": "UTC", "date": "2025-11-01T17:30:00+00:00", "timestamp": 1762018200}, "league": {"id": 39, "season": 2025, "name": "Premier League", "country": "England", "logo": "https://media.api-sports.io/football/leagues/39.png", "flag": "https://media.api-sports.io/flags/gb-eng.svg"}}, {"player": {"id": 152982, "name": "C. Palmer", "photo": "https://media.api-sports.io/football/players/152982.png", "type": "Missing Fixture", "reason": "Groin Injury"}, "team": {"id": 49, "name": "Chelsea", "logo": "https://media.api-sports.io/football/teams/49.png"}, "fixture": {"id": 1379067, "timezone": "UTC", "date": "2025-11-01T17:30:00+00:00", "timestamp": 1762018200}, "league": {"id": 39, "season": 2025, "name": "Premier League", "country": "England", "logo": "https://media.api-sports.io/football/leagues/39.png", "flag": "https://media.api-sports.io/flags/gb-eng.svg"}}, {"player": {"id": 95, "name": "B. Badiashile", "photo": "https://media.api-sports.io/football/players/95.png", "type": "Missing Fixture", "reason": "Muscle Injury"}, "team": {"id": 49, "name": "Chelsea", "logo": "https://media.api-sports.io/football/teams/49.png"}, "fixture": {"id": 1379071, "timezone": "UTC", "date": "2025-11-08T20:00:00+00:00", "timestamp": 1762632000}, "league": {"id": 39, "season": 2025, "name": "Premier League", "country": "England", "logo": "https://media.api-sports.io/football/leagues/39.png", "flag": "https://media.api-sports.io/flags/gb-eng.svg"}}, {"player": {"id": 152953, "name": "L. Colwill", "photo": "https://media.api-sports.io/football/players/152953.png", "type": "Missing Fixture", "reason": "Knee Injury"}, "team": {"id": 49, "name": "Chelsea", "logo": "https://media.api-sports.io/football/teams/49.png"}, "fixture": {"id": 1379071, "timezone": "UTC", "date": "2025-11-08T20:00:00+00:00", "timestamp": 1762632000}, "league": {"id": 39, "season": 2025, "name": "Premier League", "country": "England", "logo": "https://media.api-sports.io/football/leagues/39.png", "flag": "https://media.api-sports.io/flags/gb-eng.svg"}}, {"player": {"id": 308678, "name": "D. Essugo", "photo": "https://media.api-sports.io/football/players/308678.png", "type": "Missing Fixture", "reason": "Thigh Injury"}, "team": {"id": 49, "name": "Chelsea", "logo": "https://media.api-sports.io/football/teams/49.png"}, "fixture": {"id": 1379071, "timezone": "UTC", "date": "2025-11-08T20:00:00+00:00", "timestamp": 1762632000}, "league": {"id": 39, "season": 2025, "name": "Premier League", "country": "England", "logo": "https://media.api-sports.io/football/leagues/39.png", "flag": "https://media.api-sports.io/flags/gb-eng.svg"}}, {"player": {"id": 282125, "name": "R. Lavia", "photo": "https://media.api-sports.io/football/players/282125.png", "type": "Missing Fixture", "reason": "Thigh Injury"}, "team": {"id": 49, "name": "Chelsea", "logo": "https://media.api-sports.io/football/teams/49.png"}, "fixture": {"id": 1379071, "timezone": "UTC", "date": "2025-11-08T20:00:00+00:00", "timestamp": 1762632000}, "league": {"id": 39, "season": 2025, "name": "Premier League", "country": "England", "logo": "https://media.api-sports.io/football/leagues/39.png", "flag": "https://media.api-sports.io/flags/gb-eng.svg"}}, {"player": {"id": 63577, "name": "M. Mudryk", "photo": "https://media.api-sports.io/football/players/63577.png", "type": "Missing Fixture", "reason": "Suspended"}, "team": {"id": 49, "name": "Chelsea", "logo": "https://media.api-sports.io/football/teams/49.png"}, "fixture": {"id": 1379071, "timezone": "UTC", "date": "2025-11-08T20:00:00+00:00", "timestamp": 1762632000}, "league": {"id": 39, "season": 2025, "name": "Premier League", "country": "England", "logo": "https://media.api-sports.io/football/leagues/39.png", "flag": "https://media.api-sports.io/flags/gb-eng.svg"}}, {"player": {"id": 152982, "name": "C. Palmer", "photo": "https://media.api-sports.io/football/players/152982.png", "type": "Missing Fixture", "reason": "Groin Injury"}, "team": {"id": 49, "name": "Chelsea", "logo": "https://media.api-sports.io/football/teams/49.png"}, "fixture": {"id": 1379071, "timezone": "UTC", "date": "2025-11-08T20:00:00+00:00", "timestamp": 1762632000}, "league": {"id": 39, "season": 2025, "name": "Premier League", "country": "England", "logo": "https://media.api-sports.io/football/leagues/39.png", "flag": "https://media.api-sports.io/flags/gb-eng.svg"}}, {"player": {"id": 152953, "name": "L. Colwill", "photo": "https://media.api-sports.io/football/players/152953.png", "type": "Missing Fixture", "reason": "Knee Injury"}, "team": {"id": 49, "name": "Chelsea", "logo": "https://media.api-sports.io/football/teams/49.png"}, "fixture": {"id": 1379082, "timezone": "UTC", "date": "2025-11-22T12:30:00+00:00", "timestamp": 1763814600}, "league": {"id": 39, "season": 2025, "name": "Premier League", "country": "England", "logo": "https://media.api-sports.io/football/leagues/39.png", "flag": "https://media.api-sports.io/flags/gb-eng.svg"}}, {"player": {"id": 308678, "name": "D. Essugo", "photo": "https://media.api-sports.io/football/players/308678.png", "type": "Missing Fixture", "reason": "Thigh Injury"}, "team": {"id": 49, "name": "Chelsea", "logo": "https://media.api-sports.io/football/teams/49.png"}, "fixture": {"id": 1379082, "timezone": "UTC", "date": "2025-11-22T12:30:00+00:00", "timestamp": 1763814600}, "league": {"id": 39, "season": 2025, "name": "Premier League", "country": "England", "logo": "https://media.api-sports.io/football/leagues/39.png", "flag": "https://media.api-sports.io/flags/gb-eng.svg"}}, {"player": {"id": 282125, "name": "R. Lavia", "photo": "https://media.api-sports.io/football/players/282125.png", "type": "Missing Fixture", "reason": "Thigh Injury"}, "team": {"id": 49, "name": "Chelsea", "logo": "https://media.api-sports.io/football/teams/49.png"}, "fixture": {"id": 1379082, "timezone": "UTC", "date": "2025-11-22T12:30:00+00:00", "timestamp": 1763814600}, "league": {"id": 39, "season": 2025, "name": "Premier League", "country": "England", "logo": "https://media.api-sports.io/football/leagues/39.png", "flag": "https://media.api-sports.io/flags/gb-eng.svg"}}, {"player": {"id": 63577, "name": "M. Mudryk", "photo": "https://media.api-sports.io/football/players/63577.png", "type": "Missing Fixture", "reason": "Suspended"}, "team": {"id": 49, "name": "Chelsea", "logo": "https://media.api-sports.io/football/teams/49.png"}, "fixture": {"id": 1379082, "timezone": "UTC", "date": "2025-11-22T12:30:00+00:00", "timestamp": 1763814600}, "league": {"id": 39, "season": 2025, "name": "Premier League", "country": "England", "logo": "https://media.api-sports.io/football/leagues/39.png", "flag": "https://media.api-sports.io/flags/gb-eng.svg"}}, {"player": {"id": 152982, "name": "C. Palmer", "photo": "https://media.api-sports.io/football/players/152982.png", "type": "Missing Fixture", "reason": "Groin Injury"}, "team": {"id": 49, "name": "Chelsea", "logo": "https://media.api-sports.io/football/teams/49.png"}, "fixture": {"id": 1379082, "timezone": "UTC", "date": "2025-11-22T12:30:00+00:00", "timestamp": 1763814600}, "league": {"id": 39, "season": 2025, "name": "Premier League", "country": "England", "logo": "https://media.api-sports.io/football/leagues/39.png", "flag": "https://media.api-sports.io/flags/gb-eng.svg"}}, {"player": {"id": 152953, "name": "L. Colwill", "photo": "https://media.api-sports.io/football/players/152953.png", "type": "Missing Fixture", "reason": "Knee Injury"}, "team": {"id": 49, "name": "Chelsea", "logo": "https://media.api-sports.io/football/teams/49.png"}, "fixture": {"id": 1379091, "timezone": "UTC", "date": "2025-11-30T16:30:00+00:00", "timestamp": 1764520200}, "league": {"id": 39, "season": 2025, "name": "Premier League", "country": "England", "logo": "https://media.api-sports.io/football/leagues/39.png", "flag": "https://media.api-sports.io/flags/gb-eng.svg"}}, {"player": {"id": 308678, "name": "D. Essugo", "photo": "https://media.api-sports.io/football/players/308678.png", "type": "Missing Fixture", "reason": "Thigh Injury"}, "team": {"id": 49, "name": "Chelsea", "logo": "https://media.api-sports.io/football/teams/49.png"}, "fixture": {"id": 1379091, "timezone": "UTC", "date": "2025-11-30T16:30:00+00:00", "timestamp": 1764520200}, "league": {"id": 39, "season": 2025, "name": "Premier League", "country": "England", "logo": "https://media.api-sports.io/football/leagues/39.png", "flag": "https://media.api-sports.io/flags/gb-eng.svg"}}, {"player": {"id": 282125, "name": "R. Lavia", "photo": "https://media.api-sports.io/football/players/282125.png", "type": "Missing Fixture", "reason": "Thigh Injury"}, "team": {"id": 49, "name": "Chelsea", "logo": "https://media.api-sports.io/football/teams/49.png"}, "fixture": {"id": 1379091, "timezone": "UTC", "date": "2025-11-30T16:30:00+00:00", "timestamp": 1764520200}, "league": {"id": 39, "season": 2025, "name": "Premier League", "country": "England", "logo": "https://media.api-sports.io/football/leagues/39.png", "flag": "https://media.api-sports.io/flags/gb-eng.svg"}}, {"player": {"id": 63577, "name": "M. Mudryk", "photo": "https://media.api-sports.io/football/players/63577.png", "type": "Missing Fixture", "reason": "Suspended"}, "team": {"id": 49, "name": "Chelsea", "logo": "https://media.api-sports.io/football/teams/49.png"}, "fixture": {"id": 1379091, "timezone": "UTC", "date": "2025-11-30T16:30:00+00:00", "timestamp": 1764520200}, "league": {"id": 39, "season": 2025, "name": "Premier League", "country": "England", "logo": "https://media.api-sports.io/football/leagues/39.png", "flag": "https://media.api-sports.io/flags/gb-eng.svg"}}, {"player": {"id": 116117, "name": "M. Caicedo", "photo": "https://media.api-sports.io/football/players/116117.png", "type": "Missing Fixture", "reason": "Red Card"}, "team": {"id": 49, "name": "Chelsea", "logo": "https://media.api-sports.io/football/teams/49.png"}, "fixture": {"id": 1379104, "timezone": "UTC", "date": "2025-12-03T20:15:00+00:00", "timestamp": 1764792900}, "league": {"id": 39, "season": 2025, "name": "Premier League", "country": "England", "logo": "https://media.api-sports.io/football/leagues/39.png", "flag": "https://media.api-sports.io/flags/gb-eng.svg"}}, {"player": {"id": 152953, "name": "L. Colwill", "photo": "https://media.api-sports.io/football/players/152953.png", "type": "Missing Fixture", "reason": "Knee Injury"}, "team": {"id": 49, "name": "Chelsea", "logo": "https://media.api-sports.io/football/teams/49.png"}, "fixture": {"id": 1379104, "timezone": "UTC", "date": "2025-12-03T20:15:00+00:00", "timestamp": 1764792900}, "league": {"id": 39, "season": 2025, "name": "Premier League", "country": "England", "logo": "https://media.api-sports.io/football/leagues/39.png", "flag": "https://media.api-sports.io/flags/gb-eng.svg"}}, {"player": {"id": 308678, "name": "D. Essugo", "photo": "https://media.api-sports.io/football/players/308678.png", "type": "Missing Fixture", "reason": "Thigh Injury"}, "team": {"id": 49, "name": "Chelsea", "logo": "https://media.api-sports.io/football/teams/49.png"}, "fixture": {"id": 1379104, "timezone": "UTC", "date": "2025-12-03T20:15:00+00:00", "timestamp": 1764792900}, "league": {"id": 39, "season": 2025, "name": "Premier League", "country": "England", "logo": "https://media.api-sports.io/football/leagues/39.png", "flag": "https://media.api-sports.io/flags/gb-eng.svg"}}, {"player": {"id": 282125, "name": "R. Lavia", "photo": "https://media.api-sports.io/football/players/282125.png", "type": "Missing Fixture", "reason": "Thigh Injury"}, "team": {"id": 49, "name": "Chelsea", "logo": "https://media.api-sports.io/football/teams/49.png"}, "fixture": {"id": 1379104, "timezone": "UTC", "date": "2025-12-03T20:15:00+00:00", "timestamp": 1764792900}, "league": {"id": 39, "season": 2025, "name": "Premier League", "country": "England", "logo": "https://media.api-sports.io/football/leagues/39.png", "flag": "https://media.api-sports.io/flags/gb-eng.svg"}}, {"player": {"id": 63577, "name": "M. Mudryk", "photo": "https://media.api-sports.io/football/players/63577.png", "type": "Missing Fixture", "reason": "Suspended"}, "team": {"id": 49, "name": "Chelsea", "logo": "https://media.api-sports.io/football/teams/49.png"}, "fixture": {"id": 1379104, "timezone": "UTC", "date": "2025-12-03T20:15:00+00:00", "timestamp": 1764792900}, "league": {"id": 39, "season": 2025, "name": "Premier League", "country": "England", "logo": "https://media.api-sports.io/football/leagues/39.png", "flag": "https://media.api-sports.io/flags/gb-eng.svg"}}, {"player": {"id": 116117, "name": "M. Caicedo", "photo": "https://media.api-sports.io/football/players/116117.png", "type": "Missing Fixture", "reason": "Red Card"}, "team": {"id": 49, "name": "Chelsea", "logo": "https://media.api-sports.io/football/teams/49.png"}, "fixture": {"id": 1379110, "timezone": "UTC", "date": "2025-12-06T15:00:00+00:00", "timestamp": 1765033200}, "league": {"id": 39, "season": 2025, "name": "Premier League", "country": "England", "logo": "https://media.api-sports.io/football/leagues/39.png", "flag": "https://media.api-sports.io/flags/gb-eng.svg"}}, {"player": {"id": 152953, "name": "L. Colwill", "photo": "https://media.api-sports.io/football/players/152953.png", "type": "Missing Fixture", "reason": "Knee Injury"}, "team": {"id": 49, "name": "Chelsea", "logo": "https://media.api-sports.io/football/teams/49.png"}, "fixture": {"id": 1379110, "timezone": "UTC", "date": "2025-12-06T15:00:00+00:00", "timestamp": 1765033200}, "league": {"id": 39, "season": 2025, "name": "Premier League", "country": "England", "logo": "https://media.api-sports.io/football/leagues/39.png", "flag": "https://media.api-sports.io/flags/gb-eng.svg"}}, {"player": {"id": 308678, "name": "D. Essugo", "photo": "https://media.api-sports.io/football/players/308678.png", "type": "Missing Fixture", "reason": "Thigh Injury"}, "team": {"id": 49, "name": "Chelsea", "logo": "https://media.api-sports.io/football/teams/49.png"}, "fixture": {"id": 1379110, "timezone": "UTC", "date": "2025-12-06T15:00:00+00:00", "timestamp": 1765033200}, "league": {"id": 39, "season": 2025, "name": "Premier League", "country": "England", "logo": "https://media.api-sports.io/football/leagues/39.png", "flag": "https://media.api-sports.io/flags/gb-eng.svg"}}, {"player": {"id": 282125, "name": "R. Lavia", "photo": "https://media.api-sports.io/football/players/282125.png", "type": "Missing Fixture", "reason": "Thigh Injury"}, "team": {"id": 49, "name": "Chelsea", "logo": "https://media.api-sports.io/football/teams/49.png"}, "fixture": {"id": 1379110, "timezone": "UTC", "date": "2025-12-06T15:00:00+00:00", "timestamp": 1765033200}, "league": {"id": 39, "season": 2025, "name": "Premier League", "country": "England", "logo": "https://media.api-sports.io/football/leagues/39.png", "flag": "https://media.api-sports.io/flags/gb-eng.svg"}}, {"player": {"id": 63577, "name": "M. Mudryk", "photo": "https://media.api-sports.io/football/players/63577.png", "type": "Missing Fixture", "reason": "Suspended"}, "team": {"id": 49, "name": "Chelsea", "logo": "https://media.api-sports.io/football/teams/49.png"}, "fixture": {"id": 1379110, "timezone": "UTC", "date": "2025-12-06T15:00:00+00:00", "timestamp": 1765033200}, "league": {"id": 39, "season": 2025, "name": "Premier League", "country": "England", "logo": "https://media.api-sports.io/football/leagues/39.png", "flag": "https://media.api-sports.io/flags/gb-eng.svg"}}, {"player": {"id": 116117, "name": "M. Caicedo", "photo": "https://media.api-sports.io/football/players/116117.png", "type": "Missing Fixture", "reason": "Red Card"}, "team": {"id": 49, "name": "Chelsea", "logo": "https://media.api-sports.io/football/teams/49.png"}, "fixture": {"id": 1379122, "timezone": "UTC", "date": "2025-12-13T15:00:00+00:00", "timestamp": 1765638000}, "league": {"id": 39, "season": 2025, "name": "Premier League", "country": "England", "logo": "https://media.api-sports.io/football/leagues/39.png", "flag": "https://media.api-sports.io/flags/gb-eng.svg"}}, {"player": {"id": 152953, "name": "L. Colwill", "photo": "https://media.api-sports.io/football/players/152953.png", "type": "Missing Fixture", "reason": "Knee Injury"}, "team": {"id": 49, "name": "Chelsea", "logo": "https://media.api-sports.io/football/teams/49.png"}, "fixture": {"id": 1379122, "timezone": "UTC", "date": "2025-12-13T15:00:00+00:00", "timestamp": 1765638000}, "league": {"id": 39, "season": 2025, "name": "Premier League", "country": "England", "logo": "https://media.api-sports.io/football/leagues/39.png", "flag": "https://media.api-sports.io/flags/gb-eng.svg"}}, {"player": {"id": 161948, "name": "L. Delap", "photo": "https://media.api-sports.io/football/players/161948.png", "type": "Missing Fixture", "reason": "Shoulder Injury"}, "team": {"id": 49, "name": "Chelsea", "logo": "https://media.api-sports.io/football/teams/49.png"}, "fixture": {"id": 1379122, "timezone": "UTC", "date": "2025-12-13T15:00:00+00:00", "timestamp": 1765638000}, "league": {"id": 39, "season": 2025, "name": "Premier League", "country": "England", "logo": "https://media.api-sports.io/football/leagues/39.png", "flag": "https://media.api-sports.io/flags/gb-eng.svg"}}, {"player": {"id": 308678, "name": "D. Essugo", "photo": "https://media.api-sports.io/football/players/308678.png", "type": "Missing Fixture", "reason": "Thigh Injury"}, "team": {"id": 49, "name": "Chelsea", "logo": "https://media.api-sports.io/football/teams/49.png"}, "fixture": {"id": 1379122, "timezone": "UTC", "date": "2025-12-13T15:00:00+00:00", "timestamp": 1765638000}, "league": {"id": 39, "season": 2025, "name": "Premier League", "country": "England", "logo": "https://media.api-sports.io/football/leagues/39.png", "flag": "https://media.api-sports.io/flags/gb-eng.svg"}}, {"player": {"id": 282125, "name": "R. Lavia", "photo": "https://media.api-sports.io/football/players/282125.png", "type": "Missing Fixture", "reason": "Thigh Injury"}, "team": {"id": 49, "name": "Chelsea", "logo": "https://media.api-sports.io/football/teams/49.png"}, "fixture": {"id": 1379122, "timezone": "UTC", "date": "2025-12-13T15:00:00+00:00", "timestamp": 1765638000}, "league": {"id": 39, "season": 2025, "name": "Premier League", "country": "England", "logo": "https://media.api-sports.io/football/leagues/39.png", "flag": "https://media.api-sports.io/flags/gb-eng.svg"}}, {"player": {"id": 63577, "name": "M. Mudryk", "photo": "https://media.api-sports.io/football/players/63577.png", "type": "Missing Fixture", "reason": "Suspended"}, "team": {"id": 49, "name": "Chelsea", "logo": "https://media.api-sports.io/football/teams/49.png"}, "fixture": {"id": 1379122, "timezone": "UTC", "date": "2025-12-13T15:00:00+00:00", "timestamp": 1765638000}, "league": {"id": 39, "season": 2025, "name": "Premier League", "country": "England", "logo": "https://media.api-sports.io/football/leagues/39.png", "flag": "https://media.api-sports.io/flags/gb-eng.svg"}}, {"player": {"id": 152953, "name": "L. Colwill", "photo": "https://media.api-sports.io/football/players/152953.png", "type": "Missing Fixture", "reason": "Knee Injury"}, "team": {"id": 49, "name": "Chelsea", "logo": "https://media.api-sports.io/football/teams/49.png"}, "fixture": {"id": 1379136, "timezone": "UTC", "date": "2025-12-20T12:30:00+00:00", "timestamp": 1766233800}, "league": {"id": 39, "season": 2025, "name": "Premier League", "country": "England", "logo": "https://media.api-sports.io/football/leagues/39.png", "flag": "https://media.api-sports.io/flags/gb-eng.svg"}}, {"player": {"id": 161948, "name": "L. Delap", "photo": "https://media.api-sports.io/football/players/161948.png", "type": "Missing Fixture", "reason": "Shoulder Injury"}, "team": {"id": 49, "name": "Chelsea", "logo": "https://media.api-sports.io/football/teams/49.png"}, "fixture": {"id": 1379136, "timezone": "UTC", "date": "2025-12-20T12:30:00+00:00", "timestamp": 1766233800}, "league": {"id": 39, "season": 2025, "name": "Premier League", "country": "England", "logo": "https://media.api-sports.io/football/leagues/39.png", "flag": "https://media.api-sports.io/flags/gb-eng.svg"}}, {"player": {"id": 308678, "name": "D. Essugo", "photo": "https://media.api-sports.io/football/players/308678.png", "type": "Missing Fixture", "reason": "Thigh Injury"}, "team": {"id": 49, "name": "Chelsea", "logo": "https://media.api-sports.io/football/teams/49.png"}, "fixture": {"id": 1379136, "timezone": "UTC", "date": "2025-12-20T12:30:00+00:00", "timestamp": 1766233800}, "league": {"id": 39, "season": 2025, "name": "Premier League", "country": "England", "logo": "https://media.api-sports.io/football/leagues/39.png", "flag": "https://media.api-sports.io/flags/gb-eng.svg"}}, {"player": {"id": 282125, "name": "R. Lavia", "photo": "https://media.api-sports.io/football/players/282125.png", "type": "Missing Fixture", "reason": "Thigh Injury"}, "team": {"id": 49, "name": "Chelsea", "logo": "https://media.api-sports.io/football/teams/49.png"}, "fixture": {"id": 1379136, "timezone": "UTC", "date": "2025-12-20T12:30:00+00:00", "timestamp": 1766233800}, "league": {"id": 39, "season": 2025, "name": "Premier League", "country": "England", "logo": "https://media.api-sports.io/football/leagues/39.png", "flag": "https://media.api-sports.io/flags/gb-eng.svg"}}, {"player": {"id": 63577, "name": "M. Mudryk", "photo": "https://media.api-sports.io/football/players/63577.png", "type": "Missing Fixture", "reason": "Suspended"}, "team": {"id": 49, "name": "Chelsea", "logo": "https://media.api-sports.io/football/teams/49.png"}, "fixture": {"id": 1379136, "timezone": "UTC", "date": "2025-12-20T12:30:00+00:00", "timestamp": 1766233800}, "league": {"id": 39, "season": 2025, "name": "Premier League", "country": "England", "logo": "https://media.api-sports.io/football/leagues/39.png", "flag": "https://media.api-sports.io/flags/gb-eng.svg"}}, {"player": {"id": 425733, "name": null, "photo": "https://media.api-sports.io/football/players/425733.png", "type": "Questionable", "reason": "Muscle Injury"}, "team": {"id": 49, "name": "Chelsea", "logo": "https://media.api-sports.io/football/teams/49.png"}, "fixture": {"id": 1379136, "timezone": "UTC", "date": "2025-12-20T12:30:00+00:00", "timestamp": 1766233800}, "league": {"id": 39, "season": 2025, "name": "Premier League", "country": "England", "logo": "https://media.api-sports.io/football/leagues/39.png", "flag": "https://media.api-sports.io/flags/gb-eng.svg"}}, {"player": {"id": 152953, "name": "L. Colwill", "photo": "https://media.api-sports.io/football/players/152953.png", "type": "Missing Fixture", "reason": "Knee Injury"}, "team": {"id": 49, "name": "Chelsea", "logo": "https://media.api-sports.io/football/teams/49.png"}, "fixture": {"id": 1379142, "timezone": "UTC", "date": "2025-12-27T17:30:00+00:00", "timestamp": 1766856600}, "league": {"id": 39, "season": 2025, "name": "Premier League", "country": "England", "logo": "https://media.api-sports.io/football/leagues/39.png", "flag": "https://media.api-sports.io/flags/gb-eng.svg"}}, {"player": {"id": 308678, "name": "D. Essugo", "photo": "https://media.api-sports.io/football/players/308678.png", "type": "Missing Fixture", "reason": "Thigh Injury"}, "team": {"id": 49, "name": "Chelsea", "logo": "https://media.api-sports.io/football/teams/49.png"}, "fixture": {"id": 1379142, "timezone": "UTC", "date": "2025-12-27T17:30:00+00:00", "timestamp": 1766856600}, "league": {"id": 39, "season": 2025, "name": "Premier League", "country": "England", "logo": "https://media.api-sports.io/football/leagues/39.png", "flag": "https://media.api-sports.io/flags/gb-eng.svg"}}, {"player": {"id": 282125, "name": "R. Lavia", "photo": "https://media.api-sports.io/football/players/282125.png", "type": "Missing Fixture", "reason": "Thigh Injury"}, "team": {"id": 49, "name": "Chelsea", "logo": "https://media.api-sports.io/football/teams/49.png"}, "fixture": {"id": 1379142, "timezone": "UTC", "date": "2025-12-27T17:30:00+00:00", "timestamp": 1766856600}, "league": {"id": 39, "season": 2025, "name": "Premier League", "country": "England", "logo": "https://media.api-sports.io/football/leagues/39.png", "flag": "https://media.api-sports.io/flags/gb-eng.svg"}}, {"player": {"id": 63577, "name": "M. Mudryk", "photo": "https://media.api-sports.io/football/players/63577.png", "type": "Missing Fixture", "reason": "Suspended"}, "team": {"id": 49, "name": "Chelsea", "logo": "https://media.api-sports.io/football/teams/49.png"}, "fixture": {"id": 1379142, "timezone": "UTC", "date": "2025-12-27T17:30:00+00:00", "timestamp": 1766856600}, "league": {"id": 39, "season": 2025, "name": "Premier League", "country": "England", "logo": "https://media.api-sports.io/football/leagues/39.png", "flag": "https://media.api-sports.io/flags/gb-eng.svg"}}, {"player": {"id": 152953, "name": "L. Colwill", "photo": "https://media.api-sports.io/football/players/152953.png", "type": "Missing Fixture", "reason": "Knee Injury"}, "team": {"id": 49, "name": "Chelsea", "logo": "https://media.api-sports.io/football/teams/49.png"}, "fixture": {"id": 1379152, "timezone": "UTC", "date": "2025-12-30T19:30:00+00:00", "timestamp": 1767123000}, "league": {"id": 39, "season": 2025, "name": "Premier League", "country": "England", "logo": "https://media.api-sports.io/football/leagues/39.png", "flag": "https://media.api-sports.io/flags/gb-eng.svg"}}, {"player": {"id": 308678, "name": "D. Essugo", "photo": "https://media.api-sports.io/football/players/308678.png", "type": "Missing Fixture", "reason": "Thigh Injury"}, "team": {"id": 49, "name": "Chelsea", "logo": "https://media.api-sports.io/football/teams/49.png"}, "fixture": {"id": 1379152, "timezone": "UTC", "date": "2025-12-30T19:30:00+00:00", "timestamp": 1767123000}, "league": {"id": 39, "season": 2025, "name": "Premier League", "country": "England", "logo": "https://media.api-sports.io/football/leagues/39.png", "flag": "https://media.api-sports.io/flags/gb-eng.svg"}}, {"player": {"id": 282125, "name": "R. Lavia", "photo": "https://media.api-sports.io/football/players/282125.png", "type": "Missing Fixture", "reason": "Thigh Injury"}, "team": {"id": 49, "name": "Chelsea", "logo": "https://media.api-sports.io/football/teams/49.png"}, "fixture": {"id": 1379152, "timezone": "UTC", "date": "2025-12-30T19:30:00+00:00", "timestamp": 1767123000}, "league": {"id": 39, "season": 2025, "name": "Premier League", "country": "England", "logo": "https://media.api-sports.io/football/leagues/39.png", "flag": "https://media.api-sports.io/flags/gb-eng.svg"}}, {"player": {"id": 63577, "name": "M. Mudryk", "photo": "https://media.api-sports.io/football/players/63577.png", "type": "Missing Fixture", "reason": "Suspended"}, "team": {"id": 49, "name": "Chelsea", "logo": "https://media.api-sports.io/football/teams/49.png"}, "fixture": {"id": 1379152, "timezone": "UTC", "date": "2025-12-30T19:30:00+00:00", "timestamp": 1767123000}, "league": {"id": 39, "season": 2025, "name": "Premier League", "country": "England", "logo": "https://media.api-sports.io/football/leagues/39.png", "flag": "https://media.api-sports.io/flags/gb-eng.svg"}}, {"player": {"id": 47380, "name": "M. Cucurella", "photo": "https://media.api-sports.io/football/players/47380.png", "type": "Questionable", "reason": "Thigh Injury"}, "team": {"id": 49, "name": "Chelsea", "logo": "https://media.api-sports.io/football/teams/49.png"}, "fixture": {"id": 1379152, "timezone": "UTC", "date": "2025-12-30T19:30:00+00:00", "timestamp": 1767123000}, "league": {"id": 39, "season": 2025, "name": "Premier League", "country": "England", "logo": "https://media.api-sports.io/football/leagues/39.png", "flag": "https://media.api-sports.io/flags/gb-eng.svg"}}, {"player": {"id": 341642, "name": "J. Hato", "photo": "https://media.api-sports.io/football/players/341642.png", "type": "Questionable", "reason": "Injury"}, "team": {"id": 49, "name": "Chelsea", "logo": "https://media.api-sports.io/football/teams/49.png"}, "fixture": {"id": 1379152, "timezone": "UTC", "date": "2025-12-30T19:30:00+00:00", "timestamp": 1767123000}, "league": {"id": 39, "season": 2025, "name": "Premier League", "country": "England", "logo": "https://media.api-sports.io/football/leagues/39.png", "flag": "https://media.api-sports.io/flags/gb-eng.svg"}}, {"player": {"id": 116117, "name": "M. Caicedo", "photo": "https://media.api-sports.io/football/players/116117.png", "type": "Missing Fixture", "reason": "Yellow Cards"}, "team": {"id": 49, "name": "Chelsea", "logo": "https://media.api-sports.io/football/teams/49.png"}, "fixture": {"id": 1379165, "timezone": "UTC", "date": "2026-01-04T17:30:00+00:00", "timestamp": 1767547800}, "league": {"id": 39, "season": 2025, "name": "Premier League", "country": "England", "logo": "https://media.api-sports.io/football/leagues/39.png", "flag": "https://media.api-sports.io/flags/gb-eng.svg"}}, {"player": {"id": 152953, "name": "L. Colwill", "photo": "https://media.api-sports.io/football/players/152953.png", "type": "Missing Fixture", "reason": "Knee Injury"}, "team": {"id": 49, "name": "Chelsea", "logo": "https://media.api-sports.io/football/teams/49.png"}, "fixture": {"id": 1379165, "timezone": "UTC", "date": "2026-01-04T17:30:00+00:00", "timestamp": 1767547800}, "league": {"id": 39, "season": 2025, "name": "Premier League", "country": "England", "logo": "https://media.api-sports.io/football/leagues/39.png", "flag": "https://media.api-sports.io/flags/gb-eng.svg"}}, {"player": {"id": 308678, "name": "D. Essugo", "photo": "https://media.api-sports.io/football/players/308678.png", "type": "Missing Fixture", "reason": "Thigh Injury"}, "team": {"id": 49, "name": "Chelsea", "logo": "https://media.api-sports.io/football/teams/49.png"}, "fixture": {"id": 1379165, "timezone": "UTC", "date": "2026-01-04T17:30:00+00:00", "timestamp": 1767547800}, "league": {"id": 39, "season": 2025, "name": "Premier League", "country": "England", "logo": "https://media.api-sports.io/football/leagues/39.png", "flag": "https://media.api-sports.io/flags/gb-eng.svg"}}, {"player": {"id": 282125, "name": "R. Lavia", "photo": "https://media.api-sports.io/football/players/282125.png", "type": "Missing Fixture", "reason": "Thigh Injury"}, "team": {"id": 49, "name": "Chelsea", "logo": "https://media.api-sports.io/football/teams/49.png"}, "fixture": {"id": 1379165, "timezone": "UTC", "date": "2026-01-04T17:30:00+00:00", "timestamp": 1767547800}, "league": {"id": 39, "season": 2025, "name": "Premier League", "country": "England", "logo": "https://media.api-sports.io/football/leagues/39.png", "flag": "https://media.api-sports.io/flags/gb-eng.svg"}}, {"player": {"id": 63577, "name": "M. Mudryk", "photo": "https://media.api-sports.io/football/players/63577.png", "type": "Missing Fixture", "reason": "Suspended"}, "team": {"id": 49, "name": "Chelsea", "logo": "https://media.api-sports.io/football/teams/49.png"}, "fixture": {"id": 1379165, "timezone": "UTC", "date": "2026-01-04T17:30:00+00:00", "timestamp": 1767547800}, "league": {"id": 39, "season": 2025, "name": "Premier League", "country": "England", "logo": "https://media.api-sports.io/football/leagues/39.png", "flag": "https://media.api-sports.io/flags/gb-eng.svg"}}, {"player": {"id": 47380, "name": "M. Cucurella", "photo": "https://media.api-sports.io/football/players/47380.png", "type": "Questionable", "reason": "Thigh Injury"}, "team": {"id": 49, "name": "Chelsea", "logo": "https://media.api-sports.io/football/teams/49.png"}, "fixture": {"id": 1379165, "timezone": "UTC", "date": "2026-01-04T17:30:00+00:00", "timestamp": 1767547800}, "league": {"id": 39, "season": 2025, "name": "Premier League", "country": "England", "logo": "https://media.api-sports.io/football/leagues/39.png", "flag": "https://media.api-sports.io/flags/gb-eng.svg"}}, {"player": {"id": 341642, "name": "J. Hato", "photo": "https://media.api-sports.io/football/players/341642.png", "type": "Questionable", "reason": "Injury"}, "team": {"id": 49, "name": "Chelsea", "logo": "https://media.api-sports.io/football/teams/49.png"}, "fixture": {"id": 1379165, "timezone": "UTC", "date": "2026-01-04T17:30:00+00:00", "timestamp": 1767547800}, "league": {"id": 39, "season": 2025, "name": "Premier League", "country": "England", "logo": "https://media.api-sports.io/football/leagues/39.png", "flag": "https://media.api-sports.io/flags/gb-eng.svg"}}, {"player": {"id": 152953, "name": "L. Colwill", "photo": "https://media.api-sports.io/football/players/152953.png", "type": "Missing Fixture", "reason": "Knee Injury"}, "team": {"id": 49, "name": "Chelsea", "logo": "https://media.api-sports.io/football/teams/49.png"}, "fixture": {"id": 1379181, "timezone": "UTC", "date": "2026-01-17T15:00:00+00:00", "timestamp": 1768662000}, "league": {"id": 39, "season": 2025, "name": "Premier League", "country": "England", "logo": "https://media.api-sports.io/football/leagues/39.png", "flag": "https://media.api-sports.io/flags/gb-eng.svg"}}, {"player": {"id": 282125, "name": "R. Lavia", "photo": "https://media.api-sports.io/football/players/282125.png", "type": "Missing Fixture", "reason": "Thigh Injury"}, "team": {"id": 49, "name": "Chelsea", "logo": "https://media.api-sports.io/football/teams/49.png"}, "fixture": {"id": 1379181, "timezone": "UTC", "date": "2026-01-17T15:00:00+00:00", "timestamp": 1768662000}, "league": {"id": 39, "season": 2025, "name": "Premier League", "country": "England", "logo": "https://media.api-sports.io/football/leagues/39.png", "flag": "https://media.api-sports.io/flags/gb-eng.svg"}}, {"player": {"id": 63577, "name": "M. Mudryk", "photo": "https://media.api-sports.io/football/players/63577.png", "type": "Missing Fixture", "reason": "Suspended"}, "team": {"id": 49, "name": "Chelsea", "logo": "https://media.api-sports.io/football/teams/49.png"}, "fixture": {"id": 1379181, "timezone": "UTC", "date": "2026-01-17T15:00:00+00:00", "timestamp": 1768662000}, "league": {"id": 39, "season": 2025, "name": "Premier League", "country": "England", "logo": "https://media.api-sports.io/football/leagues/39.png", "flag": "https://media.api-sports.io/flags/gb-eng.svg"}}, {"player": {"id": 286894, "name": "J. Gittens", "photo": "https://media.api-sports.io/football/players/286894.png", "type": "Questionable", "reason": "Illness"}, "team": {"id": 49, "name": "Chelsea", "logo": "https://media.api-sports.io/football/teams/49.png"}, "fixture": {"id": 1379181, "timezone": "UTC", "date": "2026-01-17T15:00:00+00:00", "timestamp": 1768662000}, "league": {"id": 39, "season": 2025, "name": "Premier League", "country": "England", "logo": "https://media.api-sports.io/football/leagues/39.png", "flag": "https://media.api-sports.io/flags/gb-eng.svg"}}, {"player": {"id": 161907, "name": "M. Gusto", "photo": "https://media.api-sports.io/football/players/161907.png", "type": "Questionable", "reason": "Inactive"}, "team": {"id": 49, "name": "Chelsea", "logo": "https://media.api-sports.io/football/teams/49.png"}, "fixture": {"id": 1379181, "timezone": "UTC", "date": "2026-01-17T15:00:00+00:00", "timestamp": 1768662000}, "league": {"id": 39, "season": 2025, "name": "Premier League", "country": "England", "logo": "https://media.api-sports.io/football/leagues/39.png", "flag": "https://media.api-sports.io/flags/gb-eng.svg"}}, {"player": {"id": 19145, "name": "T. Adarabioyo", "photo": "https://media.api-sports.io/football/players/19145.png", "type": "Missing Fixture", "reason": "Muscle Injury"}, "team": {"id": 49, "name": "Chelsea", "logo": "https://media.api-sports.io/football/teams/49.png"}, "fixture": {"id": 1379193, "timezone": "UTC", "date": "2026-01-25T14:00:00+00:00", "timestamp": 1769349600}, "league": {"id": 39, "season": 2025, "name": "Premier League", "country": "England", "logo": "https://media.api-sports.io/football/leagues/39.png", "flag": "https://media.api-sports.io/flags/gb-eng.svg"}}, {"player": {"id": 152953, "name": "L. Colwill", "photo": "https://media.api-sports.io/football/players/152953.png", "type": "Missing Fixture", "reason": "Knee Injury"}, "team": {"id": 49, "name": "Chelsea", "logo": "https://media.api-sports.io/football/teams/49.png"}, "fixture": {"id": 1379193, "timezone": "UTC", "date": "2026-01-25T14:00:00+00:00", "timestamp": 1769349600}, "league": {"id": 39, "season": 2025, "name": "Premier League", "country": "England", "logo": "https://media.api-sports.io/football/leagues/39.png", "flag": "https://media.api-sports.io/flags/gb-eng.svg"}}, {"player": {"id": 308678, "name": "D. Essugo", "photo": "https://media.api-sports.io/football/players/308678.png", "type": "Missing Fixture", "reason": "Injury"}, "team": {"id": 49, "name": "Chelsea", "logo": "https://media.api-sports.io/football/teams/49.png"}, "fixture": {"id": 1379193, "timezone": "UTC", "date": "2026-01-25T14:00:00+00:00", "timestamp": 1769349600}, "league": {"id": 39, "season": 2025, "name": "Premier League", "country": "England", "logo": "https://media.api-sports.io/football/leagues/39.png", "flag": "https://media.api-sports.io/flags/gb-eng.svg"}}, {"player": {"id": 282125, "name": "R. Lavia", "photo": "https://media.api-sports.io/football/players/282125.png", "type": "Missing Fixture", "reason": "Thigh Injury"}, "team": {"id": 49, "name": "Chelsea", "logo": "https://media.api-sports.io/football/teams/49.png"}, "fixture": {"id": 1379193, "timezone": "UTC", "date": "2026-01-25T14:00:00+00:00", "timestamp": 1769349600}, "league": {"id": 39, "season": 2025, "name": "Premier League", "country": "England", "logo": "https://media.api-sports.io/football/leagues/39.png", "flag": "https://media.api-sports.io/flags/gb-eng.svg"}}, {"player": {"id": 63577, "name": "M. Mudryk", "photo": "https://media.api-sports.io/football/players/63577.png", "type": "Missing Fixture", "reason": "Suspended"}, "team": {"id": 49, "name": "Chelsea", "logo": "https://media.api-sports.io/football/teams/49.png"}, "fixture": {"id": 1379193, "timezone": "UTC", "date": "2026-01-25T14:00:00+00:00", "timestamp": 1769349600}, "league": {"id": 39, "season": 2025, "name": "Premier League", "country": "England", "logo": "https://media.api-sports.io/football/leagues/39.png", "flag": "https://media.api-sports.io/flags/gb-eng.svg"}}, {"player": {"id": 286616, "name": "F. Jorgensen", "photo": "https://media.api-sports.io/football/players/286616.png", "type": "Questionable", "reason": "Injury"}, "team": {"id": 49, "name": "Chelsea", "logo": "https://media.api-sports.io/football/teams/49.png"}, "fixture": {"id": 1379193, "timezone": "UTC", "date": "2026-01-25T14:00:00+00:00", "timestamp": 1769349600}, "league": {"id": 39, "season": 2025, "name": "Premier League", "country": "England", "logo": "https://media.api-sports.io/football/leagues/39.png", "flag": "https://media.api-sports.io/flags/gb-eng.svg"}}, {"player": {"id": 152982, "name": "C. Palmer", "photo": "https://media.api-sports.io/football/players/152982.png", "type": "Questionable", "reason": "Thigh Injury"}, "team": {"id": 49, "name": "Chelsea", "logo": "https://media.api-sports.io/football/teams/49.png"}, "fixture": {"id": 1379193, "timezone": "UTC", "date": "2026-01-25T14:00:00+00:00", "timestamp": 1769349600}, "league": {"id": 39, "season": 2025, "name": "Premier League", "country": "England", "logo": "https://media.api-sports.io/football/leagues/39.png", "flag": "https://media.api-sports.io/flags/gb-eng.svg"}}, {"player": {"id": 19145, "name": "T. Adarabioyo", "photo": "https://media.api-sports.io/football/players/19145.png", "type": "Missing Fixture", "reason": "Muscle Injury"}, "team": {"id": 49, "name": "Chelsea", "logo": "https://media.api-sports.io/football/teams/49.png"}, "fixture": {"id": 1379201, "timezone": "UTC", "date": "2026-01-31T17:30:00+00:00", "timestamp": 1769880600}, "league": {"id": 39, "season": 2025, "name": "Premier League", "country": "England", "logo": "https://media.api-sports.io/football/leagues/39.png", "flag": "https://media.api-sports.io/flags/gb-eng.svg"}}, {"player": {"id": 152953, "name": "L. Colwill", "photo": "https://media.api-sports.io/football/players/152953.png", "type": "Missing Fixture", "reason": "Knee Injury"}, "team": {"id": 49, "name": "Chelsea", "logo": "https://media.api-sports.io/football/teams/49.png"}, "fixture": {"id": 1379201, "timezone": "UTC", "date": "2026-01-31T17:30:00+00:00", "timestamp": 1769880600}, "league": {"id": 39, "season": 2025, "name": "Premier League", "country": "England", "logo": "https://media.api-sports.io/football/leagues/39.png", "flag": "https://media.api-sports.io/flags/gb-eng.svg"}}, {"player": {"id": 308678, "name": "D. Essugo", "photo": "https://media.api-sports.io/football/players/308678.png", "type": "Missing Fixture", "reason": "Injury"}, "team": {"id": 49, "name": "Chelsea", "logo": "https://media.api-sports.io/football/teams/49.png"}, "fixture": {"id": 1379201, "timezone": "UTC", "date": "2026-01-31T17:30:00+00:00", "timestamp": 1769880600}, "league": {"id": 39, "season": 2025, "name": "Premier League", "country": "England", "logo": "https://media.api-sports.io/football/leagues/39.png", "flag": "https://media.api-sports.io/flags/gb-eng.svg"}}, {"player": {"id": 425733, "name": null, "photo": "https://media.api-sports.io/football/players/425733.png", "type": "Missing Fixture", "reason": "Personal Reasons"}, "team": {"id": 49, "name": "Chelsea", "logo": "https://media.api-sports.io/football/teams/49.png"}, "fixture": {"id": 1379201, "timezone": "UTC", "date": "2026-01-31T17:30:00+00:00", "timestamp": 1769880600}, "league": {"id": 39, "season": 2025, "name": "Premier League", "country": "England", "logo": "https://media.api-sports.io/football/leagues/39.png", "flag": "https://media.api-sports.io/flags/gb-eng.svg"}}, {"player": {"id": 282125, "name": "R. Lavia", "photo": "https://media.api-sports.io/football/players/282125.png", "type": "Missing Fixture", "reason": "Thigh Injury"}, "team": {"id": 49, "name": "Chelsea", "logo": "https://media.api-sports.io/football/teams/49.png"}, "fixture": {"id": 1379201, "timezone": "UTC", "date": "2026-01-31T17:30:00+00:00", "timestamp": 1769880600}, "league": {"id": 39, "season": 2025, "name": "Premier League", "country": "England", "logo": "https://media.api-sports.io/football/leagues/39.png", "flag": "https://media.api-sports.io/flags/gb-eng.svg"}}, {"player": {"id": 63577, "name": "M. Mudryk", "photo": "https://media.api-sports.io/football/players/63577.png", "type": "Missing Fixture", "reason": "Suspended"}, "team": {"id": 49, "name": "Chelsea", "logo": "https://media.api-sports.io/football/teams/49.png"}, "fixture": {"id": 1379201, "timezone": "UTC", "date": "2026-01-31T17:30:00+00:00", "timestamp": 1769880600}, "league": {"id": 39, "season": 2025, "name": "Premier League", "country": "England", "logo": "https://media.api-sports.io/football/leagues/39.png", "flag": "https://media.api-sports.io/flags/gb-eng.svg"}}, {"player": {"id": 19145, "name": "T. Adarabioyo", "photo": "https://media.api-sports.io/football/players/19145.png", "type": "Missing Fixture", "reason": "Muscle Injury"}, "team": {"id": 49, "name": "Chelsea", "logo": "https://media.api-sports.io/football/teams/49.png"}, "fixture": {"id": 1379218, "timezone": "UTC", "date": "2026-02-07T15:00:00+00:00", "timestamp": 1770476400}, "league": {"id": 39, "season": 2025, "name": "Premier League", "country": "England", "logo": "https://media.api-sports.io/football/leagues/39.png", "flag": "https://media.api-sports.io/flags/gb-eng.svg"}}, {"player": {"id": 152953, "name": "L. Colwill", "photo": "https://media.api-sports.io/football/players/152953.png", "type": "Missing Fixture", "reason": "Knee Injury"}, "team": {"id": 49, "name": "Chelsea", "logo": "https://media.api-sports.io/football/teams/49.png"}, "fixture": {"id": 1379218, "timezone": "UTC", "date": "2026-02-07T15:00:00+00:00", "timestamp": 1770476400}, "league": {"id": 39, "season": 2025, "name": "Premier League", "country": "England", "logo": "https://media.api-sports.io/football/leagues/39.png", "flag": "https://media.api-sports.io/flags/gb-eng.svg"}}, {"player": {"id": 308678, "name": "D. Essugo", "photo": "https://media.api-sports.io/football/players/308678.png", "type": "Missing Fixture", "reason": "Injury"}, "team": {"id": 49, "name": "Chelsea", "logo": "https://media.api-sports.io/football/teams/49.png"}, "fixture": {"id": 1379218, "timezone": "UTC", "date": "2026-02-07T15:00:00+00:00", "timestamp": 1770476400}, "league": {"id": 39, "season": 2025, "name": "Premier League", "country": "England", "logo": "https://media.api-sports.io/football/leagues/39.png", "flag": "https://media.api-sports.io/flags/gb-eng.svg"}}, {"player": {"id": 286894, "name": "J. Gittens", "photo": "https://media.api-sports.io/football/players/286894.png", "type": "Missing Fixture", "reason": "Muscle Injury"}, "team": {"id": 49, "name": "Chelsea", "logo": "https://media.api-sports.io/football/teams/49.png"}, "fixture": {"id": 1379218, "timezone": "UTC", "date": "2026-02-07T15:00:00+00:00", "timestamp": 1770476400}, "league": {"id": 39, "season": 2025, "name": "Premier League", "country": "England", "logo": "https://media.api-sports.io/football/leagues/39.png", "flag": "https://media.api-sports.io/flags/gb-eng.svg"}}, {"player": {"id": 282125, "name": "R. Lavia", "photo": "https://media.api-sports.io/football/players/282125.png", "type": "Missing Fixture", "reason": "Thigh Injury"}, "team": {"id": 49, "name": "Chelsea", "logo": "https://media.api-sports.io/football/teams/49.png"}, "fixture": {"id": 1379218, "timezone": "UTC", "date": "2026-02-07T15:00:00+00:00", "timestamp": 1770476400}, "league": {"id": 39, "season": 2025, "name": "Premier League", "country": "England", "logo": "https://media.api-sports.io/football/leagues/39.png", "flag": "https://media.api-sports.io/flags/gb-eng.svg"}}, {"player": {"id": 63577, "name": "M. Mudryk", "photo": "https://media.api-sports.io/football/players/63577.png", "type": "Missing Fixture", "reason": "Suspended"}, "team": {"id": 49, "name": "Chelsea", "logo": "https://media.api-sports.io/football/teams/49.png"}, "fixture": {"id": 1379218, "timezone": "UTC", "date": "2026-02-07T15:00:00+00:00", "timestamp": 1770476400}, "league": {"id": 39, "season": 2025, "name": "Premier League", "country": "England", "logo": "https://media.api-sports.io/football/leagues/39.png", "flag": "https://media.api-sports.io/flags/gb-eng.svg"}}, {"player": {"id": 286616, "name": "F. Jorgensen", "photo": "https://media.api-sports.io/football/players/286616.png", "type": "Questionable", "reason": "Injury"}, "team": {"id": 49, "name": "Chelsea", "logo": "https://media.api-sports.io/football/teams/49.png"}, "fixture": {"id": 1379218, "timezone": "UTC", "date": "2026-02-07T15:00:00+00:00", "timestamp": 1770476400}, "league": {"id": 39, "season": 2025, "name": "Premier League", "country": "England", "logo": "https://media.api-sports.io/football/leagues/39.png", "flag": "https://media.api-sports.io/flags/gb-eng.svg"}}, {"player": {"id": 152953, "name": "L. Colwill", "photo": "https://media.api-sports.io/football/players/152953.png", "type": "Missing Fixture", "reason": "Knee Injury"}, "team": {"id": 49, "name": "Chelsea", "logo": "https://media.api-sports.io/football/teams/49.png"}, "fixture": {"id": 1379221, "timezone": "UTC", "date": "2026-02-10T19:30:00+00:00", "timestamp": 1770751800}, "league": {"id": 39, "season": 2025, "name": "Premier League", "country": "England", "logo": "https://media.api-sports.io/football/leagues/39.png", "flag": "https://media.api-sports.io/flags/gb-eng.svg"}}, {"player": {"id": 308678, "name": "D. Essugo", "photo": "https://media.api-sports.io/football/players/308678.png", "type": "Missing Fixture", "reason": "Injury"}, "team": {"id": 49, "name": "Chelsea", "logo": "https://media.api-sports.io/football/teams/49.png"}, "fixture": {"id": 1379221, "timezone": "UTC", "date": "2026-02-10T19:30:00+00:00", "timestamp": 1770751800}, "league": {"id": 39, "season": 2025, "name": "Premier League", "country": "England", "logo": "https://media.api-sports.io/football/leagues/39.png", "flag": "https://media.api-sports.io/flags/gb-eng.svg"}}, {"player": {"id": 286894, "name": "J. Gittens", "photo": "https://media.api-sports.io/football/players/286894.png", "type": "Missing Fixture", "reason": "Muscle Injury"}, "team": {"id": 49, "name": "Chelsea", "logo": "https://media.api-sports.io/football/teams/49.png"}, "fixture": {"id": 1379221, "timezone": "UTC", "date": "2026-02-10T19:30:00+00:00", "timestamp": 1770751800}, "league": {"id": 39, "season": 2025, "name": "Premier League", "country": "England", "logo": "https://media.api-sports.io/football/leagues/39.png", "flag": "https://media.api-sports.io/flags/gb-eng.svg"}}, {"player": {"id": 282125, "name": "R. Lavia", "photo": "https://media.api-sports.io/football/players/282125.png", "type": "Missing Fixture", "reason": "Thigh Injury"}, "team": {"id": 49, "name": "Chelsea", "logo": "https://media.api-sports.io/football/teams/49.png"}, "fixture": {"id": 1379221, "timezone": "UTC", "date": "2026-02-10T19:30:00+00:00", "timestamp": 1770751800}, "league": {"id": 39, "season": 2025, "name": "Premier League", "country": "England", "logo": "https://media.api-sports.io/football/leagues/39.png", "flag": "https://media.api-sports.io/flags/gb-eng.svg"}}, {"player": {"id": 63577, "name": "M. Mudryk", "photo": "https://media.api-sports.io/football/players/63577.png", "type": "Missing Fixture", "reason": "Suspended"}, "team": {"id": 49, "name": "Chelsea", "logo": "https://media.api-sports.io/football/teams/49.png"}, "fixture": {"id": 1379221, "timezone": "UTC", "date": "2026-02-10T19:30:00+00:00", "timestamp": 1770751800}, "league": {"id": 39, "season": 2025, "name": "Premier League", "country": "England", "logo": "https://media.api-sports.io/football/leagues/39.png", "flag": "https://media.api-sports.io/flags/gb-eng.svg"}}, {"player": {"id": 19145, "name": "T. Adarabioyo", "photo": "https://media.api-sports.io/football/players/19145.png", "type": "Questionable", "reason": "Muscle Injury"}, "team": {"id": 49, "name": "Chelsea", "logo": "https://media.api-sports.io/football/teams/49.png"}, "fixture": {"id": 1379221, "timezone": "UTC", "date": "2026-02-10T19:30:00+00:00", "timestamp": 1770751800}, "league": {"id": 39, "season": 2025, "name": "Premier League", "country": "England", "logo": "https://media.api-sports.io/football/leagues/39.png", "flag": "https://media.api-sports.io/flags/gb-eng.svg"}}, {"player": {"id": 305834, "name": "Andrey Santos", "photo": "https://media.api-sports.io/football/players/305834.png", "type": "Questionable", "reason": "Injury"}, "team": {"id": 49, "name": "Chelsea", "logo": "https://media.api-sports.io/football/teams/49.png"}, "fixture": {"id": 1379221, "timezone": "UTC", "date": "2026-02-10T19:30:00+00:00", "timestamp": 1770751800}, "league": {"id": 39, "season": 2025, "name": "Premier League", "country": "England", "logo": "https://media.api-sports.io/football/leagues/39.png", "flag": "https://media.api-sports.io/flags/gb-eng.svg"}}, {"player": {"id": 286616, "name": "F. Jorgensen", "photo": "https://media.api-sports.io/football/players/286616.png", "type": "Questionable", "reason": "Injury"}, "team": {"id": 49, "name": "Chelsea", "logo": "https://media.api-sports.io/football/teams/49.png"}, "fixture": {"id": 1379221, "timezone": "UTC", "date": "2026-02-10T19:30:00+00:00", "timestamp": 1770751800}, "league": {"id": 39, "season": 2025, "name": "Premier League", "country": "England", "logo": "https://media.api-sports.io/football/leagues/39.png", "flag": "https://media.api-sports.io/flags/gb-eng.svg"}}]}