{"get": "fixtures", "parameters": {"league": "140", "season": "2025", "team": "532", "status": "FT", "last": "10"}, "errors": [], "results": 10, "paging": {"current": 1, "total": 1}, "response": [{"fixture": {"id": 1391047, "referee": "Javier Alberola Rojas, Spain", "timezone": "UTC", "date": "2026-02-08T20:00:00+00:00", "timestamp": 1770580800, "periods": {"first": 1770580800, "second": 1770584400}, "venue": {"id": 1497, "name": "Estadio de Mestalla", "city": "Valencia"}, "status": {"long": "Match Finished", "short": "FT", "elapsed": 90, "extra": 6}}, "league": {"id": 140, "name": "La Liga", "country": "Spain", "logo": "https://media.api-sports.io/football/leagues/140.png", "flag": "https://media.api-sports.io/flags/es.svg", "season": 2025, "round": "Regular Season - 23", "standings": true}, "teams": {"home": {"id": 532, "name": "Valencia", "logo": "https://media.api-sports.io/football/teams/532.png", "winner": false}, "away": {"id": 541, "name": "Real Madrid", "logo": "https://media.api-sports.io/football/teams/541.png", "winner": true}}, "goals": {"home": 0, "away": 2}, "score": {"halftime": {"home": 0, "away": 0}, "fulltime": {"home": 0, "away": 2}, "extratime": {"home": null, "away": null}, "penalty": {"home": null, "away": null}}}, {"fixture": {"id": 1391030, "referee": "Jos\u00e9 Mar\u00eda S\u00e1nchez Mart\u00ednez, Spain", "timezone": "UTC", "date": "2026-02-01T15:15:00+00:00", "timestamp": 1769958900, "periods": {"first": 1769958900, "second": 1769962500}, "venue": {"id": null, "name": "Estadio de la Cartuja", "city": "Seville"}, "status": {"long": "Match Finished", "short": "FT", "elapsed": 90, "extra": 7}}, "league": {"id": 140, "name": "La Liga", "country": "Spain", "logo": "https://media.api-sports.io/football/leagues/140.png", "flag": "https://media.api-sports.io/flags/es.svg", "season": 2025, "round": "Regular Season - 22", "standings": true}, "teams": {"home": {"id": 543, "name": "Real Betis", "logo": "https://media.api-sports.io/football/teams/543.png", "winner": true}, "away": {"id": 532, "name": "Valencia", "logo": "https://media.api-sports.io/football/teams/532.png", "winner": false}}, "goals": {"home": 2, "away": 1}, "score": {"halftime": {"home": 1, "away": 1}, "fulltime": {"home": 2, "away": 1}, "extratime": {"home": null, "away": null}, "penalty": {"home": null, "away": null}}}, {"fixture": {"id": 1391027, "referee": "Alejandro Hernandez, Spain", "timezone": "UTC", "date": "2026-01-24T15:15:00+00:00", "timestamp": 1769267700, "periods": {"first": 1769267700, "second": 1769271300}, "venue": {"id": 1497, "name": "Estadio de Mestalla", "city": "Valencia"}, "status": {"long": "Match Finished", "short": "FT", "elapsed": 90, "extra": 9}}, "league": {"id": 140, "name": "La Liga", "country": "Spain", "logo": "https://media.api-sports.io/football/leagues/140.png", "flag": "https://media.api-sports.io/flags/es.svg", "season": 2025, "round": "Regular Season - 21", "standings": true}, "teams": {"home": {"id": 532, "name": "Valencia", "logo": "https://media.api-sports.io/football/teams/532.png", "winner": true}, "away": {"id": 540, "name": "Espanyol", "logo": "https://media.api-sports.io/football/teams/540.png", "winner": false}}, "goals": {"home": 3, "away": 2}, "score": {"halftime": {"home": 1, "away": 0}, "fulltime": {"home": 3, "away": 2}, "extratime": {"home": null, "away": null}, "penalty": {"home": null, "away": null}}}, {"fixture": {"id": 1391014, "referee": "Isidro Diaz de Mera Escuderos, Spain", "timezone": "UTC", "date": "2026-01-18T13:00:00+00:00", "timestamp": 1768741200, "periods": {"first": 1768741200, "second": 1768744800}, "venue": {"id": 20422, "name": "Coliseum", "city": "Getafe"}, "status": {"long": "Match Finished", "short": "FT", "elapsed": 90, "extra": 9}}, "league": {"id": 140, "name": "La Liga", "country": "Spain", "logo": "https://media.api-sports.io/football/leagues/140.png", "flag": "https://media.api-sports.io/flags/es.svg", "season": 2025, "round": "Regular Season - 20", "standings": true}, "teams": {"home": {"id": 546, "name": "Getafe", "logo": "https://media.api-sports.io/football/teams/546.png", "winner": false}, "away": {"id": 532, "name": "Valencia", "logo": "https://media.api-sports.io/football/teams/532.png", "winner": true}}, "goals": {"home": 0, "away": 1}, "score": {"halftime": {"home": 0, "away": 0}, "fulltime": {"home": 0, "away": 1}, "extratime": {"home": null, "away": null}, "penalty": {"home": null, "away": null}}}, {"fixture": {"id": 1391007, "referee": "Miguel Angel Ortiz Arias, Spain", "timezone": "UTC", "date": "2026-01-10T20:00:00+00:00", "timestamp": 1768075200, "periods": {"first": 1768075200, "second": 1768078800}, "venue": {"id": 1497, "name": "Estadio de Mestalla", "city": "Valencia"}, "status": {"long": "Match Finished", "short": "FT", "elapsed": 90, "extra": null}}, "league": {"id": 140, "name": "La Liga", "country": "Spain", "logo": "https://media.api-sports.io/football/leagues/140.png", "flag": "https://media.api-sports.io/flags/es.svg", "season": 2025, "round": "Regular Season - 19", "standings": true}, "teams": {"home": {"id": 532, "name": "Valencia", "logo": "https://media.api-sports.io/football/teams/532.png", "winner": null}, "away": {"id": 797, "name": "Elche", "logo": "https://media.api-sports.io/football/teams/797.png", "winner": null}}, "goals": {"home": 1, "away": 1}, "score": {"halftime": {"home": 0, "away": 0}, "fulltime": {"home": 1, "away": 1}, "extratime": {"home": null, "away": null}, "penalty": {"home": null, "away": null}}}, {"fixture": {"id": 1390990, "referee": "Ricardo De Burgos Bengoetxea, Spain", "timezone": "UTC", "date": "2026-01-03T13:00:00+00:00", "timestamp": 1767445200, "periods": {"first": 1767445200, "second": 1767448800}, "venue": {"id": null, "name": "Estadio Abanca Bala\u00eddos", "city": "Vigo"}, "status": {"long": "Match Finished", "short": "FT", "elapsed": 90, "extra": 9}}, "league": {"id": 140, "name": "La Liga", "country": "Spain", "logo": "https://media.api-sports.io/football/leagues/140.png", "flag": "https://media.api-sports.io/flags/es.svg", "season": 2025, "round": "Regular Season - 18", "standings": true}, "teams": {"home": {"id": 538, "name": "Celta Vigo", "logo": "https://media.api-sports.io/football/teams/538.png", "winner": true}, "away": {"id": 532, "name": "Valencia", "logo": "https://media.api-sports.io/football/teams/532.png", "winner": false}}, "goals": {"home": 4, "away": 1}, "score": {"halftime": {"home": 1, "away": 0}, "fulltime": {"home": 4, "away": 1}, "extratime": {"home": null, "away": null}, "penalty": {"home": null, "away": null}}}, {"fixture": {"id": 1390987, "referee": "Alejandro Quintero Gonzalez, Spain", "timezone": "UTC", "date": "2025-12-19T20:00:00+00:00", "timestamp": 1766174400, "periods": {"first": 1766174400, "second": 1766178000}, "venue": {"id": 1497, "name": "Estadio de Mestalla", "city": "Valencia"}, "status": {"long": "Match Finished", "short": "FT", "elapsed": 90, "extra": 6}}, "league": {"id": 140, "name": "La Liga", "country": "Spain", "logo": "https://media.api-sports.io/football/leagues/140.png", "flag": "https://media.api-sports.io/flags/es.svg", "season": 2025, "round": "Regular Season - 17", "standings": true}, "teams": {"home": {"id": 532, "name": "Valencia", "logo": "https://media.api-sports.io/football/teams/532.png", "winner": null}, "away": {"id": 798, "name": "Mallorca", "logo": "https://media.api-sports.io/football/teams/798.png", "winner": null}}, "goals": {"home": 1, "away": 1}, "score": {"halftime": {"home": 0, "away": 1}, "fulltime": {"home": 1, "away": 1}, "extratime": {"home": null, "away": null}, "penalty": {"home": null, "away": null}}}, {"fixture": {"id": 1390970, "referee": "C\u00e9sar Soto Grado, Spain", "timezone": "UTC", "date": "2025-12-13T13:00:00+00:00", "timestamp": 1765630800, "periods": {"first": 1765630800, "second": 1765634400}, "venue": {"id": null, "name": "Riyadh Air Metropolitano", "city": "Madrid"}, "status": {"long": "Match Finished", "short": "FT", "elapsed": 90, "extra": 6}}, "league": {"id": 140, "name": "La Liga", "country": "Spain", "logo": "https://media.api-sports.io/football/leagues/140.png", "flag": "https://media.api-sports.io/flags/es.svg", "season": 2025, "round": "Regular Season - 16", "standings": true}, "teams": {"home": {"id": 530, "name": "Atletico Madrid", "logo": "https://media.api-sports.io/football/teams/530.png", "winner": true}, "away": {"id": 532, "name": "Valencia", "logo": "https://media.api-sports.io/football/teams/532.png", "winner": false}}, "goals": {"home": 2, "away": 1}, "score": {"halftime": {"home": 1, "away": 0}, "fulltime": {"home": 2, "away": 1}, "extratime": {"home": null, "away": null}, "penalty": {"home": null, "away": null}}}, {"fixture": {"id": 1390967, "referee": "Guillermo Cuadra Fernandez, Spain", "timezone": "UTC", "date": "2025-12-07T15:15:00+00:00", "timestamp": 1765120500, "periods": {"first": 1765120500, "second": 1765124100}, "venue": {"id": 1497, "name": "Estadio de Mestalla", "city": "Valencia"}, "status": {"long": "Match Finished", "short": "FT", "elapsed": 90, "extra": 7}}, "league": {"id": 140, "name": "La Liga", "country": "Spain", "logo": "https://media.api-sports.io/football/leagues/140.png", "flag": "https://media.api-sports.io/flags/es.svg", "season": 2025, "round": "Regular Season - 15", "standings": true}, "teams": {"home": {"id": 532, "name": "Valencia", "logo": "https://media.api-sports.io/football/teams/532.png", "winner": null}, "away": {"id": 536, "name": "Sevilla", "logo": "https://media.api-sports.io/football/teams/536.png", "winner": null}}, "goals": {"home": 1, "away": 1}, "score": {"halftime": {"home": 0, "away": 0}, "fulltime": {"home": 1, "away": 1}, "extratime": {"home": null, "away": null}, "penalty": {"home": null, "away": null}}}, {"fixture": {"id": 1390956, "referee": "Javier Alberola Rojas, Spain", "timezone": "UTC", "date": "2025-12-01T20:00:00+00:00", "timestamp": 1764619200, "periods": {"first": 1764619200, "second": 1764622800}, "venue": {"id": 1488, "name": "Campo de Futbol de Vallecas", "city": "Madrid"}, "status": {"long": "Match Finished", "short": "FT", "elapsed": 90, "extra": 6}}, "league": {"id": 140, "name": "La Liga", "country": "Spain", "logo": "https://media.api-sports.io/football/leagues/140.png", "flag": "https://media.api-sports.io/flags/es.svg", "season": 2025, "round": "Regular Season - 14", "standings": true}, "teams": {"home": {"id": 728, "name": "Rayo Vallecano", "logo": "https://media.api-sports.io/football/teams/728.png", "winner": null}, "away": {"id": 532, "name": "Valencia", "logo": "https://media.api-sports.io/football/teams/532.png", "winner": null}}, "goals": {"home": 1, "away": 1}, "score": {"halftime": {"home": 1, "away": 0}, "fulltime": {"home": 1, "away": 1}, "extratime": {"home": null, "away": null}, "penalty": {"home": null, "away": null}}}]}