{"get": "fixtures", "parameters": {"league": "39", "season": "2025", "team": "65", "status": "FT", "last": "10"}, "errors": [], "results": 10, "paging": {"current": 1, "total": 1}, "response": [{"fixture": {"id": 1379214, "referee": "Peter Bankes, England", "timezone": "UTC", "date": "2026-02-06T20:00:00+00:00", "timestamp": 1770408000, "periods": {"first": 1770408000, "second": 1770411600}, "venue": {"id": 546, "name": "Elland Road", "city": "Leeds"}, "status": {"long": "Match Finished", "short": "FT", "elapsed": 90, "extra": 10}}, "league": {"id": 39, "name": "Premier League", "country": "England", "logo": "https://media.api-sports.io/football/leagues/39.png", "flag": "https://media.api-sports.io/flags/gb-eng.svg", "season": 2025, "round": "Regular Season - 25", "standings": true}, "teams": {"home": {"id": 63, "name": "Leeds", "logo": "https://media.api-sports.io/football/teams/63.png", "winner": true}, "away": {"id": 65, "name": "Nottingham Forest", "logo": "https://media.api-sports.io/football/teams/65.png", "winner": false}}, "goals": {"home": 3, "away": 1}, "score": {"halftime": {"home": 2, "away": 0}, "fulltime": {"home": 3, "away": 1}, "extratime": {"home": null, "away": null}, "penalty": {"home": null, "away": null}}}, {"fixture": {"id": 1379205, "referee": "Michael Salisbury, England", "timezone": "UTC", "date": "2026-02-01T14:00:00+00:00", "timestamp": 1769954400, "periods": {"first": 1769954400, "second": 1769958000}, "venue": {"id": 566, "name": "City Ground", "city": "Nottingham"}, "status": {"long": "Match Finished", "short": "FT", "elapsed": 90, "extra": 4}}, "league": {"id": 39, "name": "Premier League", "country": "England", "logo": "https://media.api-sports.io/football/leagues/39.png", "flag": "https://media.api-sports.io/flags/gb-eng.svg", "season": 2025, "round": "Regular Season - 24", "standings": true}, "teams": {"home": {"id": 65, "name": "Nottingham Forest", "logo": "https://media.api-sports.io/football/teams/65.png", "winner": null}, "away": {"id": 52, "name": "Crystal Palace", "logo": "https://media.api-sports.io/football/teams/52.png", "winner": null}}, "goals": {"home": 1, "away": 1}, "score": {"halftime": {"home": 1, "away": 1}, "fulltime": {"home": 1, "away": 1}, "extratime": {"home": null, "away": null}, "penalty": {"home": null, "away": null}}}, {"fixture": {"id": 1379191, "referee": "Samuel Barrott, England", "timezone": "UTC", "date": "2026-01-25T14:00:00+00:00", "timestamp": 1769349600, "periods": {"first": 1769349600, "second": 1769353200}, "venue": {"id": 10503, "name": "Brentford Community Stadium", "city": "London"}, "status": {"long": "Match Finished", "short": "FT", "elapsed": 90, "extra": 4}}, "league": {"id": 39, "name": "Premier League", "country": "England", "logo": "https://media.api-sports.io/football/leagues/39.png", "flag": "https://media.api-sports.io/flags/gb-eng.svg", "season": 2025, "round": "Regular Season - 23", "standings": true}, "teams": {"home": {"id": 55, "name": "Brentford", "logo": "https://media.api-sports.io/football/teams/55.png", "winner": false}, "away": {"id": 65, "name": "Nottingham Forest", "logo": "https://media.api-sports.io/football/teams/65.png", "winner": true}}, "goals": {"home": 0, "away": 2}, "score": {"halftime": {"home": 0, "away": 1}, "fulltime": {"home": 0, "away": 2}, "extratime": {"home": null, "away": null}, "penalty": {"home": null, "away": null}}}, {"fixture": {"id": 1379185, "referee": "Michael Oliver, England", "timezone": "UTC", "date": "2026-01-17T17:30:00+00:00", "timestamp": 1768671000, "periods": {"first": 1768671000, "second": 1768674600}, "venue": {"id": 566, "name": "City Ground", "city": "Nottingham"}, "status": {"long": "Match Finished", "short": "FT", "elapsed": 90, "extra": 5}}, "league": {"id": 39, "name": "Premier League", "country": "England", "logo": "https://media.api-sports.io/football/leagues/39.png", "flag": "https://media.api-sports.io/flags/gb-eng.svg", "season": 2025, "round": "Regular Season - 22", "standings": true}, "teams": {"home": {"id": 65, "name": "Nottingham Forest", "logo": "https://media.api-sports.io/football/teams/65.png", "winner": null}, "away": {"id": 42, "name": "Arsenal", "logo": "https://media.api-sports.io/football/teams/42.png", "winner": null}}, "goals": {"home": 0, "away": 0}, "score": {"halftime": {"home": 0, "away": 0}, "fulltime": {"home": 0, "away": 0}, "extratime": {"home": null, "away": null}, "penalty": {"home": null, "away": null}}}, {"fixture": {"id": 1379178, "referee": "Tony Harrington, England", "timezone": "UTC", "date": "2026-01-06T20:00:00+00:00", "timestamp": 1767729600, "periods": {"first": 1767729600, "second": 1767733200}, "venue": {"id": 598, "name": "London Stadium", "city": "London"}, "status": {"long": "Match Finished", "short": "FT", "elapsed": 90, "extra": 8}}, "league": {"id": 39, "name": "Premier League", "country": "England", "logo": "https://media.api-sports.io/football/leagues/39.png", "flag": "https://media.api-sports.io/flags/gb-eng.svg", "season": 2025, "round": "Regular Season - 21", "standings": true}, "teams": {"home": {"id": 48, "name": "West Ham", "logo": "https://media.api-sports.io/football/teams/48.png", "winner": false}, "away": {"id": 65, "name": "Nottingham Forest", "logo": "https://media.api-sports.io/football/teams/65.png", "winner": true}}, "goals": {"home": 1, "away": 2}, "score": {"halftime": {"home": 1, "away": 0}, "fulltime": {"home": 1, "away": 2}, "extratime": {"home": null, "away": null}, "penalty": {"home": null, "away": null}}}, {"fixture": {"id": 1379159, "referee": "Simon Hooper, England", "timezone": "UTC", "date": "2026-01-03T12:30:00+00:00", "timestamp": 1767443400, "periods": {"first": 1767443400, "second": 1767447000}, "venue": {"id": 495, "name": "Villa Park", "city": "Birmingham"}, "status": {"long": "Match Finished", "short": "FT", "elapsed": 90, "extra": 7}}, "league": {"id": 39, "name": "Premier League", "country": "England", "logo": "https://media.api-sports.io/football/leagues/39.png", "flag": "https://media.api-sports.io/flags/gb-eng.svg", "season": 2025, "round": "Regular Season - 20", "standings": true}, "teams": {"home": {"id": 66, "name": "Aston Villa", "logo": "https://media.api-sports.io/football/teams/66.png", "winner": true}, "away": {"id": 65, "name": "Nottingham Forest", "logo": "https://media.api-sports.io/football/teams/65.png", "winner": false}}, "goals": {"home": 3, "away": 1}, "score": {"halftime": {"home": 1, "away": 0}, "fulltime": {"home": 3, "away": 1}, "extratime": {"home": null, "away": null}, "penalty": {"home": null, "away": null}}}, {"fixture": {"id": 1379156, "referee": "Michael Oliver, England", "timezone": "UTC", "date": "2025-12-30T19:30:00+00:00", "timestamp": 1767123000, "periods": {"first": 1767123000, "second": 1767126600}, "venue": {"id": 566, "name": "City Ground", "city": "Nottingham"}, "status": {"long": "Match Finished", "short": "FT", "elapsed": 90, "extra": 5}}, "league": {"id": 39, "name": "Premier League", "country": "England", "logo": "https://media.api-sports.io/football/leagues/39.png", "flag": "https://media.api-sports.io/flags/gb-eng.svg", "season": 2025, "round": "Regular Season - 19", "standings": true}, "teams": {"home": {"id": 65, "name": "Nottingham Forest", "logo": "https://media.api-sports.io/football/teams/65.png", "winner": false}, "away": {"id": 45, "name": "Everton", "logo": "https://media.api-sports.io/football/teams/45.png", "winner": true}}, "goals": {"home": 0, "away": 2}, "score": {"halftime": {"home": 0, "away": 1}, "fulltime": {"home": 0, "away": 2}, "extratime": {"home": null, "away": null}, "penalty": {"home": null, "away": null}}}, {"fixture": {"id": 1379146, "referee": "Robert Jones, England", "timezone": "UTC", "date": "2025-12-27T12:30:00+00:00", "timestamp": 1766838600, "periods": {"first": 1766838600, "second": 1766842200}, "venue": {"id": 566, "name": "City Ground", "city": "Nottingham"}, "status": {"long": "Match Finished", "short": "FT", "elapsed": 90, "extra": 6}}, "league": {"id": 39, "name": "Premier League", "country": "England", "logo": "https://media.api-sports.io/football/leagues/39.png", "flag": "https://media.api-sports.io/flags/gb-eng.svg", "season": 2025, "round": "Regular Season - 18", "standings": true}, "teams": {"home": {"id": 65, "name": "Nottingham Forest", "logo": "https://media.api-sports.io/football/teams/65.png", "winner": false}, "away": {"id": 50, "name": "Manchester City", "logo": "https://media.api-sports.io/football/teams/50.png", "winner": true}}, "goals": {"home": 1, "away": 2}, "score": {"halftime": {"home": 0, "away": 0}, "fulltime": {"home": 1, "away": 2}, "extratime": {"home": null, "away": null}, "penalty": {"home": null, "away": null}}}, {"fixture": {"id": 1379133, "referee": "Anthony Taylor, England", "timezone": "UTC", "date": "2025-12-22T20:00:00+00:00", "timestamp": 1766433600, "periods": {"first": 1766433600, "second": 1766437200}, "venue": {"id": 535, "name": "Craven Cottage", "city": "London"}, "status": {"long": "Match Finished", "short": "FT", "elapsed": 90, "extra": 7}}, "league": {"id": 39, "name": "Premier League", "country": "England", "logo": "https://media.api-sports.io/football/leagues/39.png", "flag": "https://media.api-sports.io/flags/gb-eng.svg", "season": 2025, "round": "Regular Season - 17", "standings": true}, "teams": {"home": {"id": 36, "name": "Fulham", "logo": "https://media.api-sports.io/football/teams/36.png", "winner": true}, "away": {"id": 65, "name": "Nottingham Forest", "logo": "https://media.api-sports.io/football/teams/65.png", "winner": false}}, "goals": {"home": 1, "away": 0}, "score": {"halftime": {"home": 1, "away": 0}, "fulltime": {"home": 1, "away": 0}, "extratime": {"home": null, "away": null}, "penalty": {"home": null, "away": null}}}, {"fixture": {"id": 1379126, "referee": "Samuel Barrott, England", "timezone": "UTC", "date": "2025-12-14T14:00:00+00:00", "timestamp": 1765720800, "periods": {"first": 1765720800, "second": 1765724400}, "venue": {"id": 566, "name": "City Ground", "city": "Nottingham"}, "status": {"long": "Match Finished", "short": "FT", "elapsed": 90, "extra": 6}}, "league": {"id": 39, "name": "Premier League", "country": "England", "logo": "https://media.api-sports.io/football/leagues/39.png", "flag": "https://media.api-sports.io/flags/gb-eng.svg", "season": 2025, "round": "Regular Season - 16", "standings": true}, "teams": {"home": {"id": 65, "name": "Nottingham Forest", "logo": "https://media.api-sports.io/football/teams/65.png", "winner": true}, "away": {"id": 47, "name": "Tottenham", "logo": "https://media.api-sports.io/football/teams/47.png", "winner": false}}, "goals": {"home": 3, "away": 0}, "score": {"halftime": {"home": 1, "away": 0}, "fulltime": {"home": 3, "away": 0}, "extratime": {"home": null, "away": null}, "penalty": {"home": null, "away": null}}}]}