{"get": "injuries", "parameters": {"league": "135", "season": "2025", "team": "487"}, "errors": [], "results": 124, "paging": {"current": 1, "total": 1}, "response": [{"player": {"id": 1632, "name": "Alessio Romagnoli", "photo": "https://media.api-sports.io/football/players/1632.png", "type": "Missing Fixture", "reason": "unfit"}, "team": {"id": 487, "name": "Lazio", "logo": "https://media.api-sports.io/football/teams/487.png"}, "fixture": {"id": 1377866, "timezone": "UTC", "date": "2025-08-24T16:30:00+00:00", "timestamp": 1756053000}, "league": {"id": 135, "season": 2025, "name": "Serie A", "country": "Italy", "logo": "https://media.api-sports.io/football/leagues/135.png", "flag": "https://media.api-sports.io/flags/it.svg"}}, {"player": {"id": 1844, "name": "A. Maru\u0161i\u0107", "photo": "https://media.api-sports.io/football/players/1844.png", "type": "Missing Fixture", "reason": "Muscle bruise"}, "team": {"id": 487, "name": "Lazio", "logo": "https://media.api-sports.io/football/teams/487.png"}, "fixture": {"id": 1377892, "timezone": "UTC", "date": "2025-09-14T16:00:00+00:00", "timestamp": 1757865600}, "league": {"id": 135, "season": 2025, "name": "Serie A", "country": "Italy", "logo": "https://media.api-sports.io/football/leagues/135.png", "flag": "https://media.api-sports.io/flags/it.svg"}}, {"player": {"id": 1775, "name": "S. Gigot", "photo": "https://media.api-sports.io/football/players/1775.png", "type": "Missing Fixture", "reason": "Back Injury"}, "team": {"id": 487, "name": "Lazio", "logo": "https://media.api-sports.io/football/teams/487.png"}, "fixture": {"id": 1377866, "timezone": "UTC", "date": "2025-08-24T16:30:00+00:00", "timestamp": 1756053000}, "league": {"id": 135, "season": 2025, "name": "Serie A", "country": "Italy", "logo": "https://media.api-sports.io/football/leagues/135.png", "flag": "https://media.api-sports.io/flags/it.svg"}}, {"player": {"id": 1775, "name": "S. Gigot", "photo": "https://media.api-sports.io/football/players/1775.png", "type": "Missing Fixture", "reason": "Back Injury"}, "team": {"id": 487, "name": "Lazio", "logo": "https://media.api-sports.io/football/teams/487.png"}, "fixture": {"id": 1377878, "timezone": "UTC", "date": "2025-08-31T18:45:00+00:00", "timestamp": 1756665900}, "league": {"id": 135, "season": 2025, "name": "Serie A", "country": "Italy", "logo": "https://media.api-sports.io/football/leagues/135.png", "flag": "https://media.api-sports.io/flags/it.svg"}}, {"player": {"id": 1775, "name": "S. Gigot", "photo": "https://media.api-sports.io/football/players/1775.png", "type": "Missing Fixture", "reason": "Back Injury"}, "team": {"id": 487, "name": "Lazio", "logo": "https://media.api-sports.io/football/teams/487.png"}, "fixture": {"id": 1377892, "timezone": "UTC", "date": "2025-09-14T16:00:00+00:00", "timestamp": 1757865600}, "league": {"id": 135, "season": 2025, "name": "Serie A", "country": "Italy", "logo": "https://media.api-sports.io/football/leagues/135.png", "flag": "https://media.api-sports.io/flags/it.svg"}}, {"player": {"id": 30866, "name": "M. Lazzari", "photo": "https://media.api-sports.io/football/players/30866.png", "type": "Missing Fixture", "reason": "Calf Injury"}, "team": {"id": 487, "name": "Lazio", "logo": "https://media.api-sports.io/football/teams/487.png"}, "fixture": {"id": 1377892, "timezone": "UTC", "date": "2025-09-14T16:00:00+00:00", "timestamp": 1757865600}, "league": {"id": 135, "season": 2025, "name": "Serie A", "country": "Italy", "logo": "https://media.api-sports.io/football/leagues/135.png", "flag": "https://media.api-sports.io/flags/it.svg"}}, {"player": {"id": 211, "name": "M. Vecino", "photo": "https://media.api-sports.io/football/players/211.png", "type": "Missing Fixture", "reason": "Thigh problems"}, "team": {"id": 487, "name": "Lazio", "logo": "https://media.api-sports.io/football/teams/487.png"}, "fixture": {"id": 1377866, "timezone": "UTC", "date": "2025-08-24T16:30:00+00:00", "timestamp": 1756053000}, "league": {"id": 135, "season": 2025, "name": "Serie A", "country": "Italy", "logo": "https://media.api-sports.io/football/leagues/135.png", "flag": "https://media.api-sports.io/flags/it.svg"}}, {"player": {"id": 211, "name": "M. Vecino", "photo": "https://media.api-sports.io/football/players/211.png", "type": "Missing Fixture", "reason": "Thigh problems"}, "team": {"id": 487, "name": "Lazio", "logo": "https://media.api-sports.io/football/teams/487.png"}, "fixture": {"id": 1377878, "timezone": "UTC", "date": "2025-08-31T18:45:00+00:00", "timestamp": 1756665900}, "league": {"id": 135, "season": 2025, "name": "Serie A", "country": "Italy", "logo": "https://media.api-sports.io/football/leagues/135.png", "flag": "https://media.api-sports.io/flags/it.svg"}}, {"player": {"id": 211, "name": "M. Vecino", "photo": "https://media.api-sports.io/football/players/211.png", "type": "Missing Fixture", "reason": "Thigh problems"}, "team": {"id": 487, "name": "Lazio", "logo": "https://media.api-sports.io/football/teams/487.png"}, "fixture": {"id": 1377892, "timezone": "UTC", "date": "2025-09-14T16:00:00+00:00", "timestamp": 1757865600}, "league": {"id": 135, "season": 2025, "name": "Serie A", "country": "Italy", "logo": "https://media.api-sports.io/football/leagues/135.png", "flag": "https://media.api-sports.io/flags/it.svg"}}, {"player": {"id": 1841, "name": "Patric", "photo": "https://media.api-sports.io/football/players/1841.png", "type": "Missing Fixture", "reason": "Sprained ankle"}, "team": {"id": 487, "name": "Lazio", "logo": "https://media.api-sports.io/football/teams/487.png"}, "fixture": {"id": 1377866, "timezone": "UTC", "date": "2025-08-24T16:30:00+00:00", "timestamp": 1756053000}, "league": {"id": 135, "season": 2025, "name": "Serie A", "country": "Italy", "logo": "https://media.api-sports.io/football/leagues/135.png", "flag": "https://media.api-sports.io/flags/it.svg"}}, {"player": {"id": 1841, "name": "Patric", "photo": "https://media.api-sports.io/football/players/1841.png", "type": "Missing Fixture", "reason": "Sprained ankle"}, "team": {"id": 487, "name": "Lazio", "logo": "https://media.api-sports.io/football/teams/487.png"}, "fixture": {"id": 1377878, "timezone": "UTC", "date": "2025-08-31T18:45:00+00:00", "timestamp": 1756665900}, "league": {"id": 135, "season": 2025, "name": "Serie A", "country": "Italy", "logo": "https://media.api-sports.io/football/leagues/135.png", "flag": "https://media.api-sports.io/flags/it.svg"}}, {"player": {"id": 1841, "name": "Patric", "photo": "https://media.api-sports.io/football/players/1841.png", "type": "Missing Fixture", "reason": "Sprained ankle"}, "team": {"id": 487, "name": "Lazio", "logo": "https://media.api-sports.io/football/teams/487.png"}, "fixture": {"id": 1377892, "timezone": "UTC", "date": "2025-09-14T16:00:00+00:00", "timestamp": 1757865600}, "league": {"id": 135, "season": 2025, "name": "Serie A", "country": "Italy", "logo": "https://media.api-sports.io/football/leagues/135.png", "flag": "https://media.api-sports.io/flags/it.svg"}}, {"player": {"id": 1841, "name": "Patric", "photo": "https://media.api-sports.io/football/players/1841.png", "type": "Missing Fixture", "reason": "Sprained ankle"}, "team": {"id": 487, "name": "Lazio", "logo": "https://media.api-sports.io/football/teams/487.png"}, "fixture": {"id": 1378046, "timezone": "UTC", "date": "2026-01-06T15:00:00+00:00", "timestamp": 1767711600}, "league": {"id": 135, "season": 2025, "name": "Serie A", "country": "Italy", "logo": "https://media.api-sports.io/football/leagues/135.png", "flag": "https://media.api-sports.io/flags/it.svg"}}, {"player": {"id": 1841, "name": "Patric", "photo": "https://media.api-sports.io/football/players/1841.png", "type": "Missing Fixture", "reason": "Sprained ankle"}, "team": {"id": 487, "name": "Lazio", "logo": "https://media.api-sports.io/football/teams/487.png"}, "fixture": {"id": 1378063, "timezone": "UTC", "date": "2026-01-11T15:00:00+00:00", "timestamp": 1768143600}, "league": {"id": 135, "season": 2025, "name": "Serie A", "country": "Italy", "logo": "https://media.api-sports.io/football/leagues/135.png", "flag": "https://media.api-sports.io/flags/it.svg"}}, {"player": {"id": 1841, "name": "Patric", "photo": "https://media.api-sports.io/football/players/1841.png", "type": "Missing Fixture", "reason": "Sprained ankle"}, "team": {"id": 487, "name": "Lazio", "logo": "https://media.api-sports.io/football/teams/487.png"}, "fixture": {"id": 1378116, "timezone": "UTC", "date": "2026-02-22T15:00:00+00:00", "timestamp": 1771772400}, "league": {"id": 135, "season": 2025, "name": "Serie A", "country": "Italy", "logo": "https://media.api-sports.io/football/leagues/135.png", "flag": "https://media.api-sports.io/flags/it.svg"}}, {"player": {"id": 1841, "name": "Patric", "photo": "https://media.api-sports.io/football/players/1841.png", "type": "Missing Fixture", "reason": "Sprained ankle"}, "team": {"id": 487, "name": "Lazio", "logo": "https://media.api-sports.io/football/teams/487.png"}, "fixture": {"id": 1378131, "timezone": "UTC", "date": "2026-03-01T15:00:00+00:00", "timestamp": 1772377200}, "league": {"id": 135, "season": 2025, "name": "Serie A", "country": "Italy", "logo": "https://media.api-sports.io/football/leagues/135.png", "flag": "https://media.api-sports.io/flags/it.svg"}}, {"player": {"id": 1841, "name": "Patric", "photo": "https://media.api-sports.io/football/players/1841.png", "type": "Missing Fixture", "reason": "Sprained ankle"}, "team": {"id": 487, "name": "Lazio", "logo": "https://media.api-sports.io/football/teams/487.png"}, "fixture": {"id": 1378140, "timezone": "UTC", "date": "2026-03-08T15:00:00+00:00", "timestamp": 1772982000}, "league": {"id": 135, "season": 2025, "name": "Serie A", "country": "Italy", "logo": "https://media.api-sports.io/football/leagues/135.png", "flag": "https://media.api-sports.io/flags/it.svg"}}, {"player": {"id": 1775, "name": "S. Gigot", "photo": "https://media.api-sports.io/football/players/1775.png", "type": "Missing Fixture", "reason": "Back Injury"}, "team": {"id": 487, "name": "Lazio", "logo": "https://media.api-sports.io/football/teams/487.png"}, "fixture": {"id": 1377898, "timezone": "UTC", "date": "2025-09-21T10:30:00+00:00", "timestamp": 1758450600}, "league": {"id": 135, "season": 2025, "name": "Serie A", "country": "Italy", "logo": "https://media.api-sports.io/football/leagues/135.png", "flag": "https://media.api-sports.io/flags/it.svg"}}, {"player": {"id": 30866, "name": "M. Lazzari", "photo": "https://media.api-sports.io/football/players/30866.png", "type": "Missing Fixture", "reason": "Calf Injury"}, "team": {"id": 487, "name": "Lazio", "logo": "https://media.api-sports.io/football/teams/487.png"}, "fixture": {"id": 1377898, "timezone": "UTC", "date": "2025-09-21T10:30:00+00:00", "timestamp": 1758450600}, "league": {"id": 135, "season": 2025, "name": "Serie A", "country": "Italy", "logo": "https://media.api-sports.io/football/leagues/135.png", "flag": "https://media.api-sports.io/flags/it.svg"}}, {"player": {"id": 211, "name": "M. Vecino", "photo": "https://media.api-sports.io/football/players/211.png", "type": "Missing Fixture", "reason": "Thigh Injury"}, "team": {"id": 487, "name": "Lazio", "logo": "https://media.api-sports.io/football/teams/487.png"}, "fixture": {"id": 1377898, "timezone": "UTC", "date": "2025-09-21T10:30:00+00:00", "timestamp": 1758450600}, "league": {"id": 135, "season": 2025, "name": "Serie A", "country": "Italy", "logo": "https://media.api-sports.io/football/leagues/135.png", "flag": "https://media.api-sports.io/flags/it.svg"}}, {"player": {"id": 333116, "name": "R. Belahyane", "photo": "https://media.api-sports.io/football/players/333116.png", "type": "Missing Fixture", "reason": "Red Card"}, "team": {"id": 487, "name": "Lazio", "logo": "https://media.api-sports.io/football/teams/487.png"}, "fixture": {"id": 1377906, "timezone": "UTC", "date": "2025-09-29T18:45:00+00:00", "timestamp": 1759171500}, "league": {"id": 135, "season": 2025, "name": "Serie A", "country": "Italy", "logo": "https://media.api-sports.io/football/leagues/135.png", "flag": "https://media.api-sports.io/flags/it.svg"}}, {"player": {"id": 144740, "name": "F. Dele-Bashiru", "photo": "https://media.api-sports.io/football/players/144740.png", "type": "Missing Fixture", "reason": "Injury"}, "team": {"id": 487, "name": "Lazio", "logo": "https://media.api-sports.io/football/teams/487.png"}, "fixture": {"id": 1377906, "timezone": "UTC", "date": "2025-09-29T18:45:00+00:00", "timestamp": 1759171500}, "league": {"id": 135, "season": 2025, "name": "Serie A", "country": "Italy", "logo": "https://media.api-sports.io/football/leagues/135.png", "flag": "https://media.api-sports.io/flags/it.svg"}}, {"player": {"id": 1775, "name": "S. Gigot", "photo": "https://media.api-sports.io/football/players/1775.png", "type": "Missing Fixture", "reason": "Back Injury"}, "team": {"id": 487, "name": "Lazio", "logo": "https://media.api-sports.io/football/teams/487.png"}, "fixture": {"id": 1377906, "timezone": "UTC", "date": "2025-09-29T18:45:00+00:00", "timestamp": 1759171500}, "league": {"id": 135, "season": 2025, "name": "Serie A", "country": "Italy", "logo": "https://media.api-sports.io/football/leagues/135.png", "flag": "https://media.api-sports.io/flags/it.svg"}}, {"player": {"id": 1454, "name": "M. Guendouzi", "photo": "https://media.api-sports.io/football/players/1454.png", "type": "Missing Fixture", "reason": "Red Card"}, "team": {"id": 487, "name": "Lazio", "logo": "https://media.api-sports.io/football/teams/487.png"}, "fixture": {"id": 1377906, "timezone": "UTC", "date": "2025-09-29T18:45:00+00:00", "timestamp": 1759171500}, "league": {"id": 135, "season": 2025, "name": "Serie A", "country": "Italy", "logo": "https://media.api-sports.io/football/leagues/135.png", "flag": "https://media.api-sports.io/flags/it.svg"}}, {"player": {"id": 30866, "name": "M. Lazzari", "photo": "https://media.api-sports.io/football/players/30866.png", "type": "Missing Fixture", "reason": "Calf Injury"}, "team": {"id": 487, "name": "Lazio", "logo": "https://media.api-sports.io/football/teams/487.png"}, "fixture": {"id": 1377906, "timezone": "UTC", "date": "2025-09-29T18:45:00+00:00", "timestamp": 1759171500}, "league": {"id": 135, "season": 2025, "name": "Serie A", "country": "Italy", "logo": "https://media.api-sports.io/football/leagues/135.png", "flag": "https://media.api-sports.io/flags/it.svg"}}, {"player": {"id": 30784, "name": "N. Rovella", "photo": "https://media.api-sports.io/football/players/30784.png", "type": "Missing Fixture", "reason": "Groin Injury"}, "team": {"id": 487, "name": "Lazio", "logo": "https://media.api-sports.io/football/teams/487.png"}, "fixture": {"id": 1377906, "timezone": "UTC", "date": "2025-09-29T18:45:00+00:00", "timestamp": 1759171500}, "league": {"id": 135, "season": 2025, "name": "Serie A", "country": "Italy", "logo": "https://media.api-sports.io/football/leagues/135.png", "flag": "https://media.api-sports.io/flags/it.svg"}}, {"player": {"id": 211, "name": "M. Vecino", "photo": "https://media.api-sports.io/football/players/211.png", "type": "Missing Fixture", "reason": "Thigh Injury"}, "team": {"id": 487, "name": "Lazio", "logo": "https://media.api-sports.io/football/teams/487.png"}, "fixture": {"id": 1377906, "timezone": "UTC", "date": "2025-09-29T18:45:00+00:00", "timestamp": 1759171500}, "league": {"id": 135, "season": 2025, "name": "Serie A", "country": "Italy", "logo": "https://media.api-sports.io/football/leagues/135.png", "flag": "https://media.api-sports.io/flags/it.svg"}}, {"player": {"id": 144740, "name": "F. Dele-Bashiru", "photo": "https://media.api-sports.io/football/players/144740.png", "type": "Missing Fixture", "reason": "Injury"}, "team": {"id": 487, "name": "Lazio", "logo": "https://media.api-sports.io/football/teams/487.png"}, "fixture": {"id": 1377919, "timezone": "UTC", "date": "2025-10-04T13:00:00+00:00", "timestamp": 1759582800}, "league": {"id": 135, "season": 2025, "name": "Serie A", "country": "Italy", "logo": "https://media.api-sports.io/football/leagues/135.png", "flag": "https://media.api-sports.io/flags/it.svg"}}, {"player": {"id": 1775, "name": "S. Gigot", "photo": "https://media.api-sports.io/football/players/1775.png", "type": "Missing Fixture", "reason": "Back Injury"}, "team": {"id": 487, "name": "Lazio", "logo": "https://media.api-sports.io/football/teams/487.png"}, "fixture": {"id": 1377919, "timezone": "UTC", "date": "2025-10-04T13:00:00+00:00", "timestamp": 1759582800}, "league": {"id": 135, "season": 2025, "name": "Serie A", "country": "Italy", "logo": "https://media.api-sports.io/football/leagues/135.png", "flag": "https://media.api-sports.io/flags/it.svg"}}, {"player": {"id": 1454, "name": "M. Guendouzi", "photo": "https://media.api-sports.io/football/players/1454.png", "type": "Missing Fixture", "reason": "Red Card"}, "team": {"id": 487, "name": "Lazio", "logo": "https://media.api-sports.io/football/teams/487.png"}, "fixture": {"id": 1377919, "timezone": "UTC", "date": "2025-10-04T13:00:00+00:00", "timestamp": 1759582800}, "league": {"id": 135, "season": 2025, "name": "Serie A", "country": "Italy", "logo": "https://media.api-sports.io/football/leagues/135.png", "flag": "https://media.api-sports.io/flags/it.svg"}}, {"player": {"id": 1844, "name": "A. Marusic", "photo": "https://media.api-sports.io/football/players/1844.png", "type": "Missing Fixture", "reason": "Muscle Injury"}, "team": {"id": 487, "name": "Lazio", "logo": "https://media.api-sports.io/football/teams/487.png"}, "fixture": {"id": 1377919, "timezone": "UTC", "date": "2025-10-04T13:00:00+00:00", "timestamp": 1759582800}, "league": {"id": 135, "season": 2025, "name": "Serie A", "country": "Italy", "logo": "https://media.api-sports.io/football/leagues/135.png", "flag": "https://media.api-sports.io/flags/it.svg"}}, {"player": {"id": 30554, "name": "L. Pellegrini", "photo": "https://media.api-sports.io/football/players/30554.png", "type": "Missing Fixture", "reason": "Knee Injury"}, "team": {"id": 487, "name": "Lazio", "logo": "https://media.api-sports.io/football/teams/487.png"}, "fixture": {"id": 1377919, "timezone": "UTC", "date": "2025-10-04T13:00:00+00:00", "timestamp": 1759582800}, "league": {"id": 135, "season": 2025, "name": "Serie A", "country": "Italy", "logo": "https://media.api-sports.io/football/leagues/135.png", "flag": "https://media.api-sports.io/flags/it.svg"}}, {"player": {"id": 30784, "name": "N. Rovella", "photo": "https://media.api-sports.io/football/players/30784.png", "type": "Missing Fixture", "reason": "Groin Injury"}, "team": {"id": 487, "name": "Lazio", "logo": "https://media.api-sports.io/football/teams/487.png"}, "fixture": {"id": 1377919, "timezone": "UTC", "date": "2025-10-04T13:00:00+00:00", "timestamp": 1759582800}, "league": {"id": 135, "season": 2025, "name": "Serie A", "country": "Italy", "logo": "https://media.api-sports.io/football/leagues/135.png", "flag": "https://media.api-sports.io/flags/it.svg"}}, {"player": {"id": 211, "name": "M. Vecino", "photo": "https://media.api-sports.io/football/players/211.png", "type": "Missing Fixture", "reason": "Thigh Injury"}, "team": {"id": 487, "name": "Lazio", "logo": "https://media.api-sports.io/football/teams/487.png"}, "fixture": {"id": 1377919, "timezone": "UTC", "date": "2025-10-04T13:00:00+00:00", "timestamp": 1759582800}, "league": {"id": 135, "season": 2025, "name": "Serie A", "country": "Italy", "logo": "https://media.api-sports.io/football/leagues/135.png", "flag": "https://media.api-sports.io/flags/it.svg"}}, {"player": {"id": 50856, "name": "T. Castellanos", "photo": "https://media.api-sports.io/football/players/50856.png", "type": "Missing Fixture", "reason": "Thigh Injury"}, "team": {"id": 487, "name": "Lazio", "logo": "https://media.api-sports.io/football/teams/487.png"}, "fixture": {"id": 1377924, "timezone": "UTC", "date": "2025-10-19T16:00:00+00:00", "timestamp": 1760889600}, "league": {"id": 135, "season": 2025, "name": "Serie A", "country": "Italy", "logo": "https://media.api-sports.io/football/leagues/135.png", "flag": "https://media.api-sports.io/flags/it.svg"}}, {"player": {"id": 144740, "name": "F. Dele-Bashiru", "photo": "https://media.api-sports.io/football/players/144740.png", "type": "Missing Fixture", "reason": "Hamstring Injury"}, "team": {"id": 487, "name": "Lazio", "logo": "https://media.api-sports.io/football/teams/487.png"}, "fixture": {"id": 1377924, "timezone": "UTC", "date": "2025-10-19T16:00:00+00:00", "timestamp": 1760889600}, "league": {"id": 135, "season": 2025, "name": "Serie A", "country": "Italy", "logo": "https://media.api-sports.io/football/leagues/135.png", "flag": "https://media.api-sports.io/flags/it.svg"}}, {"player": {"id": 1775, "name": "S. Gigot", "photo": "https://media.api-sports.io/football/players/1775.png", "type": "Missing Fixture", "reason": "Ankle Injury"}, "team": {"id": 487, "name": "Lazio", "logo": "https://media.api-sports.io/football/teams/487.png"}, "fixture": {"id": 1377924, "timezone": "UTC", "date": "2025-10-19T16:00:00+00:00", "timestamp": 1760889600}, "league": {"id": 135, "season": 2025, "name": "Serie A", "country": "Italy", "logo": "https://media.api-sports.io/football/leagues/135.png", "flag": "https://media.api-sports.io/flags/it.svg"}}, {"player": {"id": 30554, "name": "L. Pellegrini", "photo": "https://media.api-sports.io/football/players/30554.png", "type": "Missing Fixture", "reason": "Knee Injury"}, "team": {"id": 487, "name": "Lazio", "logo": "https://media.api-sports.io/football/teams/487.png"}, "fixture": {"id": 1377924, "timezone": "UTC", "date": "2025-10-19T16:00:00+00:00", "timestamp": 1760889600}, "league": {"id": 135, "season": 2025, "name": "Serie A", "country": "Italy", "logo": "https://media.api-sports.io/football/leagues/135.png", "flag": "https://media.api-sports.io/flags/it.svg"}}, {"player": {"id": 30784, "name": "N. Rovella", "photo": "https://media.api-sports.io/football/players/30784.png", "type": "Missing Fixture", "reason": "Groin Injury"}, "team": {"id": 487, "name": "Lazio", "logo": "https://media.api-sports.io/football/teams/487.png"}, "fixture": {"id": 1377924, "timezone": "UTC", "date": "2025-10-19T16:00:00+00:00", "timestamp": 1760889600}, "league": {"id": 135, "season": 2025, "name": "Serie A", "country": "Italy", "logo": "https://media.api-sports.io/football/leagues/135.png", "flag": "https://media.api-sports.io/flags/it.svg"}}, {"player": {"id": 286474, "name": "M. Cancellieri", "photo": "https://media.api-sports.io/football/players/286474.png", "type": "Missing Fixture", "reason": "Muscle Injury"}, "team": {"id": 487, "name": "Lazio", "logo": "https://media.api-sports.io/football/teams/487.png"}, "fixture": {"id": 1377936, "timezone": "UTC", "date": "2025-10-26T19:45:00+00:00", "timestamp": 1761507900}, "league": {"id": 135, "season": 2025, "name": "Serie A", "country": "Italy", "logo": "https://media.api-sports.io/football/leagues/135.png", "flag": "https://media.api-sports.io/flags/it.svg"}}, {"player": {"id": 50856, "name": "T. Castellanos", "photo": "https://media.api-sports.io/football/players/50856.png", "type": "Missing Fixture", "reason": "Thigh Injury"}, "team": {"id": 487, "name": "Lazio", "logo": "https://media.api-sports.io/football/teams/487.png"}, "fixture": {"id": 1377936, "timezone": "UTC", "date": "2025-10-26T19:45:00+00:00", "timestamp": 1761507900}, "league": {"id": 135, "season": 2025, "name": "Serie A", "country": "Italy", "logo": "https://media.api-sports.io/football/leagues/135.png", "flag": "https://media.api-sports.io/flags/it.svg"}}, {"player": {"id": 144740, "name": "F. Dele-Bashiru", "photo": "https://media.api-sports.io/football/players/144740.png", "type": "Missing Fixture", "reason": "Hamstring Injury"}, "team": {"id": 487, "name": "Lazio", "logo": "https://media.api-sports.io/football/teams/487.png"}, "fixture": {"id": 1377936, "timezone": "UTC", "date": "2025-10-26T19:45:00+00:00", "timestamp": 1761507900}, "league": {"id": 135, "season": 2025, "name": "Serie A", "country": "Italy", "logo": "https://media.api-sports.io/football/leagues/135.png", "flag": "https://media.api-sports.io/flags/it.svg"}}, {"player": {"id": 1775, "name": "S. Gigot", "photo": "https://media.api-sports.io/football/players/1775.png", "type": "Missing Fixture", "reason": "Ankle Injury"}, "team": {"id": 487, "name": "Lazio", "logo": "https://media.api-sports.io/football/teams/487.png"}, "fixture": {"id": 1377936, "timezone": "UTC", "date": "2025-10-26T19:45:00+00:00", "timestamp": 1761507900}, "league": {"id": 135, "season": 2025, "name": "Serie A", "country": "Italy", "logo": "https://media.api-sports.io/football/leagues/135.png", "flag": "https://media.api-sports.io/flags/it.svg"}}, {"player": {"id": 30784, "name": "N. Rovella", "photo": "https://media.api-sports.io/football/players/30784.png", "type": "Missing Fixture", "reason": "Groin Injury"}, "team": {"id": 487, "name": "Lazio", "logo": "https://media.api-sports.io/football/teams/487.png"}, "fixture": {"id": 1377936, "timezone": "UTC", "date": "2025-10-26T19:45:00+00:00", "timestamp": 1761507900}, "league": {"id": 135, "season": 2025, "name": "Serie A", "country": "Italy", "logo": "https://media.api-sports.io/football/leagues/135.png", "flag": "https://media.api-sports.io/flags/it.svg"}}, {"player": {"id": 41577, "name": "N. Tavares", "photo": "https://media.api-sports.io/football/players/41577.png", "type": "Missing Fixture", "reason": "Foot Injury"}, "team": {"id": 487, "name": "Lazio", "logo": "https://media.api-sports.io/football/teams/487.png"}, "fixture": {"id": 1377936, "timezone": "UTC", "date": "2025-10-26T19:45:00+00:00", "timestamp": 1761507900}, "league": {"id": 135, "season": 2025, "name": "Serie A", "country": "Italy", "logo": "https://media.api-sports.io/football/leagues/135.png", "flag": "https://media.api-sports.io/flags/it.svg"}}, {"player": {"id": 286474, "name": "M. Cancellieri", "photo": "https://media.api-sports.io/football/players/286474.png", "type": "Missing Fixture", "reason": "Muscle Injury"}, "team": {"id": 487, "name": "Lazio", "logo": "https://media.api-sports.io/football/teams/487.png"}, "fixture": {"id": 1377952, "timezone": "UTC", "date": "2025-10-30T19:45:00+00:00", "timestamp": 1761853500}, "league": {"id": 135, "season": 2025, "name": "Serie A", "country": "Italy", "logo": "https://media.api-sports.io/football/leagues/135.png", "flag": "https://media.api-sports.io/flags/it.svg"}}, {"player": {"id": 50856, "name": "T. Castellanos", "photo": "https://media.api-sports.io/football/players/50856.png", "type": "Missing Fixture", "reason": "Thigh Injury"}, "team": {"id": 487, "name": "Lazio", "logo": "https://media.api-sports.io/football/teams/487.png"}, "fixture": {"id": 1377952, "timezone": "UTC", "date": "2025-10-30T19:45:00+00:00", "timestamp": 1761853500}, "league": {"id": 135, "season": 2025, "name": "Serie A", "country": "Italy", "logo": "https://media.api-sports.io/football/leagues/135.png", "flag": "https://media.api-sports.io/flags/it.svg"}}, {"player": {"id": 144740, "name": "F. Dele-Bashiru", "photo": "https://media.api-sports.io/football/players/144740.png", "type": "Missing Fixture", "reason": "Hamstring Injury"}, "team": {"id": 487, "name": "Lazio", "logo": "https://media.api-sports.io/football/teams/487.png"}, "fixture": {"id": 1377952, "timezone": "UTC", "date": "2025-10-30T19:45:00+00:00", "timestamp": 1761853500}, "league": {"id": 135, "season": 2025, "name": "Serie A", "country": "Italy", "logo": "https://media.api-sports.io/football/leagues/135.png", "flag": "https://media.api-sports.io/flags/it.svg"}}, {"player": {"id": 1775, "name": "S. Gigot", "photo": "https://media.api-sports.io/football/players/1775.png", "type": "Missing Fixture", "reason": "Ankle Injury"}, "team": {"id": 487, "name": "Lazio", "logo": "https://media.api-sports.io/football/teams/487.png"}, "fixture": {"id": 1377952, "timezone": "UTC", "date": "2025-10-30T19:45:00+00:00", "timestamp": 1761853500}, "league": {"id": 135, "season": 2025, "name": "Serie A", "country": "Italy", "logo": "https://media.api-sports.io/football/leagues/135.png", "flag": "https://media.api-sports.io/flags/it.svg"}}, {"player": {"id": 317, "name": "E. Hysaj", "photo": "https://media.api-sports.io/football/players/317.png", "type": "Missing Fixture", "reason": "Knee Injury"}, "team": {"id": 487, "name": "Lazio", "logo": "https://media.api-sports.io/football/teams/487.png"}, "fixture": {"id": 1377952, "timezone": "UTC", "date": "2025-10-30T19:45:00+00:00", "timestamp": 1761853500}, "league": {"id": 135, "season": 2025, "name": "Serie A", "country": "Italy", "logo": "https://media.api-sports.io/football/leagues/135.png", "flag": "https://media.api-sports.io/flags/it.svg"}}, {"player": {"id": 30784, "name": "N. Rovella", "photo": "https://media.api-sports.io/football/players/30784.png", "type": "Missing Fixture", "reason": "Groin Injury"}, "team": {"id": 487, "name": "Lazio", "logo": "https://media.api-sports.io/football/teams/487.png"}, "fixture": {"id": 1377952, "timezone": "UTC", "date": "2025-10-30T19:45:00+00:00", "timestamp": 1761853500}, "league": {"id": 135, "season": 2025, "name": "Serie A", "country": "Italy", "logo": "https://media.api-sports.io/football/leagues/135.png", "flag": "https://media.api-sports.io/flags/it.svg"}}, {"player": {"id": 41577, "name": "N. Tavares", "photo": "https://media.api-sports.io/football/players/41577.png", "type": "Missing Fixture", "reason": "Calf Injury"}, "team": {"id": 487, "name": "Lazio", "logo": "https://media.api-sports.io/football/teams/487.png"}, "fixture": {"id": 1377952, "timezone": "UTC", "date": "2025-10-30T19:45:00+00:00", "timestamp": 1761853500}, "league": {"id": 135, "season": 2025, "name": "Serie A", "country": "Italy", "logo": "https://media.api-sports.io/football/leagues/135.png", "flag": "https://media.api-sports.io/flags/it.svg"}}, {"player": {"id": 286474, "name": "M. Cancellieri", "photo": "https://media.api-sports.io/football/players/286474.png", "type": "Missing Fixture", "reason": "Muscle Injury"}, "team": {"id": 487, "name": "Lazio", "logo": "https://media.api-sports.io/football/teams/487.png"}, "fixture": {"id": 1377956, "timezone": "UTC", "date": "2025-11-03T19:45:00+00:00", "timestamp": 1762199100}, "league": {"id": 135, "season": 2025, "name": "Serie A", "country": "Italy", "logo": "https://media.api-sports.io/football/leagues/135.png", "flag": "https://media.api-sports.io/flags/it.svg"}}, {"player": {"id": 50856, "name": "T. Castellanos", "photo": "https://media.api-sports.io/football/players/50856.png", "type": "Missing Fixture", "reason": "Thigh Injury"}, "team": {"id": 487, "name": "Lazio", "logo": "https://media.api-sports.io/football/teams/487.png"}, "fixture": {"id": 1377956, "timezone": "UTC", "date": "2025-11-03T19:45:00+00:00", "timestamp": 1762199100}, "league": {"id": 135, "season": 2025, "name": "Serie A", "country": "Italy", "logo": "https://media.api-sports.io/football/leagues/135.png", "flag": "https://media.api-sports.io/flags/it.svg"}}, {"player": {"id": 144740, "name": "F. Dele-Bashiru", "photo": "https://media.api-sports.io/football/players/144740.png", "type": "Missing Fixture", "reason": "Hamstring Injury"}, "team": {"id": 487, "name": "Lazio", "logo": "https://media.api-sports.io/football/teams/487.png"}, "fixture": {"id": 1377956, "timezone": "UTC", "date": "2025-11-03T19:45:00+00:00", "timestamp": 1762199100}, "league": {"id": 135, "season": 2025, "name": "Serie A", "country": "Italy", "logo": "https://media.api-sports.io/football/leagues/135.png", "flag": "https://media.api-sports.io/flags/it.svg"}}, {"player": {"id": 1775, "name": "S. Gigot", "photo": "https://media.api-sports.io/football/players/1775.png", "type": "Missing Fixture", "reason": "Ankle Injury"}, "team": {"id": 487, "name": "Lazio", "logo": "https://media.api-sports.io/football/teams/487.png"}, "fixture": {"id": 1377956, "timezone": "UTC", "date": "2025-11-03T19:45:00+00:00", "timestamp": 1762199100}, "league": {"id": 135, "season": 2025, "name": "Serie A", "country": "Italy", "logo": "https://media.api-sports.io/football/leagues/135.png", "flag": "https://media.api-sports.io/flags/it.svg"}}, {"player": {"id": 30784, "name": "N. Rovella", "photo": "https://media.api-sports.io/football/players/30784.png", "type": "Missing Fixture", "reason": "Groin Injury"}, "team": {"id": 487, "name": "Lazio", "logo": "https://media.api-sports.io/football/teams/487.png"}, "fixture": {"id": 1377956, "timezone": "UTC", "date": "2025-11-03T19:45:00+00:00", "timestamp": 1762199100}, "league": {"id": 135, "season": 2025, "name": "Serie A", "country": "Italy", "logo": "https://media.api-sports.io/football/leagues/135.png", "flag": "https://media.api-sports.io/flags/it.svg"}}, {"player": {"id": 41577, "name": "N. Tavares", "photo": "https://media.api-sports.io/football/players/41577.png", "type": "Missing Fixture", "reason": "Calf Injury"}, "team": {"id": 487, "name": "Lazio", "logo": "https://media.api-sports.io/football/teams/487.png"}, "fixture": {"id": 1377956, "timezone": "UTC", "date": "2025-11-03T19:45:00+00:00", "timestamp": 1762199100}, "league": {"id": 135, "season": 2025, "name": "Serie A", "country": "Italy", "logo": "https://media.api-sports.io/football/leagues/135.png", "flag": "https://media.api-sports.io/flags/it.svg"}}, {"player": {"id": 286474, "name": "M. Cancellieri", "photo": "https://media.api-sports.io/football/players/286474.png", "type": "Missing Fixture", "reason": "Muscle Injury"}, "team": {"id": 487, "name": "Lazio", "logo": "https://media.api-sports.io/football/teams/487.png"}, "fixture": {"id": 1377968, "timezone": "UTC", "date": "2025-11-09T19:45:00+00:00", "timestamp": 1762717500}, "league": {"id": 135, "season": 2025, "name": "Serie A", "country": "Italy", "logo": "https://media.api-sports.io/football/leagues/135.png", "flag": "https://media.api-sports.io/flags/it.svg"}}, {"player": {"id": 50856, "name": "T. Castellanos", "photo": "https://media.api-sports.io/football/players/50856.png", "type": "Missing Fixture", "reason": "Thigh Injury"}, "team": {"id": 487, "name": "Lazio", "logo": "https://media.api-sports.io/football/teams/487.png"}, "fixture": {"id": 1377968, "timezone": "UTC", "date": "2025-11-09T19:45:00+00:00", "timestamp": 1762717500}, "league": {"id": 135, "season": 2025, "name": "Serie A", "country": "Italy", "logo": "https://media.api-sports.io/football/leagues/135.png", "flag": "https://media.api-sports.io/flags/it.svg"}}, {"player": {"id": 144740, "name": "F. Dele-Bashiru", "photo": "https://media.api-sports.io/football/players/144740.png", "type": "Missing Fixture", "reason": "Hamstring Injury"}, "team": {"id": 487, "name": "Lazio", "logo": "https://media.api-sports.io/football/teams/487.png"}, "fixture": {"id": 1377968, "timezone": "UTC", "date": "2025-11-09T19:45:00+00:00", "timestamp": 1762717500}, "league": {"id": 135, "season": 2025, "name": "Serie A", "country": "Italy", "logo": "https://media.api-sports.io/football/leagues/135.png", "flag": "https://media.api-sports.io/flags/it.svg"}}, {"player": {"id": 1775, "name": "S. Gigot", "photo": "https://media.api-sports.io/football/players/1775.png", "type": "Missing Fixture", "reason": "Ankle Injury"}, "team": {"id": 487, "name": "Lazio", "logo": "https://media.api-sports.io/football/teams/487.png"}, "fixture": {"id": 1377968, "timezone": "UTC", "date": "2025-11-09T19:45:00+00:00", "timestamp": 1762717500}, "league": {"id": 135, "season": 2025, "name": "Serie A", "country": "Italy", "logo": "https://media.api-sports.io/football/leagues/135.png", "flag": "https://media.api-sports.io/flags/it.svg"}}, {"player": {"id": 30784, "name": "N. Rovella", "photo": "https://media.api-sports.io/football/players/30784.png", "type": "Missing Fixture", "reason": "Groin Injury"}, "team": {"id": 487, "name": "Lazio", "logo": "https://media.api-sports.io/football/teams/487.png"}, "fixture": {"id": 1377968, "timezone": "UTC", "date": "2025-11-09T19:45:00+00:00", "timestamp": 1762717500}, "league": {"id": 135, "season": 2025, "name": "Serie A", "country": "Italy", "logo": "https://media.api-sports.io/football/leagues/135.png", "flag": "https://media.api-sports.io/flags/it.svg"}}, {"player": {"id": 41577, "name": "N. Tavares", "photo": "https://media.api-sports.io/football/players/41577.png", "type": "Missing Fixture", "reason": "Calf Injury"}, "team": {"id": 487, "name": "Lazio", "logo": "https://media.api-sports.io/football/teams/487.png"}, "fixture": {"id": 1377968, "timezone": "UTC", "date": "2025-11-09T19:45:00+00:00", "timestamp": 1762717500}, "league": {"id": 135, "season": 2025, "name": "Serie A", "country": "Italy", "logo": "https://media.api-sports.io/football/leagues/135.png", "flag": "https://media.api-sports.io/flags/it.svg"}}, {"player": {"id": 286474, "name": "M. Cancellieri", "photo": "https://media.api-sports.io/football/players/286474.png", "type": "Missing Fixture", "reason": "Muscle Injury"}, "team": {"id": 487, "name": "Lazio", "logo": "https://media.api-sports.io/football/teams/487.png"}, "fixture": {"id": 1377978, "timezone": "UTC", "date": "2025-11-23T17:00:00+00:00", "timestamp": 1763917200}, "league": {"id": 135, "season": 2025, "name": "Serie A", "country": "Italy", "logo": "https://media.api-sports.io/football/leagues/135.png", "flag": "https://media.api-sports.io/flags/it.svg"}}, {"player": {"id": 50856, "name": "T. Castellanos", "photo": "https://media.api-sports.io/football/players/50856.png", "type": "Missing Fixture", "reason": "Thigh Injury"}, "team": {"id": 487, "name": "Lazio", "logo": "https://media.api-sports.io/football/teams/487.png"}, "fixture": {"id": 1377978, "timezone": "UTC", "date": "2025-11-23T17:00:00+00:00", "timestamp": 1763917200}, "league": {"id": 135, "season": 2025, "name": "Serie A", "country": "Italy", "logo": "https://media.api-sports.io/football/leagues/135.png", "flag": "https://media.api-sports.io/flags/it.svg"}}, {"player": {"id": 144740, "name": "F. Dele-Bashiru", "photo": "https://media.api-sports.io/football/players/144740.png", "type": "Missing Fixture", "reason": "Hamstring Injury"}, "team": {"id": 487, "name": "Lazio", "logo": "https://media.api-sports.io/football/teams/487.png"}, "fixture": {"id": 1377978, "timezone": "UTC", "date": "2025-11-23T17:00:00+00:00", "timestamp": 1763917200}, "league": {"id": 135, "season": 2025, "name": "Serie A", "country": "Italy", "logo": "https://media.api-sports.io/football/leagues/135.png", "flag": "https://media.api-sports.io/flags/it.svg"}}, {"player": {"id": 1775, "name": "S. Gigot", "photo": "https://media.api-sports.io/football/players/1775.png", "type": "Missing Fixture", "reason": "Ankle Injury"}, "team": {"id": 487, "name": "Lazio", "logo": "https://media.api-sports.io/football/teams/487.png"}, "fixture": {"id": 1377978, "timezone": "UTC", "date": "2025-11-23T17:00:00+00:00", "timestamp": 1763917200}, "league": {"id": 135, "season": 2025, "name": "Serie A", "country": "Italy", "logo": "https://media.api-sports.io/football/leagues/135.png", "flag": "https://media.api-sports.io/flags/it.svg"}}, {"player": {"id": 30784, "name": "N. Rovella", "photo": "https://media.api-sports.io/football/players/30784.png", "type": "Missing Fixture", "reason": "Groin Injury"}, "team": {"id": 487, "name": "Lazio", "logo": "https://media.api-sports.io/football/teams/487.png"}, "fixture": {"id": 1377978, "timezone": "UTC", "date": "2025-11-23T17:00:00+00:00", "timestamp": 1763917200}, "league": {"id": 135, "season": 2025, "name": "Serie A", "country": "Italy", "logo": "https://media.api-sports.io/football/leagues/135.png", "flag": "https://media.api-sports.io/flags/it.svg"}}, {"player": {"id": 286474, "name": "M. Cancellieri", "photo": "https://media.api-sports.io/football/players/286474.png", "type": "Missing Fixture", "reason": "Muscle Injury"}, "team": {"id": 487, "name": "Lazio", "logo": "https://media.api-sports.io/football/teams/487.png"}, "fixture": {"id": 1377990, "timezone": "UTC", "date": "2025-11-29T19:45:00+00:00", "timestamp": 1764445500}, "league": {"id": 135, "season": 2025, "name": "Serie A", "country": "Italy", "logo": "https://media.api-sports.io/football/leagues/135.png", "flag": "https://media.api-sports.io/flags/it.svg"}}, {"player": {"id": 1852, "name": "D. Cataldi", "photo": "https://media.api-sports.io/football/players/1852.png", "type": "Missing Fixture", "reason": "Injury"}, "team": {"id": 487, "name": "Lazio", "logo": "https://media.api-sports.io/football/teams/487.png"}, "fixture": {"id": 1377990, "timezone": "UTC", "date": "2025-11-29T19:45:00+00:00", "timestamp": 1764445500}, "league": {"id": 135, "season": 2025, "name": "Serie A", "country": "Italy", "logo": "https://media.api-sports.io/football/leagues/135.png", "flag": "https://media.api-sports.io/flags/it.svg"}}, {"player": {"id": 1775, "name": "S. Gigot", "photo": "https://media.api-sports.io/football/players/1775.png", "type": "Missing Fixture", "reason": "Ankle Injury"}, "team": {"id": 487, "name": "Lazio", "logo": "https://media.api-sports.io/football/teams/487.png"}, "fixture": {"id": 1377990, "timezone": "UTC", "date": "2025-11-29T19:45:00+00:00", "timestamp": 1764445500}, "league": {"id": 135, "season": 2025, "name": "Serie A", "country": "Italy", "logo": "https://media.api-sports.io/football/leagues/135.png", "flag": "https://media.api-sports.io/flags/it.svg"}}, {"player": {"id": 317, "name": "E. Hysaj", "photo": "https://media.api-sports.io/football/players/317.png", "type": "Missing Fixture", "reason": "Inactive"}, "team": {"id": 487, "name": "Lazio", "logo": "https://media.api-sports.io/football/teams/487.png"}, "fixture": {"id": 1377990, "timezone": "UTC", "date": "2025-11-29T19:45:00+00:00", "timestamp": 1764445500}, "league": {"id": 135, "season": 2025, "name": "Serie A", "country": "Italy", "logo": "https://media.api-sports.io/football/leagues/135.png", "flag": "https://media.api-sports.io/flags/it.svg"}}, {"player": {"id": 30784, "name": "N. Rovella", "photo": "https://media.api-sports.io/football/players/30784.png", "type": "Missing Fixture", "reason": "Groin Injury"}, "team": {"id": 487, "name": "Lazio", "logo": "https://media.api-sports.io/football/teams/487.png"}, "fixture": {"id": 1377990, "timezone": "UTC", "date": "2025-11-29T19:45:00+00:00", "timestamp": 1764445500}, "league": {"id": 135, "season": 2025, "name": "Serie A", "country": "Italy", "logo": "https://media.api-sports.io/football/leagues/135.png", "flag": "https://media.api-sports.io/flags/it.svg"}}, {"player": {"id": 1775, "name": "S. Gigot", "photo": "https://media.api-sports.io/football/players/1775.png", "type": "Missing Fixture", "reason": "Ankle Injury"}, "team": {"id": 487, "name": "Lazio", "logo": "https://media.api-sports.io/football/teams/487.png"}, "fixture": {"id": 1377997, "timezone": "UTC", "date": "2025-12-07T17:00:00+00:00", "timestamp": 1765126800}, "league": {"id": 135, "season": 2025, "name": "Serie A", "country": "Italy", "logo": "https://media.api-sports.io/football/leagues/135.png", "flag": "https://media.api-sports.io/flags/it.svg"}}, {"player": {"id": 317, "name": "E. Hysaj", "photo": "https://media.api-sports.io/football/players/317.png", "type": "Missing Fixture", "reason": "Inactive"}, "team": {"id": 487, "name": "Lazio", "logo": "https://media.api-sports.io/football/teams/487.png"}, "fixture": {"id": 1377997, "timezone": "UTC", "date": "2025-12-07T17:00:00+00:00", "timestamp": 1765126800}, "league": {"id": 135, "season": 2025, "name": "Serie A", "country": "Italy", "logo": "https://media.api-sports.io/football/leagues/135.png", "flag": "https://media.api-sports.io/flags/it.svg"}}, {"player": {"id": 30784, "name": "N. Rovella", "photo": "https://media.api-sports.io/football/players/30784.png", "type": "Missing Fixture", "reason": "Groin Injury"}, "team": {"id": 487, "name": "Lazio", "logo": "https://media.api-sports.io/football/teams/487.png"}, "fixture": {"id": 1377997, "timezone": "UTC", "date": "2025-12-07T17:00:00+00:00", "timestamp": 1765126800}, "league": {"id": 135, "season": 2025, "name": "Serie A", "country": "Italy", "logo": "https://media.api-sports.io/football/leagues/135.png", "flag": "https://media.api-sports.io/flags/it.svg"}}, {"player": {"id": 1775, "name": "S. Gigot", "photo": "https://media.api-sports.io/football/players/1775.png", "type": "Missing Fixture", "reason": "Ankle Injury"}, "team": {"id": 487, "name": "Lazio", "logo": "https://media.api-sports.io/football/teams/487.png"}, "fixture": {"id": 1378010, "timezone": "UTC", "date": "2025-12-13T17:00:00+00:00", "timestamp": 1765645200}, "league": {"id": 135, "season": 2025, "name": "Serie A", "country": "Italy", "logo": "https://media.api-sports.io/football/leagues/135.png", "flag": "https://media.api-sports.io/flags/it.svg"}}, {"player": {"id": 162952, "name": "M. Gila", "photo": "https://media.api-sports.io/football/players/162952.png", "type": "Missing Fixture", "reason": "Red Card"}, "team": {"id": 487, "name": "Lazio", "logo": "https://media.api-sports.io/football/teams/487.png"}, "fixture": {"id": 1378010, "timezone": "UTC", "date": "2025-12-13T17:00:00+00:00", "timestamp": 1765645200}, "league": {"id": 135, "season": 2025, "name": "Serie A", "country": "Italy", "logo": "https://media.api-sports.io/football/leagues/135.png", "flag": "https://media.api-sports.io/flags/it.svg"}}, {"player": {"id": 317, "name": "E. Hysaj", "photo": "https://media.api-sports.io/football/players/317.png", "type": "Missing Fixture", "reason": "Inactive"}, "team": {"id": 487, "name": "Lazio", "logo": "https://media.api-sports.io/football/teams/487.png"}, "fixture": {"id": 1378010, "timezone": "UTC", "date": "2025-12-13T17:00:00+00:00", "timestamp": 1765645200}, "league": {"id": 135, "season": 2025, "name": "Serie A", "country": "Italy", "logo": "https://media.api-sports.io/football/leagues/135.png", "flag": "https://media.api-sports.io/flags/it.svg"}}, {"player": {"id": 135519, "name": "G. Isaksen", "photo": "https://media.api-sports.io/football/players/135519.png", "type": "Missing Fixture", "reason": "Muscle Injury"}, "team": {"id": 487, "name": "Lazio", "logo": "https://media.api-sports.io/football/teams/487.png"}, "fixture": {"id": 1378010, "timezone": "UTC", "date": "2025-12-13T17:00:00+00:00", "timestamp": 1765645200}, "league": {"id": 135, "season": 2025, "name": "Serie A", "country": "Italy", "logo": "https://media.api-sports.io/football/leagues/135.png", "flag": "https://media.api-sports.io/flags/it.svg"}}, {"player": {"id": 30784, "name": "N. Rovella", "photo": "https://media.api-sports.io/football/players/30784.png", "type": "Missing Fixture", "reason": "Groin Injury"}, "team": {"id": 487, "name": "Lazio", "logo": "https://media.api-sports.io/football/teams/487.png"}, "fixture": {"id": 1378010, "timezone": "UTC", "date": "2025-12-13T17:00:00+00:00", "timestamp": 1765645200}, "league": {"id": 135, "season": 2025, "name": "Serie A", "country": "Italy", "logo": "https://media.api-sports.io/football/leagues/135.png", "flag": "https://media.api-sports.io/flags/it.svg"}}, {"player": {"id": 1266, "name": "T. Basic", "photo": "https://media.api-sports.io/football/players/1266.png", "type": "Missing Fixture", "reason": "Red Card"}, "team": {"id": 487, "name": "Lazio", "logo": "https://media.api-sports.io/football/teams/487.png"}, "fixture": {"id": 1378020, "timezone": "UTC", "date": "2025-12-20T17:00:00+00:00", "timestamp": 1766250000}, "league": {"id": 135, "season": 2025, "name": "Serie A", "country": "Italy", "logo": "https://media.api-sports.io/football/leagues/135.png", "flag": "https://media.api-sports.io/flags/it.svg"}}, {"player": {"id": 144740, "name": "F. Dele-Bashiru", "photo": "https://media.api-sports.io/football/players/144740.png", "type": "Missing Fixture", "reason": "International duty"}, "team": {"id": 487, "name": "Lazio", "logo": "https://media.api-sports.io/football/teams/487.png"}, "fixture": {"id": 1378020, "timezone": "UTC", "date": "2025-12-20T17:00:00+00:00", "timestamp": 1766250000}, "league": {"id": 135, "season": 2025, "name": "Serie A", "country": "Italy", "logo": "https://media.api-sports.io/football/leagues/135.png", "flag": "https://media.api-sports.io/flags/it.svg"}}, {"player": {"id": 22015, "name": "B. Dia", "photo": "https://media.api-sports.io/football/players/22015.png", "type": "Missing Fixture", "reason": "International duty"}, "team": {"id": 487, "name": "Lazio", "logo": "https://media.api-sports.io/football/teams/487.png"}, "fixture": {"id": 1378020, "timezone": "UTC", "date": "2025-12-20T17:00:00+00:00", "timestamp": 1766250000}, "league": {"id": 135, "season": 2025, "name": "Serie A", "country": "Italy", "logo": "https://media.api-sports.io/football/leagues/135.png", "flag": "https://media.api-sports.io/flags/it.svg"}}, {"player": {"id": 1775, "name": "S. Gigot", "photo": "https://media.api-sports.io/football/players/1775.png", "type": "Missing Fixture", "reason": "Ankle Injury"}, "team": {"id": 487, "name": "Lazio", "logo": "https://media.api-sports.io/football/teams/487.png"}, "fixture": {"id": 1378020, "timezone": "UTC", "date": "2025-12-20T17:00:00+00:00", "timestamp": 1766250000}, "league": {"id": 135, "season": 2025, "name": "Serie A", "country": "Italy", "logo": "https://media.api-sports.io/football/leagues/135.png", "flag": "https://media.api-sports.io/flags/it.svg"}}, {"player": {"id": 317, "name": "E. Hysaj", "photo": "https://media.api-sports.io/football/players/317.png", "type": "Missing Fixture", "reason": "Inactive"}, "team": {"id": 487, "name": "Lazio", "logo": "https://media.api-sports.io/football/teams/487.png"}, "fixture": {"id": 1378020, "timezone": "UTC", "date": "2025-12-20T17:00:00+00:00", "timestamp": 1766250000}, "league": {"id": 135, "season": 2025, "name": "Serie A", "country": "Italy", "logo": "https://media.api-sports.io/football/leagues/135.png", "flag": "https://media.api-sports.io/flags/it.svg"}}, {"player": {"id": 135519, "name": "G. Isaksen", "photo": "https://media.api-sports.io/football/players/135519.png", "type": "Missing Fixture", "reason": "Muscle Injury"}, "team": {"id": 487, "name": "Lazio", "logo": "https://media.api-sports.io/football/teams/487.png"}, "fixture": {"id": 1378020, "timezone": "UTC", "date": "2025-12-20T17:00:00+00:00", "timestamp": 1766250000}, "league": {"id": 135, "season": 2025, "name": "Serie A", "country": "Italy", "logo": "https://media.api-sports.io/football/leagues/135.png", "flag": "https://media.api-sports.io/flags/it.svg"}}, {"player": {"id": 30784, "name": "N. Rovella", "photo": "https://media.api-sports.io/football/players/30784.png", "type": "Missing Fixture", "reason": "Groin Injury"}, "team": {"id": 487, "name": "Lazio", "logo": "https://media.api-sports.io/football/teams/487.png"}, "fixture": {"id": 1378020, "timezone": "UTC", "date": "2025-12-20T17:00:00+00:00", "timestamp": 1766250000}, "league": {"id": 135, "season": 2025, "name": "Serie A", "country": "Italy", "logo": "https://media.api-sports.io/football/leagues/135.png", "flag": "https://media.api-sports.io/flags/it.svg"}}, {"player": {"id": 30937, "name": "M. Zaccagni", "photo": "https://media.api-sports.io/football/players/30937.png", "type": "Missing Fixture", "reason": "Red Card"}, "team": {"id": 487, "name": "Lazio", "logo": "https://media.api-sports.io/football/teams/487.png"}, "fixture": {"id": 1378020, "timezone": "UTC", "date": "2025-12-20T17:00:00+00:00", "timestamp": 1766250000}, "league": {"id": 135, "season": 2025, "name": "Serie A", "country": "Italy", "logo": "https://media.api-sports.io/football/leagues/135.png", "flag": "https://media.api-sports.io/flags/it.svg"}}, {"player": {"id": 1266, "name": "T. Basic", "photo": "https://media.api-sports.io/football/players/1266.png", "type": "Missing Fixture", "reason": "Red Card"}, "team": {"id": 487, "name": "Lazio", "logo": "https://media.api-sports.io/football/teams/487.png"}, "fixture": {"id": 1378033, "timezone": "UTC", "date": "2025-12-27T17:00:00+00:00", "timestamp": 1766854800}, "league": {"id": 135, "season": 2025, "name": "Serie A", "country": "Italy", "logo": "https://media.api-sports.io/football/leagues/135.png", "flag": "https://media.api-sports.io/flags/it.svg"}}, {"player": {"id": 144740, "name": "F. Dele-Bashiru", "photo": "https://media.api-sports.io/football/players/144740.png", "type": "Missing Fixture", "reason": "International duty"}, "team": {"id": 487, "name": "Lazio", "logo": "https://media.api-sports.io/football/teams/487.png"}, "fixture": {"id": 1378033, "timezone": "UTC", "date": "2025-12-27T17:00:00+00:00", "timestamp": 1766854800}, "league": {"id": 135, "season": 2025, "name": "Serie A", "country": "Italy", "logo": "https://media.api-sports.io/football/leagues/135.png", "flag": "https://media.api-sports.io/flags/it.svg"}}, {"player": {"id": 22015, "name": "B. Dia", "photo": "https://media.api-sports.io/football/players/22015.png", "type": "Missing Fixture", "reason": "International duty"}, "team": {"id": 487, "name": "Lazio", "logo": "https://media.api-sports.io/football/teams/487.png"}, "fixture": {"id": 1378033, "timezone": "UTC", "date": "2025-12-27T17:00:00+00:00", "timestamp": 1766854800}, "league": {"id": 135, "season": 2025, "name": "Serie A", "country": "Italy", "logo": "https://media.api-sports.io/football/leagues/135.png", "flag": "https://media.api-sports.io/flags/it.svg"}}, {"player": {"id": 1775, "name": "S. Gigot", "photo": "https://media.api-sports.io/football/players/1775.png", "type": "Missing Fixture", "reason": "Ankle Injury"}, "team": {"id": 487, "name": "Lazio", "logo": "https://media.api-sports.io/football/teams/487.png"}, "fixture": {"id": 1378033, "timezone": "UTC", "date": "2025-12-27T17:00:00+00:00", "timestamp": 1766854800}, "league": {"id": 135, "season": 2025, "name": "Serie A", "country": "Italy", "logo": "https://media.api-sports.io/football/leagues/135.png", "flag": "https://media.api-sports.io/flags/it.svg"}}, {"player": {"id": 1454, "name": "M. Guendouzi", "photo": "https://media.api-sports.io/football/players/1454.png", "type": "Missing Fixture", "reason": "Yellow Cards"}, "team": {"id": 487, "name": "Lazio", "logo": "https://media.api-sports.io/football/teams/487.png"}, "fixture": {"id": 1378033, "timezone": "UTC", "date": "2025-12-27T17:00:00+00:00", "timestamp": 1766854800}, "league": {"id": 135, "season": 2025, "name": "Serie A", "country": "Italy", "logo": "https://media.api-sports.io/football/leagues/135.png", "flag": "https://media.api-sports.io/flags/it.svg"}}, {"player": {"id": 317, "name": "E. Hysaj", "photo": "https://media.api-sports.io/football/players/317.png", "type": "Missing Fixture", "reason": "Inactive"}, "team": {"id": 487, "name": "Lazio", "logo": "https://media.api-sports.io/football/teams/487.png"}, "fixture": {"id": 1378033, "timezone": "UTC", "date": "2025-12-27T17:00:00+00:00", "timestamp": 1766854800}, "league": {"id": 135, "season": 2025, "name": "Serie A", "country": "Italy", "logo": "https://media.api-sports.io/football/leagues/135.png", "flag": "https://media.api-sports.io/flags/it.svg"}}, {"player": {"id": 30784, "name": "N. Rovella", "photo": "https://media.api-sports.io/football/players/30784.png", "type": "Missing Fixture", "reason": "Groin Injury"}, "team": {"id": 487, "name": "Lazio", "logo": "https://media.api-sports.io/football/teams/487.png"}, "fixture": {"id": 1378033, "timezone": "UTC", "date": "2025-12-27T17:00:00+00:00", "timestamp": 1766854800}, "league": {"id": 135, "season": 2025, "name": "Serie A", "country": "Italy", "logo": "https://media.api-sports.io/football/leagues/135.png", "flag": "https://media.api-sports.io/flags/it.svg"}}, {"player": {"id": 50856, "name": "T. Castellanos", "photo": "https://media.api-sports.io/football/players/50856.png", "type": "Missing Fixture", "reason": "Inactive"}, "team": {"id": 487, "name": "Lazio", "logo": "https://media.api-sports.io/football/teams/487.png"}, "fixture": {"id": 1378041, "timezone": "UTC", "date": "2026-01-04T11:30:00+00:00", "timestamp": 1767526200}, "league": {"id": 135, "season": 2025, "name": "Serie A", "country": "Italy", "logo": "https://media.api-sports.io/football/leagues/135.png", "flag": "https://media.api-sports.io/flags/it.svg"}}, {"player": {"id": 144740, "name": "F. Dele-Bashiru", "photo": "https://media.api-sports.io/football/players/144740.png", "type": "Missing Fixture", "reason": "International duty"}, "team": {"id": 487, "name": "Lazio", "logo": "https://media.api-sports.io/football/teams/487.png"}, "fixture": {"id": 1378041, "timezone": "UTC", "date": "2026-01-04T11:30:00+00:00", "timestamp": 1767526200}, "league": {"id": 135, "season": 2025, "name": "Serie A", "country": "Italy", "logo": "https://media.api-sports.io/football/leagues/135.png", "flag": "https://media.api-sports.io/flags/it.svg"}}, {"player": {"id": 22015, "name": "B. Dia", "photo": "https://media.api-sports.io/football/players/22015.png", "type": "Missing Fixture", "reason": "International duty"}, "team": {"id": 487, "name": "Lazio", "logo": "https://media.api-sports.io/football/teams/487.png"}, "fixture": {"id": 1378041, "timezone": "UTC", "date": "2026-01-04T11:30:00+00:00", "timestamp": 1767526200}, "league": {"id": 135, "season": 2025, "name": "Serie A", "country": "Italy", "logo": "https://media.api-sports.io/football/leagues/135.png", "flag": "https://media.api-sports.io/flags/it.svg"}}, {"player": {"id": 1775, "name": "S. Gigot", "photo": "https://media.api-sports.io/football/players/1775.png", "type": "Missing Fixture", "reason": "Ankle Injury"}, "team": {"id": 487, "name": "Lazio", "logo": "https://media.api-sports.io/football/teams/487.png"}, "fixture": {"id": 1378041, "timezone": "UTC", "date": "2026-01-04T11:30:00+00:00", "timestamp": 1767526200}, "league": {"id": 135, "season": 2025, "name": "Serie A", "country": "Italy", "logo": "https://media.api-sports.io/football/leagues/135.png", "flag": "https://media.api-sports.io/flags/it.svg"}}, {"player": {"id": 1841, "name": "Patric", "photo": "https://media.api-sports.io/football/players/1841.png", "type": "Missing Fixture", "reason": "Muscle Injury"}, "team": {"id": 487, "name": "Lazio", "logo": "https://media.api-sports.io/football/teams/487.png"}, "fixture": {"id": 1378041, "timezone": "UTC", "date": "2026-01-04T11:30:00+00:00", "timestamp": 1767526200}, "league": {"id": 135, "season": 2025, "name": "Serie A", "country": "Italy", "logo": "https://media.api-sports.io/football/leagues/135.png", "flag": "https://media.api-sports.io/flags/it.svg"}}, {"player": {"id": 1266, "name": "T. Basic", "photo": "https://media.api-sports.io/football/players/1266.png", "type": "Missing Fixture", "reason": "Injury"}, "team": {"id": 487, "name": "Lazio", "logo": "https://media.api-sports.io/football/teams/487.png"}, "fixture": {"id": 1378067, "timezone": "UTC", "date": "2026-01-19T19:45:00+00:00", "timestamp": 1768851900}, "league": {"id": 135, "season": 2025, "name": "Serie A", "country": "Italy", "logo": "https://media.api-sports.io/football/leagues/135.png", "flag": "https://media.api-sports.io/flags/it.svg"}}, {"player": {"id": 22015, "name": "B. Dia", "photo": "https://media.api-sports.io/football/players/22015.png", "type": "Missing Fixture", "reason": "Rest"}, "team": {"id": 487, "name": "Lazio", "logo": "https://media.api-sports.io/football/teams/487.png"}, "fixture": {"id": 1378067, "timezone": "UTC", "date": "2026-01-19T19:45:00+00:00", "timestamp": 1768851900}, "league": {"id": 135, "season": 2025, "name": "Serie A", "country": "Italy", "logo": "https://media.api-sports.io/football/leagues/135.png", "flag": "https://media.api-sports.io/flags/it.svg"}}, {"player": {"id": 1775, "name": "S. Gigot", "photo": "https://media.api-sports.io/football/players/1775.png", "type": "Missing Fixture", "reason": "Ankle Injury"}, "team": {"id": 487, "name": "Lazio", "logo": "https://media.api-sports.io/football/teams/487.png"}, "fixture": {"id": 1378067, "timezone": "UTC", "date": "2026-01-19T19:45:00+00:00", "timestamp": 1768851900}, "league": {"id": 135, "season": 2025, "name": "Serie A", "country": "Italy", "logo": "https://media.api-sports.io/football/leagues/135.png", "flag": "https://media.api-sports.io/flags/it.svg"}}, {"player": {"id": 1841, "name": "Patric", "photo": "https://media.api-sports.io/football/players/1841.png", "type": "Missing Fixture", "reason": "Calf Injury"}, "team": {"id": 487, "name": "Lazio", "logo": "https://media.api-sports.io/football/teams/487.png"}, "fixture": {"id": 1378067, "timezone": "UTC", "date": "2026-01-19T19:45:00+00:00", "timestamp": 1768851900}, "league": {"id": 135, "season": 2025, "name": "Serie A", "country": "Italy", "logo": "https://media.api-sports.io/football/leagues/135.png", "flag": "https://media.api-sports.io/flags/it.svg"}}, {"player": {"id": 211, "name": "M. Vecino", "photo": "https://media.api-sports.io/football/players/211.png", "type": "Missing Fixture", "reason": "Thigh Injury"}, "team": {"id": 487, "name": "Lazio", "logo": "https://media.api-sports.io/football/teams/487.png"}, "fixture": {"id": 1378067, "timezone": "UTC", "date": "2026-01-19T19:45:00+00:00", "timestamp": 1768851900}, "league": {"id": 135, "season": 2025, "name": "Serie A", "country": "Italy", "logo": "https://media.api-sports.io/football/leagues/135.png", "flag": "https://media.api-sports.io/flags/it.svg"}}, {"player": {"id": 1852, "name": "D. Cataldi", "photo": "https://media.api-sports.io/football/players/1852.png", "type": "Missing Fixture", "reason": "Yellow Cards"}, "team": {"id": 487, "name": "Lazio", "logo": "https://media.api-sports.io/football/teams/487.png"}, "fixture": {"id": 1378080, "timezone": "UTC", "date": "2026-01-24T19:45:00+00:00", "timestamp": 1769283900}, "league": {"id": 135, "season": 2025, "name": "Serie A", "country": "Italy", "logo": "https://media.api-sports.io/football/leagues/135.png", "flag": "https://media.api-sports.io/flags/it.svg"}}, {"player": {"id": 1775, "name": "S. Gigot", "photo": "https://media.api-sports.io/football/players/1775.png", "type": "Missing Fixture", "reason": "Ankle Injury"}, "team": {"id": 487, "name": "Lazio", "logo": "https://media.api-sports.io/football/teams/487.png"}, "fixture": {"id": 1378080, "timezone": "UTC", "date": "2026-01-24T19:45:00+00:00", "timestamp": 1769283900}, "league": {"id": 135, "season": 2025, "name": "Serie A", "country": "Italy", "logo": "https://media.api-sports.io/football/leagues/135.png", "flag": "https://media.api-sports.io/flags/it.svg"}}, {"player": {"id": 1841, "name": "Patric", "photo": "https://media.api-sports.io/football/players/1841.png", "type": "Missing Fixture", "reason": "Calf Injury"}, "team": {"id": 487, "name": "Lazio", "logo": "https://media.api-sports.io/football/teams/487.png"}, "fixture": {"id": 1378080, "timezone": "UTC", "date": "2026-01-24T19:45:00+00:00", "timestamp": 1769283900}, "league": {"id": 135, "season": 2025, "name": "Serie A", "country": "Italy", "logo": "https://media.api-sports.io/football/leagues/135.png", "flag": "https://media.api-sports.io/flags/it.svg"}}, {"player": {"id": 30784, "name": "N. Rovella", "photo": "https://media.api-sports.io/football/players/30784.png", "type": "Missing Fixture", "reason": "Lacking Match Fitness"}, "team": {"id": 487, "name": "Lazio", "logo": "https://media.api-sports.io/football/teams/487.png"}, "fixture": {"id": 1378080, "timezone": "UTC", "date": "2026-01-24T19:45:00+00:00", "timestamp": 1769283900}, "league": {"id": 135, "season": 2025, "name": "Serie A", "country": "Italy", "logo": "https://media.api-sports.io/football/leagues/135.png", "flag": "https://media.api-sports.io/flags/it.svg"}}, {"player": {"id": 1775, "name": "S. Gigot", "photo": "https://media.api-sports.io/football/players/1775.png", "type": "Missing Fixture", "reason": "Ankle Injury"}, "team": {"id": 487, "name": "Lazio", "logo": "https://media.api-sports.io/football/teams/487.png"}, "fixture": {"id": 1378088, "timezone": "UTC", "date": "2026-01-30T19:45:00+00:00", "timestamp": 1769802300}, "league": {"id": 135, "season": 2025, "name": "Serie A", "country": "Italy", "logo": "https://media.api-sports.io/football/leagues/135.png", "flag": "https://media.api-sports.io/flags/it.svg"}}, {"player": {"id": 1841, "name": "Patric", "photo": "https://media.api-sports.io/football/players/1841.png", "type": "Missing Fixture", "reason": "Calf Injury"}, "team": {"id": 487, "name": "Lazio", "logo": "https://media.api-sports.io/football/teams/487.png"}, "fixture": {"id": 1378088, "timezone": "UTC", "date": "2026-01-30T19:45:00+00:00", "timestamp": 1769802300}, "league": {"id": 135, "season": 2025, "name": "Serie A", "country": "Italy", "logo": "https://media.api-sports.io/football/leagues/135.png", "flag": "https://media.api-sports.io/flags/it.svg"}}, {"player": {"id": 1632, "name": "A. Romagnoli", "photo": "https://media.api-sports.io/football/players/1632.png", "type": "Missing Fixture", "reason": "Inactive"}, "team": {"id": 487, "name": "Lazio", "logo": "https://media.api-sports.io/football/teams/487.png"}, "fixture": {"id": 1378088, "timezone": "UTC", "date": "2026-01-30T19:45:00+00:00", "timestamp": 1769802300}, "league": {"id": 135, "season": 2025, "name": "Serie A", "country": "Italy", "logo": "https://media.api-sports.io/football/leagues/135.png", "flag": "https://media.api-sports.io/flags/it.svg"}}, {"player": {"id": 1775, "name": "S. Gigot", "photo": "https://media.api-sports.io/football/players/1775.png", "type": "Missing Fixture", "reason": "Ankle Injury"}, "team": {"id": 487, "name": "Lazio", "logo": "https://media.api-sports.io/football/teams/487.png"}, "fixture": {"id": 1378098, "timezone": "UTC", "date": "2026-02-08T19:45:00+00:00", "timestamp": 1770579900}, "league": {"id": 135, "season": 2025, "name": "Serie A", "country": "Italy", "logo": "https://media.api-sports.io/football/leagues/135.png", "flag": "https://media.api-sports.io/flags/it.svg"}}, {"player": {"id": 30866, "name": "M. Lazzari", "photo": "https://media.api-sports.io/football/players/30866.png", "type": "Missing Fixture", "reason": "Calf Injury"}, "team": {"id": 487, "name": "Lazio", "logo": "https://media.api-sports.io/football/teams/487.png"}, "fixture": {"id": 1378098, "timezone": "UTC", "date": "2026-02-08T19:45:00+00:00", "timestamp": 1770579900}, "league": {"id": 135, "season": 2025, "name": "Serie A", "country": "Italy", "logo": "https://media.api-sports.io/football/leagues/135.png", "flag": "https://media.api-sports.io/flags/it.svg"}}, {"player": {"id": 30554, "name": "L. Pellegrini", "photo": "https://media.api-sports.io/football/players/30554.png", "type": "Missing Fixture", "reason": "Yellow Cards"}, "team": {"id": 487, "name": "Lazio", "logo": "https://media.api-sports.io/football/teams/487.png"}, "fixture": {"id": 1378098, "timezone": "UTC", "date": "2026-02-08T19:45:00+00:00", "timestamp": 1770579900}, "league": {"id": 135, "season": 2025, "name": "Serie A", "country": "Italy", "logo": "https://media.api-sports.io/football/leagues/135.png", "flag": "https://media.api-sports.io/flags/it.svg"}}, {"player": {"id": 30937, "name": "M. Zaccagni", "photo": "https://media.api-sports.io/football/players/30937.png", "type": "Missing Fixture", "reason": "Abdominal strain"}, "team": {"id": 487, "name": "Lazio", "logo": "https://media.api-sports.io/football/teams/487.png"}, "fixture": {"id": 1378098, "timezone": "UTC", "date": "2026-02-08T19:45:00+00:00", "timestamp": 1770579900}, "league": {"id": 135, "season": 2025, "name": "Serie A", "country": "Italy", "logo": "https://media.api-sports.io/football/leagues/135.png", "flag": "https://media.api-sports.io/flags/it.svg"}}, {"player": {"id": 1775, "name": "S. Gigot", "photo": "https://media.api-sports.io/football/players/1775.png", "type": "Missing Fixture", "reason": "Ankle Injury"}, "team": {"id": 487, "name": "Lazio", "logo": "https://media.api-sports.io/football/teams/487.png"}, "fixture": {"id": 1378108, "timezone": "UTC", "date": "2026-02-14T17:00:00+00:00", "timestamp": 1771088400}, "league": {"id": 135, "season": 2025, "name": "Serie A", "country": "Italy", "logo": "https://media.api-sports.io/football/leagues/135.png", "flag": "https://media.api-sports.io/flags/it.svg"}}, {"player": {"id": 30866, "name": "M. Lazzari", "photo": "https://media.api-sports.io/football/players/30866.png", "type": "Missing Fixture", "reason": "Calf Injury"}, "team": {"id": 487, "name": "Lazio", "logo": "https://media.api-sports.io/football/teams/487.png"}, "fixture": {"id": 1378108, "timezone": "UTC", "date": "2026-02-14T17:00:00+00:00", "timestamp": 1771088400}, "league": {"id": 135, "season": 2025, "name": "Serie A", "country": "Italy", "logo": "https://media.api-sports.io/football/leagues/135.png", "flag": "https://media.api-sports.io/flags/it.svg"}}, {"player": {"id": 2299, "name": "Pedro", "photo": "https://media.api-sports.io/football/players/2299.png", "type": "Missing Fixture", "reason": "Ankle Injury"}, "team": {"id": 487, "name": "Lazio", "logo": "https://media.api-sports.io/football/teams/487.png"}, "fixture": {"id": 1378108, "timezone": "UTC", "date": "2026-02-14T17:00:00+00:00", "timestamp": 1771088400}, "league": {"id": 135, "season": 2025, "name": "Serie A", "country": "Italy", "logo": "https://media.api-sports.io/football/leagues/135.png", "flag": "https://media.api-sports.io/flags/it.svg"}}, {"player": {"id": 1632, "name": "A. Romagnoli", "photo": "https://media.api-sports.io/football/players/1632.png", "type": "Missing Fixture", "reason": "Yellow Cards"}, "team": {"id": 487, "name": "Lazio", "logo": "https://media.api-sports.io/football/teams/487.png"}, "fixture": {"id": 1378108, "timezone": "UTC", "date": "2026-02-14T17:00:00+00:00", "timestamp": 1771088400}, "league": {"id": 135, "season": 2025, "name": "Serie A", "country": "Italy", "logo": "https://media.api-sports.io/football/leagues/135.png", "flag": "https://media.api-sports.io/flags/it.svg"}}, {"player": {"id": 30937, "name": "M. Zaccagni", "photo": "https://media.api-sports.io/football/players/30937.png", "type": "Missing Fixture", "reason": "Abdominal strain"}, "team": {"id": 487, "name": "Lazio", "logo": "https://media.api-sports.io/football/teams/487.png"}, "fixture": {"id": 1378108, "timezone": "UTC", "date": "2026-02-14T17:00:00+00:00", "timestamp": 1771088400}, "league": {"id": 135, "season": 2025, "name": "Serie A", "country": "Italy", "logo": "https://media.api-sports.io/football/leagues/135.png", "flag": "https://media.api-sports.io/flags/it.svg"}}, {"player": {"id": 1266, "name": "T. Basic", "photo": "https://media.api-sports.io/football/players/1266.png", "type": "Questionable", "reason": "Injury"}, "team": {"id": 487, "name": "Lazio", "logo": "https://media.api-sports.io/football/teams/487.png"}, "fixture": {"id": 1378108, "timezone": "UTC", "date": "2026-02-14T17:00:00+00:00", "timestamp": 1771088400}, "league": {"id": 135, "season": 2025, "name": "Serie A", "country": "Italy", "logo": "https://media.api-sports.io/football/leagues/135.png", "flag": "https://media.api-sports.io/flags/it.svg"}}]}