{"get": "fixtures", "parameters": {"league": "140", "season": "2025", "date": "2026-02-15"}, "errors": [], "results": 4, "paging": {"current": 1, "total": 1}, "response": [{"fixture": {"id": 1391057, "referee": null, "timezone": "UTC", "date": "2026-02-15T13:00:00+00:00", "timestamp": 1771160400, "periods": {"first": null, "second": null}, "venue": {"id": 1490, "name": "Estadio Nuevo Carlos Tartiere", "city": "Oviedo"}, "status": {"long": "Not Started", "short": "NS", "elapsed": null, "extra": null}}, "league": {"id": 140, "name": "La Liga", "country": "Spain", "logo": "https://media.api-sports.io/football/leagues/140.png", "flag": "https://media.api-sports.io/flags/es.svg", "season": 2025, "round": "Regular Season - 24", "standings": true}, "teams": {"home": {"id": 718, "name": "Oviedo", "logo": "https://media.api-sports.io/football/teams/718.png", "winner": null}, "away": {"id": 531, "name": "Athletic Club", "logo": "https://media.api-sports.io/football/teams/531.png", "winner": null}}, "goals": {"home": null, "away": null}, "score": {"halftime": {"home": null, "away": null}, "fulltime": {"home": null, "away": null}, "extratime": {"home": null, "away": null}, "penalty": {"home": null, "away": null}}}, {"fixture": {"id": 1391055, "referee": null, "timezone": "UTC", "date": "2026-02-15T15:15:00+00:00", "timestamp": 1771168500, "periods": {"first": null, "second": null}, "venue": {"id": 1488, "name": "Campo de Futbol de Vallecas", "city": "Madrid"}, "status": {"long": "Not Started", "short": "NS", "elapsed": null, "extra": null}}, "league": {"id": 140, "name": "La Liga", "country": "Spain", "logo": "https://media.api-sports.io/football/leagues/140.png", "flag": "https://media.api-sports.io/flags/es.svg", "season": 2025, "round": "Regular Season - 24", "standings": true}, "teams": {"home": {"id": 728, "name": "Rayo Vallecano", "logo": "https://media.api-sports.io/football/teams/728.png", "winner": null}, "away": {"id": 530, "name": "Atletico Madrid", "logo": "https://media.api-sports.io/football/teams/530.png", "winner": null}}, "goals": {"home": null, "away": null}, "score": {"halftime": {"home": null, "away": null}, "fulltime": {"home": null, "away": null}, "extratime": {"home": null, "away": null}, "penalty": {"home": null, "away": null}}}, {"fixture": {"id": 1391053, "referee": null, "timezone": "UTC", "date": "2026-02-15T17:30:00+00:00", "timestamp": 1771176600, "periods": {"first": null, "second": null}, "venue": {"id": 1482, "name": "Estadio Ciudad de Valencia", "city": "Valencia"}, "status": {"long": "Not Started", "short": "NS", "elapsed": null, "extra": null}}, "league": {"id": 140, "name": "La Liga", "country": "Spain", "logo": "https://media.api-sports.io/football/leagues/140.png", "flag": "https://media.api-sports.io/flags/es.svg", "season": 2025, "round": "Regular Season - 24", "standings": true}, "teams": {"home": {"id": 539, "name": "Levante", "logo": "https://media.api-sports.io/football/teams/539.png", "winner": null}, "away": {"id": 532, "name": "Valencia", "logo": "https://media.api-sports.io/football/teams/532.png", "winner": null}}, "goals": {"home": null, "away": null}, "score": {"halftime": {"home": null, "away": null}, "fulltime": {"home": null, "away": null}, "extratime": {"home": null, "away": null}, "penalty": {"home": null, "away": null}}}, {"fixture": {"id": 1391054, "referee": null, "timezone": "UTC", "date": "2026-02-15T20:00:00+00:00", "timestamp": 1771185600, "periods": {"first": null, "second": null}, "venue": {"id": 19940, "name": "Estadi Mallorca Son Moix", "city": "Palma de Mallorca"}, "status": {"long": "Not Started", "short": "NS", "elapsed": null, "extra": null}}, "league": {"id": 140, "name": "La Liga", "country": "Spain", "logo": "https://media.api-sports.io/football/leagues/140.png", "flag": "https://media.api-sports.io/flags/es.svg", "season": 2025, "round": "Regular Season - 24", "standings": true}, "teams": {"home": {"id": 798, "name": "Mallorca", "logo": "https://media.api-sports.io/football/teams/798.png", "winner": null}, "away": {"id": 543, "name": "Real Betis", "logo": "https://media.api-sports.io/football/teams/543.png", "winner": null}}, "goals": {"home": null, "away": null}, "score": {"halftime": {"home": null, "away": null}, "fulltime": {"home": null, "away": null}, "extratime": {"home": null, "away": null}, "penalty": {"home": null, "away": null}}}]}