{"get": "injuries", "parameters": {"league": "39", "season": "2025", "team": "52"}, "errors": [], "results": 141, "paging": {"current": 1, "total": 1}, "response": [{"player": {"id": 2601, "name": "Daichi Kamada", "photo": "https://media.api-sports.io/football/players/2601.png", "type": "Missing Fixture", "reason": "Knee Problems"}, "team": {"id": 52, "name": "Crystal Palace", "logo": "https://media.api-sports.io/football/teams/52.png"}, "fixture": {"id": 1378976, "timezone": "UTC", "date": "2025-08-17T13:00:00+00:00", "timestamp": 1755435600}, "league": {"id": 39, "season": 2025, "name": "Premier League", "country": "England", "logo": "https://media.api-sports.io/football/leagues/39.png", "flag": "https://media.api-sports.io/flags/gb-eng.svg"}}, {"player": {"id": 278898, "name": "Chadi Riad", "photo": "https://media.api-sports.io/football/players/278898.png", "type": "Missing Fixture", "reason": "Ruptured cruciate ligament"}, "team": {"id": 52, "name": "Crystal Palace", "logo": "https://media.api-sports.io/football/teams/52.png"}, "fixture": {"id": 1378976, "timezone": "UTC", "date": "2025-08-17T13:00:00+00:00", "timestamp": 1755435600}, "league": {"id": 39, "season": 2025, "name": "Premier League", "country": "England", "logo": "https://media.api-sports.io/football/leagues/39.png", "flag": "https://media.api-sports.io/flags/gb-eng.svg"}}, {"player": {"id": 311157, "name": "Matheus Franca de Oliveira", "photo": "https://media.api-sports.io/football/players/311157.png", "type": "Missing Fixture", "reason": "Adductor muscle tear"}, "team": {"id": 52, "name": "Crystal Palace", "logo": "https://media.api-sports.io/football/teams/52.png"}, "fixture": {"id": 1378976, "timezone": "UTC", "date": "2025-08-17T13:00:00+00:00", "timestamp": 1755435600}, "league": {"id": 39, "season": 2025, "name": "Premier League", "country": "England", "logo": "https://media.api-sports.io/football/leagues/39.png", "flag": "https://media.api-sports.io/flags/gb-eng.svg"}}, {"player": {"id": 2601, "name": "Daichi Kamada", "photo": "https://media.api-sports.io/football/players/2601.png", "type": "Missing Fixture", "reason": "Injured Doubtful"}, "team": {"id": 52, "name": "Crystal Palace", "logo": "https://media.api-sports.io/football/teams/52.png"}, "fixture": {"id": 1378983, "timezone": "UTC", "date": "2025-08-24T13:00:00+00:00", "timestamp": 1756040400}, "league": {"id": 39, "season": 2025, "name": "Premier League", "country": "England", "logo": "https://media.api-sports.io/football/leagues/39.png", "flag": "https://media.api-sports.io/flags/gb-eng.svg"}}, {"player": {"id": 278898, "name": "Chadi Riad", "photo": "https://media.api-sports.io/football/players/278898.png", "type": "Missing Fixture", "reason": "Ruptured cruciate ligament"}, "team": {"id": 52, "name": "Crystal Palace", "logo": "https://media.api-sports.io/football/teams/52.png"}, "fixture": {"id": 1378983, "timezone": "UTC", "date": "2025-08-24T13:00:00+00:00", "timestamp": 1756040400}, "league": {"id": 39, "season": 2025, "name": "Premier League", "country": "England", "logo": "https://media.api-sports.io/football/leagues/39.png", "flag": "https://media.api-sports.io/flags/gb-eng.svg"}}, {"player": {"id": 311157, "name": "Matheus Franca de Oliveira", "photo": "https://media.api-sports.io/football/players/311157.png", "type": "Missing Fixture", "reason": "Adductor muscle tear"}, "team": {"id": 52, "name": "Crystal Palace", "logo": "https://media.api-sports.io/football/teams/52.png"}, "fixture": {"id": 1378983, "timezone": "UTC", "date": "2025-08-24T13:00:00+00:00", "timestamp": 1756040400}, "league": {"id": 39, "season": 2025, "name": "Premier League", "country": "England", "logo": "https://media.api-sports.io/football/leagues/39.png", "flag": "https://media.api-sports.io/flags/gb-eng.svg"}}, {"player": {"id": 1135, "name": "O. \u00c9douard", "photo": "https://media.api-sports.io/football/players/1135.png", "type": "Missing Fixture", "reason": "Calf Injury"}, "team": {"id": 52, "name": "Crystal Palace", "logo": "https://media.api-sports.io/football/teams/52.png"}, "fixture": {"id": 1378989, "timezone": "UTC", "date": "2025-08-31T18:00:00+00:00", "timestamp": 1756663200}, "league": {"id": 39, "season": 2025, "name": "Premier League", "country": "England", "logo": "https://media.api-sports.io/football/leagues/39.png", "flag": "https://media.api-sports.io/flags/gb-eng.svg"}}, {"player": {"id": 1135, "name": "O. \u00c9douard", "photo": "https://media.api-sports.io/football/players/1135.png", "type": "Missing Fixture", "reason": "Calf Injury"}, "team": {"id": 52, "name": "Crystal Palace", "logo": "https://media.api-sports.io/football/teams/52.png"}, "fixture": {"id": 1379003, "timezone": "UTC", "date": "2025-09-13T14:00:00+00:00", "timestamp": 1757772000}, "league": {"id": 39, "season": 2025, "name": "Premier League", "country": "England", "logo": "https://media.api-sports.io/football/leagues/39.png", "flag": "https://media.api-sports.io/flags/gb-eng.svg"}}, {"player": {"id": 3339, "name": "C. Doucour\u00e9", "photo": "https://media.api-sports.io/football/players/3339.png", "type": "Missing Fixture", "reason": "Jumpers knee"}, "team": {"id": 52, "name": "Crystal Palace", "logo": "https://media.api-sports.io/football/teams/52.png"}, "fixture": {"id": 1378976, "timezone": "UTC", "date": "2025-08-17T13:00:00+00:00", "timestamp": 1755435600}, "league": {"id": 39, "season": 2025, "name": "Premier League", "country": "England", "logo": "https://media.api-sports.io/football/leagues/39.png", "flag": "https://media.api-sports.io/flags/gb-eng.svg"}}, {"player": {"id": 3339, "name": "C. Doucour\u00e9", "photo": "https://media.api-sports.io/football/players/3339.png", "type": "Missing Fixture", "reason": "Jumpers knee"}, "team": {"id": 52, "name": "Crystal Palace", "logo": "https://media.api-sports.io/football/teams/52.png"}, "fixture": {"id": 1378983, "timezone": "UTC", "date": "2025-08-24T13:00:00+00:00", "timestamp": 1756040400}, "league": {"id": 39, "season": 2025, "name": "Premier League", "country": "England", "logo": "https://media.api-sports.io/football/leagues/39.png", "flag": "https://media.api-sports.io/flags/gb-eng.svg"}}, {"player": {"id": 3339, "name": "C. Doucour\u00e9", "photo": "https://media.api-sports.io/football/players/3339.png", "type": "Missing Fixture", "reason": "Jumpers knee"}, "team": {"id": 52, "name": "Crystal Palace", "logo": "https://media.api-sports.io/football/teams/52.png"}, "fixture": {"id": 1378989, "timezone": "UTC", "date": "2025-08-31T18:00:00+00:00", "timestamp": 1756663200}, "league": {"id": 39, "season": 2025, "name": "Premier League", "country": "England", "logo": "https://media.api-sports.io/football/leagues/39.png", "flag": "https://media.api-sports.io/flags/gb-eng.svg"}}, {"player": {"id": 3339, "name": "C. Doucour\u00e9", "photo": "https://media.api-sports.io/football/players/3339.png", "type": "Missing Fixture", "reason": "Jumpers knee"}, "team": {"id": 52, "name": "Crystal Palace", "logo": "https://media.api-sports.io/football/teams/52.png"}, "fixture": {"id": 1379003, "timezone": "UTC", "date": "2025-09-13T14:00:00+00:00", "timestamp": 1757772000}, "league": {"id": 39, "season": 2025, "name": "Premier League", "country": "England", "logo": "https://media.api-sports.io/football/leagues/39.png", "flag": "https://media.api-sports.io/flags/gb-eng.svg"}}, {"player": {"id": 2218, "name": "I. Sarr", "photo": "https://media.api-sports.io/football/players/2218.png", "type": "Missing Fixture", "reason": "Injury"}, "team": {"id": 52, "name": "Crystal Palace", "logo": "https://media.api-sports.io/football/teams/52.png"}, "fixture": {"id": 1379003, "timezone": "UTC", "date": "2025-09-13T14:00:00+00:00", "timestamp": 1757772000}, "league": {"id": 39, "season": 2025, "name": "Premier League", "country": "England", "logo": "https://media.api-sports.io/football/leagues/39.png", "flag": "https://media.api-sports.io/flags/gb-eng.svg"}}, {"player": {"id": 1468, "name": "E. Nketiah", "photo": "https://media.api-sports.io/football/players/1468.png", "type": "Missing Fixture", "reason": "Hamstring Injury"}, "team": {"id": 52, "name": "Crystal Palace", "logo": "https://media.api-sports.io/football/teams/52.png"}, "fixture": {"id": 1378976, "timezone": "UTC", "date": "2025-08-17T13:00:00+00:00", "timestamp": 1755435600}, "league": {"id": 39, "season": 2025, "name": "Premier League", "country": "England", "logo": "https://media.api-sports.io/football/leagues/39.png", "flag": "https://media.api-sports.io/flags/gb-eng.svg"}}, {"player": {"id": 1468, "name": "E. Nketiah", "photo": "https://media.api-sports.io/football/players/1468.png", "type": "Missing Fixture", "reason": "Hamstring Injury"}, "team": {"id": 52, "name": "Crystal Palace", "logo": "https://media.api-sports.io/football/teams/52.png"}, "fixture": {"id": 1378983, "timezone": "UTC", "date": "2025-08-24T13:00:00+00:00", "timestamp": 1756040400}, "league": {"id": 39, "season": 2025, "name": "Premier League", "country": "England", "logo": "https://media.api-sports.io/football/leagues/39.png", "flag": "https://media.api-sports.io/flags/gb-eng.svg"}}, {"player": {"id": 1468, "name": "E. Nketiah", "photo": "https://media.api-sports.io/football/players/1468.png", "type": "Missing Fixture", "reason": "Hamstring Injury"}, "team": {"id": 52, "name": "Crystal Palace", "logo": "https://media.api-sports.io/football/teams/52.png"}, "fixture": {"id": 1378989, "timezone": "UTC", "date": "2025-08-31T18:00:00+00:00", "timestamp": 1756663200}, "league": {"id": 39, "season": 2025, "name": "Premier League", "country": "England", "logo": "https://media.api-sports.io/football/leagues/39.png", "flag": "https://media.api-sports.io/flags/gb-eng.svg"}}, {"player": {"id": 1468, "name": "E. Nketiah", "photo": "https://media.api-sports.io/football/players/1468.png", "type": "Missing Fixture", "reason": "Hamstring Injury"}, "team": {"id": 52, "name": "Crystal Palace", "logo": "https://media.api-sports.io/football/teams/52.png"}, "fixture": {"id": 1379003, "timezone": "UTC", "date": "2025-09-13T14:00:00+00:00", "timestamp": 1757772000}, "league": {"id": 39, "season": 2025, "name": "Premier League", "country": "England", "logo": "https://media.api-sports.io/football/leagues/39.png", "flag": "https://media.api-sports.io/flags/gb-eng.svg"}}, {"player": {"id": 288102, "name": "A. Wharton", "photo": "https://media.api-sports.io/football/players/288102.png", "type": "Missing Fixture", "reason": "Groin Injury"}, "team": {"id": 52, "name": "Crystal Palace", "logo": "https://media.api-sports.io/football/teams/52.png"}, "fixture": {"id": 1379003, "timezone": "UTC", "date": "2025-09-13T14:00:00+00:00", "timestamp": 1757772000}, "league": {"id": 39, "season": 2025, "name": "Premier League", "country": "England", "logo": "https://media.api-sports.io/football/leagues/39.png", "flag": "https://media.api-sports.io/flags/gb-eng.svg"}}, {"player": {"id": 380679, "name": "C. Kporha", "photo": "https://media.api-sports.io/football/players/380679.png", "type": "Missing Fixture", "reason": "Back bruise"}, "team": {"id": 52, "name": "Crystal Palace", "logo": "https://media.api-sports.io/football/teams/52.png"}, "fixture": {"id": 1378976, "timezone": "UTC", "date": "2025-08-17T13:00:00+00:00", "timestamp": 1755435600}, "league": {"id": 39, "season": 2025, "name": "Premier League", "country": "England", "logo": "https://media.api-sports.io/football/leagues/39.png", "flag": "https://media.api-sports.io/flags/gb-eng.svg"}}, {"player": {"id": 380679, "name": "C. Kporha", "photo": "https://media.api-sports.io/football/players/380679.png", "type": "Missing Fixture", "reason": "Back bruise"}, "team": {"id": 52, "name": "Crystal Palace", "logo": "https://media.api-sports.io/football/teams/52.png"}, "fixture": {"id": 1378983, "timezone": "UTC", "date": "2025-08-24T13:00:00+00:00", "timestamp": 1756040400}, "league": {"id": 39, "season": 2025, "name": "Premier League", "country": "England", "logo": "https://media.api-sports.io/football/leagues/39.png", "flag": "https://media.api-sports.io/flags/gb-eng.svg"}}, {"player": {"id": 380679, "name": "C. Kporha", "photo": "https://media.api-sports.io/football/players/380679.png", "type": "Missing Fixture", "reason": "Back bruise"}, "team": {"id": 52, "name": "Crystal Palace", "logo": "https://media.api-sports.io/football/teams/52.png"}, "fixture": {"id": 1378989, "timezone": "UTC", "date": "2025-08-31T18:00:00+00:00", "timestamp": 1756663200}, "league": {"id": 39, "season": 2025, "name": "Premier League", "country": "England", "logo": "https://media.api-sports.io/football/leagues/39.png", "flag": "https://media.api-sports.io/flags/gb-eng.svg"}}, {"player": {"id": 380679, "name": "C. Kporha", "photo": "https://media.api-sports.io/football/players/380679.png", "type": "Missing Fixture", "reason": "Back bruise"}, "team": {"id": 52, "name": "Crystal Palace", "logo": "https://media.api-sports.io/football/teams/52.png"}, "fixture": {"id": 1379003, "timezone": "UTC", "date": "2025-09-13T14:00:00+00:00", "timestamp": 1757772000}, "league": {"id": 39, "season": 2025, "name": "Premier League", "country": "England", "logo": "https://media.api-sports.io/football/leagues/39.png", "flag": "https://media.api-sports.io/flags/gb-eng.svg"}}, {"player": {"id": 22157, "name": "W. Benitez", "photo": "https://media.api-sports.io/football/players/22157.png", "type": "Missing Fixture", "reason": "Finger Injury"}, "team": {"id": 52, "name": "Crystal Palace", "logo": "https://media.api-sports.io/football/teams/52.png"}, "fixture": {"id": 1379017, "timezone": "UTC", "date": "2025-09-20T14:00:00+00:00", "timestamp": 1758376800}, "league": {"id": 39, "season": 2025, "name": "Premier League", "country": "England", "logo": "https://media.api-sports.io/football/leagues/39.png", "flag": "https://media.api-sports.io/flags/gb-eng.svg"}}, {"player": {"id": 3339, "name": "C. Doucoure", "photo": "https://media.api-sports.io/football/players/3339.png", "type": "Missing Fixture", "reason": "Knee Injury"}, "team": {"id": 52, "name": "Crystal Palace", "logo": "https://media.api-sports.io/football/teams/52.png"}, "fixture": {"id": 1379017, "timezone": "UTC", "date": "2025-09-20T14:00:00+00:00", "timestamp": 1758376800}, "league": {"id": 39, "season": 2025, "name": "Premier League", "country": "England", "logo": "https://media.api-sports.io/football/leagues/39.png", "flag": "https://media.api-sports.io/flags/gb-eng.svg"}}, {"player": {"id": 380679, "name": "C. Kporha", "photo": "https://media.api-sports.io/football/players/380679.png", "type": "Missing Fixture", "reason": "Back Injury"}, "team": {"id": 52, "name": "Crystal Palace", "logo": "https://media.api-sports.io/football/teams/52.png"}, "fixture": {"id": 1379017, "timezone": "UTC", "date": "2025-09-20T14:00:00+00:00", "timestamp": 1758376800}, "league": {"id": 39, "season": 2025, "name": "Premier League", "country": "England", "logo": "https://media.api-sports.io/football/leagues/39.png", "flag": "https://media.api-sports.io/flags/gb-eng.svg"}}, {"player": {"id": 278898, "name": "C. Riad", "photo": "https://media.api-sports.io/football/players/278898.png", "type": "Missing Fixture", "reason": "Knee Injury"}, "team": {"id": 52, "name": "Crystal Palace", "logo": "https://media.api-sports.io/football/teams/52.png"}, "fixture": {"id": 1379017, "timezone": "UTC", "date": "2025-09-20T14:00:00+00:00", "timestamp": 1758376800}, "league": {"id": 39, "season": 2025, "name": "Premier League", "country": "England", "logo": "https://media.api-sports.io/football/leagues/39.png", "flag": "https://media.api-sports.io/flags/gb-eng.svg"}}, {"player": {"id": 2218, "name": "I. Sarr", "photo": "https://media.api-sports.io/football/players/2218.png", "type": "Missing Fixture", "reason": "Thigh Injury"}, "team": {"id": 52, "name": "Crystal Palace", "logo": "https://media.api-sports.io/football/teams/52.png"}, "fixture": {"id": 1379017, "timezone": "UTC", "date": "2025-09-20T14:00:00+00:00", "timestamp": 1758376800}, "league": {"id": 39, "season": 2025, "name": "Premier League", "country": "England", "logo": "https://media.api-sports.io/football/leagues/39.png", "flag": "https://media.api-sports.io/flags/gb-eng.svg"}}, {"player": {"id": 22157, "name": "W. Benitez", "photo": "https://media.api-sports.io/football/players/22157.png", "type": "Missing Fixture", "reason": "Finger Injury"}, "team": {"id": 52, "name": "Crystal Palace", "logo": "https://media.api-sports.io/football/teams/52.png"}, "fixture": {"id": 1379022, "timezone": "UTC", "date": "2025-09-27T14:00:00+00:00", "timestamp": 1758981600}, "league": {"id": 39, "season": 2025, "name": "Premier League", "country": "England", "logo": "https://media.api-sports.io/football/leagues/39.png", "flag": "https://media.api-sports.io/flags/gb-eng.svg"}}, {"player": {"id": 3339, "name": "C. Doucoure", "photo": "https://media.api-sports.io/football/players/3339.png", "type": "Missing Fixture", "reason": "Knee Injury"}, "team": {"id": 52, "name": "Crystal Palace", "logo": "https://media.api-sports.io/football/teams/52.png"}, "fixture": {"id": 1379022, "timezone": "UTC", "date": "2025-09-27T14:00:00+00:00", "timestamp": 1758981600}, "league": {"id": 39, "season": 2025, "name": "Premier League", "country": "England", "logo": "https://media.api-sports.io/football/leagues/39.png", "flag": "https://media.api-sports.io/flags/gb-eng.svg"}}, {"player": {"id": 380679, "name": "C. Kporha", "photo": "https://media.api-sports.io/football/players/380679.png", "type": "Missing Fixture", "reason": "Back Injury"}, "team": {"id": 52, "name": "Crystal Palace", "logo": "https://media.api-sports.io/football/teams/52.png"}, "fixture": {"id": 1379022, "timezone": "UTC", "date": "2025-09-27T14:00:00+00:00", "timestamp": 1758981600}, "league": {"id": 39, "season": 2025, "name": "Premier League", "country": "England", "logo": "https://media.api-sports.io/football/leagues/39.png", "flag": "https://media.api-sports.io/flags/gb-eng.svg"}}, {"player": {"id": 278898, "name": "C. Riad", "photo": "https://media.api-sports.io/football/players/278898.png", "type": "Missing Fixture", "reason": "Knee Injury"}, "team": {"id": 52, "name": "Crystal Palace", "logo": "https://media.api-sports.io/football/teams/52.png"}, "fixture": {"id": 1379022, "timezone": "UTC", "date": "2025-09-27T14:00:00+00:00", "timestamp": 1758981600}, "league": {"id": 39, "season": 2025, "name": "Premier League", "country": "England", "logo": "https://media.api-sports.io/football/leagues/39.png", "flag": "https://media.api-sports.io/flags/gb-eng.svg"}}, {"player": {"id": 3339, "name": "C. Doucoure", "photo": "https://media.api-sports.io/football/players/3339.png", "type": "Missing Fixture", "reason": "Knee Injury"}, "team": {"id": 52, "name": "Crystal Palace", "logo": "https://media.api-sports.io/football/teams/52.png"}, "fixture": {"id": 1379034, "timezone": "UTC", "date": "2025-10-05T13:00:00+00:00", "timestamp": 1759669200}, "league": {"id": 39, "season": 2025, "name": "Premier League", "country": "England", "logo": "https://media.api-sports.io/football/leagues/39.png", "flag": "https://media.api-sports.io/flags/gb-eng.svg"}}, {"player": {"id": 380679, "name": "C. Kporha", "photo": "https://media.api-sports.io/football/players/380679.png", "type": "Missing Fixture", "reason": "Back Injury"}, "team": {"id": 52, "name": "Crystal Palace", "logo": "https://media.api-sports.io/football/teams/52.png"}, "fixture": {"id": 1379034, "timezone": "UTC", "date": "2025-10-05T13:00:00+00:00", "timestamp": 1759669200}, "league": {"id": 39, "season": 2025, "name": "Premier League", "country": "England", "logo": "https://media.api-sports.io/football/leagues/39.png", "flag": "https://media.api-sports.io/flags/gb-eng.svg"}}, {"player": {"id": 278898, "name": "C. Riad", "photo": "https://media.api-sports.io/football/players/278898.png", "type": "Missing Fixture", "reason": "Knee Injury"}, "team": {"id": 52, "name": "Crystal Palace", "logo": "https://media.api-sports.io/football/teams/52.png"}, "fixture": {"id": 1379034, "timezone": "UTC", "date": "2025-10-05T13:00:00+00:00", "timestamp": 1759669200}, "league": {"id": 39, "season": 2025, "name": "Premier League", "country": "England", "logo": "https://media.api-sports.io/football/leagues/39.png", "flag": "https://media.api-sports.io/flags/gb-eng.svg"}}, {"player": {"id": 3339, "name": "C. Doucoure", "photo": "https://media.api-sports.io/football/players/3339.png", "type": "Missing Fixture", "reason": "Knee Injury"}, "team": {"id": 52, "name": "Crystal Palace", "logo": "https://media.api-sports.io/football/teams/52.png"}, "fixture": {"id": 1379041, "timezone": "UTC", "date": "2025-10-18T14:00:00+00:00", "timestamp": 1760796000}, "league": {"id": 39, "season": 2025, "name": "Premier League", "country": "England", "logo": "https://media.api-sports.io/football/leagues/39.png", "flag": "https://media.api-sports.io/flags/gb-eng.svg"}}, {"player": {"id": 278898, "name": "C. Riad", "photo": "https://media.api-sports.io/football/players/278898.png", "type": "Missing Fixture", "reason": "Knee Injury"}, "team": {"id": 52, "name": "Crystal Palace", "logo": "https://media.api-sports.io/football/teams/52.png"}, "fixture": {"id": 1379041, "timezone": "UTC", "date": "2025-10-18T14:00:00+00:00", "timestamp": 1760796000}, "league": {"id": 39, "season": 2025, "name": "Premier League", "country": "England", "logo": "https://media.api-sports.io/football/leagues/39.png", "flag": "https://media.api-sports.io/flags/gb-eng.svg"}}, {"player": {"id": 3339, "name": "C. Doucoure", "photo": "https://media.api-sports.io/football/players/3339.png", "type": "Missing Fixture", "reason": "Knee Injury"}, "team": {"id": 52, "name": "Crystal Palace", "logo": "https://media.api-sports.io/football/teams/52.png"}, "fixture": {"id": 1379049, "timezone": "UTC", "date": "2025-10-26T14:00:00+00:00", "timestamp": 1761487200}, "league": {"id": 39, "season": 2025, "name": "Premier League", "country": "England", "logo": "https://media.api-sports.io/football/leagues/39.png", "flag": "https://media.api-sports.io/flags/gb-eng.svg"}}, {"player": {"id": 380679, "name": "C. Kporha", "photo": "https://media.api-sports.io/football/players/380679.png", "type": "Missing Fixture", "reason": "Back Injury"}, "team": {"id": 52, "name": "Crystal Palace", "logo": "https://media.api-sports.io/football/teams/52.png"}, "fixture": {"id": 1379049, "timezone": "UTC", "date": "2025-10-26T14:00:00+00:00", "timestamp": 1761487200}, "league": {"id": 39, "season": 2025, "name": "Premier League", "country": "England", "logo": "https://media.api-sports.io/football/leagues/39.png", "flag": "https://media.api-sports.io/flags/gb-eng.svg"}}, {"player": {"id": 278898, "name": "C. Riad", "photo": "https://media.api-sports.io/football/players/278898.png", "type": "Missing Fixture", "reason": "Knee Injury"}, "team": {"id": 52, "name": "Crystal Palace", "logo": "https://media.api-sports.io/football/teams/52.png"}, "fixture": {"id": 1379049, "timezone": "UTC", "date": "2025-10-26T14:00:00+00:00", "timestamp": 1761487200}, "league": {"id": 39, "season": 2025, "name": "Premier League", "country": "England", "logo": "https://media.api-sports.io/football/leagues/39.png", "flag": "https://media.api-sports.io/flags/gb-eng.svg"}}, {"player": {"id": 3339, "name": "C. Doucoure", "photo": "https://media.api-sports.io/football/players/3339.png", "type": "Missing Fixture", "reason": "Knee Injury"}, "team": {"id": 52, "name": "Crystal Palace", "logo": "https://media.api-sports.io/football/teams/52.png"}, "fixture": {"id": 1379061, "timezone": "UTC", "date": "2025-11-01T15:00:00+00:00", "timestamp": 1762009200}, "league": {"id": 39, "season": 2025, "name": "Premier League", "country": "England", "logo": "https://media.api-sports.io/football/leagues/39.png", "flag": "https://media.api-sports.io/flags/gb-eng.svg"}}, {"player": {"id": 380679, "name": "C. Kporha", "photo": "https://media.api-sports.io/football/players/380679.png", "type": "Missing Fixture", "reason": "Back Injury"}, "team": {"id": 52, "name": "Crystal Palace", "logo": "https://media.api-sports.io/football/teams/52.png"}, "fixture": {"id": 1379061, "timezone": "UTC", "date": "2025-11-01T15:00:00+00:00", "timestamp": 1762009200}, "league": {"id": 39, "season": 2025, "name": "Premier League", "country": "England", "logo": "https://media.api-sports.io/football/leagues/39.png", "flag": "https://media.api-sports.io/flags/gb-eng.svg"}}, {"player": {"id": 1468, "name": "E. Nketiah", "photo": "https://media.api-sports.io/football/players/1468.png", "type": "Missing Fixture", "reason": "Thigh Injury"}, "team": {"id": 52, "name": "Crystal Palace", "logo": "https://media.api-sports.io/football/teams/52.png"}, "fixture": {"id": 1379061, "timezone": "UTC", "date": "2025-11-01T15:00:00+00:00", "timestamp": 1762009200}, "league": {"id": 39, "season": 2025, "name": "Premier League", "country": "England", "logo": "https://media.api-sports.io/football/leagues/39.png", "flag": "https://media.api-sports.io/flags/gb-eng.svg"}}, {"player": {"id": 278898, "name": "C. Riad", "photo": "https://media.api-sports.io/football/players/278898.png", "type": "Missing Fixture", "reason": "Knee Injury"}, "team": {"id": 52, "name": "Crystal Palace", "logo": "https://media.api-sports.io/football/teams/52.png"}, "fixture": {"id": 1379061, "timezone": "UTC", "date": "2025-11-01T15:00:00+00:00", "timestamp": 1762009200}, "league": {"id": 39, "season": 2025, "name": "Premier League", "country": "England", "logo": "https://media.api-sports.io/football/leagues/39.png", "flag": "https://media.api-sports.io/flags/gb-eng.svg"}}, {"player": {"id": 288102, "name": "A. Wharton", "photo": "https://media.api-sports.io/football/players/288102.png", "type": "Missing Fixture", "reason": "Illness"}, "team": {"id": 52, "name": "Crystal Palace", "logo": "https://media.api-sports.io/football/teams/52.png"}, "fixture": {"id": 1379061, "timezone": "UTC", "date": "2025-11-01T15:00:00+00:00", "timestamp": 1762009200}, "league": {"id": 39, "season": 2025, "name": "Premier League", "country": "England", "logo": "https://media.api-sports.io/football/leagues/39.png", "flag": "https://media.api-sports.io/flags/gb-eng.svg"}}, {"player": {"id": 380703, "name": "R. Cardines", "photo": "https://media.api-sports.io/football/players/380703.png", "type": "Missing Fixture", "reason": "Groin Injury"}, "team": {"id": 52, "name": "Crystal Palace", "logo": "https://media.api-sports.io/football/teams/52.png"}, "fixture": {"id": 1379072, "timezone": "UTC", "date": "2025-11-09T14:00:00+00:00", "timestamp": 1762696800}, "league": {"id": 39, "season": 2025, "name": "Premier League", "country": "England", "logo": "https://media.api-sports.io/football/leagues/39.png", "flag": "https://media.api-sports.io/flags/gb-eng.svg"}}, {"player": {"id": 3339, "name": "C. Doucoure", "photo": "https://media.api-sports.io/football/players/3339.png", "type": "Missing Fixture", "reason": "Knee Injury"}, "team": {"id": 52, "name": "Crystal Palace", "logo": "https://media.api-sports.io/football/teams/52.png"}, "fixture": {"id": 1379072, "timezone": "UTC", "date": "2025-11-09T14:00:00+00:00", "timestamp": 1762696800}, "league": {"id": 39, "season": 2025, "name": "Premier League", "country": "England", "logo": "https://media.api-sports.io/football/leagues/39.png", "flag": "https://media.api-sports.io/flags/gb-eng.svg"}}, {"player": {"id": 67971, "name": "M. Guehi", "photo": "https://media.api-sports.io/football/players/67971.png", "type": "Missing Fixture", "reason": "Foot Injury"}, "team": {"id": 52, "name": "Crystal Palace", "logo": "https://media.api-sports.io/football/teams/52.png"}, "fixture": {"id": 1379072, "timezone": "UTC", "date": "2025-11-09T14:00:00+00:00", "timestamp": 1762696800}, "league": {"id": 39, "season": 2025, "name": "Premier League", "country": "England", "logo": "https://media.api-sports.io/football/leagues/39.png", "flag": "https://media.api-sports.io/flags/gb-eng.svg"}}, {"player": {"id": 380679, "name": "C. Kporha", "photo": "https://media.api-sports.io/football/players/380679.png", "type": "Missing Fixture", "reason": "Back Injury"}, "team": {"id": 52, "name": "Crystal Palace", "logo": "https://media.api-sports.io/football/teams/52.png"}, "fixture": {"id": 1379072, "timezone": "UTC", "date": "2025-11-09T14:00:00+00:00", "timestamp": 1762696800}, "league": {"id": 39, "season": 2025, "name": "Premier League", "country": "England", "logo": "https://media.api-sports.io/football/leagues/39.png", "flag": "https://media.api-sports.io/flags/gb-eng.svg"}}, {"player": {"id": 1468, "name": "E. Nketiah", "photo": "https://media.api-sports.io/football/players/1468.png", "type": "Missing Fixture", "reason": "Thigh Injury"}, "team": {"id": 52, "name": "Crystal Palace", "logo": "https://media.api-sports.io/football/teams/52.png"}, "fixture": {"id": 1379072, "timezone": "UTC", "date": "2025-11-09T14:00:00+00:00", "timestamp": 1762696800}, "league": {"id": 39, "season": 2025, "name": "Premier League", "country": "England", "logo": "https://media.api-sports.io/football/leagues/39.png", "flag": "https://media.api-sports.io/flags/gb-eng.svg"}}, {"player": {"id": 278898, "name": "C. Riad", "photo": "https://media.api-sports.io/football/players/278898.png", "type": "Questionable", "reason": "Knee Injury"}, "team": {"id": 52, "name": "Crystal Palace", "logo": "https://media.api-sports.io/football/teams/52.png"}, "fixture": {"id": 1379072, "timezone": "UTC", "date": "2025-11-09T14:00:00+00:00", "timestamp": 1762696800}, "league": {"id": 39, "season": 2025, "name": "Premier League", "country": "England", "logo": "https://media.api-sports.io/football/leagues/39.png", "flag": "https://media.api-sports.io/flags/gb-eng.svg"}}, {"player": {"id": 380703, "name": "R. Cardines", "photo": "https://media.api-sports.io/football/players/380703.png", "type": "Missing Fixture", "reason": "Groin Injury"}, "team": {"id": 52, "name": "Crystal Palace", "logo": "https://media.api-sports.io/football/teams/52.png"}, "fixture": {"id": 1379088, "timezone": "UTC", "date": "2025-11-22T15:00:00+00:00", "timestamp": 1763823600}, "league": {"id": 39, "season": 2025, "name": "Premier League", "country": "England", "logo": "https://media.api-sports.io/football/leagues/39.png", "flag": "https://media.api-sports.io/flags/gb-eng.svg"}}, {"player": {"id": 3339, "name": "C. Doucoure", "photo": "https://media.api-sports.io/football/players/3339.png", "type": "Missing Fixture", "reason": "Knee Injury"}, "team": {"id": 52, "name": "Crystal Palace", "logo": "https://media.api-sports.io/football/teams/52.png"}, "fixture": {"id": 1379088, "timezone": "UTC", "date": "2025-11-22T15:00:00+00:00", "timestamp": 1763823600}, "league": {"id": 39, "season": 2025, "name": "Premier League", "country": "England", "logo": "https://media.api-sports.io/football/leagues/39.png", "flag": "https://media.api-sports.io/flags/gb-eng.svg"}}, {"player": {"id": 380679, "name": "C. Kporha", "photo": "https://media.api-sports.io/football/players/380679.png", "type": "Questionable", "reason": "Back Injury"}, "team": {"id": 52, "name": "Crystal Palace", "logo": "https://media.api-sports.io/football/teams/52.png"}, "fixture": {"id": 1379088, "timezone": "UTC", "date": "2025-11-22T15:00:00+00:00", "timestamp": 1763823600}, "league": {"id": 39, "season": 2025, "name": "Premier League", "country": "England", "logo": "https://media.api-sports.io/football/leagues/39.png", "flag": "https://media.api-sports.io/flags/gb-eng.svg"}}, {"player": {"id": 278898, "name": "C. Riad", "photo": "https://media.api-sports.io/football/players/278898.png", "type": "Questionable", "reason": "Knee Injury"}, "team": {"id": 52, "name": "Crystal Palace", "logo": "https://media.api-sports.io/football/teams/52.png"}, "fixture": {"id": 1379088, "timezone": "UTC", "date": "2025-11-22T15:00:00+00:00", "timestamp": 1763823600}, "league": {"id": 39, "season": 2025, "name": "Premier League", "country": "England", "logo": "https://media.api-sports.io/football/leagues/39.png", "flag": "https://media.api-sports.io/flags/gb-eng.svg"}}, {"player": {"id": 380703, "name": "R. Cardines", "photo": "https://media.api-sports.io/football/players/380703.png", "type": "Missing Fixture", "reason": "Muscle Injury"}, "team": {"id": 52, "name": "Crystal Palace", "logo": "https://media.api-sports.io/football/teams/52.png"}, "fixture": {"id": 1379092, "timezone": "UTC", "date": "2025-11-30T12:00:00+00:00", "timestamp": 1764504000}, "league": {"id": 39, "season": 2025, "name": "Premier League", "country": "England", "logo": "https://media.api-sports.io/football/leagues/39.png", "flag": "https://media.api-sports.io/flags/gb-eng.svg"}}, {"player": {"id": 3339, "name": "C. Doucoure", "photo": "https://media.api-sports.io/football/players/3339.png", "type": "Missing Fixture", "reason": "Knee Injury"}, "team": {"id": 52, "name": "Crystal Palace", "logo": "https://media.api-sports.io/football/teams/52.png"}, "fixture": {"id": 1379092, "timezone": "UTC", "date": "2025-11-30T12:00:00+00:00", "timestamp": 1764504000}, "league": {"id": 39, "season": 2025, "name": "Premier League", "country": "England", "logo": "https://media.api-sports.io/football/leagues/39.png", "flag": "https://media.api-sports.io/flags/gb-eng.svg"}}, {"player": {"id": 380679, "name": "C. Kporha", "photo": "https://media.api-sports.io/football/players/380679.png", "type": "Missing Fixture", "reason": "Back Injury"}, "team": {"id": 52, "name": "Crystal Palace", "logo": "https://media.api-sports.io/football/teams/52.png"}, "fixture": {"id": 1379092, "timezone": "UTC", "date": "2025-11-30T12:00:00+00:00", "timestamp": 1764504000}, "league": {"id": 39, "season": 2025, "name": "Premier League", "country": "England", "logo": "https://media.api-sports.io/football/leagues/39.png", "flag": "https://media.api-sports.io/flags/gb-eng.svg"}}, {"player": {"id": 26303, "name": "B. Sosa", "photo": "https://media.api-sports.io/football/players/26303.png", "type": "Missing Fixture", "reason": "Knock"}, "team": {"id": 52, "name": "Crystal Palace", "logo": "https://media.api-sports.io/football/teams/52.png"}, "fixture": {"id": 1379092, "timezone": "UTC", "date": "2025-11-30T12:00:00+00:00", "timestamp": 1764504000}, "league": {"id": 39, "season": 2025, "name": "Premier League", "country": "England", "logo": "https://media.api-sports.io/football/leagues/39.png", "flag": "https://media.api-sports.io/flags/gb-eng.svg"}}, {"player": {"id": 278898, "name": "C. Riad", "photo": "https://media.api-sports.io/football/players/278898.png", "type": "Questionable", "reason": "Knee Injury"}, "team": {"id": 52, "name": "Crystal Palace", "logo": "https://media.api-sports.io/football/teams/52.png"}, "fixture": {"id": 1379092, "timezone": "UTC", "date": "2025-11-30T12:00:00+00:00", "timestamp": 1764504000}, "league": {"id": 39, "season": 2025, "name": "Premier League", "country": "England", "logo": "https://media.api-sports.io/football/leagues/39.png", "flag": "https://media.api-sports.io/flags/gb-eng.svg"}}, {"player": {"id": 380703, "name": "R. Cardines", "photo": "https://media.api-sports.io/football/players/380703.png", "type": "Missing Fixture", "reason": "Muscle Injury"}, "team": {"id": 52, "name": "Crystal Palace", "logo": "https://media.api-sports.io/football/teams/52.png"}, "fixture": {"id": 1379102, "timezone": "UTC", "date": "2025-12-03T19:30:00+00:00", "timestamp": 1764790200}, "league": {"id": 39, "season": 2025, "name": "Premier League", "country": "England", "logo": "https://media.api-sports.io/football/leagues/39.png", "flag": "https://media.api-sports.io/flags/gb-eng.svg"}}, {"player": {"id": 3339, "name": "C. Doucoure", "photo": "https://media.api-sports.io/football/players/3339.png", "type": "Missing Fixture", "reason": "Knee Injury"}, "team": {"id": 52, "name": "Crystal Palace", "logo": "https://media.api-sports.io/football/teams/52.png"}, "fixture": {"id": 1379102, "timezone": "UTC", "date": "2025-12-03T19:30:00+00:00", "timestamp": 1764790200}, "league": {"id": 39, "season": 2025, "name": "Premier League", "country": "England", "logo": "https://media.api-sports.io/football/leagues/39.png", "flag": "https://media.api-sports.io/flags/gb-eng.svg"}}, {"player": {"id": 380679, "name": "C. Kporha", "photo": "https://media.api-sports.io/football/players/380679.png", "type": "Missing Fixture", "reason": "Back Injury"}, "team": {"id": 52, "name": "Crystal Palace", "logo": "https://media.api-sports.io/football/teams/52.png"}, "fixture": {"id": 1379102, "timezone": "UTC", "date": "2025-12-03T19:30:00+00:00", "timestamp": 1764790200}, "league": {"id": 39, "season": 2025, "name": "Premier League", "country": "England", "logo": "https://media.api-sports.io/football/leagues/39.png", "flag": "https://media.api-sports.io/flags/gb-eng.svg"}}, {"player": {"id": 2218, "name": "I. Sarr", "photo": "https://media.api-sports.io/football/players/2218.png", "type": "Missing Fixture", "reason": "Injury"}, "team": {"id": 52, "name": "Crystal Palace", "logo": "https://media.api-sports.io/football/teams/52.png"}, "fixture": {"id": 1379102, "timezone": "UTC", "date": "2025-12-03T19:30:00+00:00", "timestamp": 1764790200}, "league": {"id": 39, "season": 2025, "name": "Premier League", "country": "England", "logo": "https://media.api-sports.io/football/leagues/39.png", "flag": "https://media.api-sports.io/flags/gb-eng.svg"}}, {"player": {"id": 26303, "name": "B. Sosa", "photo": "https://media.api-sports.io/football/players/26303.png", "type": "Missing Fixture", "reason": "Knock"}, "team": {"id": 52, "name": "Crystal Palace", "logo": "https://media.api-sports.io/football/teams/52.png"}, "fixture": {"id": 1379102, "timezone": "UTC", "date": "2025-12-03T19:30:00+00:00", "timestamp": 1764790200}, "league": {"id": 39, "season": 2025, "name": "Premier League", "country": "England", "logo": "https://media.api-sports.io/football/leagues/39.png", "flag": "https://media.api-sports.io/flags/gb-eng.svg"}}, {"player": {"id": 278898, "name": "C. Riad", "photo": "https://media.api-sports.io/football/players/278898.png", "type": "Questionable", "reason": "Knee Injury"}, "team": {"id": 52, "name": "Crystal Palace", "logo": "https://media.api-sports.io/football/teams/52.png"}, "fixture": {"id": 1379102, "timezone": "UTC", "date": "2025-12-03T19:30:00+00:00", "timestamp": 1764790200}, "league": {"id": 39, "season": 2025, "name": "Premier League", "country": "England", "logo": "https://media.api-sports.io/football/leagues/39.png", "flag": "https://media.api-sports.io/flags/gb-eng.svg"}}, {"player": {"id": 380703, "name": "R. Cardines", "photo": "https://media.api-sports.io/football/players/380703.png", "type": "Missing Fixture", "reason": "Muscle Injury"}, "team": {"id": 52, "name": "Crystal Palace", "logo": "https://media.api-sports.io/football/teams/52.png"}, "fixture": {"id": 1379113, "timezone": "UTC", "date": "2025-12-07T16:30:00+00:00", "timestamp": 1765125000}, "league": {"id": 39, "season": 2025, "name": "Premier League", "country": "England", "logo": "https://media.api-sports.io/football/leagues/39.png", "flag": "https://media.api-sports.io/flags/gb-eng.svg"}}, {"player": {"id": 3339, "name": "C. Doucoure", "photo": "https://media.api-sports.io/football/players/3339.png", "type": "Missing Fixture", "reason": "Knee Injury"}, "team": {"id": 52, "name": "Crystal Palace", "logo": "https://media.api-sports.io/football/teams/52.png"}, "fixture": {"id": 1379113, "timezone": "UTC", "date": "2025-12-07T16:30:00+00:00", "timestamp": 1765125000}, "league": {"id": 39, "season": 2025, "name": "Premier League", "country": "England", "logo": "https://media.api-sports.io/football/leagues/39.png", "flag": "https://media.api-sports.io/flags/gb-eng.svg"}}, {"player": {"id": 380679, "name": "C. Kporha", "photo": "https://media.api-sports.io/football/players/380679.png", "type": "Missing Fixture", "reason": "Back Injury"}, "team": {"id": 52, "name": "Crystal Palace", "logo": "https://media.api-sports.io/football/teams/52.png"}, "fixture": {"id": 1379113, "timezone": "UTC", "date": "2025-12-07T16:30:00+00:00", "timestamp": 1765125000}, "league": {"id": 39, "season": 2025, "name": "Premier League", "country": "England", "logo": "https://media.api-sports.io/football/leagues/39.png", "flag": "https://media.api-sports.io/flags/gb-eng.svg"}}, {"player": {"id": 278898, "name": "C. Riad", "photo": "https://media.api-sports.io/football/players/278898.png", "type": "Missing Fixture", "reason": "Knee Injury"}, "team": {"id": 52, "name": "Crystal Palace", "logo": "https://media.api-sports.io/football/teams/52.png"}, "fixture": {"id": 1379113, "timezone": "UTC", "date": "2025-12-07T16:30:00+00:00", "timestamp": 1765125000}, "league": {"id": 39, "season": 2025, "name": "Premier League", "country": "England", "logo": "https://media.api-sports.io/football/leagues/39.png", "flag": "https://media.api-sports.io/flags/gb-eng.svg"}}, {"player": {"id": 2218, "name": "I. Sarr", "photo": "https://media.api-sports.io/football/players/2218.png", "type": "Questionable", "reason": "Ankle Injury"}, "team": {"id": 52, "name": "Crystal Palace", "logo": "https://media.api-sports.io/football/teams/52.png"}, "fixture": {"id": 1379113, "timezone": "UTC", "date": "2025-12-07T16:30:00+00:00", "timestamp": 1765125000}, "league": {"id": 39, "season": 2025, "name": "Premier League", "country": "England", "logo": "https://media.api-sports.io/football/leagues/39.png", "flag": "https://media.api-sports.io/flags/gb-eng.svg"}}, {"player": {"id": 380703, "name": "R. Cardines", "photo": "https://media.api-sports.io/football/players/380703.png", "type": "Missing Fixture", "reason": "Muscle Injury"}, "team": {"id": 52, "name": "Crystal Palace", "logo": "https://media.api-sports.io/football/teams/52.png"}, "fixture": {"id": 1379123, "timezone": "UTC", "date": "2025-12-14T14:00:00+00:00", "timestamp": 1765720800}, "league": {"id": 39, "season": 2025, "name": "Premier League", "country": "England", "logo": "https://media.api-sports.io/football/leagues/39.png", "flag": "https://media.api-sports.io/flags/gb-eng.svg"}}, {"player": {"id": 3339, "name": "C. Doucoure", "photo": "https://media.api-sports.io/football/players/3339.png", "type": "Missing Fixture", "reason": "Knee Injury"}, "team": {"id": 52, "name": "Crystal Palace", "logo": "https://media.api-sports.io/football/teams/52.png"}, "fixture": {"id": 1379123, "timezone": "UTC", "date": "2025-12-14T14:00:00+00:00", "timestamp": 1765720800}, "league": {"id": 39, "season": 2025, "name": "Premier League", "country": "England", "logo": "https://media.api-sports.io/football/leagues/39.png", "flag": "https://media.api-sports.io/flags/gb-eng.svg"}}, {"player": {"id": 380679, "name": "C. Kporha", "photo": "https://media.api-sports.io/football/players/380679.png", "type": "Missing Fixture", "reason": "Back Injury"}, "team": {"id": 52, "name": "Crystal Palace", "logo": "https://media.api-sports.io/football/teams/52.png"}, "fixture": {"id": 1379123, "timezone": "UTC", "date": "2025-12-14T14:00:00+00:00", "timestamp": 1765720800}, "league": {"id": 39, "season": 2025, "name": "Premier League", "country": "England", "logo": "https://media.api-sports.io/football/leagues/39.png", "flag": "https://media.api-sports.io/flags/gb-eng.svg"}}, {"player": {"id": 13736, "name": "D. Munoz", "photo": "https://media.api-sports.io/football/players/13736.png", "type": "Missing Fixture", "reason": "Knee Injury"}, "team": {"id": 52, "name": "Crystal Palace", "logo": "https://media.api-sports.io/football/teams/52.png"}, "fixture": {"id": 1379123, "timezone": "UTC", "date": "2025-12-14T14:00:00+00:00", "timestamp": 1765720800}, "league": {"id": 39, "season": 2025, "name": "Premier League", "country": "England", "logo": "https://media.api-sports.io/football/leagues/39.png", "flag": "https://media.api-sports.io/flags/gb-eng.svg"}}, {"player": {"id": 278898, "name": "C. Riad", "photo": "https://media.api-sports.io/football/players/278898.png", "type": "Missing Fixture", "reason": "Knee Injury"}, "team": {"id": 52, "name": "Crystal Palace", "logo": "https://media.api-sports.io/football/teams/52.png"}, "fixture": {"id": 1379123, "timezone": "UTC", "date": "2025-12-14T14:00:00+00:00", "timestamp": 1765720800}, "league": {"id": 39, "season": 2025, "name": "Premier League", "country": "England", "logo": "https://media.api-sports.io/football/leagues/39.png", "flag": "https://media.api-sports.io/flags/gb-eng.svg"}}, {"player": {"id": 380703, "name": "R. Cardines", "photo": "https://media.api-sports.io/football/players/380703.png", "type": "Missing Fixture", "reason": "Muscle Injury"}, "team": {"id": 52, "name": "Crystal Palace", "logo": "https://media.api-sports.io/football/teams/52.png"}, "fixture": {"id": 1379134, "timezone": "UTC", "date": "2025-12-20T20:00:00+00:00", "timestamp": 1766260800}, "league": {"id": 39, "season": 2025, "name": "Premier League", "country": "England", "logo": "https://media.api-sports.io/football/leagues/39.png", "flag": "https://media.api-sports.io/flags/gb-eng.svg"}}, {"player": {"id": 3339, "name": "C. Doucoure", "photo": "https://media.api-sports.io/football/players/3339.png", "type": "Missing Fixture", "reason": "Knee Injury"}, "team": {"id": 52, "name": "Crystal Palace", "logo": "https://media.api-sports.io/football/teams/52.png"}, "fixture": {"id": 1379134, "timezone": "UTC", "date": "2025-12-20T20:00:00+00:00", "timestamp": 1766260800}, "league": {"id": 39, "season": 2025, "name": "Premier League", "country": "England", "logo": "https://media.api-sports.io/football/leagues/39.png", "flag": "https://media.api-sports.io/flags/gb-eng.svg"}}, {"player": {"id": 2601, "name": "D. Kamada", "photo": "https://media.api-sports.io/football/players/2601.png", "type": "Missing Fixture", "reason": "Hamstring Injury"}, "team": {"id": 52, "name": "Crystal Palace", "logo": "https://media.api-sports.io/football/teams/52.png"}, "fixture": {"id": 1379134, "timezone": "UTC", "date": "2025-12-20T20:00:00+00:00", "timestamp": 1766260800}, "league": {"id": 39, "season": 2025, "name": "Premier League", "country": "England", "logo": "https://media.api-sports.io/football/leagues/39.png", "flag": "https://media.api-sports.io/flags/gb-eng.svg"}}, {"player": {"id": 380679, "name": "C. Kporha", "photo": "https://media.api-sports.io/football/players/380679.png", "type": "Missing Fixture", "reason": "Back Injury"}, "team": {"id": 52, "name": "Crystal Palace", "logo": "https://media.api-sports.io/football/teams/52.png"}, "fixture": {"id": 1379134, "timezone": "UTC", "date": "2025-12-20T20:00:00+00:00", "timestamp": 1766260800}, "league": {"id": 39, "season": 2025, "name": "Premier League", "country": "England", "logo": "https://media.api-sports.io/football/leagues/39.png", "flag": "https://media.api-sports.io/flags/gb-eng.svg"}}, {"player": {"id": 13736, "name": "D. Munoz", "photo": "https://media.api-sports.io/football/players/13736.png", "type": "Missing Fixture", "reason": "Knee Injury"}, "team": {"id": 52, "name": "Crystal Palace", "logo": "https://media.api-sports.io/football/teams/52.png"}, "fixture": {"id": 1379134, "timezone": "UTC", "date": "2025-12-20T20:00:00+00:00", "timestamp": 1766260800}, "league": {"id": 39, "season": 2025, "name": "Premier League", "country": "England", "logo": "https://media.api-sports.io/football/leagues/39.png", "flag": "https://media.api-sports.io/flags/gb-eng.svg"}}, {"player": {"id": 278898, "name": "C. Riad", "photo": "https://media.api-sports.io/football/players/278898.png", "type": "Missing Fixture", "reason": "Knee Injury"}, "team": {"id": 52, "name": "Crystal Palace", "logo": "https://media.api-sports.io/football/teams/52.png"}, "fixture": {"id": 1379134, "timezone": "UTC", "date": "2025-12-20T20:00:00+00:00", "timestamp": 1766260800}, "league": {"id": 39, "season": 2025, "name": "Premier League", "country": "England", "logo": "https://media.api-sports.io/football/leagues/39.png", "flag": "https://media.api-sports.io/flags/gb-eng.svg"}}, {"player": {"id": 2218, "name": "I. Sarr", "photo": "https://media.api-sports.io/football/players/2218.png", "type": "Missing Fixture", "reason": "International duty"}, "team": {"id": 52, "name": "Crystal Palace", "logo": "https://media.api-sports.io/football/teams/52.png"}, "fixture": {"id": 1379134, "timezone": "UTC", "date": "2025-12-20T20:00:00+00:00", "timestamp": 1766260800}, "league": {"id": 39, "season": 2025, "name": "Premier League", "country": "England", "logo": "https://media.api-sports.io/football/leagues/39.png", "flag": "https://media.api-sports.io/flags/gb-eng.svg"}}, {"player": {"id": 380703, "name": "R. Cardines", "photo": "https://media.api-sports.io/football/players/380703.png", "type": "Missing Fixture", "reason": "Muscle Injury"}, "team": {"id": 52, "name": "Crystal Palace", "logo": "https://media.api-sports.io/football/teams/52.png"}, "fixture": {"id": 1379143, "timezone": "UTC", "date": "2025-12-28T16:30:00+00:00", "timestamp": 1766939400}, "league": {"id": 39, "season": 2025, "name": "Premier League", "country": "England", "logo": "https://media.api-sports.io/football/leagues/39.png", "flag": "https://media.api-sports.io/flags/gb-eng.svg"}}, {"player": {"id": 3339, "name": "C. Doucoure", "photo": "https://media.api-sports.io/football/players/3339.png", "type": "Missing Fixture", "reason": "Knee Injury"}, "team": {"id": 52, "name": "Crystal Palace", "logo": "https://media.api-sports.io/football/teams/52.png"}, "fixture": {"id": 1379143, "timezone": "UTC", "date": "2025-12-28T16:30:00+00:00", "timestamp": 1766939400}, "league": {"id": 39, "season": 2025, "name": "Premier League", "country": "England", "logo": "https://media.api-sports.io/football/leagues/39.png", "flag": "https://media.api-sports.io/flags/gb-eng.svg"}}, {"player": {"id": 2601, "name": "D. Kamada", "photo": "https://media.api-sports.io/football/players/2601.png", "type": "Missing Fixture", "reason": "Hamstring Injury"}, "team": {"id": 52, "name": "Crystal Palace", "logo": "https://media.api-sports.io/football/teams/52.png"}, "fixture": {"id": 1379143, "timezone": "UTC", "date": "2025-12-28T16:30:00+00:00", "timestamp": 1766939400}, "league": {"id": 39, "season": 2025, "name": "Premier League", "country": "England", "logo": "https://media.api-sports.io/football/leagues/39.png", "flag": "https://media.api-sports.io/flags/gb-eng.svg"}}, {"player": {"id": 380679, "name": "C. Kporha", "photo": "https://media.api-sports.io/football/players/380679.png", "type": "Missing Fixture", "reason": "Back Injury"}, "team": {"id": 52, "name": "Crystal Palace", "logo": "https://media.api-sports.io/football/teams/52.png"}, "fixture": {"id": 1379143, "timezone": "UTC", "date": "2025-12-28T16:30:00+00:00", "timestamp": 1766939400}, "league": {"id": 39, "season": 2025, "name": "Premier League", "country": "England", "logo": "https://media.api-sports.io/football/leagues/39.png", "flag": "https://media.api-sports.io/flags/gb-eng.svg"}}, {"player": {"id": 13736, "name": "D. Munoz", "photo": "https://media.api-sports.io/football/players/13736.png", "type": "Missing Fixture", "reason": "Knee Injury"}, "team": {"id": 52, "name": "Crystal Palace", "logo": "https://media.api-sports.io/football/teams/52.png"}, "fixture": {"id": 1379143, "timezone": "UTC", "date": "2025-12-28T16:30:00+00:00", "timestamp": 1766939400}, "league": {"id": 39, "season": 2025, "name": "Premier League", "country": "England", "logo": "https://media.api-sports.io/football/leagues/39.png", "flag": "https://media.api-sports.io/flags/gb-eng.svg"}}, {"player": {"id": 278898, "name": "C. Riad", "photo": "https://media.api-sports.io/football/players/278898.png", "type": "Missing Fixture", "reason": "Knee Injury"}, "team": {"id": 52, "name": "Crystal Palace", "logo": "https://media.api-sports.io/football/teams/52.png"}, "fixture": {"id": 1379143, "timezone": "UTC", "date": "2025-12-28T16:30:00+00:00", "timestamp": 1766939400}, "league": {"id": 39, "season": 2025, "name": "Premier League", "country": "England", "logo": "https://media.api-sports.io/football/leagues/39.png", "flag": "https://media.api-sports.io/flags/gb-eng.svg"}}, {"player": {"id": 2218, "name": "I. Sarr", "photo": "https://media.api-sports.io/football/players/2218.png", "type": "Missing Fixture", "reason": "International duty"}, "team": {"id": 52, "name": "Crystal Palace", "logo": "https://media.api-sports.io/football/teams/52.png"}, "fixture": {"id": 1379143, "timezone": "UTC", "date": "2025-12-28T16:30:00+00:00", "timestamp": 1766939400}, "league": {"id": 39, "season": 2025, "name": "Premier League", "country": "England", "logo": "https://media.api-sports.io/football/leagues/39.png", "flag": "https://media.api-sports.io/flags/gb-eng.svg"}}, {"player": {"id": 126949, "name": "C. Richards", "photo": "https://media.api-sports.io/football/players/126949.png", "type": "Questionable", "reason": "Foot Injury"}, "team": {"id": 52, "name": "Crystal Palace", "logo": "https://media.api-sports.io/football/teams/52.png"}, "fixture": {"id": 1379143, "timezone": "UTC", "date": "2025-12-28T16:30:00+00:00", "timestamp": 1766939400}, "league": {"id": 39, "season": 2025, "name": "Premier League", "country": "England", "logo": "https://media.api-sports.io/football/leagues/39.png", "flag": "https://media.api-sports.io/flags/gb-eng.svg"}}, {"player": {"id": 380703, "name": "R. Cardines", "photo": "https://media.api-sports.io/football/players/380703.png", "type": "Missing Fixture", "reason": "Muscle Injury"}, "team": {"id": 52, "name": "Crystal Palace", "logo": "https://media.api-sports.io/football/teams/52.png"}, "fixture": {"id": 1379153, "timezone": "UTC", "date": "2026-01-01T17:30:00+00:00", "timestamp": 1767288600}, "league": {"id": 39, "season": 2025, "name": "Premier League", "country": "England", "logo": "https://media.api-sports.io/football/leagues/39.png", "flag": "https://media.api-sports.io/flags/gb-eng.svg"}}, {"player": {"id": 3339, "name": "C. Doucoure", "photo": "https://media.api-sports.io/football/players/3339.png", "type": "Missing Fixture", "reason": "Knee Injury"}, "team": {"id": 52, "name": "Crystal Palace", "logo": "https://media.api-sports.io/football/teams/52.png"}, "fixture": {"id": 1379153, "timezone": "UTC", "date": "2026-01-01T17:30:00+00:00", "timestamp": 1767288600}, "league": {"id": 39, "season": 2025, "name": "Premier League", "country": "England", "logo": "https://media.api-sports.io/football/leagues/39.png", "flag": "https://media.api-sports.io/flags/gb-eng.svg"}}, {"player": {"id": 2601, "name": "D. Kamada", "photo": "https://media.api-sports.io/football/players/2601.png", "type": "Missing Fixture", "reason": "Hamstring Injury"}, "team": {"id": 52, "name": "Crystal Palace", "logo": "https://media.api-sports.io/football/teams/52.png"}, "fixture": {"id": 1379153, "timezone": "UTC", "date": "2026-01-01T17:30:00+00:00", "timestamp": 1767288600}, "league": {"id": 39, "season": 2025, "name": "Premier League", "country": "England", "logo": "https://media.api-sports.io/football/leagues/39.png", "flag": "https://media.api-sports.io/flags/gb-eng.svg"}}, {"player": {"id": 380679, "name": "C. Kporha", "photo": "https://media.api-sports.io/football/players/380679.png", "type": "Missing Fixture", "reason": "Back Injury"}, "team": {"id": 52, "name": "Crystal Palace", "logo": "https://media.api-sports.io/football/teams/52.png"}, "fixture": {"id": 1379153, "timezone": "UTC", "date": "2026-01-01T17:30:00+00:00", "timestamp": 1767288600}, "league": {"id": 39, "season": 2025, "name": "Premier League", "country": "England", "logo": "https://media.api-sports.io/football/leagues/39.png", "flag": "https://media.api-sports.io/flags/gb-eng.svg"}}, {"player": {"id": 13736, "name": "D. Munoz", "photo": "https://media.api-sports.io/football/players/13736.png", "type": "Missing Fixture", "reason": "Knee Injury"}, "team": {"id": 52, "name": "Crystal Palace", "logo": "https://media.api-sports.io/football/teams/52.png"}, "fixture": {"id": 1379153, "timezone": "UTC", "date": "2026-01-01T17:30:00+00:00", "timestamp": 1767288600}, "league": {"id": 39, "season": 2025, "name": "Premier League", "country": "England", "logo": "https://media.api-sports.io/football/leagues/39.png", "flag": "https://media.api-sports.io/flags/gb-eng.svg"}}, {"player": {"id": 1468, "name": "E. Nketiah", "photo": "https://media.api-sports.io/football/players/1468.png", "type": "Missing Fixture", "reason": "Thigh Injury"}, "team": {"id": 52, "name": "Crystal Palace", "logo": "https://media.api-sports.io/football/teams/52.png"}, "fixture": {"id": 1379153, "timezone": "UTC", "date": "2026-01-01T17:30:00+00:00", "timestamp": 1767288600}, "league": {"id": 39, "season": 2025, "name": "Premier League", "country": "England", "logo": "https://media.api-sports.io/football/leagues/39.png", "flag": "https://media.api-sports.io/flags/gb-eng.svg"}}, {"player": {"id": 278898, "name": "C. Riad", "photo": "https://media.api-sports.io/football/players/278898.png", "type": "Missing Fixture", "reason": "Knee Injury"}, "team": {"id": 52, "name": "Crystal Palace", "logo": "https://media.api-sports.io/football/teams/52.png"}, "fixture": {"id": 1379153, "timezone": "UTC", "date": "2026-01-01T17:30:00+00:00", "timestamp": 1767288600}, "league": {"id": 39, "season": 2025, "name": "Premier League", "country": "England", "logo": "https://media.api-sports.io/football/leagues/39.png", "flag": "https://media.api-sports.io/flags/gb-eng.svg"}}, {"player": {"id": 126949, "name": "C. Richards", "photo": "https://media.api-sports.io/football/players/126949.png", "type": "Missing Fixture", "reason": "Foot Injury"}, "team": {"id": 52, "name": "Crystal Palace", "logo": "https://media.api-sports.io/football/teams/52.png"}, "fixture": {"id": 1379153, "timezone": "UTC", "date": "2026-01-01T17:30:00+00:00", "timestamp": 1767288600}, "league": {"id": 39, "season": 2025, "name": "Premier League", "country": "England", "logo": "https://media.api-sports.io/football/leagues/39.png", "flag": "https://media.api-sports.io/flags/gb-eng.svg"}}, {"player": {"id": 2218, "name": "I. Sarr", "photo": "https://media.api-sports.io/football/players/2218.png", "type": "Missing Fixture", "reason": "International duty"}, "team": {"id": 52, "name": "Crystal Palace", "logo": "https://media.api-sports.io/football/teams/52.png"}, "fixture": {"id": 1379153, "timezone": "UTC", "date": "2026-01-01T17:30:00+00:00", "timestamp": 1767288600}, "league": {"id": 39, "season": 2025, "name": "Premier League", "country": "England", "logo": "https://media.api-sports.io/football/leagues/39.png", "flag": "https://media.api-sports.io/flags/gb-eng.svg"}}, {"player": {"id": 380703, "name": "R. Cardines", "photo": "https://media.api-sports.io/football/players/380703.png", "type": "Missing Fixture", "reason": "Muscle Injury"}, "team": {"id": 52, "name": "Crystal Palace", "logo": "https://media.api-sports.io/football/teams/52.png"}, "fixture": {"id": 1379166, "timezone": "UTC", "date": "2026-01-04T15:00:00+00:00", "timestamp": 1767538800}, "league": {"id": 39, "season": 2025, "name": "Premier League", "country": "England", "logo": "https://media.api-sports.io/football/leagues/39.png", "flag": "https://media.api-sports.io/flags/gb-eng.svg"}}, {"player": {"id": 3339, "name": "C. Doucoure", "photo": "https://media.api-sports.io/football/players/3339.png", "type": "Missing Fixture", "reason": "Knee Injury"}, "team": {"id": 52, "name": "Crystal Palace", "logo": "https://media.api-sports.io/football/teams/52.png"}, "fixture": {"id": 1379166, "timezone": "UTC", "date": "2026-01-04T15:00:00+00:00", "timestamp": 1767538800}, "league": {"id": 39, "season": 2025, "name": "Premier League", "country": "England", "logo": "https://media.api-sports.io/football/leagues/39.png", "flag": "https://media.api-sports.io/flags/gb-eng.svg"}}, {"player": {"id": 2601, "name": "D. Kamada", "photo": "https://media.api-sports.io/football/players/2601.png", "type": "Missing Fixture", "reason": "Hamstring Injury"}, "team": {"id": 52, "name": "Crystal Palace", "logo": "https://media.api-sports.io/football/teams/52.png"}, "fixture": {"id": 1379166, "timezone": "UTC", "date": "2026-01-04T15:00:00+00:00", "timestamp": 1767538800}, "league": {"id": 39, "season": 2025, "name": "Premier League", "country": "England", "logo": "https://media.api-sports.io/football/leagues/39.png", "flag": "https://media.api-sports.io/flags/gb-eng.svg"}}, {"player": {"id": 380679, "name": "C. Kporha", "photo": "https://media.api-sports.io/football/players/380679.png", "type": "Missing Fixture", "reason": "Back Injury"}, "team": {"id": 52, "name": "Crystal Palace", "logo": "https://media.api-sports.io/football/teams/52.png"}, "fixture": {"id": 1379166, "timezone": "UTC", "date": "2026-01-04T15:00:00+00:00", "timestamp": 1767538800}, "league": {"id": 39, "season": 2025, "name": "Premier League", "country": "England", "logo": "https://media.api-sports.io/football/leagues/39.png", "flag": "https://media.api-sports.io/flags/gb-eng.svg"}}, {"player": {"id": 13736, "name": "D. Munoz", "photo": "https://media.api-sports.io/football/players/13736.png", "type": "Missing Fixture", "reason": "Knee Injury"}, "team": {"id": 52, "name": "Crystal Palace", "logo": "https://media.api-sports.io/football/teams/52.png"}, "fixture": {"id": 1379166, "timezone": "UTC", "date": "2026-01-04T15:00:00+00:00", "timestamp": 1767538800}, "league": {"id": 39, "season": 2025, "name": "Premier League", "country": "England", "logo": "https://media.api-sports.io/football/leagues/39.png", "flag": "https://media.api-sports.io/flags/gb-eng.svg"}}, {"player": {"id": 1468, "name": "E. Nketiah", "photo": "https://media.api-sports.io/football/players/1468.png", "type": "Missing Fixture", "reason": "Thigh Injury"}, "team": {"id": 52, "name": "Crystal Palace", "logo": "https://media.api-sports.io/football/teams/52.png"}, "fixture": {"id": 1379166, "timezone": "UTC", "date": "2026-01-04T15:00:00+00:00", "timestamp": 1767538800}, "league": {"id": 39, "season": 2025, "name": "Premier League", "country": "England", "logo": "https://media.api-sports.io/football/leagues/39.png", "flag": "https://media.api-sports.io/flags/gb-eng.svg"}}, {"player": {"id": 278898, "name": "C. Riad", "photo": "https://media.api-sports.io/football/players/278898.png", "type": "Missing Fixture", "reason": "Knee Injury"}, "team": {"id": 52, "name": "Crystal Palace", "logo": "https://media.api-sports.io/football/teams/52.png"}, "fixture": {"id": 1379166, "timezone": "UTC", "date": "2026-01-04T15:00:00+00:00", "timestamp": 1767538800}, "league": {"id": 39, "season": 2025, "name": "Premier League", "country": "England", "logo": "https://media.api-sports.io/football/leagues/39.png", "flag": "https://media.api-sports.io/flags/gb-eng.svg"}}, {"player": {"id": 2218, "name": "I. Sarr", "photo": "https://media.api-sports.io/football/players/2218.png", "type": "Missing Fixture", "reason": "International duty"}, "team": {"id": 52, "name": "Crystal Palace", "logo": "https://media.api-sports.io/football/teams/52.png"}, "fixture": {"id": 1379166, "timezone": "UTC", "date": "2026-01-04T15:00:00+00:00", "timestamp": 1767538800}, "league": {"id": 39, "season": 2025, "name": "Premier League", "country": "England", "logo": "https://media.api-sports.io/football/leagues/39.png", "flag": "https://media.api-sports.io/flags/gb-eng.svg"}}, {"player": {"id": 18806, "name": "W. Hughes", "photo": "https://media.api-sports.io/football/players/18806.png", "type": "Questionable", "reason": "Injury"}, "team": {"id": 52, "name": "Crystal Palace", "logo": "https://media.api-sports.io/football/teams/52.png"}, "fixture": {"id": 1379166, "timezone": "UTC", "date": "2026-01-04T15:00:00+00:00", "timestamp": 1767538800}, "league": {"id": 39, "season": 2025, "name": "Premier League", "country": "England", "logo": "https://media.api-sports.io/football/leagues/39.png", "flag": "https://media.api-sports.io/flags/gb-eng.svg"}}, {"player": {"id": 126949, "name": "C. Richards", "photo": "https://media.api-sports.io/football/players/126949.png", "type": "Questionable", "reason": "Foot Injury"}, "team": {"id": 52, "name": "Crystal Palace", "logo": "https://media.api-sports.io/football/teams/52.png"}, "fixture": {"id": 1379166, "timezone": "UTC", "date": "2026-01-04T15:00:00+00:00", "timestamp": 1767538800}, "league": {"id": 39, "season": 2025, "name": "Premier League", "country": "England", "logo": "https://media.api-sports.io/football/leagues/39.png", "flag": "https://media.api-sports.io/flags/gb-eng.svg"}}, {"player": {"id": 380703, "name": "R. Cardines", "photo": "https://media.api-sports.io/football/players/380703.png", "type": "Missing Fixture", "reason": "Muscle Injury"}, "team": {"id": 52, "name": "Crystal Palace", "logo": "https://media.api-sports.io/football/teams/52.png"}, "fixture": {"id": 1379186, "timezone": "UTC", "date": "2026-01-17T15:00:00+00:00", "timestamp": 1768662000}, "league": {"id": 39, "season": 2025, "name": "Premier League", "country": "England", "logo": "https://media.api-sports.io/football/leagues/39.png", "flag": "https://media.api-sports.io/flags/gb-eng.svg"}}, {"player": {"id": 3339, "name": "C. Doucoure", "photo": "https://media.api-sports.io/football/players/3339.png", "type": "Missing Fixture", "reason": "Knee Injury"}, "team": {"id": 52, "name": "Crystal Palace", "logo": "https://media.api-sports.io/football/teams/52.png"}, "fixture": {"id": 1379186, "timezone": "UTC", "date": "2026-01-17T15:00:00+00:00", "timestamp": 1768662000}, "league": {"id": 39, "season": 2025, "name": "Premier League", "country": "England", "logo": "https://media.api-sports.io/football/leagues/39.png", "flag": "https://media.api-sports.io/flags/gb-eng.svg"}}, {"player": {"id": 67971, "name": "M. Guehi", "photo": "https://media.api-sports.io/football/players/67971.png", "type": "Missing Fixture", "reason": "Inactive"}, "team": {"id": 52, "name": "Crystal Palace", "logo": "https://media.api-sports.io/football/teams/52.png"}, "fixture": {"id": 1379186, "timezone": "UTC", "date": "2026-01-17T15:00:00+00:00", "timestamp": 1768662000}, "league": {"id": 39, "season": 2025, "name": "Premier League", "country": "England", "logo": "https://media.api-sports.io/football/leagues/39.png", "flag": "https://media.api-sports.io/flags/gb-eng.svg"}}, {"player": {"id": 2601, "name": "D. Kamada", "photo": "https://media.api-sports.io/football/players/2601.png", "type": "Missing Fixture", "reason": "Hamstring Injury"}, "team": {"id": 52, "name": "Crystal Palace", "logo": "https://media.api-sports.io/football/teams/52.png"}, "fixture": {"id": 1379186, "timezone": "UTC", "date": "2026-01-17T15:00:00+00:00", "timestamp": 1768662000}, "league": {"id": 39, "season": 2025, "name": "Premier League", "country": "England", "logo": "https://media.api-sports.io/football/leagues/39.png", "flag": "https://media.api-sports.io/flags/gb-eng.svg"}}, {"player": {"id": 380679, "name": "C. Kporha", "photo": "https://media.api-sports.io/football/players/380679.png", "type": "Missing Fixture", "reason": "Back Injury"}, "team": {"id": 52, "name": "Crystal Palace", "logo": "https://media.api-sports.io/football/teams/52.png"}, "fixture": {"id": 1379186, "timezone": "UTC", "date": "2026-01-17T15:00:00+00:00", "timestamp": 1768662000}, "league": {"id": 39, "season": 2025, "name": "Premier League", "country": "England", "logo": "https://media.api-sports.io/football/leagues/39.png", "flag": "https://media.api-sports.io/flags/gb-eng.svg"}}, {"player": {"id": 13736, "name": "D. Munoz", "photo": "https://media.api-sports.io/football/players/13736.png", "type": "Missing Fixture", "reason": "Knee Injury"}, "team": {"id": 52, "name": "Crystal Palace", "logo": "https://media.api-sports.io/football/teams/52.png"}, "fixture": {"id": 1379186, "timezone": "UTC", "date": "2026-01-17T15:00:00+00:00", "timestamp": 1768662000}, "league": {"id": 39, "season": 2025, "name": "Premier League", "country": "England", "logo": "https://media.api-sports.io/football/leagues/39.png", "flag": "https://media.api-sports.io/flags/gb-eng.svg"}}, {"player": {"id": 2218, "name": "I. Sarr", "photo": "https://media.api-sports.io/football/players/2218.png", "type": "Missing Fixture", "reason": "International duty"}, "team": {"id": 52, "name": "Crystal Palace", "logo": "https://media.api-sports.io/football/teams/52.png"}, "fixture": {"id": 1379186, "timezone": "UTC", "date": "2026-01-17T15:00:00+00:00", "timestamp": 1768662000}, "league": {"id": 39, "season": 2025, "name": "Premier League", "country": "England", "logo": "https://media.api-sports.io/football/leagues/39.png", "flag": "https://media.api-sports.io/flags/gb-eng.svg"}}, {"player": {"id": 1468, "name": "E. Nketiah", "photo": "https://media.api-sports.io/football/players/1468.png", "type": "Questionable", "reason": "Thigh Injury"}, "team": {"id": 52, "name": "Crystal Palace", "logo": "https://media.api-sports.io/football/teams/52.png"}, "fixture": {"id": 1379186, "timezone": "UTC", "date": "2026-01-17T15:00:00+00:00", "timestamp": 1768662000}, "league": {"id": 39, "season": 2025, "name": "Premier League", "country": "England", "logo": "https://media.api-sports.io/football/leagues/39.png", "flag": "https://media.api-sports.io/flags/gb-eng.svg"}}, {"player": {"id": 380703, "name": "R. Cardines", "photo": "https://media.api-sports.io/football/players/380703.png", "type": "Missing Fixture", "reason": "Muscle Injury"}, "team": {"id": 52, "name": "Crystal Palace", "logo": "https://media.api-sports.io/football/teams/52.png"}, "fixture": {"id": 1379193, "timezone": "UTC", "date": "2026-01-25T14:00:00+00:00", "timestamp": 1769349600}, "league": {"id": 39, "season": 2025, "name": "Premier League", "country": "England", "logo": "https://media.api-sports.io/football/leagues/39.png", "flag": "https://media.api-sports.io/flags/gb-eng.svg"}}, {"player": {"id": 3339, "name": "C. Doucoure", "photo": "https://media.api-sports.io/football/players/3339.png", "type": "Missing Fixture", "reason": "Knee Injury"}, "team": {"id": 52, "name": "Crystal Palace", "logo": "https://media.api-sports.io/football/teams/52.png"}, "fixture": {"id": 1379193, "timezone": "UTC", "date": "2026-01-25T14:00:00+00:00", "timestamp": 1769349600}, "league": {"id": 39, "season": 2025, "name": "Premier League", "country": "England", "logo": "https://media.api-sports.io/football/leagues/39.png", "flag": "https://media.api-sports.io/flags/gb-eng.svg"}}, {"player": {"id": 2601, "name": "D. Kamada", "photo": "https://media.api-sports.io/football/players/2601.png", "type": "Missing Fixture", "reason": "Hamstring Injury"}, "team": {"id": 52, "name": "Crystal Palace", "logo": "https://media.api-sports.io/football/teams/52.png"}, "fixture": {"id": 1379193, "timezone": "UTC", "date": "2026-01-25T14:00:00+00:00", "timestamp": 1769349600}, "league": {"id": 39, "season": 2025, "name": "Premier League", "country": "England", "logo": "https://media.api-sports.io/football/leagues/39.png", "flag": "https://media.api-sports.io/flags/gb-eng.svg"}}, {"player": {"id": 380679, "name": "C. Kporha", "photo": "https://media.api-sports.io/football/players/380679.png", "type": "Missing Fixture", "reason": "Back Injury"}, "team": {"id": 52, "name": "Crystal Palace", "logo": "https://media.api-sports.io/football/teams/52.png"}, "fixture": {"id": 1379193, "timezone": "UTC", "date": "2026-01-25T14:00:00+00:00", "timestamp": 1769349600}, "league": {"id": 39, "season": 2025, "name": "Premier League", "country": "England", "logo": "https://media.api-sports.io/football/leagues/39.png", "flag": "https://media.api-sports.io/flags/gb-eng.svg"}}, {"player": {"id": 1468, "name": "E. Nketiah", "photo": "https://media.api-sports.io/football/players/1468.png", "type": "Missing Fixture", "reason": "Thigh Injury"}, "team": {"id": 52, "name": "Crystal Palace", "logo": "https://media.api-sports.io/football/teams/52.png"}, "fixture": {"id": 1379193, "timezone": "UTC", "date": "2026-01-25T14:00:00+00:00", "timestamp": 1769349600}, "league": {"id": 39, "season": 2025, "name": "Premier League", "country": "England", "logo": "https://media.api-sports.io/football/leagues/39.png", "flag": "https://media.api-sports.io/flags/gb-eng.svg"}}, {"player": {"id": 18862, "name": "N. Clyne", "photo": "https://media.api-sports.io/football/players/18862.png", "type": "Questionable", "reason": "Muscle Injury"}, "team": {"id": 52, "name": "Crystal Palace", "logo": "https://media.api-sports.io/football/teams/52.png"}, "fixture": {"id": 1379193, "timezone": "UTC", "date": "2026-01-25T14:00:00+00:00", "timestamp": 1769349600}, "league": {"id": 39, "season": 2025, "name": "Premier League", "country": "England", "logo": "https://media.api-sports.io/football/leagues/39.png", "flag": "https://media.api-sports.io/flags/gb-eng.svg"}}, {"player": {"id": 380703, "name": "R. Cardines", "photo": "https://media.api-sports.io/football/players/380703.png", "type": "Missing Fixture", "reason": "Muscle Injury"}, "team": {"id": 52, "name": "Crystal Palace", "logo": "https://media.api-sports.io/football/teams/52.png"}, "fixture": {"id": 1379205, "timezone": "UTC", "date": "2026-02-01T14:00:00+00:00", "timestamp": 1769954400}, "league": {"id": 39, "season": 2025, "name": "Premier League", "country": "England", "logo": "https://media.api-sports.io/football/leagues/39.png", "flag": "https://media.api-sports.io/flags/gb-eng.svg"}}, {"player": {"id": 286458, "name": "J. Devenny", "photo": "https://media.api-sports.io/football/players/286458.png", "type": "Missing Fixture", "reason": "Ankle Injury"}, "team": {"id": 52, "name": "Crystal Palace", "logo": "https://media.api-sports.io/football/teams/52.png"}, "fixture": {"id": 1379205, "timezone": "UTC", "date": "2026-02-01T14:00:00+00:00", "timestamp": 1769954400}, "league": {"id": 39, "season": 2025, "name": "Premier League", "country": "England", "logo": "https://media.api-sports.io/football/leagues/39.png", "flag": "https://media.api-sports.io/flags/gb-eng.svg"}}, {"player": {"id": 25927, "name": "J. Mateta", "photo": "https://media.api-sports.io/football/players/25927.png", "type": "Missing Fixture", "reason": "Coach's decision"}, "team": {"id": 52, "name": "Crystal Palace", "logo": "https://media.api-sports.io/football/teams/52.png"}, "fixture": {"id": 1379205, "timezone": "UTC", "date": "2026-02-01T14:00:00+00:00", "timestamp": 1769954400}, "league": {"id": 39, "season": 2025, "name": "Premier League", "country": "England", "logo": "https://media.api-sports.io/football/leagues/39.png", "flag": "https://media.api-sports.io/flags/gb-eng.svg"}}, {"player": {"id": 1468, "name": "E. Nketiah", "photo": "https://media.api-sports.io/football/players/1468.png", "type": "Missing Fixture", "reason": "Thigh Injury"}, "team": {"id": 52, "name": "Crystal Palace", "logo": "https://media.api-sports.io/football/teams/52.png"}, "fixture": {"id": 1379205, "timezone": "UTC", "date": "2026-02-01T14:00:00+00:00", "timestamp": 1769954400}, "league": {"id": 39, "season": 2025, "name": "Premier League", "country": "England", "logo": "https://media.api-sports.io/football/leagues/39.png", "flag": "https://media.api-sports.io/flags/gb-eng.svg"}}, {"player": {"id": 26303, "name": "B. Sosa", "photo": "https://media.api-sports.io/football/players/26303.png", "type": "Missing Fixture", "reason": "Muscle Injury"}, "team": {"id": 52, "name": "Crystal Palace", "logo": "https://media.api-sports.io/football/teams/52.png"}, "fixture": {"id": 1379205, "timezone": "UTC", "date": "2026-02-01T14:00:00+00:00", "timestamp": 1769954400}, "league": {"id": 39, "season": 2025, "name": "Premier League", "country": "England", "logo": "https://media.api-sports.io/football/leagues/39.png", "flag": "https://media.api-sports.io/flags/gb-eng.svg"}}, {"player": {"id": 288102, "name": "A. Wharton", "photo": "https://media.api-sports.io/football/players/288102.png", "type": "Missing Fixture", "reason": "Red Card"}, "team": {"id": 52, "name": "Crystal Palace", "logo": "https://media.api-sports.io/football/teams/52.png"}, "fixture": {"id": 1379205, "timezone": "UTC", "date": "2026-02-01T14:00:00+00:00", "timestamp": 1769954400}, "league": {"id": 39, "season": 2025, "name": "Premier League", "country": "England", "logo": "https://media.api-sports.io/football/leagues/39.png", "flag": "https://media.api-sports.io/flags/gb-eng.svg"}}, {"player": {"id": 3339, "name": "C. Doucoure", "photo": "https://media.api-sports.io/football/players/3339.png", "type": "Questionable", "reason": "Knee Injury"}, "team": {"id": 52, "name": "Crystal Palace", "logo": "https://media.api-sports.io/football/teams/52.png"}, "fixture": {"id": 1379205, "timezone": "UTC", "date": "2026-02-01T14:00:00+00:00", "timestamp": 1769954400}, "league": {"id": 39, "season": 2025, "name": "Premier League", "country": "England", "logo": "https://media.api-sports.io/football/leagues/39.png", "flag": "https://media.api-sports.io/flags/gb-eng.svg"}}, {"player": {"id": 2601, "name": "D. Kamada", "photo": "https://media.api-sports.io/football/players/2601.png", "type": "Questionable", "reason": "Hamstring Injury"}, "team": {"id": 52, "name": "Crystal Palace", "logo": "https://media.api-sports.io/football/teams/52.png"}, "fixture": {"id": 1379205, "timezone": "UTC", "date": "2026-02-01T14:00:00+00:00", "timestamp": 1769954400}, "league": {"id": 39, "season": 2025, "name": "Premier League", "country": "England", "logo": "https://media.api-sports.io/football/leagues/39.png", "flag": "https://media.api-sports.io/flags/gb-eng.svg"}}, {"player": {"id": 380703, "name": "R. Cardines", "photo": "https://media.api-sports.io/football/players/380703.png", "type": "Missing Fixture", "reason": "Muscle Injury"}, "team": {"id": 52, "name": "Crystal Palace", "logo": "https://media.api-sports.io/football/teams/52.png"}, "fixture": {"id": 1379211, "timezone": "UTC", "date": "2026-02-08T14:00:00+00:00", "timestamp": 1770559200}, "league": {"id": 39, "season": 2025, "name": "Premier League", "country": "England", "logo": "https://media.api-sports.io/football/leagues/39.png", "flag": "https://media.api-sports.io/flags/gb-eng.svg"}}, {"player": {"id": 286458, "name": "J. Devenny", "photo": "https://media.api-sports.io/football/players/286458.png", "type": "Missing Fixture", "reason": "Ankle Injury"}, "team": {"id": 52, "name": "Crystal Palace", "logo": "https://media.api-sports.io/football/teams/52.png"}, "fixture": {"id": 1379211, "timezone": "UTC", "date": "2026-02-08T14:00:00+00:00", "timestamp": 1770559200}, "league": {"id": 39, "season": 2025, "name": "Premier League", "country": "England", "logo": "https://media.api-sports.io/football/leagues/39.png", "flag": "https://media.api-sports.io/flags/gb-eng.svg"}}, {"player": {"id": 3339, "name": "C. Doucoure", "photo": "https://media.api-sports.io/football/players/3339.png", "type": "Missing Fixture", "reason": "Knee Injury"}, "team": {"id": 52, "name": "Crystal Palace", "logo": "https://media.api-sports.io/football/teams/52.png"}, "fixture": {"id": 1379211, "timezone": "UTC", "date": "2026-02-08T14:00:00+00:00", "timestamp": 1770559200}, "league": {"id": 39, "season": 2025, "name": "Premier League", "country": "England", "logo": "https://media.api-sports.io/football/leagues/39.png", "flag": "https://media.api-sports.io/flags/gb-eng.svg"}}, {"player": {"id": 380679, "name": "C. Kporha", "photo": "https://media.api-sports.io/football/players/380679.png", "type": "Missing Fixture", "reason": "Lacking Match Fitness"}, "team": {"id": 52, "name": "Crystal Palace", "logo": "https://media.api-sports.io/football/teams/52.png"}, "fixture": {"id": 1379211, "timezone": "UTC", "date": "2026-02-08T14:00:00+00:00", "timestamp": 1770559200}, "league": {"id": 39, "season": 2025, "name": "Premier League", "country": "England", "logo": "https://media.api-sports.io/football/leagues/39.png", "flag": "https://media.api-sports.io/flags/gb-eng.svg"}}, {"player": {"id": 25927, "name": "J. Mateta", "photo": "https://media.api-sports.io/football/players/25927.png", "type": "Missing Fixture", "reason": "Coach's decision"}, "team": {"id": 52, "name": "Crystal Palace", "logo": "https://media.api-sports.io/football/teams/52.png"}, "fixture": {"id": 1379211, "timezone": "UTC", "date": "2026-02-08T14:00:00+00:00", "timestamp": 1770559200}, "league": {"id": 39, "season": 2025, "name": "Premier League", "country": "England", "logo": "https://media.api-sports.io/football/leagues/39.png", "flag": "https://media.api-sports.io/flags/gb-eng.svg"}}, {"player": {"id": 1468, "name": "E. Nketiah", "photo": "https://media.api-sports.io/football/players/1468.png", "type": "Missing Fixture", "reason": "Thigh Injury"}, "team": {"id": 52, "name": "Crystal Palace", "logo": "https://media.api-sports.io/football/teams/52.png"}, "fixture": {"id": 1379211, "timezone": "UTC", "date": "2026-02-08T14:00:00+00:00", "timestamp": 1770559200}, "league": {"id": 39, "season": 2025, "name": "Premier League", "country": "England", "logo": "https://media.api-sports.io/football/leagues/39.png", "flag": "https://media.api-sports.io/flags/gb-eng.svg"}}, {"player": {"id": 286458, "name": "J. Devenny", "photo": "https://media.api-sports.io/football/players/286458.png", "type": "Missing Fixture", "reason": "Ankle Injury"}, "team": {"id": 52, "name": "Crystal Palace", "logo": "https://media.api-sports.io/football/teams/52.png"}, "fixture": {"id": 1379222, "timezone": "UTC", "date": "2026-02-11T19:30:00+00:00", "timestamp": 1770838200}, "league": {"id": 39, "season": 2025, "name": "Premier League", "country": "England", "logo": "https://media.api-sports.io/football/leagues/39.png", "flag": "https://media.api-sports.io/flags/gb-eng.svg"}}, {"player": {"id": 3339, "name": "C. Doucoure", "photo": "https://media.api-sports.io/football/players/3339.png", "type": "Missing Fixture", "reason": "Knee Injury"}, "team": {"id": 52, "name": "Crystal Palace", "logo": "https://media.api-sports.io/football/teams/52.png"}, "fixture": {"id": 1379222, "timezone": "UTC", "date": "2026-02-11T19:30:00+00:00", "timestamp": 1770838200}, "league": {"id": 39, "season": 2025, "name": "Premier League", "country": "England", "logo": "https://media.api-sports.io/football/leagues/39.png", "flag": "https://media.api-sports.io/flags/gb-eng.svg"}}, {"player": {"id": 25927, "name": "J. Mateta", "photo": "https://media.api-sports.io/football/players/25927.png", "type": "Missing Fixture", "reason": "Knee Injury"}, "team": {"id": 52, "name": "Crystal Palace", "logo": "https://media.api-sports.io/football/teams/52.png"}, "fixture": {"id": 1379222, "timezone": "UTC", "date": "2026-02-11T19:30:00+00:00", "timestamp": 1770838200}, "league": {"id": 39, "season": 2025, "name": "Premier League", "country": "England", "logo": "https://media.api-sports.io/football/leagues/39.png", "flag": "https://media.api-sports.io/flags/gb-eng.svg"}}, {"player": {"id": 1468, "name": "E. Nketiah", "photo": "https://media.api-sports.io/football/players/1468.png", "type": "Questionable", "reason": "Thigh Injury"}, "team": {"id": 52, "name": "Crystal Palace", "logo": "https://media.api-sports.io/football/teams/52.png"}, "fixture": {"id": 1379222, "timezone": "UTC", "date": "2026-02-11T19:30:00+00:00", "timestamp": 1770838200}, "league": {"id": 39, "season": 2025, "name": "Premier League", "country": "England", "logo": "https://media.api-sports.io/football/leagues/39.png", "flag": "https://media.api-sports.io/flags/gb-eng.svg"}}]}