{"get": "fixtures", "parameters": {"league": "135", "season": "2025", "team": "500", "status": "FT", "last": "10"}, "errors": [], "results": 10, "paging": {"current": 1, "total": 1}, "response": [{"fixture": {"id": 1378095, "referee": "Giuseppe Collu, Italy", "timezone": "UTC", "date": "2026-02-08T11:30:00+00:00", "timestamp": 1770550200, "periods": {"first": 1770550200, "second": 1770553800}, "venue": {"id": 881, "name": "Stadio Renato Dall'Ara", "city": "Bologna"}, "status": {"long": "Match Finished", "short": "FT", "elapsed": 90, "extra": 9}}, "league": {"id": 135, "name": "Serie A", "country": "Italy", "logo": "https://media.api-sports.io/football/leagues/135.png", "flag": "https://media.api-sports.io/flags/it.svg", "season": 2025, "round": "Regular Season - 24", "standings": true}, "teams": {"home": {"id": 500, "name": "Bologna", "logo": "https://media.api-sports.io/football/teams/500.png", "winner": false}, "away": {"id": 523, "name": "Parma", "logo": "https://media.api-sports.io/football/teams/523.png", "winner": true}}, "goals": {"home": 0, "away": 1}, "score": {"halftime": {"home": 0, "away": 0}, "fulltime": {"home": 0, "away": 1}, "extratime": {"home": null, "away": null}, "penalty": {"home": null, "away": null}}}, {"fixture": {"id": 1378084, "referee": "Gianluca Manganiello, Italy", "timezone": "UTC", "date": "2026-02-03T19:45:00+00:00", "timestamp": 1770147900, "periods": {"first": 1770147900, "second": 1770151500}, "venue": {"id": 881, "name": "Stadio Renato Dall'Ara", "city": "Bologna"}, "status": {"long": "Match Finished", "short": "FT", "elapsed": 90, "extra": 4}}, "league": {"id": 135, "name": "Serie A", "country": "Italy", "logo": "https://media.api-sports.io/football/leagues/135.png", "flag": "https://media.api-sports.io/flags/it.svg", "season": 2025, "round": "Regular Season - 23", "standings": true}, "teams": {"home": {"id": 500, "name": "Bologna", "logo": "https://media.api-sports.io/football/teams/500.png", "winner": false}, "away": {"id": 489, "name": "AC Milan", "logo": "https://media.api-sports.io/football/teams/489.png", "winner": true}}, "goals": {"home": 0, "away": 3}, "score": {"halftime": {"home": 0, "away": 2}, "fulltime": {"home": 0, "away": 3}, "extratime": {"home": null, "away": null}, "penalty": {"home": null, "away": null}}}, {"fixture": {"id": 1378077, "referee": "Fabio Maresca, Italy", "timezone": "UTC", "date": "2026-01-25T14:00:00+00:00", "timestamp": 1769349600, "periods": {"first": 1769349600, "second": 1769353200}, "venue": {"id": 905, "name": "Stadio Luigi Ferraris", "city": "Genoa"}, "status": {"long": "Match Finished", "short": "FT", "elapsed": 90, "extra": 9}}, "league": {"id": 135, "name": "Serie A", "country": "Italy", "logo": "https://media.api-sports.io/football/leagues/135.png", "flag": "https://media.api-sports.io/flags/it.svg", "season": 2025, "round": "Regular Season - 22", "standings": true}, "teams": {"home": {"id": 495, "name": "Genoa", "logo": "https://media.api-sports.io/football/teams/495.png", "winner": true}, "away": {"id": 500, "name": "Bologna", "logo": "https://media.api-sports.io/football/teams/500.png", "winner": false}}, "goals": {"home": 3, "away": 2}, "score": {"halftime": {"home": 0, "away": 1}, "fulltime": {"home": 3, "away": 2}, "extratime": {"home": null, "away": null}, "penalty": {"home": null, "away": null}}}, {"fixture": {"id": 1378064, "referee": "Daniele Doveri, Italy", "timezone": "UTC", "date": "2026-01-18T14:00:00+00:00", "timestamp": 1768744800, "periods": {"first": 1768744800, "second": 1768748400}, "venue": {"id": 881, "name": "Stadio Renato Dall'Ara", "city": "Bologna"}, "status": {"long": "Match Finished", "short": "FT", "elapsed": 90, "extra": 7}}, "league": {"id": 135, "name": "Serie A", "country": "Italy", "logo": "https://media.api-sports.io/football/leagues/135.png", "flag": "https://media.api-sports.io/flags/it.svg", "season": 2025, "round": "Regular Season - 21", "standings": true}, "teams": {"home": {"id": 500, "name": "Bologna", "logo": "https://media.api-sports.io/football/teams/500.png", "winner": false}, "away": {"id": 502, "name": "Fiorentina", "logo": "https://media.api-sports.io/football/teams/502.png", "winner": true}}, "goals": {"home": 1, "away": 2}, "score": {"halftime": {"home": 0, "away": 2}, "fulltime": {"home": 1, "away": 2}, "extratime": {"home": null, "away": null}, "penalty": {"home": null, "away": null}}}, {"fixture": {"id": 1378023, "referee": "Maurizio Mariani, Italy", "timezone": "UTC", "date": "2026-01-15T17:30:00+00:00", "timestamp": 1768498200, "periods": {"first": 1768498200, "second": 1768501800}, "venue": {"id": 0, "name": "Stadio Marcantonio Bentegodi", "city": "Verona"}, "status": {"long": "Match Finished", "short": "FT", "elapsed": 90, "extra": 6}}, "league": {"id": 135, "name": "Serie A", "country": "Italy", "logo": "https://media.api-sports.io/football/leagues/135.png", "flag": "https://media.api-sports.io/flags/it.svg", "season": 2025, "round": "Regular Season - 16", "standings": true}, "teams": {"home": {"id": 504, "name": "Verona", "logo": "https://media.api-sports.io/football/teams/504.png", "winner": false}, "away": {"id": 500, "name": "Bologna", "logo": "https://media.api-sports.io/football/teams/500.png", "winner": true}}, "goals": {"home": 2, "away": 3}, "score": {"halftime": {"home": 1, "away": 3}, "fulltime": {"home": 2, "away": 3}, "extratime": {"home": null, "away": null}, "penalty": {"home": null, "away": null}}}, {"fixture": {"id": 1378055, "referee": "Rosario Abisso, Italy", "timezone": "UTC", "date": "2026-01-10T14:00:00+00:00", "timestamp": 1768053600, "periods": {"first": 1768053600, "second": 1768057200}, "venue": {"id": 892, "name": "Stadio Giuseppe Sinigaglia", "city": "Como"}, "status": {"long": "Match Finished", "short": "FT", "elapsed": 90, "extra": 7}}, "league": {"id": 135, "name": "Serie A", "country": "Italy", "logo": "https://media.api-sports.io/football/leagues/135.png", "flag": "https://media.api-sports.io/flags/it.svg", "season": 2025, "round": "Regular Season - 20", "standings": true}, "teams": {"home": {"id": 895, "name": "Como", "logo": "https://media.api-sports.io/football/teams/895.png", "winner": null}, "away": {"id": 500, "name": "Bologna", "logo": "https://media.api-sports.io/football/teams/500.png", "winner": null}}, "goals": {"home": 1, "away": 1}, "score": {"halftime": {"home": 0, "away": 0}, "fulltime": {"home": 1, "away": 1}, "extratime": {"home": null, "away": null}, "penalty": {"home": null, "away": null}}}, {"fixture": {"id": 1378044, "referee": "Marco Di Bello, Italy", "timezone": "UTC", "date": "2026-01-07T17:30:00+00:00", "timestamp": 1767807000, "periods": {"first": 1767807000, "second": 1767810600}, "venue": {"id": 881, "name": "Stadio Renato Dall'Ara", "city": "Bologna"}, "status": {"long": "Match Finished", "short": "FT", "elapsed": 90, "extra": 6}}, "league": {"id": 135, "name": "Serie A", "country": "Italy", "logo": "https://media.api-sports.io/football/leagues/135.png", "flag": "https://media.api-sports.io/flags/it.svg", "season": 2025, "round": "Regular Season - 19", "standings": true}, "teams": {"home": {"id": 500, "name": "Bologna", "logo": "https://media.api-sports.io/football/teams/500.png", "winner": false}, "away": {"id": 499, "name": "Atalanta", "logo": "https://media.api-sports.io/football/teams/499.png", "winner": true}}, "goals": {"home": 0, "away": 2}, "score": {"halftime": {"home": 0, "away": 1}, "fulltime": {"home": 0, "away": 2}, "extratime": {"home": null, "away": null}, "penalty": {"home": null, "away": null}}}, {"fixture": {"id": 1378039, "referee": "Marco Guida, Italy", "timezone": "UTC", "date": "2026-01-04T19:45:00+00:00", "timestamp": 1767555900, "periods": {"first": 1767555900, "second": 1767559500}, "venue": {"id": 907, "name": "Stadio Giuseppe Meazza", "city": "Milan"}, "status": {"long": "Match Finished", "short": "FT", "elapsed": 90, "extra": 5}}, "league": {"id": 135, "name": "Serie A", "country": "Italy", "logo": "https://media.api-sports.io/football/leagues/135.png", "flag": "https://media.api-sports.io/flags/it.svg", "season": 2025, "round": "Regular Season - 18", "standings": true}, "teams": {"home": {"id": 505, "name": "Inter", "logo": "https://media.api-sports.io/football/teams/505.png", "winner": true}, "away": {"id": 500, "name": "Bologna", "logo": "https://media.api-sports.io/football/teams/500.png", "winner": false}}, "goals": {"home": 3, "away": 1}, "score": {"halftime": {"home": 1, "away": 0}, "fulltime": {"home": 3, "away": 1}, "extratime": {"home": null, "away": null}, "penalty": {"home": null, "away": null}}}, {"fixture": {"id": 1378025, "referee": "Juan Luca Sacchi, Italy", "timezone": "UTC", "date": "2025-12-28T17:00:00+00:00", "timestamp": 1766941200, "periods": {"first": 1766941200, "second": 1766944800}, "venue": {"id": 881, "name": "Stadio Renato Dall'Ara", "city": "Bologna"}, "status": {"long": "Match Finished", "short": "FT", "elapsed": 90, "extra": 5}}, "league": {"id": 135, "name": "Serie A", "country": "Italy", "logo": "https://media.api-sports.io/football/leagues/135.png", "flag": "https://media.api-sports.io/flags/it.svg", "season": 2025, "round": "Regular Season - 17", "standings": true}, "teams": {"home": {"id": 500, "name": "Bologna", "logo": "https://media.api-sports.io/football/teams/500.png", "winner": null}, "away": {"id": 488, "name": "Sassuolo", "logo": "https://media.api-sports.io/football/teams/488.png", "winner": null}}, "goals": {"home": 1, "away": 1}, "score": {"halftime": {"home": 0, "away": 0}, "fulltime": {"home": 1, "away": 1}, "extratime": {"home": null, "away": null}, "penalty": {"home": null, "away": null}}}, {"fixture": {"id": 1378005, "referee": "Davide Massa, Italy", "timezone": "UTC", "date": "2025-12-14T19:45:00+00:00", "timestamp": 1765741500, "periods": {"first": 1765741500, "second": 1765745100}, "venue": {"id": 881, "name": "Stadio Renato Dall'Ara", "city": "Bologna"}, "status": {"long": "Match Finished", "short": "FT", "elapsed": 90, "extra": 6}}, "league": {"id": 135, "name": "Serie A", "country": "Italy", "logo": "https://media.api-sports.io/football/leagues/135.png", "flag": "https://media.api-sports.io/flags/it.svg", "season": 2025, "round": "Regular Season - 15", "standings": true}, "teams": {"home": {"id": 500, "name": "Bologna", "logo": "https://media.api-sports.io/football/teams/500.png", "winner": false}, "away": {"id": 496, "name": "Juventus", "logo": "https://media.api-sports.io/football/teams/496.png", "winner": true}}, "goals": {"home": 0, "away": 1}, "score": {"halftime": {"home": 0, "away": 0}, "fulltime": {"home": 0, "away": 1}, "extratime": {"home": null, "away": null}, "penalty": {"home": null, "away": null}}}]}