{"get": "fixtures", "parameters": {"league": "2", "season": "2025", "team": "499", "status": "FT", "last": "10"}, "errors": [], "results": 8, "paging": {"current": 1, "total": 1}, "response": [{"fixture": {"id": 1451158, "referee": "M. Oliver", "timezone": "UTC", "date": "2026-01-28T20:00:00+00:00", "timestamp": 1769630400, "periods": {"first": 1769630400, "second": 1769634000}, "venue": {"id": null, "name": "Lotto Park", "city": "Anderlecht"}, "status": {"long": "Match Finished", "short": "FT", "elapsed": 90, "extra": 4}}, "league": {"id": 2, "name": "UEFA Champions League", "country": "World", "logo": "https://media.api-sports.io/football/leagues/2.png", "flag": null, "season": 2025, "round": "League Stage - 8", "standings": true}, "teams": {"home": {"id": 1393, "name": "Union St. Gilloise", "logo": "https://media.api-sports.io/football/teams/1393.png", "winner": true}, "away": {"id": 499, "name": "Atalanta", "logo": "https://media.api-sports.io/football/teams/499.png", "winner": false}}, "goals": {"home": 1, "away": 0}, "score": {"halftime": {"home": 0, "away": 0}, "fulltime": {"home": 1, "away": 0}, "extratime": {"home": null, "away": null}, "penalty": {"home": null, "away": null}}}, {"fixture": {"id": 1451140, "referee": "Danny Makkelie, Netherlands", "timezone": "UTC", "date": "2026-01-21T20:00:00+00:00", "timestamp": 1769025600, "periods": {"first": 1769025600, "second": 1769029200}, "venue": {"id": null, "name": "New Balance Arena", "city": "Bergamo"}, "status": {"long": "Match Finished", "short": "FT", "elapsed": 90, "extra": 5}}, "league": {"id": 2, "name": "UEFA Champions League", "country": "World", "logo": "https://media.api-sports.io/football/leagues/2.png", "flag": null, "season": 2025, "round": "League Stage - 7", "standings": true}, "teams": {"home": {"id": 499, "name": "Atalanta", "logo": "https://media.api-sports.io/football/teams/499.png", "winner": false}, "away": {"id": 531, "name": "Athletic Club", "logo": "https://media.api-sports.io/football/teams/531.png", "winner": true}}, "goals": {"home": 2, "away": 3}, "score": {"halftime": {"home": 1, "away": 0}, "fulltime": {"home": 2, "away": 3}, "extratime": {"home": null, "away": null}, "penalty": {"home": null, "away": null}}}, {"fixture": {"id": 1451114, "referee": "Alejandro Hernandez, Spain", "timezone": "UTC", "date": "2025-12-09T20:00:00+00:00", "timestamp": 1765310400, "periods": {"first": 1765310400, "second": 1765314000}, "venue": {"id": null, "name": "New Balance Arena", "city": "Bergamo"}, "status": {"long": "Match Finished", "short": "FT", "elapsed": 90, "extra": 5}}, "league": {"id": 2, "name": "UEFA Champions League", "country": "World", "logo": "https://media.api-sports.io/football/leagues/2.png", "flag": null, "season": 2025, "round": "League Stage - 6", "standings": true}, "teams": {"home": {"id": 499, "name": "Atalanta", "logo": "https://media.api-sports.io/football/teams/499.png", "winner": true}, "away": {"id": 49, "name": "Chelsea", "logo": "https://media.api-sports.io/football/teams/49.png", "winner": false}}, "goals": {"home": 2, "away": 1}, "score": {"halftime": {"home": 0, "away": 1}, "fulltime": {"home": 2, "away": 1}, "extratime": {"home": null, "away": null}, "penalty": {"home": null, "away": null}}}, {"fixture": {"id": 1451108, "referee": "Chris Kavanagh, England", "timezone": "UTC", "date": "2025-11-26T20:00:00+00:00", "timestamp": 1764187200, "periods": {"first": 1764187200, "second": 1764190800}, "venue": {"id": null, "name": "Deutsche Bank Park", "city": "Frankfurt"}, "status": {"long": "Match Finished", "short": "FT", "elapsed": 90, "extra": 4}}, "league": {"id": 2, "name": "UEFA Champions League", "country": "World", "logo": "https://media.api-sports.io/football/leagues/2.png", "flag": null, "season": 2025, "round": "League Stage - 5", "standings": true}, "teams": {"home": {"id": 169, "name": "Eintracht Frankfurt", "logo": "https://media.api-sports.io/football/teams/169.png", "winner": false}, "away": {"id": 499, "name": "Atalanta", "logo": "https://media.api-sports.io/football/teams/499.png", "winner": true}}, "goals": {"home": 0, "away": 3}, "score": {"halftime": {"home": 0, "away": 0}, "fulltime": {"home": 0, "away": 3}, "extratime": {"home": null, "away": null}, "penalty": {"home": null, "away": null}}}, {"fixture": {"id": 1451091, "referee": "Jos\u00e9 Mar\u00eda S\u00e1nchez Mart\u00ednez, Spain", "timezone": "UTC", "date": "2025-11-05T20:00:00+00:00", "timestamp": 1762372800, "periods": {"first": 1762372800, "second": 1762376400}, "venue": {"id": 667, "name": "Orange V\u00e9lodrome", "city": "Marseille"}, "status": {"long": "Match Finished", "short": "FT", "elapsed": 90, "extra": 8}}, "league": {"id": 2, "name": "UEFA Champions League", "country": "World", "logo": "https://media.api-sports.io/football/leagues/2.png", "flag": null, "season": 2025, "round": "League Stage - 4", "standings": true}, "teams": {"home": {"id": 81, "name": "Marseille", "logo": "https://media.api-sports.io/football/teams/81.png", "winner": false}, "away": {"id": 499, "name": "Atalanta", "logo": "https://media.api-sports.io/football/teams/499.png", "winner": true}}, "goals": {"home": 0, "away": 1}, "score": {"halftime": {"home": 0, "away": 0}, "fulltime": {"home": 0, "away": 1}, "extratime": {"home": null, "away": null}, "penalty": {"home": null, "away": null}}}, {"fixture": {"id": 1451071, "referee": "Ricardo De Burgos Bengoetxea, Spain", "timezone": "UTC", "date": "2025-10-22T19:00:00+00:00", "timestamp": 1761159600, "periods": {"first": 1761159600, "second": 1761163200}, "venue": {"id": null, "name": "Gewiss Stadium", "city": "Bergamo"}, "status": {"long": "Match Finished", "short": "FT", "elapsed": 90, "extra": 5}}, "league": {"id": 2, "name": "UEFA Champions League", "country": "World", "logo": "https://media.api-sports.io/football/leagues/2.png", "flag": null, "season": 2025, "round": "League Stage - 3", "standings": true}, "teams": {"home": {"id": 499, "name": "Atalanta", "logo": "https://media.api-sports.io/football/teams/499.png", "winner": null}, "away": {"id": 560, "name": "Slavia Praha", "logo": "https://media.api-sports.io/football/teams/560.png", "winner": null}}, "goals": {"home": 0, "away": 0}, "score": {"halftime": {"home": 0, "away": 0}, "fulltime": {"home": 0, "away": 0}, "extratime": {"home": null, "away": null}, "penalty": {"home": null, "away": null}}}, {"fixture": {"id": 1451039, "referee": "Espen Eskas, Norway", "timezone": "UTC", "date": "2025-09-30T16:45:00+00:00", "timestamp": 1759250700, "periods": {"first": 1759250700, "second": 1759254300}, "venue": {"id": null, "name": "Gewiss Stadium", "city": "Bergamo"}, "status": {"long": "Match Finished", "short": "FT", "elapsed": 90, "extra": 5}}, "league": {"id": 2, "name": "UEFA Champions League", "country": "World", "logo": "https://media.api-sports.io/football/leagues/2.png", "flag": null, "season": 2025, "round": "League Stage - 2", "standings": true}, "teams": {"home": {"id": 499, "name": "Atalanta", "logo": "https://media.api-sports.io/football/teams/499.png", "winner": true}, "away": {"id": 569, "name": "Club Brugge KV", "logo": "https://media.api-sports.io/football/teams/569.png", "winner": false}}, "goals": {"home": 2, "away": 1}, "score": {"halftime": {"home": 0, "away": 1}, "fulltime": {"home": 2, "away": 1}, "extratime": {"home": null, "away": null}, "penalty": {"home": null, "away": null}}}, {"fixture": {"id": 1451029, "referee": "Sandro Sch\u00e4rer, Switzerland", "timezone": "UTC", "date": "2025-09-17T19:00:00+00:00", "timestamp": 1758135600, "periods": {"first": 1758135600, "second": 1758139200}, "venue": {"id": null, "name": "Parc des Princes", "city": "Paris"}, "status": {"long": "Match Finished", "short": "FT", "elapsed": 90, "extra": 4}}, "league": {"id": 2, "name": "UEFA Champions League", "country": "World", "logo": "https://media.api-sports.io/football/leagues/2.png", "flag": null, "season": 2025, "round": "League Stage - 1", "standings": true}, "teams": {"home": {"id": 85, "name": "Paris Saint Germain", "logo": "https://media.api-sports.io/football/teams/85.png", "winner": true}, "away": {"id": 499, "name": "Atalanta", "logo": "https://media.api-sports.io/football/teams/499.png", "winner": false}}, "goals": {"home": 4, "away": 0}, "score": {"halftime": {"home": 2, "away": 0}, "fulltime": {"home": 4, "away": 0}, "extratime": {"home": null, "away": null}, "penalty": {"home": null, "away": null}}}]}