{"get": "injuries", "parameters": {"league": "140", "season": "2025", "team": "728"}, "errors": [], "results": 90, "paging": {"current": 1, "total": 1}, "response": [{"player": {"id": 47109, "name": "Oscar Valent\u00edn", "photo": "https://media.api-sports.io/football/players/47109.png", "type": "Missing Fixture", "reason": "Injured Doubtful"}, "team": {"id": 728, "name": "Rayo Vallecano", "logo": "https://media.api-sports.io/football/teams/728.png"}, "fixture": {"id": 1390829, "timezone": "UTC", "date": "2025-08-25T17:30:00+00:00", "timestamp": 1756143000}, "league": {"id": 140, "season": 2025, "name": "La Liga", "country": "Spain", "logo": "https://media.api-sports.io/football/leagues/140.png", "flag": "https://media.api-sports.io/flags/es.svg"}}, {"player": {"id": 15900, "name": "A. Mumin", "photo": "https://media.api-sports.io/football/players/15900.png", "type": "Missing Fixture", "reason": "Jumpers knee"}, "team": {"id": 728, "name": "Rayo Vallecano", "logo": "https://media.api-sports.io/football/teams/728.png"}, "fixture": {"id": 1391004, "timezone": "UTC", "date": "2026-01-11T15:00:00+00:00", "timestamp": 1768143600}, "league": {"id": 140, "season": 2025, "name": "La Liga", "country": "Spain", "logo": "https://media.api-sports.io/football/leagues/140.png", "flag": "https://media.api-sports.io/flags/es.svg"}}, {"player": {"id": 1847, "name": "Luiz Felipe", "photo": "https://media.api-sports.io/football/players/1847.png", "type": "Missing Fixture", "reason": "Wound"}, "team": {"id": 728, "name": "Rayo Vallecano", "logo": "https://media.api-sports.io/football/teams/728.png"}, "fixture": {"id": 1390856, "timezone": "UTC", "date": "2025-09-14T16:30:00+00:00", "timestamp": 1757867400}, "league": {"id": 140, "season": 2025, "name": "La Liga", "country": "Spain", "logo": "https://media.api-sports.io/football/leagues/140.png", "flag": "https://media.api-sports.io/flags/es.svg"}}, {"player": {"id": 15900, "name": "A. Mumin", "photo": "https://media.api-sports.io/football/players/15900.png", "type": "Missing Fixture", "reason": "Jumpers knee"}, "team": {"id": 728, "name": "Rayo Vallecano", "logo": "https://media.api-sports.io/football/teams/728.png"}, "fixture": {"id": 1390824, "timezone": "UTC", "date": "2025-08-15T17:00:00+00:00", "timestamp": 1755277200}, "league": {"id": 140, "season": 2025, "name": "La Liga", "country": "Spain", "logo": "https://media.api-sports.io/football/leagues/140.png", "flag": "https://media.api-sports.io/flags/es.svg"}}, {"player": {"id": 15900, "name": "A. Mumin", "photo": "https://media.api-sports.io/football/players/15900.png", "type": "Missing Fixture", "reason": "Jumpers knee"}, "team": {"id": 728, "name": "Rayo Vallecano", "logo": "https://media.api-sports.io/football/teams/728.png"}, "fixture": {"id": 1390829, "timezone": "UTC", "date": "2025-08-25T17:30:00+00:00", "timestamp": 1756143000}, "league": {"id": 140, "season": 2025, "name": "La Liga", "country": "Spain", "logo": "https://media.api-sports.io/football/leagues/140.png", "flag": "https://media.api-sports.io/flags/es.svg"}}, {"player": {"id": 15900, "name": "A. Mumin", "photo": "https://media.api-sports.io/football/players/15900.png", "type": "Missing Fixture", "reason": "Jumpers knee"}, "team": {"id": 728, "name": "Rayo Vallecano", "logo": "https://media.api-sports.io/football/teams/728.png"}, "fixture": {"id": 1390845, "timezone": "UTC", "date": "2025-08-31T19:30:00+00:00", "timestamp": 1756668600}, "league": {"id": 140, "season": 2025, "name": "La Liga", "country": "Spain", "logo": "https://media.api-sports.io/football/leagues/140.png", "flag": "https://media.api-sports.io/flags/es.svg"}}, {"player": {"id": 15900, "name": "A. Mumin", "photo": "https://media.api-sports.io/football/players/15900.png", "type": "Missing Fixture", "reason": "Jumpers knee"}, "team": {"id": 728, "name": "Rayo Vallecano", "logo": "https://media.api-sports.io/football/teams/728.png"}, "fixture": {"id": 1390856, "timezone": "UTC", "date": "2025-09-14T16:30:00+00:00", "timestamp": 1757867400}, "league": {"id": 140, "season": 2025, "name": "La Liga", "country": "Spain", "logo": "https://media.api-sports.io/football/leagues/140.png", "flag": "https://media.api-sports.io/flags/es.svg"}}, {"player": {"id": 1847, "name": "Luiz Felipe", "photo": "https://media.api-sports.io/football/players/1847.png", "type": "Missing Fixture", "reason": "Muscle Injury"}, "team": {"id": 728, "name": "Rayo Vallecano", "logo": "https://media.api-sports.io/football/teams/728.png"}, "fixture": {"id": 1390865, "timezone": "UTC", "date": "2025-09-21T12:00:00+00:00", "timestamp": 1758456000}, "league": {"id": 140, "season": 2025, "name": "La Liga", "country": "Spain", "logo": "https://media.api-sports.io/football/leagues/140.png", "flag": "https://media.api-sports.io/flags/es.svg"}}, {"player": {"id": 15900, "name": "A. Mumin", "photo": "https://media.api-sports.io/football/players/15900.png", "type": "Missing Fixture", "reason": "Knee Injury"}, "team": {"id": 728, "name": "Rayo Vallecano", "logo": "https://media.api-sports.io/football/teams/728.png"}, "fixture": {"id": 1390865, "timezone": "UTC", "date": "2025-09-21T12:00:00+00:00", "timestamp": 1758456000}, "league": {"id": 140, "season": 2025, "name": "La Liga", "country": "Spain", "logo": "https://media.api-sports.io/football/leagues/140.png", "flag": "https://media.api-sports.io/flags/es.svg"}}, {"player": {"id": 122657, "name": "R. Nteka", "photo": "https://media.api-sports.io/football/players/122657.png", "type": "Missing Fixture", "reason": "Contusion"}, "team": {"id": 728, "name": "Rayo Vallecano", "logo": "https://media.api-sports.io/football/teams/728.png"}, "fixture": {"id": 1390865, "timezone": "UTC", "date": "2025-09-21T12:00:00+00:00", "timestamp": 1758456000}, "league": {"id": 140, "season": 2025, "name": "La Liga", "country": "Spain", "logo": "https://media.api-sports.io/football/leagues/140.png", "flag": "https://media.api-sports.io/flags/es.svg"}}, {"player": {"id": 1847, "name": "Luiz Felipe", "photo": "https://media.api-sports.io/football/players/1847.png", "type": "Missing Fixture", "reason": "Muscle Injury"}, "team": {"id": 728, "name": "Rayo Vallecano", "logo": "https://media.api-sports.io/football/teams/728.png"}, "fixture": {"id": 1390870, "timezone": "UTC", "date": "2025-09-24T19:30:00+00:00", "timestamp": 1758742200}, "league": {"id": 140, "season": 2025, "name": "La Liga", "country": "Spain", "logo": "https://media.api-sports.io/football/leagues/140.png", "flag": "https://media.api-sports.io/flags/es.svg"}}, {"player": {"id": 15900, "name": "A. Mumin", "photo": "https://media.api-sports.io/football/players/15900.png", "type": "Missing Fixture", "reason": "Knee Injury"}, "team": {"id": 728, "name": "Rayo Vallecano", "logo": "https://media.api-sports.io/football/teams/728.png"}, "fixture": {"id": 1390870, "timezone": "UTC", "date": "2025-09-24T19:30:00+00:00", "timestamp": 1758742200}, "league": {"id": 140, "season": 2025, "name": "La Liga", "country": "Spain", "logo": "https://media.api-sports.io/football/leagues/140.png", "flag": "https://media.api-sports.io/flags/es.svg"}}, {"player": {"id": 122657, "name": "R. Nteka", "photo": "https://media.api-sports.io/football/players/122657.png", "type": "Missing Fixture", "reason": "Contusion"}, "team": {"id": 728, "name": "Rayo Vallecano", "logo": "https://media.api-sports.io/football/teams/728.png"}, "fixture": {"id": 1390870, "timezone": "UTC", "date": "2025-09-24T19:30:00+00:00", "timestamp": 1758742200}, "league": {"id": 140, "season": 2025, "name": "La Liga", "country": "Spain", "logo": "https://media.api-sports.io/football/leagues/140.png", "flag": "https://media.api-sports.io/flags/es.svg"}}, {"player": {"id": 1847, "name": "Luiz Felipe", "photo": "https://media.api-sports.io/football/players/1847.png", "type": "Missing Fixture", "reason": "Muscle Injury"}, "team": {"id": 728, "name": "Rayo Vallecano", "logo": "https://media.api-sports.io/football/teams/728.png"}, "fixture": {"id": 1390886, "timezone": "UTC", "date": "2025-09-28T12:00:00+00:00", "timestamp": 1759060800}, "league": {"id": 140, "season": 2025, "name": "La Liga", "country": "Spain", "logo": "https://media.api-sports.io/football/leagues/140.png", "flag": "https://media.api-sports.io/flags/es.svg"}}, {"player": {"id": 15900, "name": "A. Mumin", "photo": "https://media.api-sports.io/football/players/15900.png", "type": "Missing Fixture", "reason": "Knee Injury"}, "team": {"id": 728, "name": "Rayo Vallecano", "logo": "https://media.api-sports.io/football/teams/728.png"}, "fixture": {"id": 1390886, "timezone": "UTC", "date": "2025-09-28T12:00:00+00:00", "timestamp": 1759060800}, "league": {"id": 140, "season": 2025, "name": "La Liga", "country": "Spain", "logo": "https://media.api-sports.io/football/leagues/140.png", "flag": "https://media.api-sports.io/flags/es.svg"}}, {"player": {"id": 122657, "name": "R. Nteka", "photo": "https://media.api-sports.io/football/players/122657.png", "type": "Missing Fixture", "reason": "Knee Injury"}, "team": {"id": 728, "name": "Rayo Vallecano", "logo": "https://media.api-sports.io/football/teams/728.png"}, "fixture": {"id": 1390886, "timezone": "UTC", "date": "2025-09-28T12:00:00+00:00", "timestamp": 1759060800}, "league": {"id": 140, "season": 2025, "name": "La Liga", "country": "Spain", "logo": "https://media.api-sports.io/football/leagues/140.png", "flag": "https://media.api-sports.io/flags/es.svg"}}, {"player": {"id": 52, "name": "S. Camello", "photo": "https://media.api-sports.io/football/players/52.png", "type": "Missing Fixture", "reason": "Red Card"}, "team": {"id": 728, "name": "Rayo Vallecano", "logo": "https://media.api-sports.io/football/teams/728.png"}, "fixture": {"id": 1390896, "timezone": "UTC", "date": "2025-10-05T16:30:00+00:00", "timestamp": 1759681800}, "league": {"id": 140, "season": 2025, "name": "La Liga", "country": "Spain", "logo": "https://media.api-sports.io/football/leagues/140.png", "flag": "https://media.api-sports.io/flags/es.svg"}}, {"player": {"id": 1847, "name": "Luiz Felipe", "photo": "https://media.api-sports.io/football/players/1847.png", "type": "Missing Fixture", "reason": "Muscle Injury"}, "team": {"id": 728, "name": "Rayo Vallecano", "logo": "https://media.api-sports.io/football/teams/728.png"}, "fixture": {"id": 1390896, "timezone": "UTC", "date": "2025-10-05T16:30:00+00:00", "timestamp": 1759681800}, "league": {"id": 140, "season": 2025, "name": "La Liga", "country": "Spain", "logo": "https://media.api-sports.io/football/leagues/140.png", "flag": "https://media.api-sports.io/flags/es.svg"}}, {"player": {"id": 15900, "name": "A. Mumin", "photo": "https://media.api-sports.io/football/players/15900.png", "type": "Missing Fixture", "reason": "Knee Injury"}, "team": {"id": 728, "name": "Rayo Vallecano", "logo": "https://media.api-sports.io/football/teams/728.png"}, "fixture": {"id": 1390896, "timezone": "UTC", "date": "2025-10-05T16:30:00+00:00", "timestamp": 1759681800}, "league": {"id": 140, "season": 2025, "name": "La Liga", "country": "Spain", "logo": "https://media.api-sports.io/football/leagues/140.png", "flag": "https://media.api-sports.io/flags/es.svg"}}, {"player": {"id": 52, "name": "S. Camello", "photo": "https://media.api-sports.io/football/players/52.png", "type": "Missing Fixture", "reason": "Red Card"}, "team": {"id": 728, "name": "Rayo Vallecano", "logo": "https://media.api-sports.io/football/teams/728.png"}, "fixture": {"id": 1390905, "timezone": "UTC", "date": "2025-10-19T16:30:00+00:00", "timestamp": 1760891400}, "league": {"id": 140, "season": 2025, "name": "La Liga", "country": "Spain", "logo": "https://media.api-sports.io/football/leagues/140.png", "flag": "https://media.api-sports.io/flags/es.svg"}}, {"player": {"id": 1847, "name": "Luiz Felipe", "photo": "https://media.api-sports.io/football/players/1847.png", "type": "Missing Fixture", "reason": "Hamstring Injury"}, "team": {"id": 728, "name": "Rayo Vallecano", "logo": "https://media.api-sports.io/football/teams/728.png"}, "fixture": {"id": 1390905, "timezone": "UTC", "date": "2025-10-19T16:30:00+00:00", "timestamp": 1760891400}, "league": {"id": 140, "season": 2025, "name": "La Liga", "country": "Spain", "logo": "https://media.api-sports.io/football/leagues/140.png", "flag": "https://media.api-sports.io/flags/es.svg"}}, {"player": {"id": 15900, "name": "A. Mumin", "photo": "https://media.api-sports.io/football/players/15900.png", "type": "Missing Fixture", "reason": "Knee Injury"}, "team": {"id": 728, "name": "Rayo Vallecano", "logo": "https://media.api-sports.io/football/teams/728.png"}, "fixture": {"id": 1390905, "timezone": "UTC", "date": "2025-10-19T16:30:00+00:00", "timestamp": 1760891400}, "league": {"id": 140, "season": 2025, "name": "La Liga", "country": "Spain", "logo": "https://media.api-sports.io/football/leagues/140.png", "flag": "https://media.api-sports.io/flags/es.svg"}}, {"player": {"id": 1847, "name": "Luiz Felipe", "photo": "https://media.api-sports.io/football/players/1847.png", "type": "Missing Fixture", "reason": "Hamstring Injury"}, "team": {"id": 728, "name": "Rayo Vallecano", "logo": "https://media.api-sports.io/football/teams/728.png"}, "fixture": {"id": 1390915, "timezone": "UTC", "date": "2025-10-26T20:00:00+00:00", "timestamp": 1761508800}, "league": {"id": 140, "season": 2025, "name": "La Liga", "country": "Spain", "logo": "https://media.api-sports.io/football/leagues/140.png", "flag": "https://media.api-sports.io/flags/es.svg"}}, {"player": {"id": 15900, "name": "A. Mumin", "photo": "https://media.api-sports.io/football/players/15900.png", "type": "Missing Fixture", "reason": "Knee Injury"}, "team": {"id": 728, "name": "Rayo Vallecano", "logo": "https://media.api-sports.io/football/teams/728.png"}, "fixture": {"id": 1390915, "timezone": "UTC", "date": "2025-10-26T20:00:00+00:00", "timestamp": 1761508800}, "league": {"id": 140, "season": 2025, "name": "La Liga", "country": "Spain", "logo": "https://media.api-sports.io/football/leagues/140.png", "flag": "https://media.api-sports.io/flags/es.svg"}}, {"player": {"id": 15900, "name": "A. Mumin", "photo": "https://media.api-sports.io/football/players/15900.png", "type": "Missing Fixture", "reason": "Knee Injury"}, "team": {"id": 728, "name": "Rayo Vallecano", "logo": "https://media.api-sports.io/football/teams/728.png"}, "fixture": {"id": 1390928, "timezone": "UTC", "date": "2025-11-01T13:00:00+00:00", "timestamp": 1762002000}, "league": {"id": 140, "season": 2025, "name": "La Liga", "country": "Spain", "logo": "https://media.api-sports.io/football/leagues/140.png", "flag": "https://media.api-sports.io/flags/es.svg"}}, {"player": {"id": 1847, "name": "Luiz Felipe", "photo": "https://media.api-sports.io/football/players/1847.png", "type": "Questionable", "reason": "Hamstring Injury"}, "team": {"id": 728, "name": "Rayo Vallecano", "logo": "https://media.api-sports.io/football/teams/728.png"}, "fixture": {"id": 1390928, "timezone": "UTC", "date": "2025-11-01T13:00:00+00:00", "timestamp": 1762002000}, "league": {"id": 140, "season": 2025, "name": "La Liga", "country": "Spain", "logo": "https://media.api-sports.io/football/leagues/140.png", "flag": "https://media.api-sports.io/flags/es.svg"}}, {"player": {"id": 1847, "name": "Luiz Felipe", "photo": "https://media.api-sports.io/football/players/1847.png", "type": "Missing Fixture", "reason": "Hamstring Injury"}, "team": {"id": 728, "name": "Rayo Vallecano", "logo": "https://media.api-sports.io/football/teams/728.png"}, "fixture": {"id": 1390936, "timezone": "UTC", "date": "2025-11-09T15:15:00+00:00", "timestamp": 1762701300}, "league": {"id": 140, "season": 2025, "name": "La Liga", "country": "Spain", "logo": "https://media.api-sports.io/football/leagues/140.png", "flag": "https://media.api-sports.io/flags/es.svg"}}, {"player": {"id": 333378, "name": "D. Mendez", "photo": "https://media.api-sports.io/football/players/333378.png", "type": "Missing Fixture", "reason": "Injury"}, "team": {"id": 728, "name": "Rayo Vallecano", "logo": "https://media.api-sports.io/football/teams/728.png"}, "fixture": {"id": 1390936, "timezone": "UTC", "date": "2025-11-09T15:15:00+00:00", "timestamp": 1762701300}, "league": {"id": 140, "season": 2025, "name": "La Liga", "country": "Spain", "logo": "https://media.api-sports.io/football/leagues/140.png", "flag": "https://media.api-sports.io/flags/es.svg"}}, {"player": {"id": 15900, "name": "A. Mumin", "photo": "https://media.api-sports.io/football/players/15900.png", "type": "Missing Fixture", "reason": "Knee Injury"}, "team": {"id": 728, "name": "Rayo Vallecano", "logo": "https://media.api-sports.io/football/teams/728.png"}, "fixture": {"id": 1390936, "timezone": "UTC", "date": "2025-11-09T15:15:00+00:00", "timestamp": 1762701300}, "league": {"id": 140, "season": 2025, "name": "La Liga", "country": "Spain", "logo": "https://media.api-sports.io/football/leagues/140.png", "flag": "https://media.api-sports.io/flags/es.svg"}}, {"player": {"id": 122657, "name": "R. Nteka", "photo": "https://media.api-sports.io/football/players/122657.png", "type": "Missing Fixture", "reason": "Injury"}, "team": {"id": 728, "name": "Rayo Vallecano", "logo": "https://media.api-sports.io/football/teams/728.png"}, "fixture": {"id": 1390936, "timezone": "UTC", "date": "2025-11-09T15:15:00+00:00", "timestamp": 1762701300}, "league": {"id": 140, "season": 2025, "name": "La Liga", "country": "Spain", "logo": "https://media.api-sports.io/football/leagues/140.png", "flag": "https://media.api-sports.io/flags/es.svg"}}, {"player": {"id": 46887, "name": "P. Diaz", "photo": "https://media.api-sports.io/football/players/46887.png", "type": "Missing Fixture", "reason": "Injury"}, "team": {"id": 728, "name": "Rayo Vallecano", "logo": "https://media.api-sports.io/football/teams/728.png"}, "fixture": {"id": 1390946, "timezone": "UTC", "date": "2025-11-23T13:00:00+00:00", "timestamp": 1763902800}, "league": {"id": 140, "season": 2025, "name": "La Liga", "country": "Spain", "logo": "https://media.api-sports.io/football/leagues/140.png", "flag": "https://media.api-sports.io/flags/es.svg"}}, {"player": {"id": 333378, "name": "D. Mendez", "photo": "https://media.api-sports.io/football/players/333378.png", "type": "Missing Fixture", "reason": "Injury"}, "team": {"id": 728, "name": "Rayo Vallecano", "logo": "https://media.api-sports.io/football/teams/728.png"}, "fixture": {"id": 1390946, "timezone": "UTC", "date": "2025-11-23T13:00:00+00:00", "timestamp": 1763902800}, "league": {"id": 140, "season": 2025, "name": "La Liga", "country": "Spain", "logo": "https://media.api-sports.io/football/leagues/140.png", "flag": "https://media.api-sports.io/flags/es.svg"}}, {"player": {"id": 15900, "name": "A. Mumin", "photo": "https://media.api-sports.io/football/players/15900.png", "type": "Missing Fixture", "reason": "Knee Injury"}, "team": {"id": 728, "name": "Rayo Vallecano", "logo": "https://media.api-sports.io/football/teams/728.png"}, "fixture": {"id": 1390946, "timezone": "UTC", "date": "2025-11-23T13:00:00+00:00", "timestamp": 1763902800}, "league": {"id": 140, "season": 2025, "name": "La Liga", "country": "Spain", "logo": "https://media.api-sports.io/football/leagues/140.png", "flag": "https://media.api-sports.io/flags/es.svg"}}, {"player": {"id": 122657, "name": "R. Nteka", "photo": "https://media.api-sports.io/football/players/122657.png", "type": "Missing Fixture", "reason": "Injury"}, "team": {"id": 728, "name": "Rayo Vallecano", "logo": "https://media.api-sports.io/football/teams/728.png"}, "fixture": {"id": 1390946, "timezone": "UTC", "date": "2025-11-23T13:00:00+00:00", "timestamp": 1763902800}, "league": {"id": 140, "season": 2025, "name": "La Liga", "country": "Spain", "logo": "https://media.api-sports.io/football/leagues/140.png", "flag": "https://media.api-sports.io/flags/es.svg"}}, {"player": {"id": 46759, "name": "Pacha", "photo": "https://media.api-sports.io/football/players/46759.png", "type": "Missing Fixture", "reason": "Injury"}, "team": {"id": 728, "name": "Rayo Vallecano", "logo": "https://media.api-sports.io/football/teams/728.png"}, "fixture": {"id": 1390946, "timezone": "UTC", "date": "2025-11-23T13:00:00+00:00", "timestamp": 1763902800}, "league": {"id": 140, "season": 2025, "name": "La Liga", "country": "Spain", "logo": "https://media.api-sports.io/football/leagues/140.png", "flag": "https://media.api-sports.io/flags/es.svg"}}, {"player": {"id": 41552, "name": "P. Ciss", "photo": "https://media.api-sports.io/football/players/41552.png", "type": "Missing Fixture", "reason": "Red Card"}, "team": {"id": 728, "name": "Rayo Vallecano", "logo": "https://media.api-sports.io/football/teams/728.png"}, "fixture": {"id": 1390956, "timezone": "UTC", "date": "2025-12-01T20:00:00+00:00", "timestamp": 1764619200}, "league": {"id": 140, "season": 2025, "name": "La Liga", "country": "Spain", "logo": "https://media.api-sports.io/football/leagues/140.png", "flag": "https://media.api-sports.io/flags/es.svg"}}, {"player": {"id": 46887, "name": "P. Diaz", "photo": "https://media.api-sports.io/football/players/46887.png", "type": "Missing Fixture", "reason": "Injury"}, "team": {"id": 728, "name": "Rayo Vallecano", "logo": "https://media.api-sports.io/football/teams/728.png"}, "fixture": {"id": 1390956, "timezone": "UTC", "date": "2025-12-01T20:00:00+00:00", "timestamp": 1764619200}, "league": {"id": 140, "season": 2025, "name": "La Liga", "country": "Spain", "logo": "https://media.api-sports.io/football/leagues/140.png", "flag": "https://media.api-sports.io/flags/es.svg"}}, {"player": {"id": 333378, "name": "D. Mendez", "photo": "https://media.api-sports.io/football/players/333378.png", "type": "Missing Fixture", "reason": "Injury"}, "team": {"id": 728, "name": "Rayo Vallecano", "logo": "https://media.api-sports.io/football/teams/728.png"}, "fixture": {"id": 1390956, "timezone": "UTC", "date": "2025-12-01T20:00:00+00:00", "timestamp": 1764619200}, "league": {"id": 140, "season": 2025, "name": "La Liga", "country": "Spain", "logo": "https://media.api-sports.io/football/leagues/140.png", "flag": "https://media.api-sports.io/flags/es.svg"}}, {"player": {"id": 15900, "name": "A. Mumin", "photo": "https://media.api-sports.io/football/players/15900.png", "type": "Missing Fixture", "reason": "Knee Injury"}, "team": {"id": 728, "name": "Rayo Vallecano", "logo": "https://media.api-sports.io/football/teams/728.png"}, "fixture": {"id": 1390956, "timezone": "UTC", "date": "2025-12-01T20:00:00+00:00", "timestamp": 1764619200}, "league": {"id": 140, "season": 2025, "name": "La Liga", "country": "Spain", "logo": "https://media.api-sports.io/football/leagues/140.png", "flag": "https://media.api-sports.io/flags/es.svg"}}, {"player": {"id": 122657, "name": "R. Nteka", "photo": "https://media.api-sports.io/football/players/122657.png", "type": "Missing Fixture", "reason": "Injury"}, "team": {"id": 728, "name": "Rayo Vallecano", "logo": "https://media.api-sports.io/football/teams/728.png"}, "fixture": {"id": 1390956, "timezone": "UTC", "date": "2025-12-01T20:00:00+00:00", "timestamp": 1764619200}, "league": {"id": 140, "season": 2025, "name": "La Liga", "country": "Spain", "logo": "https://media.api-sports.io/football/leagues/140.png", "flag": "https://media.api-sports.io/flags/es.svg"}}, {"player": {"id": 131546, "name": "I. Palazon", "photo": "https://media.api-sports.io/football/players/131546.png", "type": "Missing Fixture", "reason": "Yellow Cards"}, "team": {"id": 728, "name": "Rayo Vallecano", "logo": "https://media.api-sports.io/football/teams/728.png"}, "fixture": {"id": 1390956, "timezone": "UTC", "date": "2025-12-01T20:00:00+00:00", "timestamp": 1764619200}, "league": {"id": 140, "season": 2025, "name": "La Liga", "country": "Spain", "logo": "https://media.api-sports.io/football/leagues/140.png", "flag": "https://media.api-sports.io/flags/es.svg"}}, {"player": {"id": 47557, "name": "O. Trejo", "photo": "https://media.api-sports.io/football/players/47557.png", "type": "Missing Fixture", "reason": "Muscle Injury"}, "team": {"id": 728, "name": "Rayo Vallecano", "logo": "https://media.api-sports.io/football/teams/728.png"}, "fixture": {"id": 1390956, "timezone": "UTC", "date": "2025-12-01T20:00:00+00:00", "timestamp": 1764619200}, "league": {"id": 140, "season": 2025, "name": "La Liga", "country": "Spain", "logo": "https://media.api-sports.io/football/leagues/140.png", "flag": "https://media.api-sports.io/flags/es.svg"}}, {"player": {"id": 91745, "name": "Alemao", "photo": "https://media.api-sports.io/football/players/91745.png", "type": "Missing Fixture", "reason": "Injury"}, "team": {"id": 728, "name": "Rayo Vallecano", "logo": "https://media.api-sports.io/football/teams/728.png"}, "fixture": {"id": 1390963, "timezone": "UTC", "date": "2025-12-07T17:30:00+00:00", "timestamp": 1765128600}, "league": {"id": 140, "season": 2025, "name": "La Liga", "country": "Spain", "logo": "https://media.api-sports.io/football/leagues/140.png", "flag": "https://media.api-sports.io/flags/es.svg"}}, {"player": {"id": 41552, "name": "P. Ciss", "photo": "https://media.api-sports.io/football/players/41552.png", "type": "Missing Fixture", "reason": "Red Card"}, "team": {"id": 728, "name": "Rayo Vallecano", "logo": "https://media.api-sports.io/football/teams/728.png"}, "fixture": {"id": 1390963, "timezone": "UTC", "date": "2025-12-07T17:30:00+00:00", "timestamp": 1765128600}, "league": {"id": 140, "season": 2025, "name": "La Liga", "country": "Spain", "logo": "https://media.api-sports.io/football/leagues/140.png", "flag": "https://media.api-sports.io/flags/es.svg"}}, {"player": {"id": 46887, "name": "P. Diaz", "photo": "https://media.api-sports.io/football/players/46887.png", "type": "Missing Fixture", "reason": "Injury"}, "team": {"id": 728, "name": "Rayo Vallecano", "logo": "https://media.api-sports.io/football/teams/728.png"}, "fixture": {"id": 1390963, "timezone": "UTC", "date": "2025-12-07T17:30:00+00:00", "timestamp": 1765128600}, "league": {"id": 140, "season": 2025, "name": "La Liga", "country": "Spain", "logo": "https://media.api-sports.io/football/leagues/140.png", "flag": "https://media.api-sports.io/flags/es.svg"}}, {"player": {"id": 333378, "name": "D. Mendez", "photo": "https://media.api-sports.io/football/players/333378.png", "type": "Missing Fixture", "reason": "Injury"}, "team": {"id": 728, "name": "Rayo Vallecano", "logo": "https://media.api-sports.io/football/teams/728.png"}, "fixture": {"id": 1390963, "timezone": "UTC", "date": "2025-12-07T17:30:00+00:00", "timestamp": 1765128600}, "league": {"id": 140, "season": 2025, "name": "La Liga", "country": "Spain", "logo": "https://media.api-sports.io/football/leagues/140.png", "flag": "https://media.api-sports.io/flags/es.svg"}}, {"player": {"id": 15900, "name": "A. Mumin", "photo": "https://media.api-sports.io/football/players/15900.png", "type": "Missing Fixture", "reason": "Knee Injury"}, "team": {"id": 728, "name": "Rayo Vallecano", "logo": "https://media.api-sports.io/football/teams/728.png"}, "fixture": {"id": 1390963, "timezone": "UTC", "date": "2025-12-07T17:30:00+00:00", "timestamp": 1765128600}, "league": {"id": 140, "season": 2025, "name": "La Liga", "country": "Spain", "logo": "https://media.api-sports.io/football/leagues/140.png", "flag": "https://media.api-sports.io/flags/es.svg"}}, {"player": {"id": 47557, "name": "O. Trejo", "photo": "https://media.api-sports.io/football/players/47557.png", "type": "Missing Fixture", "reason": "Muscle Injury"}, "team": {"id": 728, "name": "Rayo Vallecano", "logo": "https://media.api-sports.io/football/teams/728.png"}, "fixture": {"id": 1390963, "timezone": "UTC", "date": "2025-12-07T17:30:00+00:00", "timestamp": 1765128600}, "league": {"id": 140, "season": 2025, "name": "La Liga", "country": "Spain", "logo": "https://media.api-sports.io/football/leagues/140.png", "flag": "https://media.api-sports.io/flags/es.svg"}}, {"player": {"id": 46759, "name": "Pacha", "photo": "https://media.api-sports.io/football/players/46759.png", "type": "Questionable", "reason": "Personal Reasons"}, "team": {"id": 728, "name": "Rayo Vallecano", "logo": "https://media.api-sports.io/football/teams/728.png"}, "fixture": {"id": 1390963, "timezone": "UTC", "date": "2025-12-07T17:30:00+00:00", "timestamp": 1765128600}, "league": {"id": 140, "season": 2025, "name": "La Liga", "country": "Spain", "logo": "https://media.api-sports.io/football/leagues/140.png", "flag": "https://media.api-sports.io/flags/es.svg"}}, {"player": {"id": 91745, "name": "Alemao", "photo": "https://media.api-sports.io/football/players/91745.png", "type": "Missing Fixture", "reason": "Injury"}, "team": {"id": 728, "name": "Rayo Vallecano", "logo": "https://media.api-sports.io/football/teams/728.png"}, "fixture": {"id": 1390976, "timezone": "UTC", "date": "2025-12-15T20:00:00+00:00", "timestamp": 1765828800}, "league": {"id": 140, "season": 2025, "name": "La Liga", "country": "Spain", "logo": "https://media.api-sports.io/football/leagues/140.png", "flag": "https://media.api-sports.io/flags/es.svg"}}, {"player": {"id": 47285, "name": "U. Lopez", "photo": "https://media.api-sports.io/football/players/47285.png", "type": "Missing Fixture", "reason": "Red Card"}, "team": {"id": 728, "name": "Rayo Vallecano", "logo": "https://media.api-sports.io/football/teams/728.png"}, "fixture": {"id": 1390976, "timezone": "UTC", "date": "2025-12-15T20:00:00+00:00", "timestamp": 1765828800}, "league": {"id": 140, "season": 2025, "name": "La Liga", "country": "Spain", "logo": "https://media.api-sports.io/football/leagues/140.png", "flag": "https://media.api-sports.io/flags/es.svg"}}, {"player": {"id": 333378, "name": "D. Mendez", "photo": "https://media.api-sports.io/football/players/333378.png", "type": "Missing Fixture", "reason": "Injury"}, "team": {"id": 728, "name": "Rayo Vallecano", "logo": "https://media.api-sports.io/football/teams/728.png"}, "fixture": {"id": 1390976, "timezone": "UTC", "date": "2025-12-15T20:00:00+00:00", "timestamp": 1765828800}, "league": {"id": 140, "season": 2025, "name": "La Liga", "country": "Spain", "logo": "https://media.api-sports.io/football/leagues/140.png", "flag": "https://media.api-sports.io/flags/es.svg"}}, {"player": {"id": 15900, "name": "A. Mumin", "photo": "https://media.api-sports.io/football/players/15900.png", "type": "Missing Fixture", "reason": "Knee Injury"}, "team": {"id": 728, "name": "Rayo Vallecano", "logo": "https://media.api-sports.io/football/teams/728.png"}, "fixture": {"id": 1390976, "timezone": "UTC", "date": "2025-12-15T20:00:00+00:00", "timestamp": 1765828800}, "league": {"id": 140, "season": 2025, "name": "La Liga", "country": "Spain", "logo": "https://media.api-sports.io/football/leagues/140.png", "flag": "https://media.api-sports.io/flags/es.svg"}}, {"player": {"id": 122657, "name": "R. Nteka", "photo": "https://media.api-sports.io/football/players/122657.png", "type": "Missing Fixture", "reason": "International duty"}, "team": {"id": 728, "name": "Rayo Vallecano", "logo": "https://media.api-sports.io/football/teams/728.png"}, "fixture": {"id": 1390976, "timezone": "UTC", "date": "2025-12-15T20:00:00+00:00", "timestamp": 1765828800}, "league": {"id": 140, "season": 2025, "name": "La Liga", "country": "Spain", "logo": "https://media.api-sports.io/football/leagues/140.png", "flag": "https://media.api-sports.io/flags/es.svg"}}, {"player": {"id": 47557, "name": "O. Trejo", "photo": "https://media.api-sports.io/football/players/47557.png", "type": "Missing Fixture", "reason": "Muscle Injury"}, "team": {"id": 728, "name": "Rayo Vallecano", "logo": "https://media.api-sports.io/football/teams/728.png"}, "fixture": {"id": 1390976, "timezone": "UTC", "date": "2025-12-15T20:00:00+00:00", "timestamp": 1765828800}, "league": {"id": 140, "season": 2025, "name": "La Liga", "country": "Spain", "logo": "https://media.api-sports.io/football/leagues/140.png", "flag": "https://media.api-sports.io/flags/es.svg"}}, {"player": {"id": 41552, "name": "P. Ciss", "photo": "https://media.api-sports.io/football/players/41552.png", "type": "Missing Fixture", "reason": "International duty"}, "team": {"id": 728, "name": "Rayo Vallecano", "logo": "https://media.api-sports.io/football/teams/728.png"}, "fixture": {"id": 1390981, "timezone": "UTC", "date": "2025-12-21T17:30:00+00:00", "timestamp": 1766338200}, "league": {"id": 140, "season": 2025, "name": "La Liga", "country": "Spain", "logo": "https://media.api-sports.io/football/leagues/140.png", "flag": "https://media.api-sports.io/flags/es.svg"}}, {"player": {"id": 333378, "name": "D. Mendez", "photo": "https://media.api-sports.io/football/players/333378.png", "type": "Missing Fixture", "reason": "Injury"}, "team": {"id": 728, "name": "Rayo Vallecano", "logo": "https://media.api-sports.io/football/teams/728.png"}, "fixture": {"id": 1390981, "timezone": "UTC", "date": "2025-12-21T17:30:00+00:00", "timestamp": 1766338200}, "league": {"id": 140, "season": 2025, "name": "La Liga", "country": "Spain", "logo": "https://media.api-sports.io/football/leagues/140.png", "flag": "https://media.api-sports.io/flags/es.svg"}}, {"player": {"id": 15900, "name": "A. Mumin", "photo": "https://media.api-sports.io/football/players/15900.png", "type": "Missing Fixture", "reason": "Knee Injury"}, "team": {"id": 728, "name": "Rayo Vallecano", "logo": "https://media.api-sports.io/football/teams/728.png"}, "fixture": {"id": 1390981, "timezone": "UTC", "date": "2025-12-21T17:30:00+00:00", "timestamp": 1766338200}, "league": {"id": 140, "season": 2025, "name": "La Liga", "country": "Spain", "logo": "https://media.api-sports.io/football/leagues/140.png", "flag": "https://media.api-sports.io/flags/es.svg"}}, {"player": {"id": 122657, "name": "R. Nteka", "photo": "https://media.api-sports.io/football/players/122657.png", "type": "Missing Fixture", "reason": "International duty"}, "team": {"id": 728, "name": "Rayo Vallecano", "logo": "https://media.api-sports.io/football/teams/728.png"}, "fixture": {"id": 1390981, "timezone": "UTC", "date": "2025-12-21T17:30:00+00:00", "timestamp": 1766338200}, "league": {"id": 140, "season": 2025, "name": "La Liga", "country": "Spain", "logo": "https://media.api-sports.io/football/leagues/140.png", "flag": "https://media.api-sports.io/flags/es.svg"}}, {"player": {"id": 1703, "name": "A. Ratiu", "photo": "https://media.api-sports.io/football/players/1703.png", "type": "Missing Fixture", "reason": "Yellow Cards"}, "team": {"id": 728, "name": "Rayo Vallecano", "logo": "https://media.api-sports.io/football/teams/728.png"}, "fixture": {"id": 1390981, "timezone": "UTC", "date": "2025-12-21T17:30:00+00:00", "timestamp": 1766338200}, "league": {"id": 140, "season": 2025, "name": "La Liga", "country": "Spain", "logo": "https://media.api-sports.io/football/leagues/140.png", "flag": "https://media.api-sports.io/flags/es.svg"}}, {"player": {"id": 128582, "name": "J. de Frutos", "photo": "https://media.api-sports.io/football/players/128582.png", "type": "Missing Fixture", "reason": "Knee Injury"}, "team": {"id": 728, "name": "Rayo Vallecano", "logo": "https://media.api-sports.io/football/teams/728.png"}, "fixture": {"id": 1390981, "timezone": "UTC", "date": "2025-12-21T17:30:00+00:00", "timestamp": 1766338200}, "league": {"id": 140, "season": 2025, "name": "La Liga", "country": "Spain", "logo": "https://media.api-sports.io/football/leagues/140.png", "flag": "https://media.api-sports.io/flags/es.svg"}}, {"player": {"id": 91745, "name": "Alemao", "photo": "https://media.api-sports.io/football/players/91745.png", "type": "Questionable", "reason": "Injury"}, "team": {"id": 728, "name": "Rayo Vallecano", "logo": "https://media.api-sports.io/football/teams/728.png"}, "fixture": {"id": 1390981, "timezone": "UTC", "date": "2025-12-21T17:30:00+00:00", "timestamp": 1766338200}, "league": {"id": 140, "season": 2025, "name": "La Liga", "country": "Spain", "logo": "https://media.api-sports.io/football/leagues/140.png", "flag": "https://media.api-sports.io/flags/es.svg"}}, {"player": {"id": 91745, "name": "Alemao", "photo": "https://media.api-sports.io/football/players/91745.png", "type": "Missing Fixture", "reason": "Injury"}, "team": {"id": 728, "name": "Rayo Vallecano", "logo": "https://media.api-sports.io/football/teams/728.png"}, "fixture": {"id": 1390995, "timezone": "UTC", "date": "2026-01-02T20:00:00+00:00", "timestamp": 1767384000}, "league": {"id": 140, "season": 2025, "name": "La Liga", "country": "Spain", "logo": "https://media.api-sports.io/football/leagues/140.png", "flag": "https://media.api-sports.io/flags/es.svg"}}, {"player": {"id": 20520, "name": "I. Balliu", "photo": "https://media.api-sports.io/football/players/20520.png", "type": "Missing Fixture", "reason": "Muscle Injury"}, "team": {"id": 728, "name": "Rayo Vallecano", "logo": "https://media.api-sports.io/football/teams/728.png"}, "fixture": {"id": 1390995, "timezone": "UTC", "date": "2026-01-02T20:00:00+00:00", "timestamp": 1767384000}, "league": {"id": 140, "season": 2025, "name": "La Liga", "country": "Spain", "logo": "https://media.api-sports.io/football/leagues/140.png", "flag": "https://media.api-sports.io/flags/es.svg"}}, {"player": {"id": 41552, "name": "P. Ciss", "photo": "https://media.api-sports.io/football/players/41552.png", "type": "Missing Fixture", "reason": "International duty"}, "team": {"id": 728, "name": "Rayo Vallecano", "logo": "https://media.api-sports.io/football/teams/728.png"}, "fixture": {"id": 1390995, "timezone": "UTC", "date": "2026-01-02T20:00:00+00:00", "timestamp": 1767384000}, "league": {"id": 140, "season": 2025, "name": "La Liga", "country": "Spain", "logo": "https://media.api-sports.io/football/leagues/140.png", "flag": "https://media.api-sports.io/flags/es.svg"}}, {"player": {"id": 333378, "name": "D. Mendez", "photo": "https://media.api-sports.io/football/players/333378.png", "type": "Missing Fixture", "reason": "Injury"}, "team": {"id": 728, "name": "Rayo Vallecano", "logo": "https://media.api-sports.io/football/teams/728.png"}, "fixture": {"id": 1390995, "timezone": "UTC", "date": "2026-01-02T20:00:00+00:00", "timestamp": 1767384000}, "league": {"id": 140, "season": 2025, "name": "La Liga", "country": "Spain", "logo": "https://media.api-sports.io/football/leagues/140.png", "flag": "https://media.api-sports.io/flags/es.svg"}}, {"player": {"id": 15900, "name": "A. Mumin", "photo": "https://media.api-sports.io/football/players/15900.png", "type": "Missing Fixture", "reason": "Knee Injury"}, "team": {"id": 728, "name": "Rayo Vallecano", "logo": "https://media.api-sports.io/football/teams/728.png"}, "fixture": {"id": 1390995, "timezone": "UTC", "date": "2026-01-02T20:00:00+00:00", "timestamp": 1767384000}, "league": {"id": 140, "season": 2025, "name": "La Liga", "country": "Spain", "logo": "https://media.api-sports.io/football/leagues/140.png", "flag": "https://media.api-sports.io/flags/es.svg"}}, {"player": {"id": 20520, "name": "I. Balliu", "photo": "https://media.api-sports.io/football/players/20520.png", "type": "Missing Fixture", "reason": "Muscle Injury"}, "team": {"id": 728, "name": "Rayo Vallecano", "logo": "https://media.api-sports.io/football/teams/728.png"}, "fixture": {"id": 1391011, "timezone": "UTC", "date": "2026-01-18T17:30:00+00:00", "timestamp": 1768757400}, "league": {"id": 140, "season": 2025, "name": "La Liga", "country": "Spain", "logo": "https://media.api-sports.io/football/leagues/140.png", "flag": "https://media.api-sports.io/flags/es.svg"}}, {"player": {"id": 52, "name": "S. Camello", "photo": "https://media.api-sports.io/football/players/52.png", "type": "Missing Fixture", "reason": "Injury"}, "team": {"id": 728, "name": "Rayo Vallecano", "logo": "https://media.api-sports.io/football/teams/728.png"}, "fixture": {"id": 1391011, "timezone": "UTC", "date": "2026-01-18T17:30:00+00:00", "timestamp": 1768757400}, "league": {"id": 140, "season": 2025, "name": "La Liga", "country": "Spain", "logo": "https://media.api-sports.io/football/leagues/140.png", "flag": "https://media.api-sports.io/flags/es.svg"}}, {"player": {"id": 41552, "name": "P. Ciss", "photo": "https://media.api-sports.io/football/players/41552.png", "type": "Missing Fixture", "reason": "International duty"}, "team": {"id": 728, "name": "Rayo Vallecano", "logo": "https://media.api-sports.io/football/teams/728.png"}, "fixture": {"id": 1391011, "timezone": "UTC", "date": "2026-01-18T17:30:00+00:00", "timestamp": 1768757400}, "league": {"id": 140, "season": 2025, "name": "La Liga", "country": "Spain", "logo": "https://media.api-sports.io/football/leagues/140.png", "flag": "https://media.api-sports.io/flags/es.svg"}}, {"player": {"id": 47285, "name": "U. Lopez", "photo": "https://media.api-sports.io/football/players/47285.png", "type": "Missing Fixture", "reason": "Injury"}, "team": {"id": 728, "name": "Rayo Vallecano", "logo": "https://media.api-sports.io/football/teams/728.png"}, "fixture": {"id": 1391011, "timezone": "UTC", "date": "2026-01-18T17:30:00+00:00", "timestamp": 1768757400}, "league": {"id": 140, "season": 2025, "name": "La Liga", "country": "Spain", "logo": "https://media.api-sports.io/football/leagues/140.png", "flag": "https://media.api-sports.io/flags/es.svg"}}, {"player": {"id": 1847, "name": "Luiz Felipe", "photo": "https://media.api-sports.io/football/players/1847.png", "type": "Missing Fixture", "reason": "Injury"}, "team": {"id": 728, "name": "Rayo Vallecano", "logo": "https://media.api-sports.io/football/teams/728.png"}, "fixture": {"id": 1391011, "timezone": "UTC", "date": "2026-01-18T17:30:00+00:00", "timestamp": 1768757400}, "league": {"id": 140, "season": 2025, "name": "La Liga", "country": "Spain", "logo": "https://media.api-sports.io/football/leagues/140.png", "flag": "https://media.api-sports.io/flags/es.svg"}}, {"player": {"id": 333378, "name": "D. Mendez", "photo": "https://media.api-sports.io/football/players/333378.png", "type": "Missing Fixture", "reason": "Injury"}, "team": {"id": 728, "name": "Rayo Vallecano", "logo": "https://media.api-sports.io/football/teams/728.png"}, "fixture": {"id": 1391011, "timezone": "UTC", "date": "2026-01-18T17:30:00+00:00", "timestamp": 1768757400}, "league": {"id": 140, "season": 2025, "name": "La Liga", "country": "Spain", "logo": "https://media.api-sports.io/football/leagues/140.png", "flag": "https://media.api-sports.io/flags/es.svg"}}, {"player": {"id": 15900, "name": "A. Mumin", "photo": "https://media.api-sports.io/football/players/15900.png", "type": "Missing Fixture", "reason": "Knee Injury"}, "team": {"id": 728, "name": "Rayo Vallecano", "logo": "https://media.api-sports.io/football/teams/728.png"}, "fixture": {"id": 1391011, "timezone": "UTC", "date": "2026-01-18T17:30:00+00:00", "timestamp": 1768757400}, "league": {"id": 140, "season": 2025, "name": "La Liga", "country": "Spain", "logo": "https://media.api-sports.io/football/leagues/140.png", "flag": "https://media.api-sports.io/flags/es.svg"}}, {"player": {"id": 1703, "name": "A. Ratiu", "photo": "https://media.api-sports.io/football/players/1703.png", "type": "Missing Fixture", "reason": "Muscle Injury"}, "team": {"id": 728, "name": "Rayo Vallecano", "logo": "https://media.api-sports.io/football/teams/728.png"}, "fixture": {"id": 1391011, "timezone": "UTC", "date": "2026-01-18T17:30:00+00:00", "timestamp": 1768757400}, "league": {"id": 140, "season": 2025, "name": "La Liga", "country": "Spain", "logo": "https://media.api-sports.io/football/leagues/140.png", "flag": "https://media.api-sports.io/flags/es.svg"}}, {"player": {"id": 47109, "name": "O. Valentin", "photo": "https://media.api-sports.io/football/players/47109.png", "type": "Missing Fixture", "reason": "Red Card"}, "team": {"id": 728, "name": "Rayo Vallecano", "logo": "https://media.api-sports.io/football/teams/728.png"}, "fixture": {"id": 1391011, "timezone": "UTC", "date": "2026-01-18T17:30:00+00:00", "timestamp": 1768757400}, "league": {"id": 140, "season": 2025, "name": "La Liga", "country": "Spain", "logo": "https://media.api-sports.io/football/leagues/140.png", "flag": "https://media.api-sports.io/flags/es.svg"}}, {"player": {"id": 333378, "name": "D. Mendez", "photo": "https://media.api-sports.io/football/players/333378.png", "type": "Missing Fixture", "reason": "Injury"}, "team": {"id": 728, "name": "Rayo Vallecano", "logo": "https://media.api-sports.io/football/teams/728.png"}, "fixture": {"id": 1391024, "timezone": "UTC", "date": "2026-01-24T13:00:00+00:00", "timestamp": 1769259600}, "league": {"id": 140, "season": 2025, "name": "La Liga", "country": "Spain", "logo": "https://media.api-sports.io/football/leagues/140.png", "flag": "https://media.api-sports.io/flags/es.svg"}}, {"player": {"id": 358431, "name": "N. Mendy", "photo": "https://media.api-sports.io/football/players/358431.png", "type": "Missing Fixture", "reason": "Red Card"}, "team": {"id": 728, "name": "Rayo Vallecano", "logo": "https://media.api-sports.io/football/teams/728.png"}, "fixture": {"id": 1391024, "timezone": "UTC", "date": "2026-01-24T13:00:00+00:00", "timestamp": 1769259600}, "league": {"id": 140, "season": 2025, "name": "La Liga", "country": "Spain", "logo": "https://media.api-sports.io/football/leagues/140.png", "flag": "https://media.api-sports.io/flags/es.svg"}}, {"player": {"id": 15900, "name": "A. Mumin", "photo": "https://media.api-sports.io/football/players/15900.png", "type": "Missing Fixture", "reason": "Knee Injury"}, "team": {"id": 728, "name": "Rayo Vallecano", "logo": "https://media.api-sports.io/football/teams/728.png"}, "fixture": {"id": 1391024, "timezone": "UTC", "date": "2026-01-24T13:00:00+00:00", "timestamp": 1769259600}, "league": {"id": 140, "season": 2025, "name": "La Liga", "country": "Spain", "logo": "https://media.api-sports.io/football/leagues/140.png", "flag": "https://media.api-sports.io/flags/es.svg"}}, {"player": {"id": 20520, "name": "I. Balliu", "photo": "https://media.api-sports.io/football/players/20520.png", "type": "Questionable", "reason": "Muscle Injury"}, "team": {"id": 728, "name": "Rayo Vallecano", "logo": "https://media.api-sports.io/football/teams/728.png"}, "fixture": {"id": 1391024, "timezone": "UTC", "date": "2026-01-24T13:00:00+00:00", "timestamp": 1769259600}, "league": {"id": 140, "season": 2025, "name": "La Liga", "country": "Spain", "logo": "https://media.api-sports.io/football/leagues/140.png", "flag": "https://media.api-sports.io/flags/es.svg"}}, {"player": {"id": 1703, "name": "A. Ratiu", "photo": "https://media.api-sports.io/football/players/1703.png", "type": "Questionable", "reason": "Muscle Injury"}, "team": {"id": 728, "name": "Rayo Vallecano", "logo": "https://media.api-sports.io/football/teams/728.png"}, "fixture": {"id": 1391024, "timezone": "UTC", "date": "2026-01-24T13:00:00+00:00", "timestamp": 1769259600}, "league": {"id": 140, "season": 2025, "name": "La Liga", "country": "Spain", "logo": "https://media.api-sports.io/football/leagues/140.png", "flag": "https://media.api-sports.io/flags/es.svg"}}, {"player": {"id": 47285, "name": "U. Lopez", "photo": "https://media.api-sports.io/football/players/47285.png", "type": "Missing Fixture", "reason": "Groin Injury"}, "team": {"id": 728, "name": "Rayo Vallecano", "logo": "https://media.api-sports.io/football/teams/728.png"}, "fixture": {"id": 1391037, "timezone": "UTC", "date": "2026-02-01T13:00:00+00:00", "timestamp": 1769950800}, "league": {"id": 140, "season": 2025, "name": "La Liga", "country": "Spain", "logo": "https://media.api-sports.io/football/leagues/140.png", "flag": "https://media.api-sports.io/flags/es.svg"}}, {"player": {"id": 333378, "name": "D. Mendez", "photo": "https://media.api-sports.io/football/players/333378.png", "type": "Missing Fixture", "reason": "Injury"}, "team": {"id": 728, "name": "Rayo Vallecano", "logo": "https://media.api-sports.io/football/teams/728.png"}, "fixture": {"id": 1391037, "timezone": "UTC", "date": "2026-02-01T13:00:00+00:00", "timestamp": 1769950800}, "league": {"id": 140, "season": 2025, "name": "La Liga", "country": "Spain", "logo": "https://media.api-sports.io/football/leagues/140.png", "flag": "https://media.api-sports.io/flags/es.svg"}}, {"player": {"id": 181734, "name": "P. Chavarria", "photo": "https://media.api-sports.io/football/players/181734.png", "type": "Missing Fixture", "reason": "Red Card"}, "team": {"id": 728, "name": "Rayo Vallecano", "logo": "https://media.api-sports.io/football/teams/728.png"}, "fixture": {"id": 1391044, "timezone": "UTC", "date": "2026-02-07T13:00:00+00:00", "timestamp": 1770469200}, "league": {"id": 140, "season": 2025, "name": "La Liga", "country": "Spain", "logo": "https://media.api-sports.io/football/leagues/140.png", "flag": "https://media.api-sports.io/flags/es.svg"}}, {"player": {"id": 41552, "name": "P. Ciss", "photo": "https://media.api-sports.io/football/players/41552.png", "type": "Missing Fixture", "reason": "Red Card"}, "team": {"id": 728, "name": "Rayo Vallecano", "logo": "https://media.api-sports.io/football/teams/728.png"}, "fixture": {"id": 1391044, "timezone": "UTC", "date": "2026-02-07T13:00:00+00:00", "timestamp": 1770469200}, "league": {"id": 140, "season": 2025, "name": "La Liga", "country": "Spain", "logo": "https://media.api-sports.io/football/leagues/140.png", "flag": "https://media.api-sports.io/flags/es.svg"}}, {"player": {"id": 333378, "name": "D. Mendez", "photo": "https://media.api-sports.io/football/players/333378.png", "type": "Missing Fixture", "reason": "Injury"}, "team": {"id": 728, "name": "Rayo Vallecano", "logo": "https://media.api-sports.io/football/teams/728.png"}, "fixture": {"id": 1391044, "timezone": "UTC", "date": "2026-02-07T13:00:00+00:00", "timestamp": 1770469200}, "league": {"id": 140, "season": 2025, "name": "La Liga", "country": "Spain", "logo": "https://media.api-sports.io/football/leagues/140.png", "flag": "https://media.api-sports.io/flags/es.svg"}}, {"player": {"id": 181734, "name": "P. Chavarria", "photo": "https://media.api-sports.io/football/players/181734.png", "type": "Missing Fixture", "reason": "Red Card"}, "team": {"id": 728, "name": "Rayo Vallecano", "logo": "https://media.api-sports.io/football/teams/728.png"}, "fixture": {"id": 1391055, "timezone": "UTC", "date": "2026-02-15T15:15:00+00:00", "timestamp": 1771168500}, "league": {"id": 140, "season": 2025, "name": "La Liga", "country": "Spain", "logo": "https://media.api-sports.io/football/leagues/140.png", "flag": "https://media.api-sports.io/flags/es.svg"}}, {"player": {"id": 41552, "name": "P. Ciss", "photo": "https://media.api-sports.io/football/players/41552.png", "type": "Missing Fixture", "reason": "Red Card"}, "team": {"id": 728, "name": "Rayo Vallecano", "logo": "https://media.api-sports.io/football/teams/728.png"}, "fixture": {"id": 1391055, "timezone": "UTC", "date": "2026-02-15T15:15:00+00:00", "timestamp": 1771168500}, "league": {"id": 140, "season": 2025, "name": "La Liga", "country": "Spain", "logo": "https://media.api-sports.io/football/leagues/140.png", "flag": "https://media.api-sports.io/flags/es.svg"}}, {"player": {"id": 1847, "name": "Luiz Felipe", "photo": "https://media.api-sports.io/football/players/1847.png", "type": "Missing Fixture", "reason": "Injury"}, "team": {"id": 728, "name": "Rayo Vallecano", "logo": "https://media.api-sports.io/football/teams/728.png"}, "fixture": {"id": 1391055, "timezone": "UTC", "date": "2026-02-15T15:15:00+00:00", "timestamp": 1771168500}, "league": {"id": 140, "season": 2025, "name": "La Liga", "country": "Spain", "logo": "https://media.api-sports.io/football/leagues/140.png", "flag": "https://media.api-sports.io/flags/es.svg"}}, {"player": {"id": 333378, "name": "D. Mendez", "photo": "https://media.api-sports.io/football/players/333378.png", "type": "Missing Fixture", "reason": "Injury"}, "team": {"id": 728, "name": "Rayo Vallecano", "logo": "https://media.api-sports.io/football/teams/728.png"}, "fixture": {"id": 1391055, "timezone": "UTC", "date": "2026-02-15T15:15:00+00:00", "timestamp": 1771168500}, "league": {"id": 140, "season": 2025, "name": "La Liga", "country": "Spain", "logo": "https://media.api-sports.io/football/leagues/140.png", "flag": "https://media.api-sports.io/flags/es.svg"}}]}