{"get": "injuries", "parameters": {"league": "135", "season": "2025", "team": "489"}, "errors": [], "results": 56, "paging": {"current": 1, "total": 1}, "response": [{"player": {"id": 386298, "name": "L. Torriani", "photo": "https://media.api-sports.io/football/players/386298.png", "type": "Missing Fixture", "reason": "Finger Injury"}, "team": {"id": 489, "name": "AC Milan", "logo": "https://media.api-sports.io/football/teams/489.png"}, "fixture": {"id": 1377870, "timezone": "UTC", "date": "2025-08-23T18:45:00+00:00", "timestamp": 1755974700}, "league": {"id": 135, "season": 2025, "name": "Serie A", "country": "Italy", "logo": "https://media.api-sports.io/football/leagues/135.png", "flag": "https://media.api-sports.io/flags/it.svg"}}, {"player": {"id": 386298, "name": "L. Torriani", "photo": "https://media.api-sports.io/football/players/386298.png", "type": "Missing Fixture", "reason": "Finger Injury"}, "team": {"id": 489, "name": "AC Milan", "logo": "https://media.api-sports.io/football/teams/489.png"}, "fixture": {"id": 1377879, "timezone": "UTC", "date": "2025-08-29T18:45:00+00:00", "timestamp": 1756493100}, "league": {"id": 135, "season": 2025, "name": "Serie A", "country": "Italy", "logo": "https://media.api-sports.io/football/leagues/135.png", "flag": "https://media.api-sports.io/flags/it.svg"}}, {"player": {"id": 386298, "name": "L. Torriani", "photo": "https://media.api-sports.io/football/players/386298.png", "type": "Missing Fixture", "reason": "Finger Injury"}, "team": {"id": 489, "name": "AC Milan", "logo": "https://media.api-sports.io/football/teams/489.png"}, "fixture": {"id": 1377889, "timezone": "UTC", "date": "2025-09-14T18:45:00+00:00", "timestamp": 1757875500}, "league": {"id": 135, "season": 2025, "name": "Serie A", "country": "Italy", "logo": "https://media.api-sports.io/football/leagues/135.png", "flag": "https://media.api-sports.io/flags/it.svg"}}, {"player": {"id": 264705, "name": "A. Jashari", "photo": "https://media.api-sports.io/football/players/264705.png", "type": "Missing Fixture", "reason": "Calf Injury"}, "team": {"id": 489, "name": "AC Milan", "logo": "https://media.api-sports.io/football/teams/489.png"}, "fixture": {"id": 1377879, "timezone": "UTC", "date": "2025-08-29T18:45:00+00:00", "timestamp": 1756493100}, "league": {"id": 135, "season": 2025, "name": "Serie A", "country": "Italy", "logo": "https://media.api-sports.io/football/leagues/135.png", "flag": "https://media.api-sports.io/flags/it.svg"}}, {"player": {"id": 264705, "name": "A. Jashari", "photo": "https://media.api-sports.io/football/players/264705.png", "type": "Missing Fixture", "reason": "Calf Injury"}, "team": {"id": 489, "name": "AC Milan", "logo": "https://media.api-sports.io/football/teams/489.png"}, "fixture": {"id": 1377889, "timezone": "UTC", "date": "2025-09-14T18:45:00+00:00", "timestamp": 1757875500}, "league": {"id": 135, "season": 2025, "name": "Serie A", "country": "Italy", "logo": "https://media.api-sports.io/football/leagues/135.png", "flag": "https://media.api-sports.io/flags/it.svg"}}, {"player": {"id": 22236, "name": "Rafael Le\u00e3o", "photo": "https://media.api-sports.io/football/players/22236.png", "type": "Missing Fixture", "reason": "Calf Injury"}, "team": {"id": 489, "name": "AC Milan", "logo": "https://media.api-sports.io/football/teams/489.png"}, "fixture": {"id": 1377870, "timezone": "UTC", "date": "2025-08-23T18:45:00+00:00", "timestamp": 1755974700}, "league": {"id": 135, "season": 2025, "name": "Serie A", "country": "Italy", "logo": "https://media.api-sports.io/football/leagues/135.png", "flag": "https://media.api-sports.io/flags/it.svg"}}, {"player": {"id": 22236, "name": "Rafael Le\u00e3o", "photo": "https://media.api-sports.io/football/players/22236.png", "type": "Missing Fixture", "reason": "Calf Injury"}, "team": {"id": 489, "name": "AC Milan", "logo": "https://media.api-sports.io/football/teams/489.png"}, "fixture": {"id": 1377879, "timezone": "UTC", "date": "2025-08-29T18:45:00+00:00", "timestamp": 1756493100}, "league": {"id": 135, "season": 2025, "name": "Serie A", "country": "Italy", "logo": "https://media.api-sports.io/football/leagues/135.png", "flag": "https://media.api-sports.io/flags/it.svg"}}, {"player": {"id": 22236, "name": "Rafael Le\u00e3o", "photo": "https://media.api-sports.io/football/players/22236.png", "type": "Missing Fixture", "reason": "Calf Injury"}, "team": {"id": 489, "name": "AC Milan", "logo": "https://media.api-sports.io/football/teams/489.png"}, "fixture": {"id": 1377889, "timezone": "UTC", "date": "2025-09-14T18:45:00+00:00", "timestamp": 1757875500}, "league": {"id": 135, "season": 2025, "name": "Serie A", "country": "Italy", "logo": "https://media.api-sports.io/football/leagues/135.png", "flag": "https://media.api-sports.io/flags/it.svg"}}, {"player": {"id": 264705, "name": "A. Jashari", "photo": "https://media.api-sports.io/football/players/264705.png", "type": "Missing Fixture", "reason": "Calf Injury"}, "team": {"id": 489, "name": "AC Milan", "logo": "https://media.api-sports.io/football/teams/489.png"}, "fixture": {"id": 1377902, "timezone": "UTC", "date": "2025-09-20T18:45:00+00:00", "timestamp": 1758393900}, "league": {"id": 135, "season": 2025, "name": "Serie A", "country": "Italy", "logo": "https://media.api-sports.io/football/leagues/135.png", "flag": "https://media.api-sports.io/flags/it.svg"}}, {"player": {"id": 22236, "name": "R. Leao", "photo": "https://media.api-sports.io/football/players/22236.png", "type": "Missing Fixture", "reason": "Calf Injury"}, "team": {"id": 489, "name": "AC Milan", "logo": "https://media.api-sports.io/football/teams/489.png"}, "fixture": {"id": 1377902, "timezone": "UTC", "date": "2025-09-20T18:45:00+00:00", "timestamp": 1758393900}, "league": {"id": 135, "season": 2025, "name": "Serie A", "country": "Italy", "logo": "https://media.api-sports.io/football/leagues/135.png", "flag": "https://media.api-sports.io/flags/it.svg"}}, {"player": {"id": 22221, "name": "M. Maignan", "photo": "https://media.api-sports.io/football/players/22221.png", "type": "Missing Fixture", "reason": "Calf Injury"}, "team": {"id": 489, "name": "AC Milan", "logo": "https://media.api-sports.io/football/teams/489.png"}, "fixture": {"id": 1377902, "timezone": "UTC", "date": "2025-09-20T18:45:00+00:00", "timestamp": 1758393900}, "league": {"id": 135, "season": 2025, "name": "Serie A", "country": "Italy", "logo": "https://media.api-sports.io/football/leagues/135.png", "flag": "https://media.api-sports.io/flags/it.svg"}}, {"player": {"id": 264705, "name": "A. Jashari", "photo": "https://media.api-sports.io/football/players/264705.png", "type": "Missing Fixture", "reason": "Calf Injury"}, "team": {"id": 489, "name": "AC Milan", "logo": "https://media.api-sports.io/football/teams/489.png"}, "fixture": {"id": 1377909, "timezone": "UTC", "date": "2025-09-28T18:45:00+00:00", "timestamp": 1759085100}, "league": {"id": 135, "season": 2025, "name": "Serie A", "country": "Italy", "logo": "https://media.api-sports.io/football/leagues/135.png", "flag": "https://media.api-sports.io/flags/it.svg"}}, {"player": {"id": 46731, "name": "P. Estupinan", "photo": "https://media.api-sports.io/football/players/46731.png", "type": "Missing Fixture", "reason": "Red Card"}, "team": {"id": 489, "name": "AC Milan", "logo": "https://media.api-sports.io/football/teams/489.png"}, "fixture": {"id": 1377918, "timezone": "UTC", "date": "2025-10-05T18:45:00+00:00", "timestamp": 1759689900}, "league": {"id": 135, "season": 2025, "name": "Serie A", "country": "Italy", "logo": "https://media.api-sports.io/football/leagues/135.png", "flag": "https://media.api-sports.io/flags/it.svg"}}, {"player": {"id": 264705, "name": "A. Jashari", "photo": "https://media.api-sports.io/football/players/264705.png", "type": "Missing Fixture", "reason": "Calf Injury"}, "team": {"id": 489, "name": "AC Milan", "logo": "https://media.api-sports.io/football/teams/489.png"}, "fixture": {"id": 1377918, "timezone": "UTC", "date": "2025-10-05T18:45:00+00:00", "timestamp": 1759689900}, "league": {"id": 135, "season": 2025, "name": "Serie A", "country": "Italy", "logo": "https://media.api-sports.io/football/leagues/135.png", "flag": "https://media.api-sports.io/flags/it.svg"}}, {"player": {"id": 46731, "name": "P. Estupinan", "photo": "https://media.api-sports.io/football/players/46731.png", "type": "Missing Fixture", "reason": "Ankle Injury"}, "team": {"id": 489, "name": "AC Milan", "logo": "https://media.api-sports.io/football/teams/489.png"}, "fixture": {"id": 1377930, "timezone": "UTC", "date": "2025-10-19T18:45:00+00:00", "timestamp": 1760899500}, "league": {"id": 135, "season": 2025, "name": "Serie A", "country": "Italy", "logo": "https://media.api-sports.io/football/leagues/135.png", "flag": "https://media.api-sports.io/flags/it.svg"}}, {"player": {"id": 264705, "name": "A. Jashari", "photo": "https://media.api-sports.io/football/players/264705.png", "type": "Missing Fixture", "reason": "Calf Injury"}, "team": {"id": 489, "name": "AC Milan", "logo": "https://media.api-sports.io/football/teams/489.png"}, "fixture": {"id": 1377930, "timezone": "UTC", "date": "2025-10-19T18:45:00+00:00", "timestamp": 1760899500}, "league": {"id": 135, "season": 2025, "name": "Serie A", "country": "Italy", "logo": "https://media.api-sports.io/football/leagues/135.png", "flag": "https://media.api-sports.io/flags/it.svg"}}, {"player": {"id": 17, "name": "C. Pulisic", "photo": "https://media.api-sports.io/football/players/17.png", "type": "Missing Fixture", "reason": "Thigh Injury"}, "team": {"id": 489, "name": "AC Milan", "logo": "https://media.api-sports.io/football/teams/489.png"}, "fixture": {"id": 1377930, "timezone": "UTC", "date": "2025-10-19T18:45:00+00:00", "timestamp": 1760899500}, "league": {"id": 135, "season": 2025, "name": "Serie A", "country": "Italy", "logo": "https://media.api-sports.io/football/leagues/135.png", "flag": "https://media.api-sports.io/flags/it.svg"}}, {"player": {"id": 272, "name": "A. Rabiot", "photo": "https://media.api-sports.io/football/players/272.png", "type": "Missing Fixture", "reason": "Calf Injury"}, "team": {"id": 489, "name": "AC Milan", "logo": "https://media.api-sports.io/football/teams/489.png"}, "fixture": {"id": 1377930, "timezone": "UTC", "date": "2025-10-19T18:45:00+00:00", "timestamp": 1760899500}, "league": {"id": 135, "season": 2025, "name": "Serie A", "country": "Italy", "logo": "https://media.api-sports.io/football/leagues/135.png", "flag": "https://media.api-sports.io/flags/it.svg"}}, {"player": {"id": 269, "name": "C. Nkunku", "photo": "https://media.api-sports.io/football/players/269.png", "type": "Questionable", "reason": "Toe Injury"}, "team": {"id": 489, "name": "AC Milan", "logo": "https://media.api-sports.io/football/teams/489.png"}, "fixture": {"id": 1377930, "timezone": "UTC", "date": "2025-10-19T18:45:00+00:00", "timestamp": 1760899500}, "league": {"id": 135, "season": 2025, "name": "Serie A", "country": "Italy", "logo": "https://media.api-sports.io/football/leagues/135.png", "flag": "https://media.api-sports.io/flags/it.svg"}}, {"player": {"id": 46731, "name": "P. Estupinan", "photo": "https://media.api-sports.io/football/players/46731.png", "type": "Missing Fixture", "reason": "Ankle Injury"}, "team": {"id": 489, "name": "AC Milan", "logo": "https://media.api-sports.io/football/teams/489.png"}, "fixture": {"id": 1377937, "timezone": "UTC", "date": "2025-10-24T18:45:00+00:00", "timestamp": 1761331500}, "league": {"id": 135, "season": 2025, "name": "Serie A", "country": "Italy", "logo": "https://media.api-sports.io/football/leagues/135.png", "flag": "https://media.api-sports.io/flags/it.svg"}}, {"player": {"id": 264705, "name": "A. Jashari", "photo": "https://media.api-sports.io/football/players/264705.png", "type": "Missing Fixture", "reason": "Calf Injury"}, "team": {"id": 489, "name": "AC Milan", "logo": "https://media.api-sports.io/football/teams/489.png"}, "fixture": {"id": 1377937, "timezone": "UTC", "date": "2025-10-24T18:45:00+00:00", "timestamp": 1761331500}, "league": {"id": 135, "season": 2025, "name": "Serie A", "country": "Italy", "logo": "https://media.api-sports.io/football/leagues/135.png", "flag": "https://media.api-sports.io/flags/it.svg"}}, {"player": {"id": 2292, "name": "R. Loftus-Cheek", "photo": "https://media.api-sports.io/football/players/2292.png", "type": "Missing Fixture", "reason": "Thigh Injury"}, "team": {"id": 489, "name": "AC Milan", "logo": "https://media.api-sports.io/football/teams/489.png"}, "fixture": {"id": 1377937, "timezone": "UTC", "date": "2025-10-24T18:45:00+00:00", "timestamp": 1761331500}, "league": {"id": 135, "season": 2025, "name": "Serie A", "country": "Italy", "logo": "https://media.api-sports.io/football/leagues/135.png", "flag": "https://media.api-sports.io/flags/it.svg"}}, {"player": {"id": 17, "name": "C. Pulisic", "photo": "https://media.api-sports.io/football/players/17.png", "type": "Missing Fixture", "reason": "Thigh Injury"}, "team": {"id": 489, "name": "AC Milan", "logo": "https://media.api-sports.io/football/teams/489.png"}, "fixture": {"id": 1377937, "timezone": "UTC", "date": "2025-10-24T18:45:00+00:00", "timestamp": 1761331500}, "league": {"id": 135, "season": 2025, "name": "Serie A", "country": "Italy", "logo": "https://media.api-sports.io/football/leagues/135.png", "flag": "https://media.api-sports.io/flags/it.svg"}}, {"player": {"id": 272, "name": "A. Rabiot", "photo": "https://media.api-sports.io/football/players/272.png", "type": "Missing Fixture", "reason": "Calf Injury"}, "team": {"id": 489, "name": "AC Milan", "logo": "https://media.api-sports.io/football/teams/489.png"}, "fixture": {"id": 1377937, "timezone": "UTC", "date": "2025-10-24T18:45:00+00:00", "timestamp": 1761331500}, "league": {"id": 135, "season": 2025, "name": "Serie A", "country": "Italy", "logo": "https://media.api-sports.io/football/leagues/135.png", "flag": "https://media.api-sports.io/flags/it.svg"}}, {"player": {"id": 46731, "name": "P. Estupinan", "photo": "https://media.api-sports.io/football/players/46731.png", "type": "Missing Fixture", "reason": "Ankle Injury"}, "team": {"id": 489, "name": "AC Milan", "logo": "https://media.api-sports.io/football/teams/489.png"}, "fixture": {"id": 1377944, "timezone": "UTC", "date": "2025-10-28T19:45:00+00:00", "timestamp": 1761680700}, "league": {"id": 135, "season": 2025, "name": "Serie A", "country": "Italy", "logo": "https://media.api-sports.io/football/leagues/135.png", "flag": "https://media.api-sports.io/flags/it.svg"}}, {"player": {"id": 264705, "name": "A. Jashari", "photo": "https://media.api-sports.io/football/players/264705.png", "type": "Missing Fixture", "reason": "Calf Injury"}, "team": {"id": 489, "name": "AC Milan", "logo": "https://media.api-sports.io/football/teams/489.png"}, "fixture": {"id": 1377944, "timezone": "UTC", "date": "2025-10-28T19:45:00+00:00", "timestamp": 1761680700}, "league": {"id": 135, "season": 2025, "name": "Serie A", "country": "Italy", "logo": "https://media.api-sports.io/football/leagues/135.png", "flag": "https://media.api-sports.io/flags/it.svg"}}, {"player": {"id": 17, "name": "C. Pulisic", "photo": "https://media.api-sports.io/football/players/17.png", "type": "Missing Fixture", "reason": "Thigh Injury"}, "team": {"id": 489, "name": "AC Milan", "logo": "https://media.api-sports.io/football/teams/489.png"}, "fixture": {"id": 1377944, "timezone": "UTC", "date": "2025-10-28T19:45:00+00:00", "timestamp": 1761680700}, "league": {"id": 135, "season": 2025, "name": "Serie A", "country": "Italy", "logo": "https://media.api-sports.io/football/leagues/135.png", "flag": "https://media.api-sports.io/flags/it.svg"}}, {"player": {"id": 272, "name": "A. Rabiot", "photo": "https://media.api-sports.io/football/players/272.png", "type": "Missing Fixture", "reason": "Calf Injury"}, "team": {"id": 489, "name": "AC Milan", "logo": "https://media.api-sports.io/football/teams/489.png"}, "fixture": {"id": 1377944, "timezone": "UTC", "date": "2025-10-28T19:45:00+00:00", "timestamp": 1761680700}, "league": {"id": 135, "season": 2025, "name": "Serie A", "country": "Italy", "logo": "https://media.api-sports.io/football/leagues/135.png", "flag": "https://media.api-sports.io/flags/it.svg"}}, {"player": {"id": 94562, "name": "S. Gimenez", "photo": "https://media.api-sports.io/football/players/94562.png", "type": "Missing Fixture", "reason": "Injury"}, "team": {"id": 489, "name": "AC Milan", "logo": "https://media.api-sports.io/football/teams/489.png"}, "fixture": {"id": 1377957, "timezone": "UTC", "date": "2025-11-02T19:45:00+00:00", "timestamp": 1762112700}, "league": {"id": 135, "season": 2025, "name": "Serie A", "country": "Italy", "logo": "https://media.api-sports.io/football/leagues/135.png", "flag": "https://media.api-sports.io/flags/it.svg"}}, {"player": {"id": 17, "name": "C. Pulisic", "photo": "https://media.api-sports.io/football/players/17.png", "type": "Missing Fixture", "reason": "Thigh Injury"}, "team": {"id": 489, "name": "AC Milan", "logo": "https://media.api-sports.io/football/teams/489.png"}, "fixture": {"id": 1377957, "timezone": "UTC", "date": "2025-11-02T19:45:00+00:00", "timestamp": 1762112700}, "league": {"id": 135, "season": 2025, "name": "Serie A", "country": "Italy", "logo": "https://media.api-sports.io/football/leagues/135.png", "flag": "https://media.api-sports.io/flags/it.svg"}}, {"player": {"id": 272, "name": "A. Rabiot", "photo": "https://media.api-sports.io/football/players/272.png", "type": "Missing Fixture", "reason": "Calf Injury"}, "team": {"id": 489, "name": "AC Milan", "logo": "https://media.api-sports.io/football/teams/489.png"}, "fixture": {"id": 1377957, "timezone": "UTC", "date": "2025-11-02T19:45:00+00:00", "timestamp": 1762112700}, "league": {"id": 135, "season": 2025, "name": "Serie A", "country": "Italy", "logo": "https://media.api-sports.io/football/leagues/135.png", "flag": "https://media.api-sports.io/flags/it.svg"}}, {"player": {"id": 94562, "name": "S. Gimenez", "photo": "https://media.api-sports.io/football/players/94562.png", "type": "Missing Fixture", "reason": "Ankle Injury"}, "team": {"id": 489, "name": "AC Milan", "logo": "https://media.api-sports.io/football/teams/489.png"}, "fixture": {"id": 1377971, "timezone": "UTC", "date": "2025-11-08T19:45:00+00:00", "timestamp": 1762631100}, "league": {"id": 135, "season": 2025, "name": "Serie A", "country": "Italy", "logo": "https://media.api-sports.io/football/leagues/135.png", "flag": "https://media.api-sports.io/flags/it.svg"}}, {"player": {"id": 272, "name": "A. Rabiot", "photo": "https://media.api-sports.io/football/players/272.png", "type": "Missing Fixture", "reason": "Calf Injury"}, "team": {"id": 489, "name": "AC Milan", "logo": "https://media.api-sports.io/football/teams/489.png"}, "fixture": {"id": 1377971, "timezone": "UTC", "date": "2025-11-08T19:45:00+00:00", "timestamp": 1762631100}, "league": {"id": 135, "season": 2025, "name": "Serie A", "country": "Italy", "logo": "https://media.api-sports.io/football/leagues/135.png", "flag": "https://media.api-sports.io/flags/it.svg"}}, {"player": {"id": 396380, "name": "Z. Athekame", "photo": "https://media.api-sports.io/football/players/396380.png", "type": "Missing Fixture", "reason": "Muscle Injury"}, "team": {"id": 489, "name": "AC Milan", "logo": "https://media.api-sports.io/football/teams/489.png"}, "fixture": {"id": 1377977, "timezone": "UTC", "date": "2025-11-23T19:45:00+00:00", "timestamp": 1763927100}, "league": {"id": 135, "season": 2025, "name": "Serie A", "country": "Italy", "logo": "https://media.api-sports.io/football/leagues/135.png", "flag": "https://media.api-sports.io/flags/it.svg"}}, {"player": {"id": 94562, "name": "S. Gimenez", "photo": "https://media.api-sports.io/football/players/94562.png", "type": "Missing Fixture", "reason": "Ankle Injury"}, "team": {"id": 489, "name": "AC Milan", "logo": "https://media.api-sports.io/football/teams/489.png"}, "fixture": {"id": 1377977, "timezone": "UTC", "date": "2025-11-23T19:45:00+00:00", "timestamp": 1763927100}, "league": {"id": 135, "season": 2025, "name": "Serie A", "country": "Italy", "logo": "https://media.api-sports.io/football/leagues/135.png", "flag": "https://media.api-sports.io/flags/it.svg"}}, {"player": {"id": 396380, "name": "Z. Athekame", "photo": "https://media.api-sports.io/football/players/396380.png", "type": "Missing Fixture", "reason": "Muscle Injury"}, "team": {"id": 489, "name": "AC Milan", "logo": "https://media.api-sports.io/football/teams/489.png"}, "fixture": {"id": 1377990, "timezone": "UTC", "date": "2025-11-29T19:45:00+00:00", "timestamp": 1764445500}, "league": {"id": 135, "season": 2025, "name": "Serie A", "country": "Italy", "logo": "https://media.api-sports.io/football/leagues/135.png", "flag": "https://media.api-sports.io/flags/it.svg"}}, {"player": {"id": 94562, "name": "S. Gimenez", "photo": "https://media.api-sports.io/football/players/94562.png", "type": "Missing Fixture", "reason": "Ankle Injury"}, "team": {"id": 489, "name": "AC Milan", "logo": "https://media.api-sports.io/football/teams/489.png"}, "fixture": {"id": 1377990, "timezone": "UTC", "date": "2025-11-29T19:45:00+00:00", "timestamp": 1764445500}, "league": {"id": 135, "season": 2025, "name": "Serie A", "country": "Italy", "logo": "https://media.api-sports.io/football/leagues/135.png", "flag": "https://media.api-sports.io/flags/it.svg"}}, {"player": {"id": 17, "name": "C. Pulisic", "photo": "https://media.api-sports.io/football/players/17.png", "type": "Missing Fixture", "reason": "Thigh Injury"}, "team": {"id": 489, "name": "AC Milan", "logo": "https://media.api-sports.io/football/teams/489.png"}, "fixture": {"id": 1377990, "timezone": "UTC", "date": "2025-11-29T19:45:00+00:00", "timestamp": 1764445500}, "league": {"id": 135, "season": 2025, "name": "Serie A", "country": "Italy", "logo": "https://media.api-sports.io/football/leagues/135.png", "flag": "https://media.api-sports.io/flags/it.svg"}}, {"player": {"id": 396380, "name": "Z. Athekame", "photo": "https://media.api-sports.io/football/players/396380.png", "type": "Missing Fixture", "reason": "Muscle Injury"}, "team": {"id": 489, "name": "AC Milan", "logo": "https://media.api-sports.io/football/teams/489.png"}, "fixture": {"id": 1378001, "timezone": "UTC", "date": "2025-12-08T19:45:00+00:00", "timestamp": 1765223100}, "league": {"id": 135, "season": 2025, "name": "Serie A", "country": "Italy", "logo": "https://media.api-sports.io/football/leagues/135.png", "flag": "https://media.api-sports.io/flags/it.svg"}}, {"player": {"id": 22254, "name": "Y. Fofana", "photo": "https://media.api-sports.io/football/players/22254.png", "type": "Missing Fixture", "reason": "Injury"}, "team": {"id": 489, "name": "AC Milan", "logo": "https://media.api-sports.io/football/teams/489.png"}, "fixture": {"id": 1378001, "timezone": "UTC", "date": "2025-12-08T19:45:00+00:00", "timestamp": 1765223100}, "league": {"id": 135, "season": 2025, "name": "Serie A", "country": "Italy", "logo": "https://media.api-sports.io/football/leagues/135.png", "flag": "https://media.api-sports.io/flags/it.svg"}}, {"player": {"id": 94562, "name": "S. Gimenez", "photo": "https://media.api-sports.io/football/players/94562.png", "type": "Missing Fixture", "reason": "Ankle Injury"}, "team": {"id": 489, "name": "AC Milan", "logo": "https://media.api-sports.io/football/teams/489.png"}, "fixture": {"id": 1378001, "timezone": "UTC", "date": "2025-12-08T19:45:00+00:00", "timestamp": 1765223100}, "league": {"id": 135, "season": 2025, "name": "Serie A", "country": "Italy", "logo": "https://media.api-sports.io/football/leagues/135.png", "flag": "https://media.api-sports.io/flags/it.svg"}}, {"player": {"id": 22254, "name": "Y. Fofana", "photo": "https://media.api-sports.io/football/players/22254.png", "type": "Missing Fixture", "reason": "Injury"}, "team": {"id": 489, "name": "AC Milan", "logo": "https://media.api-sports.io/football/teams/489.png"}, "fixture": {"id": 1378009, "timezone": "UTC", "date": "2025-12-14T11:30:00+00:00", "timestamp": 1765711800}, "league": {"id": 135, "season": 2025, "name": "Serie A", "country": "Italy", "logo": "https://media.api-sports.io/football/leagues/135.png", "flag": "https://media.api-sports.io/flags/it.svg"}}, {"player": {"id": 94562, "name": "S. Gimenez", "photo": "https://media.api-sports.io/football/players/94562.png", "type": "Missing Fixture", "reason": "Ankle Injury"}, "team": {"id": 489, "name": "AC Milan", "logo": "https://media.api-sports.io/football/teams/489.png"}, "fixture": {"id": 1378009, "timezone": "UTC", "date": "2025-12-14T11:30:00+00:00", "timestamp": 1765711800}, "league": {"id": 135, "season": 2025, "name": "Serie A", "country": "Italy", "logo": "https://media.api-sports.io/football/leagues/135.png", "flag": "https://media.api-sports.io/flags/it.svg"}}, {"player": {"id": 22236, "name": "R. Leao", "photo": "https://media.api-sports.io/football/players/22236.png", "type": "Missing Fixture", "reason": "Injury"}, "team": {"id": 489, "name": "AC Milan", "logo": "https://media.api-sports.io/football/teams/489.png"}, "fixture": {"id": 1378009, "timezone": "UTC", "date": "2025-12-14T11:30:00+00:00", "timestamp": 1765711800}, "league": {"id": 135, "season": 2025, "name": "Serie A", "country": "Italy", "logo": "https://media.api-sports.io/football/leagues/135.png", "flag": "https://media.api-sports.io/flags/it.svg"}}, {"player": {"id": 56473, "name": "M. Gabbia", "photo": "https://media.api-sports.io/football/players/56473.png", "type": "Missing Fixture", "reason": "Knee Injury"}, "team": {"id": 489, "name": "AC Milan", "logo": "https://media.api-sports.io/football/teams/489.png"}, "fixture": {"id": 1378028, "timezone": "UTC", "date": "2025-12-28T11:30:00+00:00", "timestamp": 1766921400}, "league": {"id": 135, "season": 2025, "name": "Serie A", "country": "Italy", "logo": "https://media.api-sports.io/football/leagues/135.png", "flag": "https://media.api-sports.io/flags/it.svg"}}, {"player": {"id": 94562, "name": "S. Gimenez", "photo": "https://media.api-sports.io/football/players/94562.png", "type": "Missing Fixture", "reason": "Ankle Injury"}, "team": {"id": 489, "name": "AC Milan", "logo": "https://media.api-sports.io/football/teams/489.png"}, "fixture": {"id": 1378028, "timezone": "UTC", "date": "2025-12-28T11:30:00+00:00", "timestamp": 1766921400}, "league": {"id": 135, "season": 2025, "name": "Serie A", "country": "Italy", "logo": "https://media.api-sports.io/football/leagues/135.png", "flag": "https://media.api-sports.io/flags/it.svg"}}, {"player": {"id": 22236, "name": "R. Leao", "photo": "https://media.api-sports.io/football/players/22236.png", "type": "Missing Fixture", "reason": "Injury"}, "team": {"id": 489, "name": "AC Milan", "logo": "https://media.api-sports.io/football/teams/489.png"}, "fixture": {"id": 1378028, "timezone": "UTC", "date": "2025-12-28T11:30:00+00:00", "timestamp": 1766921400}, "league": {"id": 135, "season": 2025, "name": "Serie A", "country": "Italy", "logo": "https://media.api-sports.io/football/leagues/135.png", "flag": "https://media.api-sports.io/flags/it.svg"}}, {"player": {"id": 94562, "name": "S. Gimenez", "photo": "https://media.api-sports.io/football/players/94562.png", "type": "Missing Fixture", "reason": "Ankle Injury"}, "team": {"id": 489, "name": "AC Milan", "logo": "https://media.api-sports.io/football/teams/489.png"}, "fixture": {"id": 1378035, "timezone": "UTC", "date": "2026-01-02T19:45:00+00:00", "timestamp": 1767383100}, "league": {"id": 135, "season": 2025, "name": "Serie A", "country": "Italy", "logo": "https://media.api-sports.io/football/leagues/135.png", "flag": "https://media.api-sports.io/flags/it.svg"}}, {"player": {"id": 269, "name": "C. Nkunku", "photo": "https://media.api-sports.io/football/players/269.png", "type": "Missing Fixture", "reason": "Ankle Injury"}, "team": {"id": 489, "name": "AC Milan", "logo": "https://media.api-sports.io/football/teams/489.png"}, "fixture": {"id": 1378035, "timezone": "UTC", "date": "2026-01-02T19:45:00+00:00", "timestamp": 1767383100}, "league": {"id": 135, "season": 2025, "name": "Serie A", "country": "Italy", "logo": "https://media.api-sports.io/football/leagues/135.png", "flag": "https://media.api-sports.io/flags/it.svg"}}, {"player": {"id": 94562, "name": "S. Gimenez", "photo": "https://media.api-sports.io/football/players/94562.png", "type": "Missing Fixture", "reason": "Ankle Injury"}, "team": {"id": 489, "name": "AC Milan", "logo": "https://media.api-sports.io/football/teams/489.png"}, "fixture": {"id": 1378068, "timezone": "UTC", "date": "2026-01-18T19:45:00+00:00", "timestamp": 1768765500}, "league": {"id": 135, "season": 2025, "name": "Serie A", "country": "Italy", "logo": "https://media.api-sports.io/football/leagues/135.png", "flag": "https://media.api-sports.io/flags/it.svg"}}, {"player": {"id": 94562, "name": "S. Gimenez", "photo": "https://media.api-sports.io/football/players/94562.png", "type": "Missing Fixture", "reason": "Ankle Injury"}, "team": {"id": 489, "name": "AC Milan", "logo": "https://media.api-sports.io/football/teams/489.png"}, "fixture": {"id": 1378081, "timezone": "UTC", "date": "2026-01-25T19:45:00+00:00", "timestamp": 1769370300}, "league": {"id": 135, "season": 2025, "name": "Serie A", "country": "Italy", "logo": "https://media.api-sports.io/football/leagues/135.png", "flag": "https://media.api-sports.io/flags/it.svg"}}, {"player": {"id": 94562, "name": "S. Gimenez", "photo": "https://media.api-sports.io/football/players/94562.png", "type": "Missing Fixture", "reason": "Ankle Injury"}, "team": {"id": 489, "name": "AC Milan", "logo": "https://media.api-sports.io/football/teams/489.png"}, "fixture": {"id": 1378084, "timezone": "UTC", "date": "2026-02-03T19:45:00+00:00", "timestamp": 1770147900}, "league": {"id": 135, "season": 2025, "name": "Serie A", "country": "Italy", "logo": "https://media.api-sports.io/football/leagues/135.png", "flag": "https://media.api-sports.io/flags/it.svg"}}, {"player": {"id": 17, "name": "C. Pulisic", "photo": "https://media.api-sports.io/football/players/17.png", "type": "Missing Fixture", "reason": "Injury"}, "team": {"id": 489, "name": "AC Milan", "logo": "https://media.api-sports.io/football/teams/489.png"}, "fixture": {"id": 1378084, "timezone": "UTC", "date": "2026-02-03T19:45:00+00:00", "timestamp": 1770147900}, "league": {"id": 135, "season": 2025, "name": "Serie A", "country": "Italy", "logo": "https://media.api-sports.io/football/leagues/135.png", "flag": "https://media.api-sports.io/flags/it.svg"}}, {"player": {"id": 1417, "name": "A. Saelemaekers", "photo": "https://media.api-sports.io/football/players/1417.png", "type": "Missing Fixture", "reason": "Muscle Injury"}, "team": {"id": 489, "name": "AC Milan", "logo": "https://media.api-sports.io/football/teams/489.png"}, "fixture": {"id": 1378084, "timezone": "UTC", "date": "2026-02-03T19:45:00+00:00", "timestamp": 1770147900}, "league": {"id": 135, "season": 2025, "name": "Serie A", "country": "Italy", "logo": "https://media.api-sports.io/football/leagues/135.png", "flag": "https://media.api-sports.io/flags/it.svg"}}, {"player": {"id": 94562, "name": "S. Gimenez", "photo": "https://media.api-sports.io/football/players/94562.png", "type": "Missing Fixture", "reason": "Ankle Injury"}, "team": {"id": 489, "name": "AC Milan", "logo": "https://media.api-sports.io/football/teams/489.png"}, "fixture": {"id": 1378111, "timezone": "UTC", "date": "2026-02-13T19:45:00+00:00", "timestamp": 1771011900}, "league": {"id": 135, "season": 2025, "name": "Serie A", "country": "Italy", "logo": "https://media.api-sports.io/football/leagues/135.png", "flag": "https://media.api-sports.io/flags/it.svg"}}, {"player": {"id": 1417, "name": "A. Saelemaekers", "photo": "https://media.api-sports.io/football/players/1417.png", "type": "Missing Fixture", "reason": "Muscle Injury"}, "team": {"id": 489, "name": "AC Milan", "logo": "https://media.api-sports.io/football/teams/489.png"}, "fixture": {"id": 1378111, "timezone": "UTC", "date": "2026-02-13T19:45:00+00:00", "timestamp": 1771011900}, "league": {"id": 135, "season": 2025, "name": "Serie A", "country": "Italy", "logo": "https://media.api-sports.io/football/leagues/135.png", "flag": "https://media.api-sports.io/flags/it.svg"}}]}