{"get": "fixtures", "parameters": {"league": "39", "season": "2025", "team": "39", "status": "FT", "last": "10"}, "errors": [], "results": 10, "paging": {"current": 1, "total": 1}, "response": [{"fixture": {"id": 1379218, "referee": "Jarred Gillett, Australia", "timezone": "UTC", "date": "2026-02-07T15:00:00+00:00", "timestamp": 1770476400, "periods": {"first": 1770476400, "second": 1770480000}, "venue": {"id": 600, "name": "Molineux Stadium", "city": "Wolverhampton"}, "status": {"long": "Match Finished", "short": "FT", "elapsed": 90, "extra": 9}}, "league": {"id": 39, "name": "Premier League", "country": "England", "logo": "https://media.api-sports.io/football/leagues/39.png", "flag": "https://media.api-sports.io/flags/gb-eng.svg", "season": 2025, "round": "Regular Season - 25", "standings": true}, "teams": {"home": {"id": 39, "name": "Wolves", "logo": "https://media.api-sports.io/football/teams/39.png", "winner": false}, "away": {"id": 49, "name": "Chelsea", "logo": "https://media.api-sports.io/football/teams/49.png", "winner": true}}, "goals": {"home": 1, "away": 3}, "score": {"halftime": {"home": 0, "away": 3}, "fulltime": {"home": 1, "away": 3}, "extratime": {"home": null, "away": null}, "penalty": {"home": null, "away": null}}}, {"fixture": {"id": 1379208, "referee": "Michael Oliver, England", "timezone": "UTC", "date": "2026-01-31T15:00:00+00:00", "timestamp": 1769871600, "periods": {"first": 1769871600, "second": 1769875200}, "venue": {"id": 600, "name": "Molineux Stadium", "city": "Wolverhampton"}, "status": {"long": "Match Finished", "short": "FT", "elapsed": 90, "extra": 6}}, "league": {"id": 39, "name": "Premier League", "country": "England", "logo": "https://media.api-sports.io/football/leagues/39.png", "flag": "https://media.api-sports.io/flags/gb-eng.svg", "season": 2025, "round": "Regular Season - 24", "standings": true}, "teams": {"home": {"id": 39, "name": "Wolves", "logo": "https://media.api-sports.io/football/teams/39.png", "winner": false}, "away": {"id": 35, "name": "Bournemouth", "logo": "https://media.api-sports.io/football/teams/35.png", "winner": true}}, "goals": {"home": 0, "away": 2}, "score": {"halftime": {"home": 0, "away": 1}, "fulltime": {"home": 0, "away": 2}, "extratime": {"home": null, "away": null}, "penalty": {"home": null, "away": null}}}, {"fixture": {"id": 1379196, "referee": "Farai Hallam, England", "timezone": "UTC", "date": "2026-01-24T15:00:00+00:00", "timestamp": 1769266800, "periods": {"first": 1769266800, "second": 1769270400}, "venue": {"id": 555, "name": "Etihad Stadium", "city": "Manchester"}, "status": {"long": "Match Finished", "short": "FT", "elapsed": 90, "extra": 5}}, "league": {"id": 39, "name": "Premier League", "country": "England", "logo": "https://media.api-sports.io/football/leagues/39.png", "flag": "https://media.api-sports.io/flags/gb-eng.svg", "season": 2025, "round": "Regular Season - 23", "standings": true}, "teams": {"home": {"id": 50, "name": "Manchester City", "logo": "https://media.api-sports.io/football/teams/50.png", "winner": true}, "away": {"id": 39, "name": "Wolves", "logo": "https://media.api-sports.io/football/teams/39.png", "winner": false}}, "goals": {"home": 2, "away": 0}, "score": {"halftime": {"home": 2, "away": 0}, "fulltime": {"home": 2, "away": 0}, "extratime": {"home": null, "away": null}, "penalty": {"home": null, "away": null}}}, {"fixture": {"id": 1379188, "referee": "Samuel Barrott, England", "timezone": "UTC", "date": "2026-01-18T14:00:00+00:00", "timestamp": 1768744800, "periods": {"first": 1768744800, "second": 1768748400}, "venue": {"id": 600, "name": "Molineux Stadium", "city": "Wolverhampton"}, "status": {"long": "Match Finished", "short": "FT", "elapsed": 90, "extra": null}}, "league": {"id": 39, "name": "Premier League", "country": "England", "logo": "https://media.api-sports.io/football/leagues/39.png", "flag": "https://media.api-sports.io/flags/gb-eng.svg", "season": 2025, "round": "Regular Season - 22", "standings": true}, "teams": {"home": {"id": 39, "name": "Wolves", "logo": "https://media.api-sports.io/football/teams/39.png", "winner": null}, "away": {"id": 34, "name": "Newcastle", "logo": "https://media.api-sports.io/football/teams/34.png", "winner": null}}, "goals": {"home": 0, "away": 0}, "score": {"halftime": {"home": 0, "away": 0}, "fulltime": {"home": 0, "away": 0}, "extratime": {"home": null, "away": null}, "penalty": {"home": null, "away": null}}}, {"fixture": {"id": 1379174, "referee": "Thomas Kirk, England", "timezone": "UTC", "date": "2026-01-07T19:30:00+00:00", "timestamp": 1767814200, "periods": {"first": 1767814200, "second": 1767817800}, "venue": {"id": 22033, "name": "Hill Dickinson Stadium", "city": "Liverpool"}, "status": {"long": "Match Finished", "short": "FT", "elapsed": 90, "extra": 10}}, "league": {"id": 39, "name": "Premier League", "country": "England", "logo": "https://media.api-sports.io/football/leagues/39.png", "flag": "https://media.api-sports.io/flags/gb-eng.svg", "season": 2025, "round": "Regular Season - 21", "standings": true}, "teams": {"home": {"id": 45, "name": "Everton", "logo": "https://media.api-sports.io/football/teams/45.png", "winner": null}, "away": {"id": 39, "name": "Wolves", "logo": "https://media.api-sports.io/football/teams/39.png", "winner": null}}, "goals": {"home": 1, "away": 1}, "score": {"halftime": {"home": 1, "away": 0}, "fulltime": {"home": 1, "away": 1}, "extratime": {"home": null, "away": null}, "penalty": {"home": null, "away": null}}}, {"fixture": {"id": 1379168, "referee": "Peter Bankes, England", "timezone": "UTC", "date": "2026-01-03T15:00:00+00:00", "timestamp": 1767452400, "periods": {"first": 1767452400, "second": 1767456000}, "venue": {"id": 600, "name": "Molineux Stadium", "city": "Wolverhampton"}, "status": {"long": "Match Finished", "short": "FT", "elapsed": 90, "extra": 5}}, "league": {"id": 39, "name": "Premier League", "country": "England", "logo": "https://media.api-sports.io/football/leagues/39.png", "flag": "https://media.api-sports.io/flags/gb-eng.svg", "season": 2025, "round": "Regular Season - 20", "standings": true}, "teams": {"home": {"id": 39, "name": "Wolves", "logo": "https://media.api-sports.io/football/teams/39.png", "winner": true}, "away": {"id": 48, "name": "West Ham", "logo": "https://media.api-sports.io/football/teams/48.png", "winner": false}}, "goals": {"home": 3, "away": 0}, "score": {"halftime": {"home": 3, "away": 0}, "fulltime": {"home": 3, "away": 0}, "extratime": {"home": null, "away": null}, "penalty": {"home": null, "away": null}}}, {"fixture": {"id": 1379155, "referee": "Thomas Bramall, England", "timezone": "UTC", "date": "2025-12-30T20:15:00+00:00", "timestamp": 1767125700, "periods": {"first": 1767125700, "second": 1767129300}, "venue": {"id": 556, "name": "Old Trafford", "city": "Manchester"}, "status": {"long": "Match Finished", "short": "FT", "elapsed": 90, "extra": 6}}, "league": {"id": 39, "name": "Premier League", "country": "England", "logo": "https://media.api-sports.io/football/leagues/39.png", "flag": "https://media.api-sports.io/flags/gb-eng.svg", "season": 2025, "round": "Regular Season - 19", "standings": true}, "teams": {"home": {"id": 33, "name": "Manchester United", "logo": "https://media.api-sports.io/football/teams/33.png", "winner": null}, "away": {"id": 39, "name": "Wolves", "logo": "https://media.api-sports.io/football/teams/39.png", "winner": null}}, "goals": {"home": 1, "away": 1}, "score": {"halftime": {"home": 1, "away": 1}, "fulltime": {"home": 1, "away": 1}, "extratime": {"home": null, "away": null}, "penalty": {"home": null, "away": null}}}, {"fixture": {"id": 1379144, "referee": "Simon Hooper, England", "timezone": "UTC", "date": "2025-12-27T15:00:00+00:00", "timestamp": 1766847600, "periods": {"first": 1766847600, "second": 1766851200}, "venue": {"id": 550, "name": "Anfield", "city": "Liverpool"}, "status": {"long": "Match Finished", "short": "FT", "elapsed": 90, "extra": 6}}, "league": {"id": 39, "name": "Premier League", "country": "England", "logo": "https://media.api-sports.io/football/leagues/39.png", "flag": "https://media.api-sports.io/flags/gb-eng.svg", "season": 2025, "round": "Regular Season - 18", "standings": true}, "teams": {"home": {"id": 40, "name": "Liverpool", "logo": "https://media.api-sports.io/football/teams/40.png", "winner": true}, "away": {"id": 39, "name": "Wolves", "logo": "https://media.api-sports.io/football/teams/39.png", "winner": false}}, "goals": {"home": 2, "away": 1}, "score": {"halftime": {"home": 2, "away": 0}, "fulltime": {"home": 2, "away": 1}, "extratime": {"home": null, "away": null}, "penalty": {"home": null, "away": null}}}, {"fixture": {"id": 1379138, "referee": "Matt Donohue, England", "timezone": "UTC", "date": "2025-12-20T15:00:00+00:00", "timestamp": 1766242800, "periods": {"first": 1766242800, "second": 1766246400}, "venue": {"id": 600, "name": "Molineux Stadium", "city": "Wolverhampton"}, "status": {"long": "Match Finished", "short": "FT", "elapsed": 90, "extra": 7}}, "league": {"id": 39, "name": "Premier League", "country": "England", "logo": "https://media.api-sports.io/football/leagues/39.png", "flag": "https://media.api-sports.io/flags/gb-eng.svg", "season": 2025, "round": "Regular Season - 17", "standings": true}, "teams": {"home": {"id": 39, "name": "Wolves", "logo": "https://media.api-sports.io/football/teams/39.png", "winner": false}, "away": {"id": 55, "name": "Brentford", "logo": "https://media.api-sports.io/football/teams/55.png", "winner": true}}, "goals": {"home": 0, "away": 2}, "score": {"halftime": {"home": 0, "away": 0}, "fulltime": {"home": 0, "away": 2}, "extratime": {"home": null, "away": null}, "penalty": {"home": null, "away": null}}}, {"fixture": {"id": 1379119, "referee": "Robert Jones, England", "timezone": "UTC", "date": "2025-12-13T20:00:00+00:00", "timestamp": 1765656000, "periods": {"first": 1765656000, "second": 1765659600}, "venue": {"id": 494, "name": "Emirates Stadium", "city": "London"}, "status": {"long": "Match Finished", "short": "FT", "elapsed": 90, "extra": 9}}, "league": {"id": 39, "name": "Premier League", "country": "England", "logo": "https://media.api-sports.io/football/leagues/39.png", "flag": "https://media.api-sports.io/flags/gb-eng.svg", "season": 2025, "round": "Regular Season - 16", "standings": true}, "teams": {"home": {"id": 42, "name": "Arsenal", "logo": "https://media.api-sports.io/football/teams/42.png", "winner": true}, "away": {"id": 39, "name": "Wolves", "logo": "https://media.api-sports.io/football/teams/39.png", "winner": false}}, "goals": {"home": 2, "away": 1}, "score": {"halftime": {"home": 0, "away": 0}, "fulltime": {"home": 2, "away": 1}, "extratime": {"home": null, "away": null}, "penalty": {"home": null, "away": null}}}]}