{"get": "injuries", "parameters": {"league": "135", "season": "2025", "team": "495"}, "errors": [], "results": 61, "paging": {"current": 1, "total": 1}, "response": [{"player": {"id": 3430, "name": "Caleb Ekuban", "photo": "https://media.api-sports.io/football/players/3430.png", "type": "Missing Fixture", "reason": "Unknown Injury"}, "team": {"id": 495, "name": "Genoa", "logo": "https://media.api-sports.io/football/teams/495.png"}, "fixture": {"id": 1377867, "timezone": "UTC", "date": "2025-08-23T16:30:00+00:00", "timestamp": 1755966600}, "league": {"id": 135, "season": 2025, "name": "Serie A", "country": "Italy", "logo": "https://media.api-sports.io/football/leagues/135.png", "flag": "https://media.api-sports.io/flags/it.svg"}}, {"player": {"id": 387128, "name": "Sebastian Otoa", "photo": "https://media.api-sports.io/football/players/387128.png", "type": "Missing Fixture", "reason": "Muscle Injury"}, "team": {"id": 495, "name": "Genoa", "logo": "https://media.api-sports.io/football/teams/495.png"}, "fixture": {"id": 1377867, "timezone": "UTC", "date": "2025-08-23T16:30:00+00:00", "timestamp": 1755966600}, "league": {"id": 135, "season": 2025, "name": "Serie A", "country": "Italy", "logo": "https://media.api-sports.io/football/leagues/135.png", "flag": "https://media.api-sports.io/flags/it.svg"}}, {"player": {"id": 665, "name": "M. Cornet", "photo": "https://media.api-sports.io/football/players/665.png", "type": "Missing Fixture", "reason": "Fitness"}, "team": {"id": 495, "name": "Genoa", "logo": "https://media.api-sports.io/football/teams/495.png"}, "fixture": {"id": 1377886, "timezone": "UTC", "date": "2025-09-15T18:45:00+00:00", "timestamp": 1757961900}, "league": {"id": 135, "season": 2025, "name": "Serie A", "country": "Italy", "logo": "https://media.api-sports.io/football/leagues/135.png", "flag": "https://media.api-sports.io/flags/it.svg"}}, {"player": {"id": 665, "name": "M. Cornet", "photo": "https://media.api-sports.io/football/players/665.png", "type": "Missing Fixture", "reason": "Lacking Match Fitness"}, "team": {"id": 495, "name": "Genoa", "logo": "https://media.api-sports.io/football/teams/495.png"}, "fixture": {"id": 1377894, "timezone": "UTC", "date": "2025-09-20T13:00:00+00:00", "timestamp": 1758373200}, "league": {"id": 135, "season": 2025, "name": "Serie A", "country": "Italy", "logo": "https://media.api-sports.io/football/leagues/135.png", "flag": "https://media.api-sports.io/flags/it.svg"}}, {"player": {"id": 41748, "name": "J. Onana", "photo": "https://media.api-sports.io/football/players/41748.png", "type": "Missing Fixture", "reason": "Thigh Injury"}, "team": {"id": 495, "name": "Genoa", "logo": "https://media.api-sports.io/football/teams/495.png"}, "fixture": {"id": 1377894, "timezone": "UTC", "date": "2025-09-20T13:00:00+00:00", "timestamp": 1758373200}, "league": {"id": 135, "season": 2025, "name": "Serie A", "country": "Italy", "logo": "https://media.api-sports.io/football/leagues/135.png", "flag": "https://media.api-sports.io/flags/it.svg"}}, {"player": {"id": 56396, "name": "Junior Messias", "photo": "https://media.api-sports.io/football/players/56396.png", "type": "Missing Fixture", "reason": "Inactive"}, "team": {"id": 495, "name": "Genoa", "logo": "https://media.api-sports.io/football/teams/495.png"}, "fixture": {"id": 1377906, "timezone": "UTC", "date": "2025-09-29T18:45:00+00:00", "timestamp": 1759171500}, "league": {"id": 135, "season": 2025, "name": "Serie A", "country": "Italy", "logo": "https://media.api-sports.io/football/leagues/135.png", "flag": "https://media.api-sports.io/flags/it.svg"}}, {"player": {"id": 41748, "name": "J. Onana", "photo": "https://media.api-sports.io/football/players/41748.png", "type": "Missing Fixture", "reason": "Thigh Injury"}, "team": {"id": 495, "name": "Genoa", "logo": "https://media.api-sports.io/football/teams/495.png"}, "fixture": {"id": 1377906, "timezone": "UTC", "date": "2025-09-29T18:45:00+00:00", "timestamp": 1759171500}, "league": {"id": 135, "season": 2025, "name": "Serie A", "country": "Italy", "logo": "https://media.api-sports.io/football/leagues/135.png", "flag": "https://media.api-sports.io/flags/it.svg"}}, {"player": {"id": 665, "name": "M. Cornet", "photo": "https://media.api-sports.io/football/players/665.png", "type": "Missing Fixture", "reason": "Muscle Injury"}, "team": {"id": 495, "name": "Genoa", "logo": "https://media.api-sports.io/football/teams/495.png"}, "fixture": {"id": 1377920, "timezone": "UTC", "date": "2025-10-05T16:00:00+00:00", "timestamp": 1759680000}, "league": {"id": 135, "season": 2025, "name": "Serie A", "country": "Italy", "logo": "https://media.api-sports.io/football/leagues/135.png", "flag": "https://media.api-sports.io/flags/it.svg"}}, {"player": {"id": 56396, "name": "Junior Messias", "photo": "https://media.api-sports.io/football/players/56396.png", "type": "Missing Fixture", "reason": "Inactive"}, "team": {"id": 495, "name": "Genoa", "logo": "https://media.api-sports.io/football/teams/495.png"}, "fixture": {"id": 1377920, "timezone": "UTC", "date": "2025-10-05T16:00:00+00:00", "timestamp": 1759680000}, "league": {"id": 135, "season": 2025, "name": "Serie A", "country": "Italy", "logo": "https://media.api-sports.io/football/leagues/135.png", "flag": "https://media.api-sports.io/flags/it.svg"}}, {"player": {"id": 44439, "name": "N. Stanciu", "photo": "https://media.api-sports.io/football/players/44439.png", "type": "Missing Fixture", "reason": "Thigh Injury"}, "team": {"id": 495, "name": "Genoa", "logo": "https://media.api-sports.io/football/teams/495.png"}, "fixture": {"id": 1377920, "timezone": "UTC", "date": "2025-10-05T16:00:00+00:00", "timestamp": 1759680000}, "league": {"id": 135, "season": 2025, "name": "Serie A", "country": "Italy", "logo": "https://media.api-sports.io/football/leagues/135.png", "flag": "https://media.api-sports.io/flags/it.svg"}}, {"player": {"id": 56396, "name": "Junior Messias", "photo": "https://media.api-sports.io/football/players/56396.png", "type": "Missing Fixture", "reason": "Thigh Injury"}, "team": {"id": 495, "name": "Genoa", "logo": "https://media.api-sports.io/football/teams/495.png"}, "fixture": {"id": 1377928, "timezone": "UTC", "date": "2025-10-19T13:00:00+00:00", "timestamp": 1760878800}, "league": {"id": 135, "season": 2025, "name": "Serie A", "country": "Italy", "logo": "https://media.api-sports.io/football/leagues/135.png", "flag": "https://media.api-sports.io/flags/it.svg"}}, {"player": {"id": 281826, "name": "A. Marcandalli", "photo": "https://media.api-sports.io/football/players/281826.png", "type": "Missing Fixture", "reason": "Muscle Injury"}, "team": {"id": 495, "name": "Genoa", "logo": "https://media.api-sports.io/football/teams/495.png"}, "fixture": {"id": 1377928, "timezone": "UTC", "date": "2025-10-19T13:00:00+00:00", "timestamp": 1760878800}, "league": {"id": 135, "season": 2025, "name": "Serie A", "country": "Italy", "logo": "https://media.api-sports.io/football/leagues/135.png", "flag": "https://media.api-sports.io/flags/it.svg"}}, {"player": {"id": 44439, "name": "N. Stanciu", "photo": "https://media.api-sports.io/football/players/44439.png", "type": "Missing Fixture", "reason": "Thigh Injury"}, "team": {"id": 495, "name": "Genoa", "logo": "https://media.api-sports.io/football/teams/495.png"}, "fixture": {"id": 1377928, "timezone": "UTC", "date": "2025-10-19T13:00:00+00:00", "timestamp": 1760878800}, "league": {"id": 135, "season": 2025, "name": "Serie A", "country": "Italy", "logo": "https://media.api-sports.io/football/leagues/135.png", "flag": "https://media.api-sports.io/flags/it.svg"}}, {"player": {"id": 281826, "name": "A. Marcandalli", "photo": "https://media.api-sports.io/football/players/281826.png", "type": "Missing Fixture", "reason": "Muscle Injury"}, "team": {"id": 495, "name": "Genoa", "logo": "https://media.api-sports.io/football/teams/495.png"}, "fixture": {"id": 1377941, "timezone": "UTC", "date": "2025-10-26T11:30:00+00:00", "timestamp": 1761478200}, "league": {"id": 135, "season": 2025, "name": "Serie A", "country": "Italy", "logo": "https://media.api-sports.io/football/leagues/135.png", "flag": "https://media.api-sports.io/flags/it.svg"}}, {"player": {"id": 44439, "name": "N. Stanciu", "photo": "https://media.api-sports.io/football/players/44439.png", "type": "Missing Fixture", "reason": "Thigh Injury"}, "team": {"id": 495, "name": "Genoa", "logo": "https://media.api-sports.io/football/teams/495.png"}, "fixture": {"id": 1377941, "timezone": "UTC", "date": "2025-10-26T11:30:00+00:00", "timestamp": 1761478200}, "league": {"id": 135, "season": 2025, "name": "Serie A", "country": "Italy", "logo": "https://media.api-sports.io/football/leagues/135.png", "flag": "https://media.api-sports.io/flags/it.svg"}}, {"player": {"id": 387128, "name": "S. Otoa", "photo": "https://media.api-sports.io/football/players/387128.png", "type": "Missing Fixture", "reason": "Muscle Injury"}, "team": {"id": 495, "name": "Genoa", "logo": "https://media.api-sports.io/football/teams/495.png"}, "fixture": {"id": 1377960, "timezone": "UTC", "date": "2025-11-03T17:30:00+00:00", "timestamp": 1762191000}, "league": {"id": 135, "season": 2025, "name": "Serie A", "country": "Italy", "logo": "https://media.api-sports.io/football/leagues/135.png", "flag": "https://media.api-sports.io/flags/it.svg"}}, {"player": {"id": 1938, "name": "R. Malinovskyi", "photo": "https://media.api-sports.io/football/players/1938.png", "type": "Missing Fixture", "reason": "Yellow Cards"}, "team": {"id": 495, "name": "Genoa", "logo": "https://media.api-sports.io/football/teams/495.png"}, "fixture": {"id": 1377967, "timezone": "UTC", "date": "2025-11-09T14:00:00+00:00", "timestamp": 1762696800}, "league": {"id": 135, "season": 2025, "name": "Serie A", "country": "Italy", "logo": "https://media.api-sports.io/football/leagues/135.png", "flag": "https://media.api-sports.io/flags/it.svg"}}, {"player": {"id": 41748, "name": "J. Onana", "photo": "https://media.api-sports.io/football/players/41748.png", "type": "Missing Fixture", "reason": "Thigh Injury"}, "team": {"id": 495, "name": "Genoa", "logo": "https://media.api-sports.io/football/teams/495.png"}, "fixture": {"id": 1377967, "timezone": "UTC", "date": "2025-11-09T14:00:00+00:00", "timestamp": 1762696800}, "league": {"id": 135, "season": 2025, "name": "Serie A", "country": "Italy", "logo": "https://media.api-sports.io/football/leagues/135.png", "flag": "https://media.api-sports.io/flags/it.svg"}}, {"player": {"id": 387128, "name": "S. Otoa", "photo": "https://media.api-sports.io/football/players/387128.png", "type": "Missing Fixture", "reason": "Muscle Injury"}, "team": {"id": 495, "name": "Genoa", "logo": "https://media.api-sports.io/football/teams/495.png"}, "fixture": {"id": 1377967, "timezone": "UTC", "date": "2025-11-09T14:00:00+00:00", "timestamp": 1762696800}, "league": {"id": 135, "season": 2025, "name": "Serie A", "country": "Italy", "logo": "https://media.api-sports.io/football/leagues/135.png", "flag": "https://media.api-sports.io/flags/it.svg"}}, {"player": {"id": 665, "name": "M. Cornet", "photo": "https://media.api-sports.io/football/players/665.png", "type": "Missing Fixture", "reason": "Thigh Injury"}, "team": {"id": 495, "name": "Genoa", "logo": "https://media.api-sports.io/football/teams/495.png"}, "fixture": {"id": 1377974, "timezone": "UTC", "date": "2025-11-22T14:00:00+00:00", "timestamp": 1763820000}, "league": {"id": 135, "season": 2025, "name": "Serie A", "country": "Italy", "logo": "https://media.api-sports.io/football/leagues/135.png", "flag": "https://media.api-sports.io/flags/it.svg"}}, {"player": {"id": 382947, "name": "H. F. Cuenca Martinez", "photo": "https://media.api-sports.io/football/players/382947.png", "type": "Missing Fixture", "reason": "Muscle Injury"}, "team": {"id": 495, "name": "Genoa", "logo": "https://media.api-sports.io/football/teams/495.png"}, "fixture": {"id": 1377974, "timezone": "UTC", "date": "2025-11-22T14:00:00+00:00", "timestamp": 1763820000}, "league": {"id": 135, "season": 2025, "name": "Serie A", "country": "Italy", "logo": "https://media.api-sports.io/football/leagues/135.png", "flag": "https://media.api-sports.io/flags/it.svg"}}, {"player": {"id": 56396, "name": "Junior Messias", "photo": "https://media.api-sports.io/football/players/56396.png", "type": "Missing Fixture", "reason": "Muscle Injury"}, "team": {"id": 495, "name": "Genoa", "logo": "https://media.api-sports.io/football/teams/495.png"}, "fixture": {"id": 1377974, "timezone": "UTC", "date": "2025-11-22T14:00:00+00:00", "timestamp": 1763820000}, "league": {"id": 135, "season": 2025, "name": "Serie A", "country": "Italy", "logo": "https://media.api-sports.io/football/leagues/135.png", "flag": "https://media.api-sports.io/flags/it.svg"}}, {"player": {"id": 41748, "name": "J. Onana", "photo": "https://media.api-sports.io/football/players/41748.png", "type": "Missing Fixture", "reason": "Thigh Injury"}, "team": {"id": 495, "name": "Genoa", "logo": "https://media.api-sports.io/football/teams/495.png"}, "fixture": {"id": 1377974, "timezone": "UTC", "date": "2025-11-22T14:00:00+00:00", "timestamp": 1763820000}, "league": {"id": 135, "season": 2025, "name": "Serie A", "country": "Italy", "logo": "https://media.api-sports.io/football/leagues/135.png", "flag": "https://media.api-sports.io/flags/it.svg"}}, {"player": {"id": 665, "name": "M. Cornet", "photo": "https://media.api-sports.io/football/players/665.png", "type": "Missing Fixture", "reason": "Thigh Injury"}, "team": {"id": 495, "name": "Genoa", "logo": "https://media.api-sports.io/football/teams/495.png"}, "fixture": {"id": 1377987, "timezone": "UTC", "date": "2025-11-29T14:00:00+00:00", "timestamp": 1764424800}, "league": {"id": 135, "season": 2025, "name": "Serie A", "country": "Italy", "logo": "https://media.api-sports.io/football/leagues/135.png", "flag": "https://media.api-sports.io/flags/it.svg"}}, {"player": {"id": 56396, "name": "Junior Messias", "photo": "https://media.api-sports.io/football/players/56396.png", "type": "Missing Fixture", "reason": "Muscle Injury"}, "team": {"id": 495, "name": "Genoa", "logo": "https://media.api-sports.io/football/teams/495.png"}, "fixture": {"id": 1377987, "timezone": "UTC", "date": "2025-11-29T14:00:00+00:00", "timestamp": 1764424800}, "league": {"id": 135, "season": 2025, "name": "Serie A", "country": "Italy", "logo": "https://media.api-sports.io/football/leagues/135.png", "flag": "https://media.api-sports.io/flags/it.svg"}}, {"player": {"id": 284570, "name": "B. Norton-Cuffy", "photo": "https://media.api-sports.io/football/players/284570.png", "type": "Missing Fixture", "reason": "Red Card"}, "team": {"id": 495, "name": "Genoa", "logo": "https://media.api-sports.io/football/teams/495.png"}, "fixture": {"id": 1377987, "timezone": "UTC", "date": "2025-11-29T14:00:00+00:00", "timestamp": 1764424800}, "league": {"id": 135, "season": 2025, "name": "Serie A", "country": "Italy", "logo": "https://media.api-sports.io/football/leagues/135.png", "flag": "https://media.api-sports.io/flags/it.svg"}}, {"player": {"id": 263177, "name": "A. Gronbaek", "photo": "https://media.api-sports.io/football/players/263177.png", "type": "Missing Fixture", "reason": "Inactive"}, "team": {"id": 495, "name": "Genoa", "logo": "https://media.api-sports.io/football/teams/495.png"}, "fixture": {"id": 1378002, "timezone": "UTC", "date": "2025-12-08T17:00:00+00:00", "timestamp": 1765213200}, "league": {"id": 135, "season": 2025, "name": "Serie A", "country": "Italy", "logo": "https://media.api-sports.io/football/leagues/135.png", "flag": "https://media.api-sports.io/flags/it.svg"}}, {"player": {"id": 45083, "name": "B. Siegrist", "photo": "https://media.api-sports.io/football/players/45083.png", "type": "Missing Fixture", "reason": "Finger Injury"}, "team": {"id": 495, "name": "Genoa", "logo": "https://media.api-sports.io/football/teams/495.png"}, "fixture": {"id": 1378002, "timezone": "UTC", "date": "2025-12-08T17:00:00+00:00", "timestamp": 1765213200}, "league": {"id": 135, "season": 2025, "name": "Serie A", "country": "Italy", "logo": "https://media.api-sports.io/football/leagues/135.png", "flag": "https://media.api-sports.io/flags/it.svg"}}, {"player": {"id": 56396, "name": "Junior Messias", "photo": "https://media.api-sports.io/football/players/56396.png", "type": "Missing Fixture", "reason": "Calf Injury"}, "team": {"id": 495, "name": "Genoa", "logo": "https://media.api-sports.io/football/teams/495.png"}, "fixture": {"id": 1378007, "timezone": "UTC", "date": "2025-12-14T17:00:00+00:00", "timestamp": 1765731600}, "league": {"id": 135, "season": 2025, "name": "Serie A", "country": "Italy", "logo": "https://media.api-sports.io/football/leagues/135.png", "flag": "https://media.api-sports.io/flags/it.svg"}}, {"player": {"id": 18967, "name": "L. Ostigard", "photo": "https://media.api-sports.io/football/players/18967.png", "type": "Missing Fixture", "reason": "Muscle Injury"}, "team": {"id": 495, "name": "Genoa", "logo": "https://media.api-sports.io/football/teams/495.png"}, "fixture": {"id": 1378007, "timezone": "UTC", "date": "2025-12-14T17:00:00+00:00", "timestamp": 1765731600}, "league": {"id": 135, "season": 2025, "name": "Serie A", "country": "Italy", "logo": "https://media.api-sports.io/football/leagues/135.png", "flag": "https://media.api-sports.io/flags/it.svg"}}, {"player": {"id": 45083, "name": "B. Siegrist", "photo": "https://media.api-sports.io/football/players/45083.png", "type": "Missing Fixture", "reason": "Finger Injury"}, "team": {"id": 495, "name": "Genoa", "logo": "https://media.api-sports.io/football/teams/495.png"}, "fixture": {"id": 1378007, "timezone": "UTC", "date": "2025-12-14T17:00:00+00:00", "timestamp": 1765731600}, "league": {"id": 135, "season": 2025, "name": "Serie A", "country": "Italy", "logo": "https://media.api-sports.io/football/leagues/135.png", "flag": "https://media.api-sports.io/flags/it.svg"}}, {"player": {"id": 665, "name": "M. Cornet", "photo": "https://media.api-sports.io/football/players/665.png", "type": "Missing Fixture", "reason": "Injury"}, "team": {"id": 495, "name": "Genoa", "logo": "https://media.api-sports.io/football/teams/495.png"}, "fixture": {"id": 1378017, "timezone": "UTC", "date": "2025-12-21T19:45:00+00:00", "timestamp": 1766346300}, "league": {"id": 135, "season": 2025, "name": "Serie A", "country": "Italy", "logo": "https://media.api-sports.io/football/leagues/135.png", "flag": "https://media.api-sports.io/flags/it.svg"}}, {"player": {"id": 263177, "name": "A. Gronbaek", "photo": "https://media.api-sports.io/football/players/263177.png", "type": "Missing Fixture", "reason": "Injury"}, "team": {"id": 495, "name": "Genoa", "logo": "https://media.api-sports.io/football/teams/495.png"}, "fixture": {"id": 1378017, "timezone": "UTC", "date": "2025-12-21T19:45:00+00:00", "timestamp": 1766346300}, "league": {"id": 135, "season": 2025, "name": "Serie A", "country": "Italy", "logo": "https://media.api-sports.io/football/leagues/135.png", "flag": "https://media.api-sports.io/flags/it.svg"}}, {"player": {"id": 56396, "name": "Junior Messias", "photo": "https://media.api-sports.io/football/players/56396.png", "type": "Missing Fixture", "reason": "Calf Injury"}, "team": {"id": 495, "name": "Genoa", "logo": "https://media.api-sports.io/football/teams/495.png"}, "fixture": {"id": 1378017, "timezone": "UTC", "date": "2025-12-21T19:45:00+00:00", "timestamp": 1766346300}, "league": {"id": 135, "season": 2025, "name": "Serie A", "country": "Italy", "logo": "https://media.api-sports.io/football/leagues/135.png", "flag": "https://media.api-sports.io/flags/it.svg"}}, {"player": {"id": 41748, "name": "J. Onana", "photo": "https://media.api-sports.io/football/players/41748.png", "type": "Missing Fixture", "reason": "International duty"}, "team": {"id": 495, "name": "Genoa", "logo": "https://media.api-sports.io/football/teams/495.png"}, "fixture": {"id": 1378017, "timezone": "UTC", "date": "2025-12-21T19:45:00+00:00", "timestamp": 1766346300}, "league": {"id": 135, "season": 2025, "name": "Serie A", "country": "Italy", "logo": "https://media.api-sports.io/football/leagues/135.png", "flag": "https://media.api-sports.io/flags/it.svg"}}, {"player": {"id": 45083, "name": "B. Siegrist", "photo": "https://media.api-sports.io/football/players/45083.png", "type": "Missing Fixture", "reason": "Finger Injury"}, "team": {"id": 495, "name": "Genoa", "logo": "https://media.api-sports.io/football/teams/495.png"}, "fixture": {"id": 1378017, "timezone": "UTC", "date": "2025-12-21T19:45:00+00:00", "timestamp": 1766346300}, "league": {"id": 135, "season": 2025, "name": "Serie A", "country": "Italy", "logo": "https://media.api-sports.io/football/leagues/135.png", "flag": "https://media.api-sports.io/flags/it.svg"}}, {"player": {"id": 665, "name": "M. Cornet", "photo": "https://media.api-sports.io/football/players/665.png", "type": "Missing Fixture", "reason": "Injury"}, "team": {"id": 495, "name": "Genoa", "logo": "https://media.api-sports.io/football/teams/495.png"}, "fixture": {"id": 1378031, "timezone": "UTC", "date": "2025-12-29T19:45:00+00:00", "timestamp": 1767037500}, "league": {"id": 135, "season": 2025, "name": "Serie A", "country": "Italy", "logo": "https://media.api-sports.io/football/leagues/135.png", "flag": "https://media.api-sports.io/flags/it.svg"}}, {"player": {"id": 263177, "name": "A. Gronbaek", "photo": "https://media.api-sports.io/football/players/263177.png", "type": "Missing Fixture", "reason": "Injury"}, "team": {"id": 495, "name": "Genoa", "logo": "https://media.api-sports.io/football/teams/495.png"}, "fixture": {"id": 1378031, "timezone": "UTC", "date": "2025-12-29T19:45:00+00:00", "timestamp": 1767037500}, "league": {"id": 135, "season": 2025, "name": "Serie A", "country": "Italy", "logo": "https://media.api-sports.io/football/leagues/135.png", "flag": "https://media.api-sports.io/flags/it.svg"}}, {"player": {"id": 56396, "name": "Junior Messias", "photo": "https://media.api-sports.io/football/players/56396.png", "type": "Missing Fixture", "reason": "Calf Injury"}, "team": {"id": 495, "name": "Genoa", "logo": "https://media.api-sports.io/football/teams/495.png"}, "fixture": {"id": 1378031, "timezone": "UTC", "date": "2025-12-29T19:45:00+00:00", "timestamp": 1767037500}, "league": {"id": 135, "season": 2025, "name": "Serie A", "country": "Italy", "logo": "https://media.api-sports.io/football/leagues/135.png", "flag": "https://media.api-sports.io/flags/it.svg"}}, {"player": {"id": 31631, "name": "N. Leali", "photo": "https://media.api-sports.io/football/players/31631.png", "type": "Missing Fixture", "reason": "Red Card"}, "team": {"id": 495, "name": "Genoa", "logo": "https://media.api-sports.io/football/teams/495.png"}, "fixture": {"id": 1378031, "timezone": "UTC", "date": "2025-12-29T19:45:00+00:00", "timestamp": 1767037500}, "league": {"id": 135, "season": 2025, "name": "Serie A", "country": "Italy", "logo": "https://media.api-sports.io/football/leagues/135.png", "flag": "https://media.api-sports.io/flags/it.svg"}}, {"player": {"id": 41748, "name": "J. Onana", "photo": "https://media.api-sports.io/football/players/41748.png", "type": "Missing Fixture", "reason": "International duty"}, "team": {"id": 495, "name": "Genoa", "logo": "https://media.api-sports.io/football/teams/495.png"}, "fixture": {"id": 1378031, "timezone": "UTC", "date": "2025-12-29T19:45:00+00:00", "timestamp": 1767037500}, "league": {"id": 135, "season": 2025, "name": "Serie A", "country": "Italy", "logo": "https://media.api-sports.io/football/leagues/135.png", "flag": "https://media.api-sports.io/flags/it.svg"}}, {"player": {"id": 45083, "name": "B. Siegrist", "photo": "https://media.api-sports.io/football/players/45083.png", "type": "Missing Fixture", "reason": "Finger Injury"}, "team": {"id": 495, "name": "Genoa", "logo": "https://media.api-sports.io/football/teams/495.png"}, "fixture": {"id": 1378031, "timezone": "UTC", "date": "2025-12-29T19:45:00+00:00", "timestamp": 1767037500}, "league": {"id": 135, "season": 2025, "name": "Serie A", "country": "Italy", "logo": "https://media.api-sports.io/football/leagues/135.png", "flag": "https://media.api-sports.io/flags/it.svg"}}, {"player": {"id": 665, "name": "M. Cornet", "photo": "https://media.api-sports.io/football/players/665.png", "type": "Missing Fixture", "reason": "Injury"}, "team": {"id": 495, "name": "Genoa", "logo": "https://media.api-sports.io/football/teams/495.png"}, "fixture": {"id": 1378038, "timezone": "UTC", "date": "2026-01-03T14:00:00+00:00", "timestamp": 1767448800}, "league": {"id": 135, "season": 2025, "name": "Serie A", "country": "Italy", "logo": "https://media.api-sports.io/football/leagues/135.png", "flag": "https://media.api-sports.io/flags/it.svg"}}, {"player": {"id": 263177, "name": "A. Gronbaek", "photo": "https://media.api-sports.io/football/players/263177.png", "type": "Missing Fixture", "reason": "Injury"}, "team": {"id": 495, "name": "Genoa", "logo": "https://media.api-sports.io/football/teams/495.png"}, "fixture": {"id": 1378038, "timezone": "UTC", "date": "2026-01-03T14:00:00+00:00", "timestamp": 1767448800}, "league": {"id": 135, "season": 2025, "name": "Serie A", "country": "Italy", "logo": "https://media.api-sports.io/football/leagues/135.png", "flag": "https://media.api-sports.io/flags/it.svg"}}, {"player": {"id": 56396, "name": "Junior Messias", "photo": "https://media.api-sports.io/football/players/56396.png", "type": "Missing Fixture", "reason": "Calf Injury"}, "team": {"id": 495, "name": "Genoa", "logo": "https://media.api-sports.io/football/teams/495.png"}, "fixture": {"id": 1378038, "timezone": "UTC", "date": "2026-01-03T14:00:00+00:00", "timestamp": 1767448800}, "league": {"id": 135, "season": 2025, "name": "Serie A", "country": "Italy", "logo": "https://media.api-sports.io/football/leagues/135.png", "flag": "https://media.api-sports.io/flags/it.svg"}}, {"player": {"id": 41748, "name": "J. Onana", "photo": "https://media.api-sports.io/football/players/41748.png", "type": "Missing Fixture", "reason": "International duty"}, "team": {"id": 495, "name": "Genoa", "logo": "https://media.api-sports.io/football/teams/495.png"}, "fixture": {"id": 1378038, "timezone": "UTC", "date": "2026-01-03T14:00:00+00:00", "timestamp": 1767448800}, "league": {"id": 135, "season": 2025, "name": "Serie A", "country": "Italy", "logo": "https://media.api-sports.io/football/leagues/135.png", "flag": "https://media.api-sports.io/flags/it.svg"}}, {"player": {"id": 45083, "name": "B. Siegrist", "photo": "https://media.api-sports.io/football/players/45083.png", "type": "Missing Fixture", "reason": "Finger Injury"}, "team": {"id": 495, "name": "Genoa", "logo": "https://media.api-sports.io/football/teams/495.png"}, "fixture": {"id": 1378038, "timezone": "UTC", "date": "2026-01-03T14:00:00+00:00", "timestamp": 1767448800}, "league": {"id": 135, "season": 2025, "name": "Serie A", "country": "Italy", "logo": "https://media.api-sports.io/football/leagues/135.png", "flag": "https://media.api-sports.io/flags/it.svg"}}, {"player": {"id": 3430, "name": "C. Ekuban", "photo": "https://media.api-sports.io/football/players/3430.png", "type": "Missing Fixture", "reason": "Muscle Injury"}, "team": {"id": 495, "name": "Genoa", "logo": "https://media.api-sports.io/football/teams/495.png"}, "fixture": {"id": 1378070, "timezone": "UTC", "date": "2026-01-18T11:30:00+00:00", "timestamp": 1768735800}, "league": {"id": 135, "season": 2025, "name": "Serie A", "country": "Italy", "logo": "https://media.api-sports.io/football/leagues/135.png", "flag": "https://media.api-sports.io/flags/it.svg"}}, {"player": {"id": 263177, "name": "A. Gronbaek", "photo": "https://media.api-sports.io/football/players/263177.png", "type": "Missing Fixture", "reason": "Injury"}, "team": {"id": 495, "name": "Genoa", "logo": "https://media.api-sports.io/football/teams/495.png"}, "fixture": {"id": 1378070, "timezone": "UTC", "date": "2026-01-18T11:30:00+00:00", "timestamp": 1768735800}, "league": {"id": 135, "season": 2025, "name": "Serie A", "country": "Italy", "logo": "https://media.api-sports.io/football/leagues/135.png", "flag": "https://media.api-sports.io/flags/it.svg"}}, {"player": {"id": 45083, "name": "B. Siegrist", "photo": "https://media.api-sports.io/football/players/45083.png", "type": "Missing Fixture", "reason": "Finger Injury"}, "team": {"id": 495, "name": "Genoa", "logo": "https://media.api-sports.io/football/teams/495.png"}, "fixture": {"id": 1378070, "timezone": "UTC", "date": "2026-01-18T11:30:00+00:00", "timestamp": 1768735800}, "league": {"id": 135, "season": 2025, "name": "Serie A", "country": "Italy", "logo": "https://media.api-sports.io/football/leagues/135.png", "flag": "https://media.api-sports.io/flags/it.svg"}}, {"player": {"id": 44439, "name": "N. Stanciu", "photo": "https://media.api-sports.io/football/players/44439.png", "type": "Missing Fixture", "reason": "Inactive"}, "team": {"id": 495, "name": "Genoa", "logo": "https://media.api-sports.io/football/teams/495.png"}, "fixture": {"id": 1378070, "timezone": "UTC", "date": "2026-01-18T11:30:00+00:00", "timestamp": 1768735800}, "league": {"id": 135, "season": 2025, "name": "Serie A", "country": "Italy", "logo": "https://media.api-sports.io/football/leagues/135.png", "flag": "https://media.api-sports.io/flags/it.svg"}}, {"player": {"id": 288769, "name": "T. Baldanzi", "photo": "https://media.api-sports.io/football/players/288769.png", "type": "Missing Fixture", "reason": "Inactive"}, "team": {"id": 495, "name": "Genoa", "logo": "https://media.api-sports.io/football/teams/495.png"}, "fixture": {"id": 1378077, "timezone": "UTC", "date": "2026-01-25T14:00:00+00:00", "timestamp": 1769349600}, "league": {"id": 135, "season": 2025, "name": "Serie A", "country": "Italy", "logo": "https://media.api-sports.io/football/leagues/135.png", "flag": "https://media.api-sports.io/flags/it.svg"}}, {"player": {"id": 263177, "name": "A. Gronbaek", "photo": "https://media.api-sports.io/football/players/263177.png", "type": "Missing Fixture", "reason": "Injury"}, "team": {"id": 495, "name": "Genoa", "logo": "https://media.api-sports.io/football/teams/495.png"}, "fixture": {"id": 1378077, "timezone": "UTC", "date": "2026-01-25T14:00:00+00:00", "timestamp": 1769349600}, "league": {"id": 135, "season": 2025, "name": "Serie A", "country": "Italy", "logo": "https://media.api-sports.io/football/leagues/135.png", "flag": "https://media.api-sports.io/flags/it.svg"}}, {"player": {"id": 18967, "name": "L. Ostigard", "photo": "https://media.api-sports.io/football/players/18967.png", "type": "Missing Fixture", "reason": "Yellow Cards"}, "team": {"id": 495, "name": "Genoa", "logo": "https://media.api-sports.io/football/teams/495.png"}, "fixture": {"id": 1378077, "timezone": "UTC", "date": "2026-01-25T14:00:00+00:00", "timestamp": 1769349600}, "league": {"id": 135, "season": 2025, "name": "Serie A", "country": "Italy", "logo": "https://media.api-sports.io/football/leagues/135.png", "flag": "https://media.api-sports.io/flags/it.svg"}}, {"player": {"id": 45083, "name": "B. Siegrist", "photo": "https://media.api-sports.io/football/players/45083.png", "type": "Missing Fixture", "reason": "Finger Injury"}, "team": {"id": 495, "name": "Genoa", "logo": "https://media.api-sports.io/football/teams/495.png"}, "fixture": {"id": 1378077, "timezone": "UTC", "date": "2026-01-25T14:00:00+00:00", "timestamp": 1769349600}, "league": {"id": 135, "season": 2025, "name": "Serie A", "country": "Italy", "logo": "https://media.api-sports.io/football/leagues/135.png", "flag": "https://media.api-sports.io/flags/it.svg"}}, {"player": {"id": 288769, "name": "T. Baldanzi", "photo": "https://media.api-sports.io/football/players/288769.png", "type": "Missing Fixture", "reason": "Injury"}, "team": {"id": 495, "name": "Genoa", "logo": "https://media.api-sports.io/football/teams/495.png"}, "fixture": {"id": 1378088, "timezone": "UTC", "date": "2026-01-30T19:45:00+00:00", "timestamp": 1769802300}, "league": {"id": 135, "season": 2025, "name": "Serie A", "country": "Italy", "logo": "https://media.api-sports.io/football/leagues/135.png", "flag": "https://media.api-sports.io/flags/it.svg"}}, {"player": {"id": 263177, "name": "A. Gronbaek", "photo": "https://media.api-sports.io/football/players/263177.png", "type": "Missing Fixture", "reason": "Injury"}, "team": {"id": 495, "name": "Genoa", "logo": "https://media.api-sports.io/football/teams/495.png"}, "fixture": {"id": 1378088, "timezone": "UTC", "date": "2026-01-30T19:45:00+00:00", "timestamp": 1769802300}, "league": {"id": 135, "season": 2025, "name": "Serie A", "country": "Italy", "logo": "https://media.api-sports.io/football/leagues/135.png", "flag": "https://media.api-sports.io/flags/it.svg"}}, {"player": {"id": 45083, "name": "B. Siegrist", "photo": "https://media.api-sports.io/football/players/45083.png", "type": "Missing Fixture", "reason": "Finger Injury"}, "team": {"id": 495, "name": "Genoa", "logo": "https://media.api-sports.io/football/teams/495.png"}, "fixture": {"id": 1378088, "timezone": "UTC", "date": "2026-01-30T19:45:00+00:00", "timestamp": 1769802300}, "league": {"id": 135, "season": 2025, "name": "Serie A", "country": "Italy", "logo": "https://media.api-sports.io/football/leagues/135.png", "flag": "https://media.api-sports.io/flags/it.svg"}}, {"player": {"id": 288769, "name": "T. Baldanzi", "photo": "https://media.api-sports.io/football/players/288769.png", "type": "Missing Fixture", "reason": "Injury"}, "team": {"id": 495, "name": "Genoa", "logo": "https://media.api-sports.io/football/teams/495.png"}, "fixture": {"id": 1378097, "timezone": "UTC", "date": "2026-02-07T17:00:00+00:00", "timestamp": 1770483600}, "league": {"id": 135, "season": 2025, "name": "Serie A", "country": "Italy", "logo": "https://media.api-sports.io/football/leagues/135.png", "flag": "https://media.api-sports.io/flags/it.svg"}}, {"player": {"id": 45083, "name": "B. Siegrist", "photo": "https://media.api-sports.io/football/players/45083.png", "type": "Missing Fixture", "reason": "Finger Injury"}, "team": {"id": 495, "name": "Genoa", "logo": "https://media.api-sports.io/football/teams/495.png"}, "fixture": {"id": 1378097, "timezone": "UTC", "date": "2026-02-07T17:00:00+00:00", "timestamp": 1770483600}, "league": {"id": 135, "season": 2025, "name": "Serie A", "country": "Italy", "logo": "https://media.api-sports.io/football/leagues/135.png", "flag": "https://media.api-sports.io/flags/it.svg"}}, {"player": {"id": 45083, "name": "B. Siegrist", "photo": "https://media.api-sports.io/football/players/45083.png", "type": "Missing Fixture", "reason": "Finger Injury"}, "team": {"id": 495, "name": "Genoa", "logo": "https://media.api-sports.io/football/teams/495.png"}, "fixture": {"id": 1378106, "timezone": "UTC", "date": "2026-02-15T14:00:00+00:00", "timestamp": 1771164000}, "league": {"id": 135, "season": 2025, "name": "Serie A", "country": "Italy", "logo": "https://media.api-sports.io/football/leagues/135.png", "flag": "https://media.api-sports.io/flags/it.svg"}}]}