{"get": "fixtures", "parameters": {"league": "140", "season": "2025", "team": "546", "status": "FT", "last": "10"}, "errors": [], "results": 10, "paging": {"current": 1, "total": 1}, "response": [{"fixture": {"id": 1391039, "referee": "Juan Martinez Munuera, Spain", "timezone": "UTC", "date": "2026-02-08T13:00:00+00:00", "timestamp": 1770555600, "periods": {"first": 1770555600, "second": 1770559200}, "venue": {"id": 1470, "name": "Estadio Mendizorrotza", "city": "Vitoria-Gasteiz"}, "status": {"long": "Match Finished", "short": "FT", "elapsed": 90, "extra": 5}}, "league": {"id": 140, "name": "La Liga", "country": "Spain", "logo": "https://media.api-sports.io/football/leagues/140.png", "flag": "https://media.api-sports.io/flags/es.svg", "season": 2025, "round": "Regular Season - 23", "standings": true}, "teams": {"home": {"id": 542, "name": "Alaves", "logo": "https://media.api-sports.io/football/teams/542.png", "winner": false}, "away": {"id": 546, "name": "Getafe", "logo": "https://media.api-sports.io/football/teams/546.png", "winner": true}}, "goals": {"home": 0, "away": 2}, "score": {"halftime": {"home": 0, "away": 0}, "fulltime": {"home": 0, "away": 2}, "extratime": {"home": null, "away": null}, "penalty": {"home": null, "away": null}}}, {"fixture": {"id": 1391033, "referee": "Iosu Galech Apezteguia, Spain", "timezone": "UTC", "date": "2026-02-01T17:30:00+00:00", "timestamp": 1769967000, "periods": {"first": 1769967000, "second": 1769970600}, "venue": {"id": 20422, "name": "Coliseum", "city": "Getafe"}, "status": {"long": "Match Finished", "short": "FT", "elapsed": 90, "extra": 4}}, "league": {"id": 140, "name": "La Liga", "country": "Spain", "logo": "https://media.api-sports.io/football/leagues/140.png", "flag": "https://media.api-sports.io/flags/es.svg", "season": 2025, "round": "Regular Season - 22", "standings": true}, "teams": {"home": {"id": 546, "name": "Getafe", "logo": "https://media.api-sports.io/football/teams/546.png", "winner": null}, "away": {"id": 538, "name": "Celta Vigo", "logo": "https://media.api-sports.io/football/teams/538.png", "winner": null}}, "goals": {"home": 0, "away": 0}, "score": {"halftime": {"home": 0, "away": 0}, "fulltime": {"home": 0, "away": 0}, "extratime": {"home": null, "away": null}, "penalty": {"home": null, "away": null}}}, {"fixture": {"id": 1391022, "referee": "Alejandro Quintero Gonzalez, Spain", "timezone": "UTC", "date": "2026-01-26T20:00:00+00:00", "timestamp": 1769457600, "periods": {"first": 1769457600, "second": 1769461200}, "venue": {"id": 1478, "name": "Estadio Municipal de Montilivi", "city": "Girona"}, "status": {"long": "Match Finished", "short": "FT", "elapsed": 90, "extra": 7}}, "league": {"id": 140, "name": "La Liga", "country": "Spain", "logo": "https://media.api-sports.io/football/leagues/140.png", "flag": "https://media.api-sports.io/flags/es.svg", "season": 2025, "round": "Regular Season - 21", "standings": true}, "teams": {"home": {"id": 547, "name": "Girona", "logo": "https://media.api-sports.io/football/teams/547.png", "winner": null}, "away": {"id": 546, "name": "Getafe", "logo": "https://media.api-sports.io/football/teams/546.png", "winner": null}}, "goals": {"home": 1, "away": 1}, "score": {"halftime": {"home": 0, "away": 0}, "fulltime": {"home": 1, "away": 1}, "extratime": {"home": null, "away": null}, "penalty": {"home": null, "away": null}}}, {"fixture": {"id": 1391014, "referee": "Isidro Diaz de Mera Escuderos, Spain", "timezone": "UTC", "date": "2026-01-18T13:00:00+00:00", "timestamp": 1768741200, "periods": {"first": 1768741200, "second": 1768744800}, "venue": {"id": 20422, "name": "Coliseum", "city": "Getafe"}, "status": {"long": "Match Finished", "short": "FT", "elapsed": 90, "extra": 9}}, "league": {"id": 140, "name": "La Liga", "country": "Spain", "logo": "https://media.api-sports.io/football/leagues/140.png", "flag": "https://media.api-sports.io/flags/es.svg", "season": 2025, "round": "Regular Season - 20", "standings": true}, "teams": {"home": {"id": 546, "name": "Getafe", "logo": "https://media.api-sports.io/football/teams/546.png", "winner": false}, "away": {"id": 532, "name": "Valencia", "logo": "https://media.api-sports.io/football/teams/532.png", "winner": true}}, "goals": {"home": 0, "away": 1}, "score": {"halftime": {"home": 0, "away": 0}, "fulltime": {"home": 0, "away": 1}, "extratime": {"home": null, "away": null}, "penalty": {"home": null, "away": null}}}, {"fixture": {"id": 1391001, "referee": "Francisco Hernandez Maeso, Spain", "timezone": "UTC", "date": "2026-01-09T20:00:00+00:00", "timestamp": 1767988800, "periods": {"first": 1767988800, "second": 1767992400}, "venue": {"id": 20422, "name": "Coliseum", "city": "Getafe"}, "status": {"long": "Match Finished", "short": "FT", "elapsed": 90, "extra": 7}}, "league": {"id": 140, "name": "La Liga", "country": "Spain", "logo": "https://media.api-sports.io/football/leagues/140.png", "flag": "https://media.api-sports.io/flags/es.svg", "season": 2025, "round": "Regular Season - 19", "standings": true}, "teams": {"home": {"id": 546, "name": "Getafe", "logo": "https://media.api-sports.io/football/teams/546.png", "winner": false}, "away": {"id": 548, "name": "Real Sociedad", "logo": "https://media.api-sports.io/football/teams/548.png", "winner": true}}, "goals": {"home": 1, "away": 2}, "score": {"halftime": {"home": 0, "away": 1}, "fulltime": {"home": 1, "away": 2}, "extratime": {"home": null, "away": null}, "penalty": {"home": null, "away": null}}}, {"fixture": {"id": 1390995, "referee": "Miguel Angel Ortiz Arias, Spain", "timezone": "UTC", "date": "2026-01-02T20:00:00+00:00", "timestamp": 1767384000, "periods": {"first": 1767384000, "second": 1767387600}, "venue": {"id": 1488, "name": "Campo de Futbol de Vallecas", "city": "Madrid"}, "status": {"long": "Match Finished", "short": "FT", "elapsed": 90, "extra": 8}}, "league": {"id": 140, "name": "La Liga", "country": "Spain", "logo": "https://media.api-sports.io/football/leagues/140.png", "flag": "https://media.api-sports.io/flags/es.svg", "season": 2025, "round": "Regular Season - 18", "standings": true}, "teams": {"home": {"id": 728, "name": "Rayo Vallecano", "logo": "https://media.api-sports.io/football/teams/728.png", "winner": null}, "away": {"id": 546, "name": "Getafe", "logo": "https://media.api-sports.io/football/teams/546.png", "winner": null}}, "goals": {"home": 1, "away": 1}, "score": {"halftime": {"home": 1, "away": 0}, "fulltime": {"home": 1, "away": 1}, "extratime": {"home": null, "away": null}, "penalty": {"home": null, "away": null}}}, {"fixture": {"id": 1390980, "referee": "Miguel Sesma Espinosa, Spain", "timezone": "UTC", "date": "2025-12-21T20:00:00+00:00", "timestamp": 1766347200, "periods": {"first": 1766347200, "second": 1766350800}, "venue": {"id": null, "name": "Estadio de la Cartuja", "city": "Seville"}, "status": {"long": "Match Finished", "short": "FT", "elapsed": 90, "extra": 9}}, "league": {"id": 140, "name": "La Liga", "country": "Spain", "logo": "https://media.api-sports.io/football/leagues/140.png", "flag": "https://media.api-sports.io/flags/es.svg", "season": 2025, "round": "Regular Season - 17", "standings": true}, "teams": {"home": {"id": 543, "name": "Real Betis", "logo": "https://media.api-sports.io/football/teams/543.png", "winner": true}, "away": {"id": 546, "name": "Getafe", "logo": "https://media.api-sports.io/football/teams/546.png", "winner": false}}, "goals": {"home": 4, "away": 0}, "score": {"halftime": {"home": 1, "away": 0}, "fulltime": {"home": 4, "away": 0}, "extratime": {"home": null, "away": null}, "penalty": {"home": null, "away": null}}}, {"fixture": {"id": 1390973, "referee": "Jesus Gil Manzano, Spain", "timezone": "UTC", "date": "2025-12-13T20:00:00+00:00", "timestamp": 1765656000, "periods": {"first": 1765656000, "second": 1765659600}, "venue": {"id": 20422, "name": "Coliseum", "city": "Getafe"}, "status": {"long": "Match Finished", "short": "FT", "elapsed": 90, "extra": 6}}, "league": {"id": 140, "name": "La Liga", "country": "Spain", "logo": "https://media.api-sports.io/football/leagues/140.png", "flag": "https://media.api-sports.io/flags/es.svg", "season": 2025, "round": "Regular Season - 16", "standings": true}, "teams": {"home": {"id": 546, "name": "Getafe", "logo": "https://media.api-sports.io/football/teams/546.png", "winner": false}, "away": {"id": 540, "name": "Espanyol", "logo": "https://media.api-sports.io/football/teams/540.png", "winner": true}}, "goals": {"home": 0, "away": 1}, "score": {"halftime": {"home": 0, "away": 0}, "fulltime": {"home": 0, "away": 1}, "extratime": {"home": null, "away": null}, "penalty": {"home": null, "away": null}}}, {"fixture": {"id": 1390968, "referee": "Mateo Busquets Ferrer, Spain", "timezone": "UTC", "date": "2025-12-06T13:00:00+00:00", "timestamp": 1765026000, "periods": {"first": 1765026000, "second": 1765029600}, "venue": {"id": 1498, "name": "Estadio de la Ceramica", "city": "Villarreal"}, "status": {"long": "Match Finished", "short": "FT", "elapsed": 90, "extra": 4}}, "league": {"id": 140, "name": "La Liga", "country": "Spain", "logo": "https://media.api-sports.io/football/leagues/140.png", "flag": "https://media.api-sports.io/flags/es.svg", "season": 2025, "round": "Regular Season - 15", "standings": true}, "teams": {"home": {"id": 533, "name": "Villarreal", "logo": "https://media.api-sports.io/football/teams/533.png", "winner": true}, "away": {"id": 546, "name": "Getafe", "logo": "https://media.api-sports.io/football/teams/546.png", "winner": false}}, "goals": {"home": 2, "away": 0}, "score": {"halftime": {"home": 1, "away": 0}, "fulltime": {"home": 2, "away": 0}, "extratime": {"home": null, "away": null}, "penalty": {"home": null, "away": null}}}, {"fixture": {"id": 1390952, "referee": "Alejandro Hernandez, Spain", "timezone": "UTC", "date": "2025-11-28T20:00:00+00:00", "timestamp": 1764360000, "periods": {"first": 1764360000, "second": 1764363600}, "venue": {"id": 20422, "name": "Coliseum", "city": "Getafe"}, "status": {"long": "Match Finished", "short": "FT", "elapsed": 90, "extra": 7}}, "league": {"id": 140, "name": "La Liga", "country": "Spain", "logo": "https://media.api-sports.io/football/leagues/140.png", "flag": "https://media.api-sports.io/flags/es.svg", "season": 2025, "round": "Regular Season - 14", "standings": true}, "teams": {"home": {"id": 546, "name": "Getafe", "logo": "https://media.api-sports.io/football/teams/546.png", "winner": true}, "away": {"id": 797, "name": "Elche", "logo": "https://media.api-sports.io/football/teams/797.png", "winner": false}}, "goals": {"home": 1, "away": 0}, "score": {"halftime": {"home": 0, "away": 0}, "fulltime": {"home": 1, "away": 0}, "extratime": {"home": null, "away": null}, "penalty": {"home": null, "away": null}}}]}