{"get": "fixtures", "parameters": {"league": "78", "season": "2025", "team": "169", "status": "FT", "last": "10"}, "errors": [], "results": 10, "paging": {"current": 1, "total": 1}, "response": [{"fixture": {"id": 1388495, "referee": "S\u00f6ren Storks, Germany", "timezone": "UTC", "date": "2026-02-06T19:30:00+00:00", "timestamp": 1770406200, "periods": {"first": 1770406200, "second": 1770409800}, "venue": {"id": 748, "name": "Stadion An der Alten F\u00f6rsterei", "city": "Berlin"}, "status": {"long": "Match Finished", "short": "FT", "elapsed": 90, "extra": 6}}, "league": {"id": 78, "name": "Bundesliga", "country": "Germany", "logo": "https://media.api-sports.io/football/leagues/78.png", "flag": "https://media.api-sports.io/flags/de.svg", "season": 2025, "round": "Regular Season - 21", "standings": true}, "teams": {"home": {"id": 182, "name": "Union Berlin", "logo": "https://media.api-sports.io/football/teams/182.png", "winner": null}, "away": {"id": 169, "name": "Eintracht Frankfurt", "logo": "https://media.api-sports.io/football/teams/169.png", "winner": null}}, "goals": {"home": 1, "away": 1}, "score": {"halftime": {"home": 0, "away": 0}, "fulltime": {"home": 1, "away": 1}, "extratime": {"home": null, "away": null}, "penalty": {"home": null, "away": null}}}, {"fixture": {"id": 1388481, "referee": "Robert Schr\u00f6der, Germany", "timezone": "UTC", "date": "2026-01-31T14:30:00+00:00", "timestamp": 1769869800, "periods": {"first": 1769869800, "second": 1769873400}, "venue": {"id": null, "name": "Deutsche Bank Park", "city": "Frankfurt"}, "status": {"long": "Match Finished", "short": "FT", "elapsed": 90, "extra": 6}}, "league": {"id": 78, "name": "Bundesliga", "country": "Germany", "logo": "https://media.api-sports.io/football/leagues/78.png", "flag": "https://media.api-sports.io/flags/de.svg", "season": 2025, "round": "Regular Season - 20", "standings": true}, "teams": {"home": {"id": 169, "name": "Eintracht Frankfurt", "logo": "https://media.api-sports.io/football/teams/169.png", "winner": false}, "away": {"id": 168, "name": "Bayer Leverkusen", "logo": "https://media.api-sports.io/football/teams/168.png", "winner": true}}, "goals": {"home": 1, "away": 3}, "score": {"halftime": {"home": 0, "away": 2}, "fulltime": {"home": 1, "away": 3}, "extratime": {"home": null, "away": null}, "penalty": {"home": null, "away": null}}}, {"fixture": {"id": 1388473, "referee": "Sven Jablonski, Germany", "timezone": "UTC", "date": "2026-01-24T14:30:00+00:00", "timestamp": 1769265000, "periods": {"first": 1769265000, "second": 1769268600}, "venue": {"id": null, "name": "Deutsche Bank Park", "city": "Frankfurt"}, "status": {"long": "Match Finished", "short": "FT", "elapsed": 90, "extra": 5}}, "league": {"id": 78, "name": "Bundesliga", "country": "Germany", "logo": "https://media.api-sports.io/football/leagues/78.png", "flag": "https://media.api-sports.io/flags/de.svg", "season": 2025, "round": "Regular Season - 19", "standings": true}, "teams": {"home": {"id": 169, "name": "Eintracht Frankfurt", "logo": "https://media.api-sports.io/football/teams/169.png", "winner": false}, "away": {"id": 167, "name": "1899 Hoffenheim", "logo": "https://media.api-sports.io/football/teams/167.png", "winner": true}}, "goals": {"home": 1, "away": 3}, "score": {"halftime": {"home": 1, "away": 0}, "fulltime": {"home": 1, "away": 3}, "extratime": {"home": null, "away": null}, "penalty": {"home": null, "away": null}}}, {"fixture": {"id": 1388468, "referee": "Benjamin Brand, Germany", "timezone": "UTC", "date": "2026-01-16T19:30:00+00:00", "timestamp": 1768591800, "periods": {"first": 1768591800, "second": 1768595400}, "venue": {"id": null, "name": "Weserstadion", "city": "Bremen"}, "status": {"long": "Match Finished", "short": "FT", "elapsed": 90, "extra": 6}}, "league": {"id": 78, "name": "Bundesliga", "country": "Germany", "logo": "https://media.api-sports.io/football/leagues/78.png", "flag": "https://media.api-sports.io/flags/de.svg", "season": 2025, "round": "Regular Season - 18", "standings": true}, "teams": {"home": {"id": 162, "name": "Werder Bremen", "logo": "https://media.api-sports.io/football/teams/162.png", "winner": null}, "away": {"id": 169, "name": "Eintracht Frankfurt", "logo": "https://media.api-sports.io/football/teams/169.png", "winner": null}}, "goals": {"home": 3, "away": 3}, "score": {"halftime": {"home": 1, "away": 1}, "fulltime": {"home": 3, "away": 3}, "extratime": {"home": null, "away": null}, "penalty": {"home": null, "away": null}}}, {"fixture": {"id": 1388459, "referee": "Matthias Jollenbeck, Germany", "timezone": "UTC", "date": "2026-01-13T17:30:00+00:00", "timestamp": 1768325400, "periods": {"first": 1768325400, "second": 1768329000}, "venue": {"id": null, "name": "MHP Arena", "city": "Stuttgart"}, "status": {"long": "Match Finished", "short": "FT", "elapsed": 90, "extra": 7}}, "league": {"id": 78, "name": "Bundesliga", "country": "Germany", "logo": "https://media.api-sports.io/football/leagues/78.png", "flag": "https://media.api-sports.io/flags/de.svg", "season": 2025, "round": "Regular Season - 17", "standings": true}, "teams": {"home": {"id": 172, "name": "VfB Stuttgart", "logo": "https://media.api-sports.io/football/teams/172.png", "winner": true}, "away": {"id": 169, "name": "Eintracht Frankfurt", "logo": "https://media.api-sports.io/football/teams/169.png", "winner": false}}, "goals": {"home": 3, "away": 2}, "score": {"halftime": {"home": 2, "away": 1}, "fulltime": {"home": 3, "away": 2}, "extratime": {"home": null, "away": null}, "penalty": {"home": null, "away": null}}}, {"fixture": {"id": 1388446, "referee": "Daniel Schlager, Germany", "timezone": "UTC", "date": "2026-01-09T19:30:00+00:00", "timestamp": 1767987000, "periods": {"first": 1767987000, "second": 1767990600}, "venue": {"id": null, "name": "Deutsche Bank Park", "city": "Frankfurt"}, "status": {"long": "Match Finished", "short": "FT", "elapsed": 90, "extra": 8}}, "league": {"id": 78, "name": "Bundesliga", "country": "Germany", "logo": "https://media.api-sports.io/football/leagues/78.png", "flag": "https://media.api-sports.io/flags/de.svg", "season": 2025, "round": "Regular Season - 16", "standings": true}, "teams": {"home": {"id": 169, "name": "Eintracht Frankfurt", "logo": "https://media.api-sports.io/football/teams/169.png", "winner": null}, "away": {"id": 165, "name": "Borussia Dortmund", "logo": "https://media.api-sports.io/football/teams/165.png", "winner": null}}, "goals": {"home": 3, "away": 3}, "score": {"halftime": {"home": 1, "away": 1}, "fulltime": {"home": 3, "away": 3}, "extratime": {"home": null, "away": null}, "penalty": {"home": null, "away": null}}}, {"fixture": {"id": 1388437, "referee": "Tobias Stieler, Germany", "timezone": "UTC", "date": "2025-12-20T14:30:00+00:00", "timestamp": 1766241000, "periods": {"first": 1766241000, "second": 1766244600}, "venue": {"id": 720, "name": "Volksparkstadion", "city": "Hamburg"}, "status": {"long": "Match Finished", "short": "FT", "elapsed": 90, "extra": 10}}, "league": {"id": 78, "name": "Bundesliga", "country": "Germany", "logo": "https://media.api-sports.io/football/leagues/78.png", "flag": "https://media.api-sports.io/flags/de.svg", "season": 2025, "round": "Regular Season - 15", "standings": true}, "teams": {"home": {"id": 175, "name": "Hamburger SV", "logo": "https://media.api-sports.io/football/teams/175.png", "winner": null}, "away": {"id": 169, "name": "Eintracht Frankfurt", "logo": "https://media.api-sports.io/football/teams/169.png", "winner": null}}, "goals": {"home": 1, "away": 1}, "score": {"halftime": {"home": 1, "away": 1}, "fulltime": {"home": 1, "away": 1}, "extratime": {"home": null, "away": null}, "penalty": {"home": null, "away": null}}}, {"fixture": {"id": 1388428, "referee": "Frank Willenborg, Germany", "timezone": "UTC", "date": "2025-12-13T14:30:00+00:00", "timestamp": 1765636200, "periods": {"first": 1765636200, "second": 1765639800}, "venue": {"id": null, "name": "Deutsche Bank Park", "city": "Frankfurt"}, "status": {"long": "Match Finished", "short": "FT", "elapsed": 90, "extra": 8}}, "league": {"id": 78, "name": "Bundesliga", "country": "Germany", "logo": "https://media.api-sports.io/football/leagues/78.png", "flag": "https://media.api-sports.io/flags/de.svg", "season": 2025, "round": "Regular Season - 14", "standings": true}, "teams": {"home": {"id": 169, "name": "Eintracht Frankfurt", "logo": "https://media.api-sports.io/football/teams/169.png", "winner": true}, "away": {"id": 170, "name": "FC Augsburg", "logo": "https://media.api-sports.io/football/teams/170.png", "winner": false}}, "goals": {"home": 1, "away": 0}, "score": {"halftime": {"home": 0, "away": 0}, "fulltime": {"home": 1, "away": 0}, "extratime": {"home": null, "away": null}, "penalty": {"home": null, "away": null}}}, {"fixture": {"id": 1388422, "referee": "Daniel Siebert, Germany", "timezone": "UTC", "date": "2025-12-06T17:30:00+00:00", "timestamp": 1765042200, "periods": {"first": 1765042200, "second": 1765045800}, "venue": {"id": null, "name": "Red Bull Arena", "city": "Leipzig"}, "status": {"long": "Match Finished", "short": "FT", "elapsed": 90, "extra": 6}}, "league": {"id": 78, "name": "Bundesliga", "country": "Germany", "logo": "https://media.api-sports.io/football/leagues/78.png", "flag": "https://media.api-sports.io/flags/de.svg", "season": 2025, "round": "Regular Season - 13", "standings": true}, "teams": {"home": {"id": 173, "name": "RB Leipzig", "logo": "https://media.api-sports.io/football/teams/173.png", "winner": true}, "away": {"id": 169, "name": "Eintracht Frankfurt", "logo": "https://media.api-sports.io/football/teams/169.png", "winner": false}}, "goals": {"home": 6, "away": 0}, "score": {"halftime": {"home": 2, "away": 0}, "fulltime": {"home": 6, "away": 0}, "extratime": {"home": null, "away": null}, "penalty": {"home": null, "away": null}}}, {"fixture": {"id": 1388410, "referee": "Harm Osmers, Germany", "timezone": "UTC", "date": "2025-11-30T16:30:00+00:00", "timestamp": 1764520200, "periods": {"first": 1764520200, "second": 1764523800}, "venue": {"id": null, "name": "Deutsche Bank Park", "city": "Frankfurt"}, "status": {"long": "Match Finished", "short": "FT", "elapsed": 90, "extra": 10}}, "league": {"id": 78, "name": "Bundesliga", "country": "Germany", "logo": "https://media.api-sports.io/football/leagues/78.png", "flag": "https://media.api-sports.io/flags/de.svg", "season": 2025, "round": "Regular Season - 12", "standings": true}, "teams": {"home": {"id": 169, "name": "Eintracht Frankfurt", "logo": "https://media.api-sports.io/football/teams/169.png", "winner": null}, "away": {"id": 161, "name": "VfL Wolfsburg", "logo": "https://media.api-sports.io/football/teams/161.png", "winner": null}}, "goals": {"home": 1, "away": 1}, "score": {"halftime": {"home": 0, "away": 0}, "fulltime": {"home": 1, "away": 1}, "extratime": {"home": null, "away": null}, "penalty": {"home": null, "away": null}}}]}