{"get": "fixtures", "parameters": {"league": "39", "season": "2025", "team": "40", "status": "FT", "last": "10"}, "errors": [], "results": 10, "paging": {"current": 1, "total": 1}, "response": [{"fixture": {"id": 1379215, "referee": "Craig Pawson, England", "timezone": "UTC", "date": "2026-02-08T16:30:00+00:00", "timestamp": 1770568200, "periods": {"first": 1770568200, "second": 1770571800}, "venue": {"id": 550, "name": "Anfield", "city": "Liverpool"}, "status": {"long": "Match Finished", "short": "FT", "elapsed": 90, "extra": 15}}, "league": {"id": 39, "name": "Premier League", "country": "England", "logo": "https://media.api-sports.io/football/leagues/39.png", "flag": "https://media.api-sports.io/flags/gb-eng.svg", "season": 2025, "round": "Regular Season - 25", "standings": true}, "teams": {"home": {"id": 40, "name": "Liverpool", "logo": "https://media.api-sports.io/football/teams/40.png", "winner": false}, "away": {"id": 50, "name": "Manchester City", "logo": "https://media.api-sports.io/football/teams/50.png", "winner": true}}, "goals": {"home": 1, "away": 2}, "score": {"halftime": {"home": 0, "away": 0}, "fulltime": {"home": 1, "away": 2}, "extratime": {"home": null, "away": null}, "penalty": {"home": null, "away": null}}}, {"fixture": {"id": 1379203, "referee": "Simon Hooper, England", "timezone": "UTC", "date": "2026-01-31T20:00:00+00:00", "timestamp": 1769889600, "periods": {"first": 1769889600, "second": 1769893200}, "venue": {"id": 550, "name": "Anfield", "city": "Liverpool"}, "status": {"long": "Match Finished", "short": "FT", "elapsed": 90, "extra": 5}}, "league": {"id": 39, "name": "Premier League", "country": "England", "logo": "https://media.api-sports.io/football/leagues/39.png", "flag": "https://media.api-sports.io/flags/gb-eng.svg", "season": 2025, "round": "Regular Season - 24", "standings": true}, "teams": {"home": {"id": 40, "name": "Liverpool", "logo": "https://media.api-sports.io/football/teams/40.png", "winner": true}, "away": {"id": 34, "name": "Newcastle", "logo": "https://media.api-sports.io/football/teams/34.png", "winner": false}}, "goals": {"home": 4, "away": 1}, "score": {"halftime": {"home": 2, "away": 1}, "fulltime": {"home": 4, "away": 1}, "extratime": {"home": null, "away": null}, "penalty": {"home": null, "away": null}}}, {"fixture": {"id": 1379190, "referee": "Michael Salisbury, England", "timezone": "UTC", "date": "2026-01-24T17:30:00+00:00", "timestamp": 1769275800, "periods": {"first": 1769275800, "second": 1769279400}, "venue": {"id": 504, "name": "Vitality Stadium", "city": "Bournemouth"}, "status": {"long": "Match Finished", "short": "FT", "elapsed": 90, "extra": 6}}, "league": {"id": 39, "name": "Premier League", "country": "England", "logo": "https://media.api-sports.io/football/leagues/39.png", "flag": "https://media.api-sports.io/flags/gb-eng.svg", "season": 2025, "round": "Regular Season - 23", "standings": true}, "teams": {"home": {"id": 35, "name": "Bournemouth", "logo": "https://media.api-sports.io/football/teams/35.png", "winner": true}, "away": {"id": 40, "name": "Liverpool", "logo": "https://media.api-sports.io/football/teams/40.png", "winner": false}}, "goals": {"home": 3, "away": 2}, "score": {"halftime": {"home": 2, "away": 1}, "fulltime": {"home": 3, "away": 2}, "extratime": {"home": null, "away": null}, "penalty": {"home": null, "away": null}}}, {"fixture": {"id": 1379183, "referee": "Andy Madley, England", "timezone": "UTC", "date": "2026-01-17T15:00:00+00:00", "timestamp": 1768662000, "periods": {"first": 1768662000, "second": 1768665600}, "venue": {"id": 550, "name": "Anfield", "city": "Liverpool"}, "status": {"long": "Match Finished", "short": "FT", "elapsed": 90, "extra": 8}}, "league": {"id": 39, "name": "Premier League", "country": "England", "logo": "https://media.api-sports.io/football/leagues/39.png", "flag": "https://media.api-sports.io/flags/gb-eng.svg", "season": 2025, "round": "Regular Season - 22", "standings": true}, "teams": {"home": {"id": 40, "name": "Liverpool", "logo": "https://media.api-sports.io/football/teams/40.png", "winner": null}, "away": {"id": 44, "name": "Burnley", "logo": "https://media.api-sports.io/football/teams/44.png", "winner": null}}, "goals": {"home": 1, "away": 1}, "score": {"halftime": {"home": 1, "away": 0}, "fulltime": {"home": 1, "away": 1}, "extratime": {"home": null, "away": null}, "penalty": {"home": null, "away": null}}}, {"fixture": {"id": 1379169, "referee": "Anthony Taylor, England", "timezone": "UTC", "date": "2026-01-08T20:00:00+00:00", "timestamp": 1767902400, "periods": {"first": 1767902400, "second": 1767906000}, "venue": {"id": 494, "name": "Emirates Stadium", "city": "London"}, "status": {"long": "Match Finished", "short": "FT", "elapsed": 90, "extra": 8}}, "league": {"id": 39, "name": "Premier League", "country": "England", "logo": "https://media.api-sports.io/football/leagues/39.png", "flag": "https://media.api-sports.io/flags/gb-eng.svg", "season": 2025, "round": "Regular Season - 21", "standings": true}, "teams": {"home": {"id": 42, "name": "Arsenal", "logo": "https://media.api-sports.io/football/teams/42.png", "winner": null}, "away": {"id": 40, "name": "Liverpool", "logo": "https://media.api-sports.io/football/teams/40.png", "winner": null}}, "goals": {"home": 0, "away": 0}, "score": {"halftime": {"home": 0, "away": 0}, "fulltime": {"home": 0, "away": 0}, "extratime": {"home": null, "away": null}, "penalty": {"home": null, "away": null}}}, {"fixture": {"id": 1379163, "referee": "Craig Pawson, England", "timezone": "UTC", "date": "2026-01-04T15:15:00+00:00", "timestamp": 1767539700, "periods": {"first": 1767539700, "second": 1767543300}, "venue": {"id": 535, "name": "Craven Cottage", "city": "London"}, "status": {"long": "Match Finished", "short": "FT", "elapsed": 90, "extra": 10}}, "league": {"id": 39, "name": "Premier League", "country": "England", "logo": "https://media.api-sports.io/football/leagues/39.png", "flag": "https://media.api-sports.io/flags/gb-eng.svg", "season": 2025, "round": "Regular Season - 20", "standings": true}, "teams": {"home": {"id": 36, "name": "Fulham", "logo": "https://media.api-sports.io/football/teams/36.png", "winner": null}, "away": {"id": 40, "name": "Liverpool", "logo": "https://media.api-sports.io/football/teams/40.png", "winner": null}}, "goals": {"home": 2, "away": 2}, "score": {"halftime": {"home": 1, "away": 0}, "fulltime": {"home": 2, "away": 2}, "extratime": {"home": null, "away": null}, "penalty": {"home": null, "away": null}}}, {"fixture": {"id": 1379154, "referee": "Chris Kavanagh, England", "timezone": "UTC", "date": "2026-01-01T17:30:00+00:00", "timestamp": 1767288600, "periods": {"first": 1767288600, "second": 1767292200}, "venue": {"id": 550, "name": "Anfield", "city": "Liverpool"}, "status": {"long": "Match Finished", "short": "FT", "elapsed": 90, "extra": 7}}, "league": {"id": 39, "name": "Premier League", "country": "England", "logo": "https://media.api-sports.io/football/leagues/39.png", "flag": "https://media.api-sports.io/flags/gb-eng.svg", "season": 2025, "round": "Regular Season - 19", "standings": true}, "teams": {"home": {"id": 40, "name": "Liverpool", "logo": "https://media.api-sports.io/football/teams/40.png", "winner": null}, "away": {"id": 63, "name": "Leeds", "logo": "https://media.api-sports.io/football/teams/63.png", "winner": null}}, "goals": {"home": 0, "away": 0}, "score": {"halftime": {"home": 0, "away": 0}, "fulltime": {"home": 0, "away": 0}, "extratime": {"home": null, "away": null}, "penalty": {"home": null, "away": null}}}, {"fixture": {"id": 1379144, "referee": "Simon Hooper, England", "timezone": "UTC", "date": "2025-12-27T15:00:00+00:00", "timestamp": 1766847600, "periods": {"first": 1766847600, "second": 1766851200}, "venue": {"id": 550, "name": "Anfield", "city": "Liverpool"}, "status": {"long": "Match Finished", "short": "FT", "elapsed": 90, "extra": 6}}, "league": {"id": 39, "name": "Premier League", "country": "England", "logo": "https://media.api-sports.io/football/leagues/39.png", "flag": "https://media.api-sports.io/flags/gb-eng.svg", "season": 2025, "round": "Regular Season - 18", "standings": true}, "teams": {"home": {"id": 40, "name": "Liverpool", "logo": "https://media.api-sports.io/football/teams/40.png", "winner": true}, "away": {"id": 39, "name": "Wolves", "logo": "https://media.api-sports.io/football/teams/39.png", "winner": false}}, "goals": {"home": 2, "away": 1}, "score": {"halftime": {"home": 2, "away": 0}, "fulltime": {"home": 2, "away": 1}, "extratime": {"home": null, "away": null}, "penalty": {"home": null, "away": null}}}, {"fixture": {"id": 1379137, "referee": "John Brooks, England", "timezone": "UTC", "date": "2025-12-20T17:30:00+00:00", "timestamp": 1766251800, "periods": {"first": 1766251800, "second": 1766255400}, "venue": {"id": 593, "name": "Tottenham Hotspur Stadium", "city": "London"}, "status": {"long": "Match Finished", "short": "FT", "elapsed": 90, "extra": 11}}, "league": {"id": 39, "name": "Premier League", "country": "England", "logo": "https://media.api-sports.io/football/leagues/39.png", "flag": "https://media.api-sports.io/flags/gb-eng.svg", "season": 2025, "round": "Regular Season - 17", "standings": true}, "teams": {"home": {"id": 47, "name": "Tottenham", "logo": "https://media.api-sports.io/football/teams/47.png", "winner": false}, "away": {"id": 40, "name": "Liverpool", "logo": "https://media.api-sports.io/football/teams/40.png", "winner": true}}, "goals": {"home": 1, "away": 2}, "score": {"halftime": {"home": 0, "away": 0}, "fulltime": {"home": 1, "away": 2}, "extratime": {"home": null, "away": null}, "penalty": {"home": null, "away": null}}}, {"fixture": {"id": 1379124, "referee": "Craig Pawson, England", "timezone": "UTC", "date": "2025-12-13T15:00:00+00:00", "timestamp": 1765638000, "periods": {"first": 1765638000, "second": 1765641600}, "venue": {"id": 550, "name": "Anfield", "city": "Liverpool"}, "status": {"long": "Match Finished", "short": "FT", "elapsed": 90, "extra": 10}}, "league": {"id": 39, "name": "Premier League", "country": "England", "logo": "https://media.api-sports.io/football/leagues/39.png", "flag": "https://media.api-sports.io/flags/gb-eng.svg", "season": 2025, "round": "Regular Season - 16", "standings": true}, "teams": {"home": {"id": 40, "name": "Liverpool", "logo": "https://media.api-sports.io/football/teams/40.png", "winner": true}, "away": {"id": 51, "name": "Brighton", "logo": "https://media.api-sports.io/football/teams/51.png", "winner": false}}, "goals": {"home": 2, "away": 0}, "score": {"halftime": {"home": 1, "away": 0}, "fulltime": {"home": 2, "away": 0}, "extratime": {"home": null, "away": null}, "penalty": {"home": null, "away": null}}}]}