{"get": "injuries", "parameters": {"league": "39", "season": "2025", "team": "39"}, "errors": [], "results": 93, "paging": {"current": 1, "total": 1}, "response": [{"player": {"id": 195717, "name": "Yerson Mosquera", "photo": "https://media.api-sports.io/football/players/195717.png", "type": "Missing Fixture", "reason": "Ruptured cruciate ligament"}, "team": {"id": 39, "name": "Wolves", "logo": "https://media.api-sports.io/football/teams/39.png"}, "fixture": {"id": 1378975, "timezone": "UTC", "date": "2025-08-16T16:30:00+00:00", "timestamp": 1755361800}, "league": {"id": 39, "season": 2025, "name": "Premier League", "country": "England", "logo": "https://media.api-sports.io/football/leagues/39.png", "flag": "https://media.api-sports.io/flags/gb-eng.svg"}}, {"player": {"id": 380653, "name": "L. Chiwome", "photo": "https://media.api-sports.io/football/players/380653.png", "type": "Missing Fixture", "reason": "Jumpers knee"}, "team": {"id": 39, "name": "Wolves", "logo": "https://media.api-sports.io/football/teams/39.png"}, "fixture": {"id": 1378975, "timezone": "UTC", "date": "2025-08-16T16:30:00+00:00", "timestamp": 1755361800}, "league": {"id": 39, "season": 2025, "name": "Premier League", "country": "England", "logo": "https://media.api-sports.io/football/leagues/39.png", "flag": "https://media.api-sports.io/flags/gb-eng.svg"}}, {"player": {"id": 380653, "name": "L. Chiwome", "photo": "https://media.api-sports.io/football/players/380653.png", "type": "Missing Fixture", "reason": "Jumpers knee"}, "team": {"id": 39, "name": "Wolves", "logo": "https://media.api-sports.io/football/teams/39.png"}, "fixture": {"id": 1378980, "timezone": "UTC", "date": "2025-08-23T14:00:00+00:00", "timestamp": 1755957600}, "league": {"id": 39, "season": 2025, "name": "Premier League", "country": "England", "logo": "https://media.api-sports.io/football/leagues/39.png", "flag": "https://media.api-sports.io/flags/gb-eng.svg"}}, {"player": {"id": 380653, "name": "L. Chiwome", "photo": "https://media.api-sports.io/football/players/380653.png", "type": "Missing Fixture", "reason": "Jumpers knee"}, "team": {"id": 39, "name": "Wolves", "logo": "https://media.api-sports.io/football/teams/39.png"}, "fixture": {"id": 1378998, "timezone": "UTC", "date": "2025-08-30T14:00:00+00:00", "timestamp": 1756562400}, "league": {"id": 39, "season": 2025, "name": "Premier League", "country": "England", "logo": "https://media.api-sports.io/football/leagues/39.png", "flag": "https://media.api-sports.io/flags/gb-eng.svg"}}, {"player": {"id": 285, "name": "K. Hoever", "photo": "https://media.api-sports.io/football/players/285.png", "type": "Missing Fixture", "reason": "Jumpers knee"}, "team": {"id": 39, "name": "Wolves", "logo": "https://media.api-sports.io/football/teams/39.png"}, "fixture": {"id": 1378998, "timezone": "UTC", "date": "2025-08-30T14:00:00+00:00", "timestamp": 1756562400}, "league": {"id": 39, "season": 2025, "name": "Premier League", "country": "England", "logo": "https://media.api-sports.io/football/leagues/39.png", "flag": "https://media.api-sports.io/flags/gb-eng.svg"}}, {"player": {"id": 285, "name": "K. Hoever", "photo": "https://media.api-sports.io/football/players/285.png", "type": "Missing Fixture", "reason": "Jumpers knee"}, "team": {"id": 39, "name": "Wolves", "logo": "https://media.api-sports.io/football/teams/39.png"}, "fixture": {"id": 1379007, "timezone": "UTC", "date": "2025-09-13T14:00:00+00:00", "timestamp": 1757772000}, "league": {"id": 39, "season": 2025, "name": "Premier League", "country": "England", "logo": "https://media.api-sports.io/football/leagues/39.png", "flag": "https://media.api-sports.io/flags/gb-eng.svg"}}, {"player": {"id": 380653, "name": "L. Chiwome", "photo": "https://media.api-sports.io/football/players/380653.png", "type": "Missing Fixture", "reason": "Knee Injury"}, "team": {"id": 39, "name": "Wolves", "logo": "https://media.api-sports.io/football/teams/39.png"}, "fixture": {"id": 1379018, "timezone": "UTC", "date": "2025-09-20T14:00:00+00:00", "timestamp": 1758376800}, "league": {"id": 39, "season": 2025, "name": "Premier League", "country": "England", "logo": "https://media.api-sports.io/football/leagues/39.png", "flag": "https://media.api-sports.io/flags/gb-eng.svg"}}, {"player": {"id": 385726, "name": "E. Gonzalez", "photo": "https://media.api-sports.io/football/players/385726.png", "type": "Missing Fixture", "reason": "Knee Injury"}, "team": {"id": 39, "name": "Wolves", "logo": "https://media.api-sports.io/football/teams/39.png"}, "fixture": {"id": 1379018, "timezone": "UTC", "date": "2025-09-20T14:00:00+00:00", "timestamp": 1758376800}, "league": {"id": 39, "season": 2025, "name": "Premier League", "country": "England", "logo": "https://media.api-sports.io/football/leagues/39.png", "flag": "https://media.api-sports.io/flags/gb-eng.svg"}}, {"player": {"id": 380653, "name": "L. Chiwome", "photo": "https://media.api-sports.io/football/players/380653.png", "type": "Missing Fixture", "reason": "Knee Injury"}, "team": {"id": 39, "name": "Wolves", "logo": "https://media.api-sports.io/football/teams/39.png"}, "fixture": {"id": 1379028, "timezone": "UTC", "date": "2025-09-27T19:00:00+00:00", "timestamp": 1758999600}, "league": {"id": 39, "season": 2025, "name": "Premier League", "country": "England", "logo": "https://media.api-sports.io/football/leagues/39.png", "flag": "https://media.api-sports.io/flags/gb-eng.svg"}}, {"player": {"id": 380653, "name": "L. Chiwome", "photo": "https://media.api-sports.io/football/players/380653.png", "type": "Missing Fixture", "reason": "Knee Injury"}, "team": {"id": 39, "name": "Wolves", "logo": "https://media.api-sports.io/football/teams/39.png"}, "fixture": {"id": 1379038, "timezone": "UTC", "date": "2025-10-05T13:00:00+00:00", "timestamp": 1759669200}, "league": {"id": 39, "season": 2025, "name": "Premier League", "country": "England", "logo": "https://media.api-sports.io/football/leagues/39.png", "flag": "https://media.api-sports.io/flags/gb-eng.svg"}}, {"player": {"id": 18742, "name": "M. Doherty", "photo": "https://media.api-sports.io/football/players/18742.png", "type": "Missing Fixture", "reason": "Wrist Injury"}, "team": {"id": 39, "name": "Wolves", "logo": "https://media.api-sports.io/football/teams/39.png"}, "fixture": {"id": 1379038, "timezone": "UTC", "date": "2025-10-05T13:00:00+00:00", "timestamp": 1759669200}, "league": {"id": 39, "season": 2025, "name": "Premier League", "country": "England", "logo": "https://media.api-sports.io/football/leagues/39.png", "flag": "https://media.api-sports.io/flags/gb-eng.svg"}}, {"player": {"id": 41606, "name": "Toti", "photo": "https://media.api-sports.io/football/players/41606.png", "type": "Questionable", "reason": "Illness"}, "team": {"id": 39, "name": "Wolves", "logo": "https://media.api-sports.io/football/teams/39.png"}, "fixture": {"id": 1379038, "timezone": "UTC", "date": "2025-10-05T13:00:00+00:00", "timestamp": 1759669200}, "league": {"id": 39, "season": 2025, "name": "Premier League", "country": "England", "logo": "https://media.api-sports.io/football/leagues/39.png", "flag": "https://media.api-sports.io/flags/gb-eng.svg"}}, {"player": {"id": 380653, "name": "L. Chiwome", "photo": "https://media.api-sports.io/football/players/380653.png", "type": "Missing Fixture", "reason": "Knee Injury"}, "team": {"id": 39, "name": "Wolves", "logo": "https://media.api-sports.io/football/teams/39.png"}, "fixture": {"id": 1379046, "timezone": "UTC", "date": "2025-10-18T14:00:00+00:00", "timestamp": 1760796000}, "league": {"id": 39, "season": 2025, "name": "Premier League", "country": "England", "logo": "https://media.api-sports.io/football/leagues/39.png", "flag": "https://media.api-sports.io/flags/gb-eng.svg"}}, {"player": {"id": 20665, "name": "J. Bellegarde", "photo": "https://media.api-sports.io/football/players/20665.png", "type": "Questionable", "reason": "Illness"}, "team": {"id": 39, "name": "Wolves", "logo": "https://media.api-sports.io/football/teams/39.png"}, "fixture": {"id": 1379046, "timezone": "UTC", "date": "2025-10-18T14:00:00+00:00", "timestamp": 1760796000}, "league": {"id": 39, "season": 2025, "name": "Premier League", "country": "England", "logo": "https://media.api-sports.io/football/leagues/39.png", "flag": "https://media.api-sports.io/flags/gb-eng.svg"}}, {"player": {"id": 24888, "name": "Hwang Hee-Chan", "photo": "https://media.api-sports.io/football/players/24888.png", "type": "Questionable", "reason": "Injury"}, "team": {"id": 39, "name": "Wolves", "logo": "https://media.api-sports.io/football/teams/39.png"}, "fixture": {"id": 1379046, "timezone": "UTC", "date": "2025-10-18T14:00:00+00:00", "timestamp": 1760796000}, "league": {"id": 39, "season": 2025, "name": "Premier League", "country": "England", "logo": "https://media.api-sports.io/football/leagues/39.png", "flag": "https://media.api-sports.io/flags/gb-eng.svg"}}, {"player": {"id": 380653, "name": "L. Chiwome", "photo": "https://media.api-sports.io/football/players/380653.png", "type": "Missing Fixture", "reason": "Knee Injury"}, "team": {"id": 39, "name": "Wolves", "logo": "https://media.api-sports.io/football/teams/39.png"}, "fixture": {"id": 1379058, "timezone": "UTC", "date": "2025-10-26T14:00:00+00:00", "timestamp": 1761487200}, "league": {"id": 39, "season": 2025, "name": "Premier League", "country": "England", "logo": "https://media.api-sports.io/football/leagues/39.png", "flag": "https://media.api-sports.io/flags/gb-eng.svg"}}, {"player": {"id": 380653, "name": "L. Chiwome", "photo": "https://media.api-sports.io/football/players/380653.png", "type": "Missing Fixture", "reason": "Knee Injury"}, "team": {"id": 39, "name": "Wolves", "logo": "https://media.api-sports.io/football/teams/39.png"}, "fixture": {"id": 1379062, "timezone": "UTC", "date": "2025-11-01T15:00:00+00:00", "timestamp": 1762009200}, "league": {"id": 39, "season": 2025, "name": "Premier League", "country": "England", "logo": "https://media.api-sports.io/football/leagues/39.png", "flag": "https://media.api-sports.io/flags/gb-eng.svg"}}, {"player": {"id": 18742, "name": "M. Doherty", "photo": "https://media.api-sports.io/football/players/18742.png", "type": "Missing Fixture", "reason": "Knee Injury"}, "team": {"id": 39, "name": "Wolves", "logo": "https://media.api-sports.io/football/teams/39.png"}, "fixture": {"id": 1379062, "timezone": "UTC", "date": "2025-11-01T15:00:00+00:00", "timestamp": 1762009200}, "league": {"id": 39, "season": 2025, "name": "Premier League", "country": "England", "logo": "https://media.api-sports.io/football/leagues/39.png", "flag": "https://media.api-sports.io/flags/gb-eng.svg"}}, {"player": {"id": 282770, "name": "R. Gomes", "photo": "https://media.api-sports.io/football/players/282770.png", "type": "Missing Fixture", "reason": "Muscle Injury"}, "team": {"id": 39, "name": "Wolves", "logo": "https://media.api-sports.io/football/teams/39.png"}, "fixture": {"id": 1379062, "timezone": "UTC", "date": "2025-11-01T15:00:00+00:00", "timestamp": 1762009200}, "league": {"id": 39, "season": 2025, "name": "Premier League", "country": "England", "logo": "https://media.api-sports.io/football/leagues/39.png", "flag": "https://media.api-sports.io/flags/gb-eng.svg"}}, {"player": {"id": 135068, "name": "E. Agbadou", "photo": "https://media.api-sports.io/football/players/135068.png", "type": "Missing Fixture", "reason": "Red Card"}, "team": {"id": 39, "name": "Wolves", "logo": "https://media.api-sports.io/football/teams/39.png"}, "fixture": {"id": 1379071, "timezone": "UTC", "date": "2025-11-08T20:00:00+00:00", "timestamp": 1762632000}, "league": {"id": 39, "season": 2025, "name": "Premier League", "country": "England", "logo": "https://media.api-sports.io/football/leagues/39.png", "flag": "https://media.api-sports.io/flags/gb-eng.svg"}}, {"player": {"id": 380653, "name": "L. Chiwome", "photo": "https://media.api-sports.io/football/players/380653.png", "type": "Missing Fixture", "reason": "Knee Injury"}, "team": {"id": 39, "name": "Wolves", "logo": "https://media.api-sports.io/football/teams/39.png"}, "fixture": {"id": 1379071, "timezone": "UTC", "date": "2025-11-08T20:00:00+00:00", "timestamp": 1762632000}, "league": {"id": 39, "season": 2025, "name": "Premier League", "country": "England", "logo": "https://media.api-sports.io/football/leagues/39.png", "flag": "https://media.api-sports.io/flags/gb-eng.svg"}}, {"player": {"id": 18742, "name": "M. Doherty", "photo": "https://media.api-sports.io/football/players/18742.png", "type": "Missing Fixture", "reason": "Knee Injury"}, "team": {"id": 39, "name": "Wolves", "logo": "https://media.api-sports.io/football/teams/39.png"}, "fixture": {"id": 1379071, "timezone": "UTC", "date": "2025-11-08T20:00:00+00:00", "timestamp": 1762632000}, "league": {"id": 39, "season": 2025, "name": "Premier League", "country": "England", "logo": "https://media.api-sports.io/football/leagues/39.png", "flag": "https://media.api-sports.io/flags/gb-eng.svg"}}, {"player": {"id": 282770, "name": "R. Gomes", "photo": "https://media.api-sports.io/football/players/282770.png", "type": "Missing Fixture", "reason": "Groin Injury"}, "team": {"id": 39, "name": "Wolves", "logo": "https://media.api-sports.io/football/teams/39.png"}, "fixture": {"id": 1379071, "timezone": "UTC", "date": "2025-11-08T20:00:00+00:00", "timestamp": 1762632000}, "league": {"id": 39, "season": 2025, "name": "Premier League", "country": "England", "logo": "https://media.api-sports.io/football/leagues/39.png", "flag": "https://media.api-sports.io/flags/gb-eng.svg"}}, {"player": {"id": 380653, "name": "L. Chiwome", "photo": "https://media.api-sports.io/football/players/380653.png", "type": "Missing Fixture", "reason": "Knee Injury"}, "team": {"id": 39, "name": "Wolves", "logo": "https://media.api-sports.io/football/teams/39.png"}, "fixture": {"id": 1379088, "timezone": "UTC", "date": "2025-11-22T15:00:00+00:00", "timestamp": 1763823600}, "league": {"id": 39, "season": 2025, "name": "Premier League", "country": "England", "logo": "https://media.api-sports.io/football/leagues/39.png", "flag": "https://media.api-sports.io/flags/gb-eng.svg"}}, {"player": {"id": 282770, "name": "R. Gomes", "photo": "https://media.api-sports.io/football/players/282770.png", "type": "Missing Fixture", "reason": "Groin Injury"}, "team": {"id": 39, "name": "Wolves", "logo": "https://media.api-sports.io/football/teams/39.png"}, "fixture": {"id": 1379088, "timezone": "UTC", "date": "2025-11-22T15:00:00+00:00", "timestamp": 1763823600}, "league": {"id": 39, "season": 2025, "name": "Premier League", "country": "England", "logo": "https://media.api-sports.io/football/leagues/39.png", "flag": "https://media.api-sports.io/flags/gb-eng.svg"}}, {"player": {"id": 18742, "name": "M. Doherty", "photo": "https://media.api-sports.io/football/players/18742.png", "type": "Questionable", "reason": "Knee Injury"}, "team": {"id": 39, "name": "Wolves", "logo": "https://media.api-sports.io/football/teams/39.png"}, "fixture": {"id": 1379088, "timezone": "UTC", "date": "2025-11-22T15:00:00+00:00", "timestamp": 1763823600}, "league": {"id": 39, "season": 2025, "name": "Premier League", "country": "England", "logo": "https://media.api-sports.io/football/leagues/39.png", "flag": "https://media.api-sports.io/flags/gb-eng.svg"}}, {"player": {"id": 19341, "name": "D. Bentley", "photo": "https://media.api-sports.io/football/players/19341.png", "type": "Missing Fixture", "reason": "Ankle Injury"}, "team": {"id": 39, "name": "Wolves", "logo": "https://media.api-sports.io/football/teams/39.png"}, "fixture": {"id": 1379089, "timezone": "UTC", "date": "2025-11-30T14:05:00+00:00", "timestamp": 1764511500}, "league": {"id": 39, "season": 2025, "name": "Premier League", "country": "England", "logo": "https://media.api-sports.io/football/leagues/39.png", "flag": "https://media.api-sports.io/flags/gb-eng.svg"}}, {"player": {"id": 380653, "name": "L. Chiwome", "photo": "https://media.api-sports.io/football/players/380653.png", "type": "Missing Fixture", "reason": "Knee Injury"}, "team": {"id": 39, "name": "Wolves", "logo": "https://media.api-sports.io/football/teams/39.png"}, "fixture": {"id": 1379089, "timezone": "UTC", "date": "2025-11-30T14:05:00+00:00", "timestamp": 1764511500}, "league": {"id": 39, "season": 2025, "name": "Premier League", "country": "England", "logo": "https://media.api-sports.io/football/leagues/39.png", "flag": "https://media.api-sports.io/flags/gb-eng.svg"}}, {"player": {"id": 282770, "name": "R. Gomes", "photo": "https://media.api-sports.io/football/players/282770.png", "type": "Missing Fixture", "reason": "Groin Injury"}, "team": {"id": 39, "name": "Wolves", "logo": "https://media.api-sports.io/football/teams/39.png"}, "fixture": {"id": 1379089, "timezone": "UTC", "date": "2025-11-30T14:05:00+00:00", "timestamp": 1764511500}, "league": {"id": 39, "season": 2025, "name": "Premier League", "country": "England", "logo": "https://media.api-sports.io/football/leagues/39.png", "flag": "https://media.api-sports.io/flags/gb-eng.svg"}}, {"player": {"id": 66407, "name": "L. Krejci", "photo": "https://media.api-sports.io/football/players/66407.png", "type": "Missing Fixture", "reason": "Knee Injury"}, "team": {"id": 39, "name": "Wolves", "logo": "https://media.api-sports.io/football/teams/39.png"}, "fixture": {"id": 1379089, "timezone": "UTC", "date": "2025-11-30T14:05:00+00:00", "timestamp": 1764511500}, "league": {"id": 39, "season": 2025, "name": "Premier League", "country": "England", "logo": "https://media.api-sports.io/football/leagues/39.png", "flag": "https://media.api-sports.io/flags/gb-eng.svg"}}, {"player": {"id": 391822, "name": "F. Lopez", "photo": "https://media.api-sports.io/football/players/391822.png", "type": "Missing Fixture", "reason": "Muscle Injury"}, "team": {"id": 39, "name": "Wolves", "logo": "https://media.api-sports.io/football/teams/39.png"}, "fixture": {"id": 1379089, "timezone": "UTC", "date": "2025-11-30T14:05:00+00:00", "timestamp": 1764511500}, "league": {"id": 39, "season": 2025, "name": "Premier League", "country": "England", "logo": "https://media.api-sports.io/football/leagues/39.png", "flag": "https://media.api-sports.io/flags/gb-eng.svg"}}, {"player": {"id": 18742, "name": "M. Doherty", "photo": "https://media.api-sports.io/football/players/18742.png", "type": "Questionable", "reason": "Knee Injury"}, "team": {"id": 39, "name": "Wolves", "logo": "https://media.api-sports.io/football/teams/39.png"}, "fixture": {"id": 1379089, "timezone": "UTC", "date": "2025-11-30T14:05:00+00:00", "timestamp": 1764511500}, "league": {"id": 39, "season": 2025, "name": "Premier League", "country": "England", "logo": "https://media.api-sports.io/football/leagues/39.png", "flag": "https://media.api-sports.io/flags/gb-eng.svg"}}, {"player": {"id": 19341, "name": "D. Bentley", "photo": "https://media.api-sports.io/football/players/19341.png", "type": "Missing Fixture", "reason": "Ankle Injury"}, "team": {"id": 39, "name": "Wolves", "logo": "https://media.api-sports.io/football/teams/39.png"}, "fixture": {"id": 1379108, "timezone": "UTC", "date": "2025-12-03T19:30:00+00:00", "timestamp": 1764790200}, "league": {"id": 39, "season": 2025, "name": "Premier League", "country": "England", "logo": "https://media.api-sports.io/football/leagues/39.png", "flag": "https://media.api-sports.io/flags/gb-eng.svg"}}, {"player": {"id": 380653, "name": "L. Chiwome", "photo": "https://media.api-sports.io/football/players/380653.png", "type": "Missing Fixture", "reason": "Knee Injury"}, "team": {"id": 39, "name": "Wolves", "logo": "https://media.api-sports.io/football/teams/39.png"}, "fixture": {"id": 1379108, "timezone": "UTC", "date": "2025-12-03T19:30:00+00:00", "timestamp": 1764790200}, "league": {"id": 39, "season": 2025, "name": "Premier League", "country": "England", "logo": "https://media.api-sports.io/football/leagues/39.png", "flag": "https://media.api-sports.io/flags/gb-eng.svg"}}, {"player": {"id": 282770, "name": "R. Gomes", "photo": "https://media.api-sports.io/football/players/282770.png", "type": "Missing Fixture", "reason": "Groin Injury"}, "team": {"id": 39, "name": "Wolves", "logo": "https://media.api-sports.io/football/teams/39.png"}, "fixture": {"id": 1379108, "timezone": "UTC", "date": "2025-12-03T19:30:00+00:00", "timestamp": 1764790200}, "league": {"id": 39, "season": 2025, "name": "Premier League", "country": "England", "logo": "https://media.api-sports.io/football/leagues/39.png", "flag": "https://media.api-sports.io/flags/gb-eng.svg"}}, {"player": {"id": 391822, "name": "F. Lopez", "photo": "https://media.api-sports.io/football/players/391822.png", "type": "Missing Fixture", "reason": "Muscle Injury"}, "team": {"id": 39, "name": "Wolves", "logo": "https://media.api-sports.io/football/teams/39.png"}, "fixture": {"id": 1379108, "timezone": "UTC", "date": "2025-12-03T19:30:00+00:00", "timestamp": 1764790200}, "league": {"id": 39, "season": 2025, "name": "Premier League", "country": "England", "logo": "https://media.api-sports.io/football/leagues/39.png", "flag": "https://media.api-sports.io/flags/gb-eng.svg"}}, {"player": {"id": 66407, "name": "L. Krejci", "photo": "https://media.api-sports.io/football/players/66407.png", "type": "Questionable", "reason": "Knee Injury"}, "team": {"id": 39, "name": "Wolves", "logo": "https://media.api-sports.io/football/teams/39.png"}, "fixture": {"id": 1379108, "timezone": "UTC", "date": "2025-12-03T19:30:00+00:00", "timestamp": 1764790200}, "league": {"id": 39, "season": 2025, "name": "Premier League", "country": "England", "logo": "https://media.api-sports.io/football/leagues/39.png", "flag": "https://media.api-sports.io/flags/gb-eng.svg"}}, {"player": {"id": 19341, "name": "D. Bentley", "photo": "https://media.api-sports.io/football/players/19341.png", "type": "Missing Fixture", "reason": "Ankle Injury"}, "team": {"id": 39, "name": "Wolves", "logo": "https://media.api-sports.io/football/teams/39.png"}, "fixture": {"id": 1379118, "timezone": "UTC", "date": "2025-12-08T20:00:00+00:00", "timestamp": 1765224000}, "league": {"id": 39, "season": 2025, "name": "Premier League", "country": "England", "logo": "https://media.api-sports.io/football/leagues/39.png", "flag": "https://media.api-sports.io/flags/gb-eng.svg"}}, {"player": {"id": 380653, "name": "L. Chiwome", "photo": "https://media.api-sports.io/football/players/380653.png", "type": "Missing Fixture", "reason": "Knee Injury"}, "team": {"id": 39, "name": "Wolves", "logo": "https://media.api-sports.io/football/teams/39.png"}, "fixture": {"id": 1379118, "timezone": "UTC", "date": "2025-12-08T20:00:00+00:00", "timestamp": 1765224000}, "league": {"id": 39, "season": 2025, "name": "Premier League", "country": "England", "logo": "https://media.api-sports.io/football/leagues/39.png", "flag": "https://media.api-sports.io/flags/gb-eng.svg"}}, {"player": {"id": 282770, "name": "R. Gomes", "photo": "https://media.api-sports.io/football/players/282770.png", "type": "Missing Fixture", "reason": "Groin Injury"}, "team": {"id": 39, "name": "Wolves", "logo": "https://media.api-sports.io/football/teams/39.png"}, "fixture": {"id": 1379118, "timezone": "UTC", "date": "2025-12-08T20:00:00+00:00", "timestamp": 1765224000}, "league": {"id": 39, "season": 2025, "name": "Premier League", "country": "England", "logo": "https://media.api-sports.io/football/leagues/39.png", "flag": "https://media.api-sports.io/flags/gb-eng.svg"}}, {"player": {"id": 195103, "name": "Joao Gomes", "photo": "https://media.api-sports.io/football/players/195103.png", "type": "Missing Fixture", "reason": "Yellow Cards"}, "team": {"id": 39, "name": "Wolves", "logo": "https://media.api-sports.io/football/teams/39.png"}, "fixture": {"id": 1379118, "timezone": "UTC", "date": "2025-12-08T20:00:00+00:00", "timestamp": 1765224000}, "league": {"id": 39, "season": 2025, "name": "Premier League", "country": "England", "logo": "https://media.api-sports.io/football/leagues/39.png", "flag": "https://media.api-sports.io/flags/gb-eng.svg"}}, {"player": {"id": 3080, "name": "M. Munetsi", "photo": "https://media.api-sports.io/football/players/3080.png", "type": "Missing Fixture", "reason": "Calf Injury"}, "team": {"id": 39, "name": "Wolves", "logo": "https://media.api-sports.io/football/teams/39.png"}, "fixture": {"id": 1379118, "timezone": "UTC", "date": "2025-12-08T20:00:00+00:00", "timestamp": 1765224000}, "league": {"id": 39, "season": 2025, "name": "Premier League", "country": "England", "logo": "https://media.api-sports.io/football/leagues/39.png", "flag": "https://media.api-sports.io/flags/gb-eng.svg"}}, {"player": {"id": 20665, "name": "J. Bellegarde", "photo": "https://media.api-sports.io/football/players/20665.png", "type": "Missing Fixture", "reason": "Muscle Injury"}, "team": {"id": 39, "name": "Wolves", "logo": "https://media.api-sports.io/football/teams/39.png"}, "fixture": {"id": 1379119, "timezone": "UTC", "date": "2025-12-13T20:00:00+00:00", "timestamp": 1765656000}, "league": {"id": 39, "season": 2025, "name": "Premier League", "country": "England", "logo": "https://media.api-sports.io/football/leagues/39.png", "flag": "https://media.api-sports.io/flags/gb-eng.svg"}}, {"player": {"id": 19341, "name": "D. Bentley", "photo": "https://media.api-sports.io/football/players/19341.png", "type": "Missing Fixture", "reason": "Ankle Injury"}, "team": {"id": 39, "name": "Wolves", "logo": "https://media.api-sports.io/football/teams/39.png"}, "fixture": {"id": 1379119, "timezone": "UTC", "date": "2025-12-13T20:00:00+00:00", "timestamp": 1765656000}, "league": {"id": 39, "season": 2025, "name": "Premier League", "country": "England", "logo": "https://media.api-sports.io/football/leagues/39.png", "flag": "https://media.api-sports.io/flags/gb-eng.svg"}}, {"player": {"id": 380653, "name": "L. Chiwome", "photo": "https://media.api-sports.io/football/players/380653.png", "type": "Missing Fixture", "reason": "Knee Injury"}, "team": {"id": 39, "name": "Wolves", "logo": "https://media.api-sports.io/football/teams/39.png"}, "fixture": {"id": 1379119, "timezone": "UTC", "date": "2025-12-13T20:00:00+00:00", "timestamp": 1765656000}, "league": {"id": 39, "season": 2025, "name": "Premier League", "country": "England", "logo": "https://media.api-sports.io/football/leagues/39.png", "flag": "https://media.api-sports.io/flags/gb-eng.svg"}}, {"player": {"id": 282770, "name": "R. Gomes", "photo": "https://media.api-sports.io/football/players/282770.png", "type": "Missing Fixture", "reason": "Groin Injury"}, "team": {"id": 39, "name": "Wolves", "logo": "https://media.api-sports.io/football/teams/39.png"}, "fixture": {"id": 1379119, "timezone": "UTC", "date": "2025-12-13T20:00:00+00:00", "timestamp": 1765656000}, "league": {"id": 39, "season": 2025, "name": "Premier League", "country": "England", "logo": "https://media.api-sports.io/football/leagues/39.png", "flag": "https://media.api-sports.io/flags/gb-eng.svg"}}, {"player": {"id": 3080, "name": "M. Munetsi", "photo": "https://media.api-sports.io/football/players/3080.png", "type": "Missing Fixture", "reason": "Calf Injury"}, "team": {"id": 39, "name": "Wolves", "logo": "https://media.api-sports.io/football/teams/39.png"}, "fixture": {"id": 1379119, "timezone": "UTC", "date": "2025-12-13T20:00:00+00:00", "timestamp": 1765656000}, "league": {"id": 39, "season": 2025, "name": "Premier League", "country": "England", "logo": "https://media.api-sports.io/football/leagues/39.png", "flag": "https://media.api-sports.io/flags/gb-eng.svg"}}, {"player": {"id": 135068, "name": "E. Agbadou", "photo": "https://media.api-sports.io/football/players/135068.png", "type": "Missing Fixture", "reason": "International duty"}, "team": {"id": 39, "name": "Wolves", "logo": "https://media.api-sports.io/football/teams/39.png"}, "fixture": {"id": 1379138, "timezone": "UTC", "date": "2025-12-20T15:00:00+00:00", "timestamp": 1766242800}, "league": {"id": 39, "season": 2025, "name": "Premier League", "country": "England", "logo": "https://media.api-sports.io/football/leagues/39.png", "flag": "https://media.api-sports.io/flags/gb-eng.svg"}}, {"player": {"id": 20665, "name": "J. Bellegarde", "photo": "https://media.api-sports.io/football/players/20665.png", "type": "Missing Fixture", "reason": "Muscle Injury"}, "team": {"id": 39, "name": "Wolves", "logo": "https://media.api-sports.io/football/teams/39.png"}, "fixture": {"id": 1379138, "timezone": "UTC", "date": "2025-12-20T15:00:00+00:00", "timestamp": 1766242800}, "league": {"id": 39, "season": 2025, "name": "Premier League", "country": "England", "logo": "https://media.api-sports.io/football/leagues/39.png", "flag": "https://media.api-sports.io/flags/gb-eng.svg"}}, {"player": {"id": 19341, "name": "D. Bentley", "photo": "https://media.api-sports.io/football/players/19341.png", "type": "Missing Fixture", "reason": "Ankle Injury"}, "team": {"id": 39, "name": "Wolves", "logo": "https://media.api-sports.io/football/teams/39.png"}, "fixture": {"id": 1379138, "timezone": "UTC", "date": "2025-12-20T15:00:00+00:00", "timestamp": 1766242800}, "league": {"id": 39, "season": 2025, "name": "Premier League", "country": "England", "logo": "https://media.api-sports.io/football/leagues/39.png", "flag": "https://media.api-sports.io/flags/gb-eng.svg"}}, {"player": {"id": 171035, "name": "T. Chirewa", "photo": "https://media.api-sports.io/football/players/171035.png", "type": "Missing Fixture", "reason": "International duty"}, "team": {"id": 39, "name": "Wolves", "logo": "https://media.api-sports.io/football/teams/39.png"}, "fixture": {"id": 1379138, "timezone": "UTC", "date": "2025-12-20T15:00:00+00:00", "timestamp": 1766242800}, "league": {"id": 39, "season": 2025, "name": "Premier League", "country": "England", "logo": "https://media.api-sports.io/football/leagues/39.png", "flag": "https://media.api-sports.io/flags/gb-eng.svg"}}, {"player": {"id": 380653, "name": "L. Chiwome", "photo": "https://media.api-sports.io/football/players/380653.png", "type": "Missing Fixture", "reason": "Knee Injury"}, "team": {"id": 39, "name": "Wolves", "logo": "https://media.api-sports.io/football/teams/39.png"}, "fixture": {"id": 1379138, "timezone": "UTC", "date": "2025-12-20T15:00:00+00:00", "timestamp": 1766242800}, "league": {"id": 39, "season": 2025, "name": "Premier League", "country": "England", "logo": "https://media.api-sports.io/football/leagues/39.png", "flag": "https://media.api-sports.io/flags/gb-eng.svg"}}, {"player": {"id": 282770, "name": "R. Gomes", "photo": "https://media.api-sports.io/football/players/282770.png", "type": "Missing Fixture", "reason": "Groin Injury"}, "team": {"id": 39, "name": "Wolves", "logo": "https://media.api-sports.io/football/teams/39.png"}, "fixture": {"id": 1379138, "timezone": "UTC", "date": "2025-12-20T15:00:00+00:00", "timestamp": 1766242800}, "league": {"id": 39, "season": 2025, "name": "Premier League", "country": "England", "logo": "https://media.api-sports.io/football/leagues/39.png", "flag": "https://media.api-sports.io/flags/gb-eng.svg"}}, {"player": {"id": 195717, "name": "Y. Mosquera", "photo": "https://media.api-sports.io/football/players/195717.png", "type": "Missing Fixture", "reason": "Yellow Cards"}, "team": {"id": 39, "name": "Wolves", "logo": "https://media.api-sports.io/football/teams/39.png"}, "fixture": {"id": 1379138, "timezone": "UTC", "date": "2025-12-20T15:00:00+00:00", "timestamp": 1766242800}, "league": {"id": 39, "season": 2025, "name": "Premier League", "country": "England", "logo": "https://media.api-sports.io/football/leagues/39.png", "flag": "https://media.api-sports.io/flags/gb-eng.svg"}}, {"player": {"id": 3080, "name": "M. Munetsi", "photo": "https://media.api-sports.io/football/players/3080.png", "type": "Missing Fixture", "reason": "Calf Injury"}, "team": {"id": 39, "name": "Wolves", "logo": "https://media.api-sports.io/football/teams/39.png"}, "fixture": {"id": 1379138, "timezone": "UTC", "date": "2025-12-20T15:00:00+00:00", "timestamp": 1766242800}, "league": {"id": 39, "season": 2025, "name": "Premier League", "country": "England", "logo": "https://media.api-sports.io/football/leagues/39.png", "flag": "https://media.api-sports.io/flags/gb-eng.svg"}}, {"player": {"id": 280687, "name": "H. Bueno", "photo": "https://media.api-sports.io/football/players/280687.png", "type": "Questionable", "reason": "Muscle Injury"}, "team": {"id": 39, "name": "Wolves", "logo": "https://media.api-sports.io/football/teams/39.png"}, "fixture": {"id": 1379138, "timezone": "UTC", "date": "2025-12-20T15:00:00+00:00", "timestamp": 1766242800}, "league": {"id": 39, "season": 2025, "name": "Premier League", "country": "England", "logo": "https://media.api-sports.io/football/leagues/39.png", "flag": "https://media.api-sports.io/flags/gb-eng.svg"}}, {"player": {"id": 135068, "name": "E. Agbadou", "photo": "https://media.api-sports.io/football/players/135068.png", "type": "Missing Fixture", "reason": "International duty"}, "team": {"id": 39, "name": "Wolves", "logo": "https://media.api-sports.io/football/teams/39.png"}, "fixture": {"id": 1379144, "timezone": "UTC", "date": "2025-12-27T15:00:00+00:00", "timestamp": 1766847600}, "league": {"id": 39, "season": 2025, "name": "Premier League", "country": "England", "logo": "https://media.api-sports.io/football/leagues/39.png", "flag": "https://media.api-sports.io/flags/gb-eng.svg"}}, {"player": {"id": 20665, "name": "J. Bellegarde", "photo": "https://media.api-sports.io/football/players/20665.png", "type": "Missing Fixture", "reason": "Hamstring Injury"}, "team": {"id": 39, "name": "Wolves", "logo": "https://media.api-sports.io/football/teams/39.png"}, "fixture": {"id": 1379144, "timezone": "UTC", "date": "2025-12-27T15:00:00+00:00", "timestamp": 1766847600}, "league": {"id": 39, "season": 2025, "name": "Premier League", "country": "England", "logo": "https://media.api-sports.io/football/leagues/39.png", "flag": "https://media.api-sports.io/flags/gb-eng.svg"}}, {"player": {"id": 19341, "name": "D. Bentley", "photo": "https://media.api-sports.io/football/players/19341.png", "type": "Missing Fixture", "reason": "Ankle Injury"}, "team": {"id": 39, "name": "Wolves", "logo": "https://media.api-sports.io/football/teams/39.png"}, "fixture": {"id": 1379144, "timezone": "UTC", "date": "2025-12-27T15:00:00+00:00", "timestamp": 1766847600}, "league": {"id": 39, "season": 2025, "name": "Premier League", "country": "England", "logo": "https://media.api-sports.io/football/leagues/39.png", "flag": "https://media.api-sports.io/flags/gb-eng.svg"}}, {"player": {"id": 171035, "name": "T. Chirewa", "photo": "https://media.api-sports.io/football/players/171035.png", "type": "Missing Fixture", "reason": "International duty"}, "team": {"id": 39, "name": "Wolves", "logo": "https://media.api-sports.io/football/teams/39.png"}, "fixture": {"id": 1379144, "timezone": "UTC", "date": "2025-12-27T15:00:00+00:00", "timestamp": 1766847600}, "league": {"id": 39, "season": 2025, "name": "Premier League", "country": "England", "logo": "https://media.api-sports.io/football/leagues/39.png", "flag": "https://media.api-sports.io/flags/gb-eng.svg"}}, {"player": {"id": 380653, "name": "L. Chiwome", "photo": "https://media.api-sports.io/football/players/380653.png", "type": "Missing Fixture", "reason": "Knee Injury"}, "team": {"id": 39, "name": "Wolves", "logo": "https://media.api-sports.io/football/teams/39.png"}, "fixture": {"id": 1379144, "timezone": "UTC", "date": "2025-12-27T15:00:00+00:00", "timestamp": 1766847600}, "league": {"id": 39, "season": 2025, "name": "Premier League", "country": "England", "logo": "https://media.api-sports.io/football/leagues/39.png", "flag": "https://media.api-sports.io/flags/gb-eng.svg"}}, {"player": {"id": 282770, "name": "R. Gomes", "photo": "https://media.api-sports.io/football/players/282770.png", "type": "Missing Fixture", "reason": "Groin Injury"}, "team": {"id": 39, "name": "Wolves", "logo": "https://media.api-sports.io/football/teams/39.png"}, "fixture": {"id": 1379144, "timezone": "UTC", "date": "2025-12-27T15:00:00+00:00", "timestamp": 1766847600}, "league": {"id": 39, "season": 2025, "name": "Premier League", "country": "England", "logo": "https://media.api-sports.io/football/leagues/39.png", "flag": "https://media.api-sports.io/flags/gb-eng.svg"}}, {"player": {"id": 3080, "name": "M. Munetsi", "photo": "https://media.api-sports.io/football/players/3080.png", "type": "Missing Fixture", "reason": "Calf Injury"}, "team": {"id": 39, "name": "Wolves", "logo": "https://media.api-sports.io/football/teams/39.png"}, "fixture": {"id": 1379144, "timezone": "UTC", "date": "2025-12-27T15:00:00+00:00", "timestamp": 1766847600}, "league": {"id": 39, "season": 2025, "name": "Premier League", "country": "England", "logo": "https://media.api-sports.io/football/leagues/39.png", "flag": "https://media.api-sports.io/flags/gb-eng.svg"}}, {"player": {"id": 41606, "name": "Toti", "photo": "https://media.api-sports.io/football/players/41606.png", "type": "Missing Fixture", "reason": "Hamstring Injury"}, "team": {"id": 39, "name": "Wolves", "logo": "https://media.api-sports.io/football/teams/39.png"}, "fixture": {"id": 1379144, "timezone": "UTC", "date": "2025-12-27T15:00:00+00:00", "timestamp": 1766847600}, "league": {"id": 39, "season": 2025, "name": "Premier League", "country": "England", "logo": "https://media.api-sports.io/football/leagues/39.png", "flag": "https://media.api-sports.io/flags/gb-eng.svg"}}, {"player": {"id": 135068, "name": "E. Agbadou", "photo": "https://media.api-sports.io/football/players/135068.png", "type": "Missing Fixture", "reason": "International duty"}, "team": {"id": 39, "name": "Wolves", "logo": "https://media.api-sports.io/football/teams/39.png"}, "fixture": {"id": 1379155, "timezone": "UTC", "date": "2025-12-30T20:15:00+00:00", "timestamp": 1767125700}, "league": {"id": 39, "season": 2025, "name": "Premier League", "country": "England", "logo": "https://media.api-sports.io/football/leagues/39.png", "flag": "https://media.api-sports.io/flags/gb-eng.svg"}}, {"player": {"id": 265784, "name": "Andre", "photo": "https://media.api-sports.io/football/players/265784.png", "type": "Missing Fixture", "reason": "Yellow Cards"}, "team": {"id": 39, "name": "Wolves", "logo": "https://media.api-sports.io/football/teams/39.png"}, "fixture": {"id": 1379155, "timezone": "UTC", "date": "2025-12-30T20:15:00+00:00", "timestamp": 1767125700}, "league": {"id": 39, "season": 2025, "name": "Premier League", "country": "England", "logo": "https://media.api-sports.io/football/leagues/39.png", "flag": "https://media.api-sports.io/flags/gb-eng.svg"}}, {"player": {"id": 20665, "name": "J. Bellegarde", "photo": "https://media.api-sports.io/football/players/20665.png", "type": "Missing Fixture", "reason": "Hamstring Injury"}, "team": {"id": 39, "name": "Wolves", "logo": "https://media.api-sports.io/football/teams/39.png"}, "fixture": {"id": 1379155, "timezone": "UTC", "date": "2025-12-30T20:15:00+00:00", "timestamp": 1767125700}, "league": {"id": 39, "season": 2025, "name": "Premier League", "country": "England", "logo": "https://media.api-sports.io/football/leagues/39.png", "flag": "https://media.api-sports.io/flags/gb-eng.svg"}}, {"player": {"id": 19341, "name": "D. Bentley", "photo": "https://media.api-sports.io/football/players/19341.png", "type": "Missing Fixture", "reason": "Ankle Injury"}, "team": {"id": 39, "name": "Wolves", "logo": "https://media.api-sports.io/football/teams/39.png"}, "fixture": {"id": 1379155, "timezone": "UTC", "date": "2025-12-30T20:15:00+00:00", "timestamp": 1767125700}, "league": {"id": 39, "season": 2025, "name": "Premier League", "country": "England", "logo": "https://media.api-sports.io/football/leagues/39.png", "flag": "https://media.api-sports.io/flags/gb-eng.svg"}}, {"player": {"id": 171035, "name": "T. Chirewa", "photo": "https://media.api-sports.io/football/players/171035.png", "type": "Missing Fixture", "reason": "International duty"}, "team": {"id": 39, "name": "Wolves", "logo": "https://media.api-sports.io/football/teams/39.png"}, "fixture": {"id": 1379155, "timezone": "UTC", "date": "2025-12-30T20:15:00+00:00", "timestamp": 1767125700}, "league": {"id": 39, "season": 2025, "name": "Premier League", "country": "England", "logo": "https://media.api-sports.io/football/leagues/39.png", "flag": "https://media.api-sports.io/flags/gb-eng.svg"}}, {"player": {"id": 380653, "name": "L. Chiwome", "photo": "https://media.api-sports.io/football/players/380653.png", "type": "Missing Fixture", "reason": "Knee Injury"}, "team": {"id": 39, "name": "Wolves", "logo": "https://media.api-sports.io/football/teams/39.png"}, "fixture": {"id": 1379155, "timezone": "UTC", "date": "2025-12-30T20:15:00+00:00", "timestamp": 1767125700}, "league": {"id": 39, "season": 2025, "name": "Premier League", "country": "England", "logo": "https://media.api-sports.io/football/leagues/39.png", "flag": "https://media.api-sports.io/flags/gb-eng.svg"}}, {"player": {"id": 282770, "name": "R. Gomes", "photo": "https://media.api-sports.io/football/players/282770.png", "type": "Missing Fixture", "reason": "Groin Injury"}, "team": {"id": 39, "name": "Wolves", "logo": "https://media.api-sports.io/football/teams/39.png"}, "fixture": {"id": 1379155, "timezone": "UTC", "date": "2025-12-30T20:15:00+00:00", "timestamp": 1767125700}, "league": {"id": 39, "season": 2025, "name": "Premier League", "country": "England", "logo": "https://media.api-sports.io/football/leagues/39.png", "flag": "https://media.api-sports.io/flags/gb-eng.svg"}}, {"player": {"id": 3080, "name": "M. Munetsi", "photo": "https://media.api-sports.io/football/players/3080.png", "type": "Missing Fixture", "reason": "Calf Injury"}, "team": {"id": 39, "name": "Wolves", "logo": "https://media.api-sports.io/football/teams/39.png"}, "fixture": {"id": 1379155, "timezone": "UTC", "date": "2025-12-30T20:15:00+00:00", "timestamp": 1767125700}, "league": {"id": 39, "season": 2025, "name": "Premier League", "country": "England", "logo": "https://media.api-sports.io/football/leagues/39.png", "flag": "https://media.api-sports.io/flags/gb-eng.svg"}}, {"player": {"id": 41606, "name": "Toti", "photo": "https://media.api-sports.io/football/players/41606.png", "type": "Missing Fixture", "reason": "Hamstring Injury"}, "team": {"id": 39, "name": "Wolves", "logo": "https://media.api-sports.io/football/teams/39.png"}, "fixture": {"id": 1379155, "timezone": "UTC", "date": "2025-12-30T20:15:00+00:00", "timestamp": 1767125700}, "league": {"id": 39, "season": 2025, "name": "Premier League", "country": "England", "logo": "https://media.api-sports.io/football/leagues/39.png", "flag": "https://media.api-sports.io/flags/gb-eng.svg"}}, {"player": {"id": 135068, "name": "E. Agbadou", "photo": "https://media.api-sports.io/football/players/135068.png", "type": "Missing Fixture", "reason": "International duty"}, "team": {"id": 39, "name": "Wolves", "logo": "https://media.api-sports.io/football/teams/39.png"}, "fixture": {"id": 1379168, "timezone": "UTC", "date": "2026-01-03T15:00:00+00:00", "timestamp": 1767452400}, "league": {"id": 39, "season": 2025, "name": "Premier League", "country": "England", "logo": "https://media.api-sports.io/football/leagues/39.png", "flag": "https://media.api-sports.io/flags/gb-eng.svg"}}, {"player": {"id": 20665, "name": "J. Bellegarde", "photo": "https://media.api-sports.io/football/players/20665.png", "type": "Missing Fixture", "reason": "Hamstring Injury"}, "team": {"id": 39, "name": "Wolves", "logo": "https://media.api-sports.io/football/teams/39.png"}, "fixture": {"id": 1379168, "timezone": "UTC", "date": "2026-01-03T15:00:00+00:00", "timestamp": 1767452400}, "league": {"id": 39, "season": 2025, "name": "Premier League", "country": "England", "logo": "https://media.api-sports.io/football/leagues/39.png", "flag": "https://media.api-sports.io/flags/gb-eng.svg"}}, {"player": {"id": 19341, "name": "D. Bentley", "photo": "https://media.api-sports.io/football/players/19341.png", "type": "Missing Fixture", "reason": "Ankle Injury"}, "team": {"id": 39, "name": "Wolves", "logo": "https://media.api-sports.io/football/teams/39.png"}, "fixture": {"id": 1379168, "timezone": "UTC", "date": "2026-01-03T15:00:00+00:00", "timestamp": 1767452400}, "league": {"id": 39, "season": 2025, "name": "Premier League", "country": "England", "logo": "https://media.api-sports.io/football/leagues/39.png", "flag": "https://media.api-sports.io/flags/gb-eng.svg"}}, {"player": {"id": 380653, "name": "L. Chiwome", "photo": "https://media.api-sports.io/football/players/380653.png", "type": "Missing Fixture", "reason": "Knee Injury"}, "team": {"id": 39, "name": "Wolves", "logo": "https://media.api-sports.io/football/teams/39.png"}, "fixture": {"id": 1379168, "timezone": "UTC", "date": "2026-01-03T15:00:00+00:00", "timestamp": 1767452400}, "league": {"id": 39, "season": 2025, "name": "Premier League", "country": "England", "logo": "https://media.api-sports.io/football/leagues/39.png", "flag": "https://media.api-sports.io/flags/gb-eng.svg"}}, {"player": {"id": 282770, "name": "R. Gomes", "photo": "https://media.api-sports.io/football/players/282770.png", "type": "Missing Fixture", "reason": "Groin Injury"}, "team": {"id": 39, "name": "Wolves", "logo": "https://media.api-sports.io/football/teams/39.png"}, "fixture": {"id": 1379168, "timezone": "UTC", "date": "2026-01-03T15:00:00+00:00", "timestamp": 1767452400}, "league": {"id": 39, "season": 2025, "name": "Premier League", "country": "England", "logo": "https://media.api-sports.io/football/leagues/39.png", "flag": "https://media.api-sports.io/flags/gb-eng.svg"}}, {"player": {"id": 3080, "name": "M. Munetsi", "photo": "https://media.api-sports.io/football/players/3080.png", "type": "Missing Fixture", "reason": "Calf Injury"}, "team": {"id": 39, "name": "Wolves", "logo": "https://media.api-sports.io/football/teams/39.png"}, "fixture": {"id": 1379168, "timezone": "UTC", "date": "2026-01-03T15:00:00+00:00", "timestamp": 1767452400}, "league": {"id": 39, "season": 2025, "name": "Premier League", "country": "England", "logo": "https://media.api-sports.io/football/leagues/39.png", "flag": "https://media.api-sports.io/flags/gb-eng.svg"}}, {"player": {"id": 41606, "name": "Toti", "photo": "https://media.api-sports.io/football/players/41606.png", "type": "Missing Fixture", "reason": "Hamstring Injury"}, "team": {"id": 39, "name": "Wolves", "logo": "https://media.api-sports.io/football/teams/39.png"}, "fixture": {"id": 1379168, "timezone": "UTC", "date": "2026-01-03T15:00:00+00:00", "timestamp": 1767452400}, "league": {"id": 39, "season": 2025, "name": "Premier League", "country": "England", "logo": "https://media.api-sports.io/football/leagues/39.png", "flag": "https://media.api-sports.io/flags/gb-eng.svg"}}, {"player": {"id": 20665, "name": "J. Bellegarde", "photo": "https://media.api-sports.io/football/players/20665.png", "type": "Missing Fixture", "reason": "Hamstring Injury"}, "team": {"id": 39, "name": "Wolves", "logo": "https://media.api-sports.io/football/teams/39.png"}, "fixture": {"id": 1379188, "timezone": "UTC", "date": "2026-01-18T14:00:00+00:00", "timestamp": 1768744800}, "league": {"id": 39, "season": 2025, "name": "Premier League", "country": "England", "logo": "https://media.api-sports.io/football/leagues/39.png", "flag": "https://media.api-sports.io/flags/gb-eng.svg"}}, {"player": {"id": 380653, "name": "L. Chiwome", "photo": "https://media.api-sports.io/football/players/380653.png", "type": "Missing Fixture", "reason": "Lacking Match Fitness"}, "team": {"id": 39, "name": "Wolves", "logo": "https://media.api-sports.io/football/teams/39.png"}, "fixture": {"id": 1379188, "timezone": "UTC", "date": "2026-01-18T14:00:00+00:00", "timestamp": 1768744800}, "league": {"id": 39, "season": 2025, "name": "Premier League", "country": "England", "logo": "https://media.api-sports.io/football/leagues/39.png", "flag": "https://media.api-sports.io/flags/gb-eng.svg"}}, {"player": {"id": 41606, "name": "Toti", "photo": "https://media.api-sports.io/football/players/41606.png", "type": "Missing Fixture", "reason": "Hamstring Injury"}, "team": {"id": 39, "name": "Wolves", "logo": "https://media.api-sports.io/football/teams/39.png"}, "fixture": {"id": 1379188, "timezone": "UTC", "date": "2026-01-18T14:00:00+00:00", "timestamp": 1768744800}, "league": {"id": 39, "season": 2025, "name": "Premier League", "country": "England", "logo": "https://media.api-sports.io/football/leagues/39.png", "flag": "https://media.api-sports.io/flags/gb-eng.svg"}}, {"player": {"id": 171035, "name": "T. Chirewa", "photo": "https://media.api-sports.io/football/players/171035.png", "type": "Questionable", "reason": "Illness"}, "team": {"id": 39, "name": "Wolves", "logo": "https://media.api-sports.io/football/teams/39.png"}, "fixture": {"id": 1379188, "timezone": "UTC", "date": "2026-01-18T14:00:00+00:00", "timestamp": 1768744800}, "league": {"id": 39, "season": 2025, "name": "Premier League", "country": "England", "logo": "https://media.api-sports.io/football/leagues/39.png", "flag": "https://media.api-sports.io/flags/gb-eng.svg"}}, {"player": {"id": 20665, "name": "J. Bellegarde", "photo": "https://media.api-sports.io/football/players/20665.png", "type": "Missing Fixture", "reason": "Hamstring Injury"}, "team": {"id": 39, "name": "Wolves", "logo": "https://media.api-sports.io/football/teams/39.png"}, "fixture": {"id": 1379196, "timezone": "UTC", "date": "2026-01-24T15:00:00+00:00", "timestamp": 1769266800}, "league": {"id": 39, "season": 2025, "name": "Premier League", "country": "England", "logo": "https://media.api-sports.io/football/leagues/39.png", "flag": "https://media.api-sports.io/flags/gb-eng.svg"}}, {"player": {"id": 41606, "name": "Toti", "photo": "https://media.api-sports.io/football/players/41606.png", "type": "Missing Fixture", "reason": "Hamstring Injury"}, "team": {"id": 39, "name": "Wolves", "logo": "https://media.api-sports.io/football/teams/39.png"}, "fixture": {"id": 1379196, "timezone": "UTC", "date": "2026-01-24T15:00:00+00:00", "timestamp": 1769266800}, "league": {"id": 39, "season": 2025, "name": "Premier League", "country": "England", "logo": "https://media.api-sports.io/football/leagues/39.png", "flag": "https://media.api-sports.io/flags/gb-eng.svg"}}, {"player": {"id": 380653, "name": "L. Chiwome", "photo": "https://media.api-sports.io/football/players/380653.png", "type": "Missing Fixture", "reason": "Lacking Match Fitness"}, "team": {"id": 39, "name": "Wolves", "logo": "https://media.api-sports.io/football/teams/39.png"}, "fixture": {"id": 1379208, "timezone": "UTC", "date": "2026-01-31T15:00:00+00:00", "timestamp": 1769871600}, "league": {"id": 39, "season": 2025, "name": "Premier League", "country": "England", "logo": "https://media.api-sports.io/football/leagues/39.png", "flag": "https://media.api-sports.io/flags/gb-eng.svg"}}, {"player": {"id": 41606, "name": "Toti", "photo": "https://media.api-sports.io/football/players/41606.png", "type": "Missing Fixture", "reason": "Hamstring Injury"}, "team": {"id": 39, "name": "Wolves", "logo": "https://media.api-sports.io/football/teams/39.png"}, "fixture": {"id": 1379208, "timezone": "UTC", "date": "2026-01-31T15:00:00+00:00", "timestamp": 1769871600}, "league": {"id": 39, "season": 2025, "name": "Premier League", "country": "England", "logo": "https://media.api-sports.io/football/leagues/39.png", "flag": "https://media.api-sports.io/flags/gb-eng.svg"}}, {"player": {"id": 66407, "name": "L. Krejci", "photo": "https://media.api-sports.io/football/players/66407.png", "type": "Questionable", "reason": "Illness"}, "team": {"id": 39, "name": "Wolves", "logo": "https://media.api-sports.io/football/teams/39.png"}, "fixture": {"id": 1379208, "timezone": "UTC", "date": "2026-01-31T15:00:00+00:00", "timestamp": 1769871600}, "league": {"id": 39, "season": 2025, "name": "Premier League", "country": "England", "logo": "https://media.api-sports.io/football/leagues/39.png", "flag": "https://media.api-sports.io/flags/gb-eng.svg"}}, {"player": {"id": 41606, "name": "Toti", "photo": "https://media.api-sports.io/football/players/41606.png", "type": "Missing Fixture", "reason": "Hamstring Injury"}, "team": {"id": 39, "name": "Wolves", "logo": "https://media.api-sports.io/football/teams/39.png"}, "fixture": {"id": 1379218, "timezone": "UTC", "date": "2026-02-07T15:00:00+00:00", "timestamp": 1770476400}, "league": {"id": 39, "season": 2025, "name": "Premier League", "country": "England", "logo": "https://media.api-sports.io/football/leagues/39.png", "flag": "https://media.api-sports.io/flags/gb-eng.svg"}}, {"player": {"id": 41606, "name": "Toti", "photo": "https://media.api-sports.io/football/players/41606.png", "type": "Missing Fixture", "reason": "Hamstring Injury"}, "team": {"id": 39, "name": "Wolves", "logo": "https://media.api-sports.io/football/teams/39.png"}, "fixture": {"id": 1379225, "timezone": "UTC", "date": "2026-02-11T19:30:00+00:00", "timestamp": 1770838200}, "league": {"id": 39, "season": 2025, "name": "Premier League", "country": "England", "logo": "https://media.api-sports.io/football/leagues/39.png", "flag": "https://media.api-sports.io/flags/gb-eng.svg"}}, {"player": {"id": 265784, "name": "Andre", "photo": "https://media.api-sports.io/football/players/265784.png", "type": "Questionable", "reason": "Calf Injury"}, "team": {"id": 39, "name": "Wolves", "logo": "https://media.api-sports.io/football/teams/39.png"}, "fixture": {"id": 1379225, "timezone": "UTC", "date": "2026-02-11T19:30:00+00:00", "timestamp": 1770838200}, "league": {"id": 39, "season": 2025, "name": "Premier League", "country": "England", "logo": "https://media.api-sports.io/football/leagues/39.png", "flag": "https://media.api-sports.io/flags/gb-eng.svg"}}, {"player": {"id": 24888, "name": "Hwang Hee-Chan", "photo": "https://media.api-sports.io/football/players/24888.png", "type": "Questionable", "reason": "Injury"}, "team": {"id": 39, "name": "Wolves", "logo": "https://media.api-sports.io/football/teams/39.png"}, "fixture": {"id": 1379225, "timezone": "UTC", "date": "2026-02-11T19:30:00+00:00", "timestamp": 1770838200}, "league": {"id": 39, "season": 2025, "name": "Premier League", "country": "England", "logo": "https://media.api-sports.io/football/leagues/39.png", "flag": "https://media.api-sports.io/flags/gb-eng.svg"}}]}