{"get": "standings", "parameters": {"league": "2", "season": "2025"}, "errors": [], "results": 1, "paging": {"current": 1, "total": 1}, "response": [{"league": {"id": 2, "name": "UEFA Champions League", "country": "World", "logo": "https://media.api-sports.io/football/leagues/2.png", "flag": null, "season": 2025, "standings": [[{"rank": 1, "team": {"id": 42, "name": "Arsenal", "logo": "https://media.api-sports.io/football/teams/42.png"}, "points": 24, "goalsDiff": 19, "group": "UEFA Champions League", "form": "WWWWW", "status": "same", "description": "Promotion - Champions League (Play Offs: 1/8-finals)", "all": {"played": 8, "win": 8, "draw": 0, "lose": 0, "goals": {"for": 23, "against": 4}}, "home": {"played": 4, "win": 4, "draw": 0, "lose": 0, "goals": {"for": 12, "against": 3}}, "away": {"played": 4, "win": 4, "draw": 0, "lose": 0, "goals": {"for": 11, "against": 1}}, "update": "2026-02-16T00:00:00+00:00"}, {"rank": 2, "team": {"id": 157, "name": "Bayern M\u00fcnchen", "logo": "https://media.api-sports.io/football/teams/157.png"}, "points": 21, "goalsDiff": 14, "group": "UEFA Champions League", "form": "WWWLW", "status": "same", "description": "Promotion - Champions League (Play Offs: 1/8-finals)", "all": {"played": 8, "win": 7, "draw": 0, "lose": 1, "goals": {"for": 22, "against": 8}}, "home": {"played": 4, "win": 4, "draw": 0, "lose": 0, "goals": {"for": 12, "against": 2}}, "away": {"played": 4, "win": 3, "draw": 0, "lose": 1, "goals": {"for": 10, "against": 6}}, "update": "2026-02-16T00:00:00+00:00"}, {"rank": 3, "team": {"id": 40, "name": "Liverpool", "logo": "https://media.api-sports.io/football/teams/40.png"}, "points": 18, "goalsDiff": 12, "group": "UEFA Champions League", "form": "WWWLW", "status": "same", "description": "Promotion - Champions League (Play Offs: 1/8-finals)", "all": {"played": 8, "win": 6, "draw": 0, "lose": 2, "goals": {"for": 20, "against": 8}}, "home": {"played": 4, "win": 3, "draw": 0, "lose": 1, "goals": {"for": 11, "against": 6}}, "away": {"played": 4, "win": 3, "draw": 0, "lose": 1, "goals": {"for": 9, "against": 2}}, "update": "2026-02-16T00:00:00+00:00"}, {"rank": 4, "team": {"id": 47, "name": "Tottenham", "logo": "https://media.api-sports.io/football/teams/47.png"}, "points": 17, "goalsDiff": 10, "group": "UEFA Champions League", "form": "WWWLW", "status": "same", "description": "Promotion - Champions League (Play Offs: 1/8-finals)", "all": {"played": 8, "win": 5, "draw": 2, "lose": 1, "goals": {"for": 17, "against": 7}}, "home": {"played": 4, "win": 4, "draw": 0, "lose": 0, "goals": {"for": 10, "against": 0}}, "away": {"played": 4, "win": 1, "draw": 2, "lose": 1, "goals": {"for": 7, "against": 7}}, "update": "2026-02-16T00:00:00+00:00"}, {"rank": 5, "team": {"id": 529, "name": "Barcelona", "logo": "https://media.api-sports.io/football/teams/529.png"}, "points": 16, "goalsDiff": 8, "group": "UEFA Champions League", "form": "WWWLD", "status": "same", "description": "Promotion - Champions League (Play Offs: 1/8-finals)", "all": {"played": 8, "win": 5, "draw": 1, "lose": 2, "goals": {"for": 22, "against": 14}}, "home": {"played": 4, "win": 3, "draw": 0, "lose": 1, "goals": {"for": 13, "against": 5}}, "away": {"played": 4, "win": 2, "draw": 1, "lose": 1, "goals": {"for": 9, "against": 9}}, "update": "2026-02-16T00:00:00+00:00"}, {"rank": 6, "team": {"id": 49, "name": "Chelsea", "logo": "https://media.api-sports.io/football/teams/49.png"}, "points": 16, "goalsDiff": 7, "group": "UEFA Champions League", "form": "WWLWD", "status": "same", "description": "Promotion - Champions League (Play Offs: 1/8-finals)", "all": {"played": 8, "win": 5, "draw": 1, "lose": 2, "goals": {"for": 17, "against": 10}}, "home": {"played": 4, "win": 4, "draw": 0, "lose": 0, "goals": {"for": 10, "against": 1}}, "away": {"played": 4, "win": 1, "draw": 1, "lose": 2, "goals": {"for": 7, "against": 9}}, "update": "2026-02-16T00:00:00+00:00"}, {"rank": 7, "team": {"id": 228, "name": "Sporting CP", "logo": "https://media.api-sports.io/football/teams/228.png"}, "points": 16, "goalsDiff": 6, "group": "UEFA Champions League", "form": "WWLWD", "status": "same", "description": "Promotion - Champions League (Play Offs: 1/8-finals)", "all": {"played": 8, "win": 5, "draw": 1, "lose": 2, "goals": {"for": 17, "against": 11}}, "home": {"played": 4, "win": 4, "draw": 0, "lose": 0, "goals": {"for": 11, "against": 3}}, "away": {"played": 4, "win": 1, "draw": 1, "lose": 2, "goals": {"for": 6, "against": 8}}, "update": "2026-02-16T00:00:00+00:00"}, {"rank": 8, "team": {"id": 50, "name": "Manchester City", "logo": "https://media.api-sports.io/football/teams/50.png"}, "points": 16, "goalsDiff": 6, "group": "UEFA Champions League", "form": "WLWLW", "status": "same", "description": "Promotion - Champions League (Play Offs: 1/8-finals)", "all": {"played": 8, "win": 5, "draw": 1, "lose": 2, "goals": {"for": 15, "against": 9}}, "home": {"played": 4, "win": 3, "draw": 0, "lose": 1, "goals": {"for": 8, "against": 3}}, "away": {"played": 4, "win": 2, "draw": 1, "lose": 1, "goals": {"for": 7, "against": 6}}, "update": "2026-02-16T00:00:00+00:00"}, {"rank": 9, "team": {"id": 541, "name": "Real Madrid", "logo": "https://media.api-sports.io/football/teams/541.png"}, "points": 15, "goalsDiff": 9, "group": "UEFA Champions League", "form": "LWLWL", "status": "same", "description": "Promotion - Champions League (Play Offs: 1/16-finals)", "all": {"played": 8, "win": 5, "draw": 0, "lose": 3, "goals": {"for": 21, "against": 12}}, "home": {"played": 4, "win": 3, "draw": 0, "lose": 1, "goals": {"for": 10, "against": 4}}, "away": {"played": 4, "win": 2, "draw": 0, "lose": 2, "goals": {"for": 11, "against": 8}}, "update": "2026-02-16T00:00:00+00:00"}, {"rank": 10, "team": {"id": 505, "name": "Inter", "logo": "https://media.api-sports.io/football/teams/505.png"}, "points": 15, "goalsDiff": 8, "group": "UEFA Champions League", "form": "WLLLW", "status": "same", "description": "Promotion - Champions League (Play Offs: 1/16-finals)", "all": {"played": 8, "win": 5, "draw": 0, "lose": 3, "goals": {"for": 15, "against": 7}}, "home": {"played": 4, "win": 2, "draw": 0, "lose": 2, "goals": {"for": 6, "against": 5}}, "away": {"played": 4, "win": 3, "draw": 0, "lose": 1, "goals": {"for": 9, "against": 2}}, "update": "2026-02-16T00:00:00+00:00"}, {"rank": 11, "team": {"id": 85, "name": "Paris Saint Germain", "logo": "https://media.api-sports.io/football/teams/85.png"}, "points": 14, "goalsDiff": 10, "group": "UEFA Champions League", "form": "DLDWL", "status": "same", "description": "Promotion - Champions League (Play Offs: 1/16-finals)", "all": {"played": 8, "win": 4, "draw": 2, "lose": 2, "goals": {"for": 21, "against": 11}}, "home": {"played": 4, "win": 2, "draw": 1, "lose": 1, "goals": {"for": 11, "against": 6}}, "away": {"played": 4, "win": 2, "draw": 1, "lose": 1, "goals": {"for": 10, "against": 5}}, "update": "2026-02-16T00:00:00+00:00"}, {"rank": 12, "team": {"id": 34, "name": "Newcastle", "logo": "https://media.api-sports.io/football/teams/34.png"}, "points": 14, "goalsDiff": 10, "group": "UEFA Champions League", "form": "DWDLW", "status": "same", "description": "Promotion - Champions League (Play Offs: 1/16-finals)", "all": {"played": 8, "win": 4, "draw": 2, "lose": 2, "goals": {"for": 17, "against": 7}}, "home": {"played": 4, "win": 3, "draw": 0, "lose": 1, "goals": {"for": 9, "against": 2}}, "away": {"played": 4, "win": 1, "draw": 2, "lose": 1, "goals": {"for": 8, "against": 5}}, "update": "2026-02-16T00:00:00+00:00"}, {"rank": 13, "team": {"id": 496, "name": "Juventus", "logo": "https://media.api-sports.io/football/teams/496.png"}, "points": 13, "goalsDiff": 4, "group": "UEFA Champions League", "form": "DWWWD", "status": "same", "description": "Promotion - Champions League (Play Offs: 1/16-finals)", "all": {"played": 8, "win": 3, "draw": 4, "lose": 1, "goals": {"for": 14, "against": 10}}, "home": {"played": 4, "win": 2, "draw": 2, "lose": 0, "goals": {"for": 9, "against": 5}}, "away": {"played": 4, "win": 1, "draw": 2, "lose": 1, "goals": {"for": 5, "against": 5}}, "update": "2026-02-16T00:00:00+00:00"}, {"rank": 14, "team": {"id": 530, "name": "Atletico Madrid", "logo": "https://media.api-sports.io/football/teams/530.png"}, "points": 13, "goalsDiff": 2, "group": "UEFA Champions League", "form": "LDWWW", "status": "same", "description": "Promotion - Champions League (Play Offs: 1/16-finals)", "all": {"played": 8, "win": 4, "draw": 1, "lose": 3, "goals": {"for": 17, "against": 15}}, "home": {"played": 4, "win": 3, "draw": 0, "lose": 1, "goals": {"for": 11, "against": 5}}, "away": {"played": 4, "win": 1, "draw": 1, "lose": 2, "goals": {"for": 6, "against": 10}}, "update": "2026-02-16T00:00:00+00:00"}, {"rank": 15, "team": {"id": 499, "name": "Atalanta", "logo": "https://media.api-sports.io/football/teams/499.png"}, "points": 13, "goalsDiff": 0, "group": "UEFA Champions League", "form": "LLWWW", "status": "same", "description": "Promotion - Champions League (Play Offs: 1/16-finals)", "all": {"played": 8, "win": 4, "draw": 1, "lose": 3, "goals": {"for": 10, "against": 10}}, "home": {"played": 4, "win": 2, "draw": 1, "lose": 1, "goals": {"for": 6, "against": 5}}, "away": {"played": 4, "win": 2, "draw": 0, "lose": 2, "goals": {"for": 4, "against": 5}}, "update": "2026-02-16T00:00:00+00:00"}, {"rank": 16, "team": {"id": 168, "name": "Bayer Leverkusen", "logo": "https://media.api-sports.io/football/teams/168.png"}, "points": 12, "goalsDiff": -1, "group": "UEFA Champions League", "form": "WLDWW", "status": "same", "description": "Promotion - Champions League (Play Offs: 1/16-finals)", "all": {"played": 8, "win": 3, "draw": 3, "lose": 2, "goals": {"for": 13, "against": 14}}, "home": {"played": 4, "win": 1, "draw": 2, "lose": 1, "goals": {"for": 8, "against": 10}}, "away": {"played": 4, "win": 2, "draw": 1, "lose": 1, "goals": {"for": 5, "against": 4}}, "update": "2026-02-16T00:00:00+00:00"}, {"rank": 17, "team": {"id": 165, "name": "Borussia Dortmund", "logo": "https://media.api-sports.io/football/teams/165.png"}, "points": 11, "goalsDiff": 2, "group": "UEFA Champions League", "form": "LLDWL", "status": "same", "description": "Promotion - Champions League (Play Offs: 1/16-finals)", "all": {"played": 8, "win": 3, "draw": 2, "lose": 3, "goals": {"for": 19, "against": 17}}, "home": {"played": 4, "win": 2, "draw": 1, "lose": 1, "goals": {"for": 10, "against": 5}}, "away": {"played": 4, "win": 1, "draw": 1, "lose": 2, "goals": {"for": 9, "against": 12}}, "update": "2026-02-16T00:00:00+00:00"}, {"rank": 18, "team": {"id": 553, "name": "Olympiakos Piraeus", "logo": "https://media.api-sports.io/football/teams/553.png"}, "points": 11, "goalsDiff": -4, "group": "UEFA Champions League", "form": "WWWLD", "status": "same", "description": "Promotion - Champions League (Play Offs: 1/16-finals)", "all": {"played": 8, "win": 3, "draw": 2, "lose": 3, "goals": {"for": 10, "against": 14}}, "home": {"played": 4, "win": 1, "draw": 2, "lose": 1, "goals": {"for": 6, "against": 5}}, "away": {"played": 4, "win": 2, "draw": 0, "lose": 2, "goals": {"for": 4, "against": 9}}, "update": "2026-02-16T00:00:00+00:00"}, {"rank": 19, "team": {"id": 569, "name": "Club Brugge KV", "logo": "https://media.api-sports.io/football/teams/569.png"}, "points": 10, "goalsDiff": -2, "group": "UEFA Champions League", "form": "WWLLD", "status": "same", "description": "Promotion - Champions League (Play Offs: 1/16-finals)", "all": {"played": 8, "win": 3, "draw": 1, "lose": 4, "goals": {"for": 15, "against": 17}}, "home": {"played": 4, "win": 2, "draw": 1, "lose": 1, "goals": {"for": 10, "against": 7}}, "away": {"played": 4, "win": 1, "draw": 0, "lose": 3, "goals": {"for": 5, "against": 10}}, "update": "2026-02-16T00:00:00+00:00"}, {"rank": 20, "team": {"id": 645, "name": "Galatasaray", "logo": "https://media.api-sports.io/football/teams/645.png"}, "points": 10, "goalsDiff": -2, "group": "UEFA Champions League", "form": "LDLLW", "status": "same", "description": "Promotion - Champions League (Play Offs: 1/16-finals)", "all": {"played": 8, "win": 3, "draw": 1, "lose": 4, "goals": {"for": 9, "against": 11}}, "home": {"played": 4, "win": 2, "draw": 1, "lose": 1, "goals": {"for": 5, "against": 3}}, "away": {"played": 4, "win": 1, "draw": 0, "lose": 3, "goals": {"for": 4, "against": 8}}, "update": "2026-02-16T00:00:00+00:00"}, {"rank": 21, "team": {"id": 91, "name": "Monaco", "logo": "https://media.api-sports.io/football/teams/91.png"}, "points": 10, "goalsDiff": -6, "group": "UEFA Champions League", "form": "DLWDW", "status": "same", "description": "Promotion - Champions League (Play Offs: 1/16-finals)", "all": {"played": 8, "win": 2, "draw": 4, "lose": 2, "goals": {"for": 8, "against": 14}}, "home": {"played": 4, "win": 1, "draw": 3, "lose": 0, "goals": {"for": 3, "against": 2}}, "away": {"played": 4, "win": 1, "draw": 1, "lose": 2, "goals": {"for": 5, "against": 12}}, "update": "2026-02-16T00:00:00+00:00"}, {"rank": 22, "team": {"id": 556, "name": "Qarabag", "logo": "https://media.api-sports.io/football/teams/556.png"}, "points": 10, "goalsDiff": -8, "group": "UEFA Champions League", "form": "LWLLD", "status": "same", "description": "Promotion - Champions League (Play Offs: 1/16-finals)", "all": {"played": 8, "win": 3, "draw": 1, "lose": 4, "goals": {"for": 13, "against": 21}}, "home": {"played": 4, "win": 2, "draw": 1, "lose": 1, "goals": {"for": 9, "against": 8}}, "away": {"played": 4, "win": 1, "draw": 0, "lose": 3, "goals": {"for": 4, "against": 13}}, "update": "2026-02-16T00:00:00+00:00"}, {"rank": 23, "team": {"id": 327, "name": "Bodo/Glimt", "logo": "https://media.api-sports.io/football/teams/327.png"}, "points": 9, "goalsDiff": -1, "group": "UEFA Champions League", "form": "WWDLL", "status": "same", "description": "Promotion - Champions League (Play Offs: 1/16-finals)", "all": {"played": 8, "win": 2, "draw": 3, "lose": 3, "goals": {"for": 14, "against": 15}}, "home": {"played": 4, "win": 1, "draw": 1, "lose": 2, "goals": {"for": 7, "against": 7}}, "away": {"played": 4, "win": 1, "draw": 2, "lose": 1, "goals": {"for": 7, "against": 8}}, "update": "2026-02-16T00:00:00+00:00"}, {"rank": 24, "team": {"id": 211, "name": "Benfica", "logo": "https://media.api-sports.io/football/teams/211.png"}, "points": 9, "goalsDiff": -2, "group": "UEFA Champions League", "form": "WLWWL", "status": "same", "description": "Promotion - Champions League (Play Offs: 1/16-finals)", "all": {"played": 8, "win": 3, "draw": 0, "lose": 5, "goals": {"for": 10, "against": 12}}, "home": {"played": 4, "win": 2, "draw": 0, "lose": 2, "goals": {"for": 8, "against": 6}}, "away": {"played": 4, "win": 1, "draw": 0, "lose": 3, "goals": {"for": 2, "against": 6}}, "update": "2026-02-16T00:00:00+00:00"}, {"rank": 25, "team": {"id": 81, "name": "Marseille", "logo": "https://media.api-sports.io/football/teams/81.png"}, "points": 9, "goalsDiff": -3, "group": "UEFA Champions League", "form": "LLWWL", "status": "same", "description": null, "all": {"played": 8, "win": 3, "draw": 0, "lose": 5, "goals": {"for": 11, "against": 14}}, "home": {"played": 4, "win": 2, "draw": 0, "lose": 2, "goals": {"for": 6, "against": 5}}, "away": {"played": 4, "win": 1, "draw": 0, "lose": 3, "goals": {"for": 5, "against": 9}}, "update": "2026-02-16T00:00:00+00:00"}, {"rank": 26, "team": {"id": 3403, "name": "Pafos", "logo": "https://media.api-sports.io/football/teams/3403.png"}, "points": 9, "goalsDiff": -3, "group": "UEFA Champions League", "form": "WLLDW", "status": "same", "description": null, "all": {"played": 8, "win": 2, "draw": 3, "lose": 3, "goals": {"for": 8, "against": 11}}, "home": {"played": 4, "win": 2, "draw": 1, "lose": 1, "goals": {"for": 8, "against": 8}}, "away": {"played": 4, "win": 0, "draw": 2, "lose": 2, "goals": {"for": 0, "against": 3}}, "update": "2026-02-16T00:00:00+00:00"}, {"rank": 27, "team": {"id": 1393, "name": "Union St. Gilloise", "logo": "https://media.api-sports.io/football/teams/1393.png"}, "points": 9, "goalsDiff": -9, "group": "UEFA Champions League", "form": "WLLWL", "status": "same", "description": null, "all": {"played": 8, "win": 3, "draw": 0, "lose": 5, "goals": {"for": 8, "against": 17}}, "home": {"played": 4, "win": 1, "draw": 0, "lose": 3, "goals": {"for": 3, "against": 11}}, "away": {"played": 4, "win": 2, "draw": 0, "lose": 2, "goals": {"for": 5, "against": 6}}, "update": "2026-02-16T00:00:00+00:00"}, {"rank": 28, "team": {"id": 197, "name": "PSV Eindhoven", "logo": "https://media.api-sports.io/football/teams/197.png"}, "points": 8, "goalsDiff": 0, "group": "UEFA Champions League", "form": "LLLWD", "status": "same", "description": null, "all": {"played": 8, "win": 2, "draw": 2, "lose": 4, "goals": {"for": 16, "against": 16}}, "home": {"played": 4, "win": 1, "draw": 0, "lose": 3, "goals": {"for": 10, "against": 10}}, "away": {"played": 4, "win": 1, "draw": 2, "lose": 1, "goals": {"for": 6, "against": 6}}, "update": "2026-02-16T00:00:00+00:00"}, {"rank": 29, "team": {"id": 531, "name": "Athletic Club", "logo": "https://media.api-sports.io/football/teams/531.png"}, "points": 8, "goalsDiff": -5, "group": "UEFA Champions League", "form": "LWDDL", "status": "same", "description": null, "all": {"played": 8, "win": 2, "draw": 2, "lose": 4, "goals": {"for": 9, "against": 14}}, "home": {"played": 4, "win": 1, "draw": 1, "lose": 2, "goals": {"for": 5, "against": 6}}, "away": {"played": 4, "win": 1, "draw": 1, "lose": 2, "goals": {"for": 4, "against": 8}}, "update": "2026-02-16T00:00:00+00:00"}, {"rank": 30, "team": {"id": 492, "name": "Napoli", "logo": "https://media.api-sports.io/football/teams/492.png"}, "points": 8, "goalsDiff": -6, "group": "UEFA Champions League", "form": "LDLWD", "status": "same", "description": null, "all": {"played": 8, "win": 2, "draw": 2, "lose": 4, "goals": {"for": 9, "against": 15}}, "home": {"played": 4, "win": 2, "draw": 1, "lose": 1, "goals": {"for": 6, "against": 4}}, "away": {"played": 4, "win": 0, "draw": 1, "lose": 3, "goals": {"for": 3, "against": 11}}, "update": "2026-02-16T00:00:00+00:00"}, {"rank": 31, "team": {"id": 400, "name": "FC Copenhagen", "logo": "https://media.api-sports.io/football/teams/400.png"}, "points": 8, "goalsDiff": -9, "group": "UEFA Champions League", "form": "LDWWL", "status": "same", "description": null, "all": {"played": 8, "win": 2, "draw": 2, "lose": 4, "goals": {"for": 12, "against": 21}}, "home": {"played": 4, "win": 1, "draw": 2, "lose": 1, "goals": {"for": 8, "against": 9}}, "away": {"played": 4, "win": 1, "draw": 0, "lose": 3, "goals": {"for": 4, "against": 12}}, "update": "2026-02-16T00:00:00+00:00"}, {"rank": 32, "team": {"id": 194, "name": "Ajax", "logo": "https://media.api-sports.io/football/teams/194.png"}, "points": 6, "goalsDiff": -13, "group": "UEFA Champions League", "form": "LWWLL", "status": "same", "description": null, "all": {"played": 8, "win": 2, "draw": 0, "lose": 6, "goals": {"for": 8, "against": 21}}, "home": {"played": 4, "win": 0, "draw": 0, "lose": 4, "goals": {"for": 1, "against": 9}}, "away": {"played": 4, "win": 2, "draw": 0, "lose": 2, "goals": {"for": 7, "against": 12}}, "update": "2026-02-16T00:00:00+00:00"}, {"rank": 33, "team": {"id": 169, "name": "Eintracht Frankfurt", "logo": "https://media.api-sports.io/football/teams/169.png"}, "points": 4, "goalsDiff": -11, "group": "UEFA Champions League", "form": "LLLLD", "status": "same", "description": null, "all": {"played": 8, "win": 1, "draw": 1, "lose": 6, "goals": {"for": 10, "against": 21}}, "home": {"played": 4, "win": 1, "draw": 0, "lose": 3, "goals": {"for": 6, "against": 11}}, "away": {"played": 4, "win": 0, "draw": 1, "lose": 3, "goals": {"for": 4, "against": 10}}, "update": "2026-02-16T00:00:00+00:00"}, {"rank": 34, "team": {"id": 560, "name": "Slavia Praha", "logo": "https://media.api-sports.io/football/teams/560.png"}, "points": 3, "goalsDiff": -14, "group": "UEFA Champions League", "form": "LLLDL", "status": "same", "description": null, "all": {"played": 8, "win": 0, "draw": 3, "lose": 5, "goals": {"for": 5, "against": 19}}, "home": {"played": 4, "win": 0, "draw": 2, "lose": 2, "goals": {"for": 4, "against": 9}}, "away": {"played": 4, "win": 0, "draw": 1, "lose": 3, "goals": {"for": 1, "against": 10}}, "update": "2026-02-16T00:00:00+00:00"}, {"rank": 35, "team": {"id": 533, "name": "Villarreal", "logo": "https://media.api-sports.io/football/teams/533.png"}, "points": 1, "goalsDiff": -13, "group": "UEFA Champions League", "form": "LLLLL", "status": "same", "description": null, "all": {"played": 8, "win": 0, "draw": 1, "lose": 7, "goals": {"for": 5, "against": 18}}, "home": {"played": 4, "win": 0, "draw": 1, "lose": 3, "goals": {"for": 5, "against": 9}}, "away": {"played": 4, "win": 0, "draw": 0, "lose": 4, "goals": {"for": 0, "against": 9}}, "update": "2026-02-16T00:00:00+00:00"}, {"rank": 36, "team": {"id": 664, "name": "Kairat Almaty", "logo": "https://media.api-sports.io/football/teams/664.png"}, "points": 1, "goalsDiff": -15, "group": "UEFA Champions League", "form": "LLLLL", "status": "same", "description": null, "all": {"played": 8, "win": 0, "draw": 1, "lose": 7, "goals": {"for": 7, "against": 22}}, "home": {"played": 4, "win": 0, "draw": 1, "lose": 3, "goals": {"for": 1, "against": 10}}, "away": {"played": 4, "win": 0, "draw": 0, "lose": 4, "goals": {"for": 6, "against": 12}}, "update": "2026-02-16T00:00:00+00:00"}]]}}]}