{"get": "injuries", "parameters": {"league": "135", "season": "2025", "team": "490"}, "errors": [], "results": 94, "paging": {"current": 1, "total": 1}, "response": [{"player": {"id": 30573, "name": "Leonardo Pavoletti", "photo": "https://media.api-sports.io/football/players/30573.png", "type": "Missing Fixture", "reason": "Knee injury"}, "team": {"id": 490, "name": "Cagliari", "logo": "https://media.api-sports.io/football/teams/490.png"}, "fixture": {"id": 1377865, "timezone": "UTC", "date": "2025-08-24T16:30:00+00:00", "timestamp": 1756053000}, "league": {"id": 135, "season": 2025, "name": "Serie A", "country": "Italy", "logo": "https://media.api-sports.io/football/leagues/135.png", "flag": "https://media.api-sports.io/flags/it.svg"}}, {"player": {"id": 140831, "name": "Z. Luvumbo", "photo": "https://media.api-sports.io/football/players/140831.png", "type": "Missing Fixture", "reason": "Thigh Injury"}, "team": {"id": 490, "name": "Cagliari", "logo": "https://media.api-sports.io/football/teams/490.png"}, "fixture": {"id": 1377899, "timezone": "UTC", "date": "2025-09-19T18:45:00+00:00", "timestamp": 1758307500}, "league": {"id": 135, "season": 2025, "name": "Serie A", "country": "Italy", "logo": "https://media.api-sports.io/football/leagues/135.png", "flag": "https://media.api-sports.io/flags/it.svg"}}, {"player": {"id": 31601, "name": "B. Radunovic", "photo": "https://media.api-sports.io/football/players/31601.png", "type": "Missing Fixture", "reason": "Inactive"}, "team": {"id": 490, "name": "Cagliari", "logo": "https://media.api-sports.io/football/teams/490.png"}, "fixture": {"id": 1377899, "timezone": "UTC", "date": "2025-09-19T18:45:00+00:00", "timestamp": 1758307500}, "league": {"id": 135, "season": 2025, "name": "Serie A", "country": "Italy", "logo": "https://media.api-sports.io/football/leagues/135.png", "flag": "https://media.api-sports.io/flags/it.svg"}}, {"player": {"id": 140831, "name": "Z. Luvumbo", "photo": "https://media.api-sports.io/football/players/140831.png", "type": "Missing Fixture", "reason": "Thigh Injury"}, "team": {"id": 490, "name": "Cagliari", "logo": "https://media.api-sports.io/football/teams/490.png"}, "fixture": {"id": 1377904, "timezone": "UTC", "date": "2025-09-27T18:45:00+00:00", "timestamp": 1758998700}, "league": {"id": 135, "season": 2025, "name": "Serie A", "country": "Italy", "logo": "https://media.api-sports.io/football/leagues/135.png", "flag": "https://media.api-sports.io/flags/it.svg"}}, {"player": {"id": 200, "name": "G. Zappa", "photo": "https://media.api-sports.io/football/players/200.png", "type": "Missing Fixture", "reason": "Injury"}, "team": {"id": 490, "name": "Cagliari", "logo": "https://media.api-sports.io/football/teams/490.png"}, "fixture": {"id": 1377904, "timezone": "UTC", "date": "2025-09-27T18:45:00+00:00", "timestamp": 1758998700}, "league": {"id": 135, "season": 2025, "name": "Serie A", "country": "Italy", "logo": "https://media.api-sports.io/football/leagues/135.png", "flag": "https://media.api-sports.io/flags/it.svg"}}, {"player": {"id": 30509, "name": "A. Belotti", "photo": "https://media.api-sports.io/football/players/30509.png", "type": "Missing Fixture", "reason": "Injury"}, "team": {"id": 490, "name": "Cagliari", "logo": "https://media.api-sports.io/football/teams/490.png"}, "fixture": {"id": 1377922, "timezone": "UTC", "date": "2025-10-05T10:30:00+00:00", "timestamp": 1759660200}, "league": {"id": 135, "season": 2025, "name": "Serie A", "country": "Italy", "logo": "https://media.api-sports.io/football/leagues/135.png", "flag": "https://media.api-sports.io/flags/it.svg"}}, {"player": {"id": 325, "name": "G. Gaetano", "photo": "https://media.api-sports.io/football/players/325.png", "type": "Missing Fixture", "reason": "Thigh Injury"}, "team": {"id": 490, "name": "Cagliari", "logo": "https://media.api-sports.io/football/teams/490.png"}, "fixture": {"id": 1377922, "timezone": "UTC", "date": "2025-10-05T10:30:00+00:00", "timestamp": 1759660200}, "league": {"id": 135, "season": 2025, "name": "Serie A", "country": "Italy", "logo": "https://media.api-sports.io/football/leagues/135.png", "flag": "https://media.api-sports.io/flags/it.svg"}}, {"player": {"id": 415155, "name": "J. Rodriguez", "photo": "https://media.api-sports.io/football/players/415155.png", "type": "Missing Fixture", "reason": "Thigh Injury"}, "team": {"id": 490, "name": "Cagliari", "logo": "https://media.api-sports.io/football/teams/490.png"}, "fixture": {"id": 1377922, "timezone": "UTC", "date": "2025-10-05T10:30:00+00:00", "timestamp": 1759660200}, "league": {"id": 135, "season": 2025, "name": "Serie A", "country": "Italy", "logo": "https://media.api-sports.io/football/leagues/135.png", "flag": "https://media.api-sports.io/flags/it.svg"}}, {"player": {"id": 2055, "name": "M. Rog", "photo": "https://media.api-sports.io/football/players/2055.png", "type": "Missing Fixture", "reason": "Thigh Injury"}, "team": {"id": 490, "name": "Cagliari", "logo": "https://media.api-sports.io/football/teams/490.png"}, "fixture": {"id": 1377922, "timezone": "UTC", "date": "2025-10-05T10:30:00+00:00", "timestamp": 1759660200}, "league": {"id": 135, "season": 2025, "name": "Serie A", "country": "Italy", "logo": "https://media.api-sports.io/football/leagues/135.png", "flag": "https://media.api-sports.io/flags/it.svg"}}, {"player": {"id": 200, "name": "G. Zappa", "photo": "https://media.api-sports.io/football/players/200.png", "type": "Missing Fixture", "reason": "Injury"}, "team": {"id": 490, "name": "Cagliari", "logo": "https://media.api-sports.io/football/teams/490.png"}, "fixture": {"id": 1377922, "timezone": "UTC", "date": "2025-10-05T10:30:00+00:00", "timestamp": 1759660200}, "league": {"id": 135, "season": 2025, "name": "Serie A", "country": "Italy", "logo": "https://media.api-sports.io/football/leagues/135.png", "flag": "https://media.api-sports.io/flags/it.svg"}}, {"player": {"id": 30509, "name": "A. Belotti", "photo": "https://media.api-sports.io/football/players/30509.png", "type": "Missing Fixture", "reason": "Knee Injury"}, "team": {"id": 490, "name": "Cagliari", "logo": "https://media.api-sports.io/football/teams/490.png"}, "fixture": {"id": 1377925, "timezone": "UTC", "date": "2025-10-19T13:00:00+00:00", "timestamp": 1760878800}, "league": {"id": 135, "season": 2025, "name": "Serie A", "country": "Italy", "logo": "https://media.api-sports.io/football/leagues/135.png", "flag": "https://media.api-sports.io/flags/it.svg"}}, {"player": {"id": 56287, "name": "A. Di Pardo", "photo": "https://media.api-sports.io/football/players/56287.png", "type": "Missing Fixture", "reason": "Calf Injury"}, "team": {"id": 490, "name": "Cagliari", "logo": "https://media.api-sports.io/football/teams/490.png"}, "fixture": {"id": 1377925, "timezone": "UTC", "date": "2025-10-19T13:00:00+00:00", "timestamp": 1760878800}, "league": {"id": 135, "season": 2025, "name": "Serie A", "country": "Italy", "logo": "https://media.api-sports.io/football/leagues/135.png", "flag": "https://media.api-sports.io/flags/it.svg"}}, {"player": {"id": 384422, "name": "N. Pintus", "photo": "https://media.api-sports.io/football/players/384422.png", "type": "Missing Fixture", "reason": "Inactive"}, "team": {"id": 490, "name": "Cagliari", "logo": "https://media.api-sports.io/football/teams/490.png"}, "fixture": {"id": 1377925, "timezone": "UTC", "date": "2025-10-19T13:00:00+00:00", "timestamp": 1760878800}, "league": {"id": 135, "season": 2025, "name": "Serie A", "country": "Italy", "logo": "https://media.api-sports.io/football/leagues/135.png", "flag": "https://media.api-sports.io/flags/it.svg"}}, {"player": {"id": 31601, "name": "B. Radunovic", "photo": "https://media.api-sports.io/football/players/31601.png", "type": "Missing Fixture", "reason": "Inactive"}, "team": {"id": 490, "name": "Cagliari", "logo": "https://media.api-sports.io/football/teams/490.png"}, "fixture": {"id": 1377925, "timezone": "UTC", "date": "2025-10-19T13:00:00+00:00", "timestamp": 1760878800}, "league": {"id": 135, "season": 2025, "name": "Serie A", "country": "Italy", "logo": "https://media.api-sports.io/football/leagues/135.png", "flag": "https://media.api-sports.io/flags/it.svg"}}, {"player": {"id": 30509, "name": "A. Belotti", "photo": "https://media.api-sports.io/football/players/30509.png", "type": "Missing Fixture", "reason": "Knee Injury"}, "team": {"id": 490, "name": "Cagliari", "logo": "https://media.api-sports.io/football/teams/490.png"}, "fixture": {"id": 1377943, "timezone": "UTC", "date": "2025-10-26T14:00:00+00:00", "timestamp": 1761487200}, "league": {"id": 135, "season": 2025, "name": "Serie A", "country": "Italy", "logo": "https://media.api-sports.io/football/leagues/135.png", "flag": "https://media.api-sports.io/flags/it.svg"}}, {"player": {"id": 30561, "name": "A. Deiola", "photo": "https://media.api-sports.io/football/players/30561.png", "type": "Missing Fixture", "reason": "Injury"}, "team": {"id": 490, "name": "Cagliari", "logo": "https://media.api-sports.io/football/teams/490.png"}, "fixture": {"id": 1377943, "timezone": "UTC", "date": "2025-10-26T14:00:00+00:00", "timestamp": 1761487200}, "league": {"id": 135, "season": 2025, "name": "Serie A", "country": "Italy", "logo": "https://media.api-sports.io/football/leagues/135.png", "flag": "https://media.api-sports.io/flags/it.svg"}}, {"player": {"id": 56287, "name": "A. Di Pardo", "photo": "https://media.api-sports.io/football/players/56287.png", "type": "Missing Fixture", "reason": "Calf Injury"}, "team": {"id": 490, "name": "Cagliari", "logo": "https://media.api-sports.io/football/teams/490.png"}, "fixture": {"id": 1377943, "timezone": "UTC", "date": "2025-10-26T14:00:00+00:00", "timestamp": 1761487200}, "league": {"id": 135, "season": 2025, "name": "Serie A", "country": "Italy", "logo": "https://media.api-sports.io/football/leagues/135.png", "flag": "https://media.api-sports.io/flags/it.svg"}}, {"player": {"id": 2484, "name": "Y. Mina", "photo": "https://media.api-sports.io/football/players/2484.png", "type": "Missing Fixture", "reason": "Thigh Injury"}, "team": {"id": 490, "name": "Cagliari", "logo": "https://media.api-sports.io/football/teams/490.png"}, "fixture": {"id": 1377943, "timezone": "UTC", "date": "2025-10-26T14:00:00+00:00", "timestamp": 1761487200}, "league": {"id": 135, "season": 2025, "name": "Serie A", "country": "Italy", "logo": "https://media.api-sports.io/football/leagues/135.png", "flag": "https://media.api-sports.io/flags/it.svg"}}, {"player": {"id": 384422, "name": "N. Pintus", "photo": "https://media.api-sports.io/football/players/384422.png", "type": "Missing Fixture", "reason": "Inactive"}, "team": {"id": 490, "name": "Cagliari", "logo": "https://media.api-sports.io/football/teams/490.png"}, "fixture": {"id": 1377943, "timezone": "UTC", "date": "2025-10-26T14:00:00+00:00", "timestamp": 1761487200}, "league": {"id": 135, "season": 2025, "name": "Serie A", "country": "Italy", "logo": "https://media.api-sports.io/football/leagues/135.png", "flag": "https://media.api-sports.io/flags/it.svg"}}, {"player": {"id": 31601, "name": "B. Radunovic", "photo": "https://media.api-sports.io/football/players/31601.png", "type": "Missing Fixture", "reason": "Inactive"}, "team": {"id": 490, "name": "Cagliari", "logo": "https://media.api-sports.io/football/teams/490.png"}, "fixture": {"id": 1377943, "timezone": "UTC", "date": "2025-10-26T14:00:00+00:00", "timestamp": 1761487200}, "league": {"id": 135, "season": 2025, "name": "Serie A", "country": "Italy", "logo": "https://media.api-sports.io/football/leagues/135.png", "flag": "https://media.api-sports.io/flags/it.svg"}}, {"player": {"id": 30509, "name": "A. Belotti", "photo": "https://media.api-sports.io/football/players/30509.png", "type": "Missing Fixture", "reason": "Knee Injury"}, "team": {"id": 490, "name": "Cagliari", "logo": "https://media.api-sports.io/football/teams/490.png"}, "fixture": {"id": 1377946, "timezone": "UTC", "date": "2025-10-30T17:30:00+00:00", "timestamp": 1761845400}, "league": {"id": 135, "season": 2025, "name": "Serie A", "country": "Italy", "logo": "https://media.api-sports.io/football/leagues/135.png", "flag": "https://media.api-sports.io/flags/it.svg"}}, {"player": {"id": 30561, "name": "A. Deiola", "photo": "https://media.api-sports.io/football/players/30561.png", "type": "Missing Fixture", "reason": "Thigh Injury"}, "team": {"id": 490, "name": "Cagliari", "logo": "https://media.api-sports.io/football/teams/490.png"}, "fixture": {"id": 1377946, "timezone": "UTC", "date": "2025-10-30T17:30:00+00:00", "timestamp": 1761845400}, "league": {"id": 135, "season": 2025, "name": "Serie A", "country": "Italy", "logo": "https://media.api-sports.io/football/leagues/135.png", "flag": "https://media.api-sports.io/flags/it.svg"}}, {"player": {"id": 384422, "name": "N. Pintus", "photo": "https://media.api-sports.io/football/players/384422.png", "type": "Missing Fixture", "reason": "Thigh Injury"}, "team": {"id": 490, "name": "Cagliari", "logo": "https://media.api-sports.io/football/teams/490.png"}, "fixture": {"id": 1377946, "timezone": "UTC", "date": "2025-10-30T17:30:00+00:00", "timestamp": 1761845400}, "league": {"id": 135, "season": 2025, "name": "Serie A", "country": "Italy", "logo": "https://media.api-sports.io/football/leagues/135.png", "flag": "https://media.api-sports.io/flags/it.svg"}}, {"player": {"id": 2055, "name": "M. Rog", "photo": "https://media.api-sports.io/football/players/2055.png", "type": "Missing Fixture", "reason": "Calf Injury"}, "team": {"id": 490, "name": "Cagliari", "logo": "https://media.api-sports.io/football/teams/490.png"}, "fixture": {"id": 1377946, "timezone": "UTC", "date": "2025-10-30T17:30:00+00:00", "timestamp": 1761845400}, "league": {"id": 135, "season": 2025, "name": "Serie A", "country": "Italy", "logo": "https://media.api-sports.io/football/leagues/135.png", "flag": "https://media.api-sports.io/flags/it.svg"}}, {"player": {"id": 30509, "name": "A. Belotti", "photo": "https://media.api-sports.io/football/players/30509.png", "type": "Missing Fixture", "reason": "Knee Injury"}, "team": {"id": 490, "name": "Cagliari", "logo": "https://media.api-sports.io/football/teams/490.png"}, "fixture": {"id": 1377956, "timezone": "UTC", "date": "2025-11-03T19:45:00+00:00", "timestamp": 1762199100}, "league": {"id": 135, "season": 2025, "name": "Serie A", "country": "Italy", "logo": "https://media.api-sports.io/football/leagues/135.png", "flag": "https://media.api-sports.io/flags/it.svg"}}, {"player": {"id": 135863, "name": "G. Ciocci", "photo": "https://media.api-sports.io/football/players/135863.png", "type": "Missing Fixture", "reason": "Ankle Injury"}, "team": {"id": 490, "name": "Cagliari", "logo": "https://media.api-sports.io/football/teams/490.png"}, "fixture": {"id": 1377956, "timezone": "UTC", "date": "2025-11-03T19:45:00+00:00", "timestamp": 1762199100}, "league": {"id": 135, "season": 2025, "name": "Serie A", "country": "Italy", "logo": "https://media.api-sports.io/football/leagues/135.png", "flag": "https://media.api-sports.io/flags/it.svg"}}, {"player": {"id": 30561, "name": "A. Deiola", "photo": "https://media.api-sports.io/football/players/30561.png", "type": "Missing Fixture", "reason": "Thigh Injury"}, "team": {"id": 490, "name": "Cagliari", "logo": "https://media.api-sports.io/football/teams/490.png"}, "fixture": {"id": 1377956, "timezone": "UTC", "date": "2025-11-03T19:45:00+00:00", "timestamp": 1762199100}, "league": {"id": 135, "season": 2025, "name": "Serie A", "country": "Italy", "logo": "https://media.api-sports.io/football/leagues/135.png", "flag": "https://media.api-sports.io/flags/it.svg"}}, {"player": {"id": 551413, "name": "J. Liteta", "photo": "https://media.api-sports.io/football/players/551413.png", "type": "Missing Fixture", "reason": "Thigh Injury"}, "team": {"id": 490, "name": "Cagliari", "logo": "https://media.api-sports.io/football/teams/490.png"}, "fixture": {"id": 1377956, "timezone": "UTC", "date": "2025-11-03T19:45:00+00:00", "timestamp": 1762199100}, "league": {"id": 135, "season": 2025, "name": "Serie A", "country": "Italy", "logo": "https://media.api-sports.io/football/leagues/135.png", "flag": "https://media.api-sports.io/flags/it.svg"}}, {"player": {"id": 321744, "name": "A. Obert", "photo": "https://media.api-sports.io/football/players/321744.png", "type": "Missing Fixture", "reason": "Yellow Cards"}, "team": {"id": 490, "name": "Cagliari", "logo": "https://media.api-sports.io/football/teams/490.png"}, "fixture": {"id": 1377956, "timezone": "UTC", "date": "2025-11-03T19:45:00+00:00", "timestamp": 1762199100}, "league": {"id": 135, "season": 2025, "name": "Serie A", "country": "Italy", "logo": "https://media.api-sports.io/football/leagues/135.png", "flag": "https://media.api-sports.io/flags/it.svg"}}, {"player": {"id": 384422, "name": "N. Pintus", "photo": "https://media.api-sports.io/football/players/384422.png", "type": "Missing Fixture", "reason": "Thigh Injury"}, "team": {"id": 490, "name": "Cagliari", "logo": "https://media.api-sports.io/football/teams/490.png"}, "fixture": {"id": 1377956, "timezone": "UTC", "date": "2025-11-03T19:45:00+00:00", "timestamp": 1762199100}, "league": {"id": 135, "season": 2025, "name": "Serie A", "country": "Italy", "logo": "https://media.api-sports.io/football/leagues/135.png", "flag": "https://media.api-sports.io/flags/it.svg"}}, {"player": {"id": 2055, "name": "M. Rog", "photo": "https://media.api-sports.io/football/players/2055.png", "type": "Missing Fixture", "reason": "Calf Injury"}, "team": {"id": 490, "name": "Cagliari", "logo": "https://media.api-sports.io/football/teams/490.png"}, "fixture": {"id": 1377956, "timezone": "UTC", "date": "2025-11-03T19:45:00+00:00", "timestamp": 1762199100}, "league": {"id": 135, "season": 2025, "name": "Serie A", "country": "Italy", "logo": "https://media.api-sports.io/football/leagues/135.png", "flag": "https://media.api-sports.io/flags/it.svg"}}, {"player": {"id": 30509, "name": "A. Belotti", "photo": "https://media.api-sports.io/football/players/30509.png", "type": "Missing Fixture", "reason": "Knee Injury"}, "team": {"id": 490, "name": "Cagliari", "logo": "https://media.api-sports.io/football/teams/490.png"}, "fixture": {"id": 1377966, "timezone": "UTC", "date": "2025-11-08T14:00:00+00:00", "timestamp": 1762610400}, "league": {"id": 135, "season": 2025, "name": "Serie A", "country": "Italy", "logo": "https://media.api-sports.io/football/leagues/135.png", "flag": "https://media.api-sports.io/flags/it.svg"}}, {"player": {"id": 135863, "name": "G. Ciocci", "photo": "https://media.api-sports.io/football/players/135863.png", "type": "Missing Fixture", "reason": "Ankle Injury"}, "team": {"id": 490, "name": "Cagliari", "logo": "https://media.api-sports.io/football/teams/490.png"}, "fixture": {"id": 1377966, "timezone": "UTC", "date": "2025-11-08T14:00:00+00:00", "timestamp": 1762610400}, "league": {"id": 135, "season": 2025, "name": "Serie A", "country": "Italy", "logo": "https://media.api-sports.io/football/leagues/135.png", "flag": "https://media.api-sports.io/flags/it.svg"}}, {"player": {"id": 30561, "name": "A. Deiola", "photo": "https://media.api-sports.io/football/players/30561.png", "type": "Missing Fixture", "reason": "Thigh Injury"}, "team": {"id": 490, "name": "Cagliari", "logo": "https://media.api-sports.io/football/teams/490.png"}, "fixture": {"id": 1377966, "timezone": "UTC", "date": "2025-11-08T14:00:00+00:00", "timestamp": 1762610400}, "league": {"id": 135, "season": 2025, "name": "Serie A", "country": "Italy", "logo": "https://media.api-sports.io/football/leagues/135.png", "flag": "https://media.api-sports.io/flags/it.svg"}}, {"player": {"id": 551413, "name": "J. Liteta", "photo": "https://media.api-sports.io/football/players/551413.png", "type": "Missing Fixture", "reason": "Thigh Injury"}, "team": {"id": 490, "name": "Cagliari", "logo": "https://media.api-sports.io/football/teams/490.png"}, "fixture": {"id": 1377966, "timezone": "UTC", "date": "2025-11-08T14:00:00+00:00", "timestamp": 1762610400}, "league": {"id": 135, "season": 2025, "name": "Serie A", "country": "Italy", "logo": "https://media.api-sports.io/football/leagues/135.png", "flag": "https://media.api-sports.io/flags/it.svg"}}, {"player": {"id": 2055, "name": "M. Rog", "photo": "https://media.api-sports.io/football/players/2055.png", "type": "Missing Fixture", "reason": "Calf Injury"}, "team": {"id": 490, "name": "Cagliari", "logo": "https://media.api-sports.io/football/teams/490.png"}, "fixture": {"id": 1377966, "timezone": "UTC", "date": "2025-11-08T14:00:00+00:00", "timestamp": 1762610400}, "league": {"id": 135, "season": 2025, "name": "Serie A", "country": "Italy", "logo": "https://media.api-sports.io/football/leagues/135.png", "flag": "https://media.api-sports.io/flags/it.svg"}}, {"player": {"id": 30509, "name": "A. Belotti", "photo": "https://media.api-sports.io/football/players/30509.png", "type": "Missing Fixture", "reason": "Knee Injury"}, "team": {"id": 490, "name": "Cagliari", "logo": "https://media.api-sports.io/football/teams/490.png"}, "fixture": {"id": 1377974, "timezone": "UTC", "date": "2025-11-22T14:00:00+00:00", "timestamp": 1763820000}, "league": {"id": 135, "season": 2025, "name": "Serie A", "country": "Italy", "logo": "https://media.api-sports.io/football/leagues/135.png", "flag": "https://media.api-sports.io/flags/it.svg"}}, {"player": {"id": 30780, "name": "L. Mazzitelli", "photo": "https://media.api-sports.io/football/players/30780.png", "type": "Missing Fixture", "reason": "Muscle Injury"}, "team": {"id": 490, "name": "Cagliari", "logo": "https://media.api-sports.io/football/teams/490.png"}, "fixture": {"id": 1377974, "timezone": "UTC", "date": "2025-11-22T14:00:00+00:00", "timestamp": 1763820000}, "league": {"id": 135, "season": 2025, "name": "Serie A", "country": "Italy", "logo": "https://media.api-sports.io/football/leagues/135.png", "flag": "https://media.api-sports.io/flags/it.svg"}}, {"player": {"id": 41964, "name": "J. Pedro", "photo": "https://media.api-sports.io/football/players/41964.png", "type": "Missing Fixture", "reason": "Knee Injury"}, "team": {"id": 490, "name": "Cagliari", "logo": "https://media.api-sports.io/football/teams/490.png"}, "fixture": {"id": 1377974, "timezone": "UTC", "date": "2025-11-22T14:00:00+00:00", "timestamp": 1763820000}, "league": {"id": 135, "season": 2025, "name": "Serie A", "country": "Italy", "logo": "https://media.api-sports.io/football/leagues/135.png", "flag": "https://media.api-sports.io/flags/it.svg"}}, {"player": {"id": 30509, "name": "A. Belotti", "photo": "https://media.api-sports.io/football/players/30509.png", "type": "Missing Fixture", "reason": "Knee Injury"}, "team": {"id": 490, "name": "Cagliari", "logo": "https://media.api-sports.io/football/teams/490.png"}, "fixture": {"id": 1377988, "timezone": "UTC", "date": "2025-11-29T17:00:00+00:00", "timestamp": 1764435600}, "league": {"id": 135, "season": 2025, "name": "Serie A", "country": "Italy", "logo": "https://media.api-sports.io/football/leagues/135.png", "flag": "https://media.api-sports.io/flags/it.svg"}}, {"player": {"id": 30780, "name": "L. Mazzitelli", "photo": "https://media.api-sports.io/football/players/30780.png", "type": "Missing Fixture", "reason": "Muscle Injury"}, "team": {"id": 490, "name": "Cagliari", "logo": "https://media.api-sports.io/football/teams/490.png"}, "fixture": {"id": 1377988, "timezone": "UTC", "date": "2025-11-29T17:00:00+00:00", "timestamp": 1764435600}, "league": {"id": 135, "season": 2025, "name": "Serie A", "country": "Italy", "logo": "https://media.api-sports.io/football/leagues/135.png", "flag": "https://media.api-sports.io/flags/it.svg"}}, {"player": {"id": 2484, "name": "Y. Mina", "photo": "https://media.api-sports.io/football/players/2484.png", "type": "Missing Fixture", "reason": "Contusion"}, "team": {"id": 490, "name": "Cagliari", "logo": "https://media.api-sports.io/football/teams/490.png"}, "fixture": {"id": 1377988, "timezone": "UTC", "date": "2025-11-29T17:00:00+00:00", "timestamp": 1764435600}, "league": {"id": 135, "season": 2025, "name": "Serie A", "country": "Italy", "logo": "https://media.api-sports.io/football/leagues/135.png", "flag": "https://media.api-sports.io/flags/it.svg"}}, {"player": {"id": 41964, "name": "J. Pedro", "photo": "https://media.api-sports.io/football/players/41964.png", "type": "Missing Fixture", "reason": "Knee Injury"}, "team": {"id": 490, "name": "Cagliari", "logo": "https://media.api-sports.io/football/teams/490.png"}, "fixture": {"id": 1377988, "timezone": "UTC", "date": "2025-11-29T17:00:00+00:00", "timestamp": 1764435600}, "league": {"id": 135, "season": 2025, "name": "Serie A", "country": "Italy", "logo": "https://media.api-sports.io/football/leagues/135.png", "flag": "https://media.api-sports.io/flags/it.svg"}}, {"player": {"id": 30509, "name": "A. Belotti", "photo": "https://media.api-sports.io/football/players/30509.png", "type": "Missing Fixture", "reason": "Knee Injury"}, "team": {"id": 490, "name": "Cagliari", "logo": "https://media.api-sports.io/football/teams/490.png"}, "fixture": {"id": 1377994, "timezone": "UTC", "date": "2025-12-07T14:00:00+00:00", "timestamp": 1765116000}, "league": {"id": 135, "season": 2025, "name": "Serie A", "country": "Italy", "logo": "https://media.api-sports.io/football/leagues/135.png", "flag": "https://media.api-sports.io/flags/it.svg"}}, {"player": {"id": 31734, "name": "M. Felici", "photo": "https://media.api-sports.io/football/players/31734.png", "type": "Missing Fixture", "reason": "Knee Injury"}, "team": {"id": 490, "name": "Cagliari", "logo": "https://media.api-sports.io/football/teams/490.png"}, "fixture": {"id": 1377994, "timezone": "UTC", "date": "2025-12-07T14:00:00+00:00", "timestamp": 1765116000}, "league": {"id": 135, "season": 2025, "name": "Serie A", "country": "Italy", "logo": "https://media.api-sports.io/football/leagues/135.png", "flag": "https://media.api-sports.io/flags/it.svg"}}, {"player": {"id": 30780, "name": "L. Mazzitelli", "photo": "https://media.api-sports.io/football/players/30780.png", "type": "Missing Fixture", "reason": "Muscle Injury"}, "team": {"id": 490, "name": "Cagliari", "logo": "https://media.api-sports.io/football/teams/490.png"}, "fixture": {"id": 1377994, "timezone": "UTC", "date": "2025-12-07T14:00:00+00:00", "timestamp": 1765116000}, "league": {"id": 135, "season": 2025, "name": "Serie A", "country": "Italy", "logo": "https://media.api-sports.io/football/leagues/135.png", "flag": "https://media.api-sports.io/flags/it.svg"}}, {"player": {"id": 2484, "name": "Y. Mina", "photo": "https://media.api-sports.io/football/players/2484.png", "type": "Missing Fixture", "reason": "Contusion"}, "team": {"id": 490, "name": "Cagliari", "logo": "https://media.api-sports.io/football/teams/490.png"}, "fixture": {"id": 1377994, "timezone": "UTC", "date": "2025-12-07T14:00:00+00:00", "timestamp": 1765116000}, "league": {"id": 135, "season": 2025, "name": "Serie A", "country": "Italy", "logo": "https://media.api-sports.io/football/leagues/135.png", "flag": "https://media.api-sports.io/flags/it.svg"}}, {"player": {"id": 41964, "name": "J. Pedro", "photo": "https://media.api-sports.io/football/players/41964.png", "type": "Missing Fixture", "reason": "Knee Injury"}, "team": {"id": 490, "name": "Cagliari", "logo": "https://media.api-sports.io/football/teams/490.png"}, "fixture": {"id": 1377994, "timezone": "UTC", "date": "2025-12-07T14:00:00+00:00", "timestamp": 1765116000}, "league": {"id": 135, "season": 2025, "name": "Serie A", "country": "Italy", "logo": "https://media.api-sports.io/football/leagues/135.png", "flag": "https://media.api-sports.io/flags/it.svg"}}, {"player": {"id": 30509, "name": "A. Belotti", "photo": "https://media.api-sports.io/football/players/30509.png", "type": "Missing Fixture", "reason": "Knee Injury"}, "team": {"id": 490, "name": "Cagliari", "logo": "https://media.api-sports.io/football/teams/490.png"}, "fixture": {"id": 1378004, "timezone": "UTC", "date": "2025-12-13T19:45:00+00:00", "timestamp": 1765655100}, "league": {"id": 135, "season": 2025, "name": "Serie A", "country": "Italy", "logo": "https://media.api-sports.io/football/leagues/135.png", "flag": "https://media.api-sports.io/flags/it.svg"}}, {"player": {"id": 31734, "name": "M. Felici", "photo": "https://media.api-sports.io/football/players/31734.png", "type": "Missing Fixture", "reason": "Knee Injury"}, "team": {"id": 490, "name": "Cagliari", "logo": "https://media.api-sports.io/football/teams/490.png"}, "fixture": {"id": 1378004, "timezone": "UTC", "date": "2025-12-13T19:45:00+00:00", "timestamp": 1765655100}, "league": {"id": 135, "season": 2025, "name": "Serie A", "country": "Italy", "logo": "https://media.api-sports.io/football/leagues/135.png", "flag": "https://media.api-sports.io/flags/it.svg"}}, {"player": {"id": 2484, "name": "Y. Mina", "photo": "https://media.api-sports.io/football/players/2484.png", "type": "Missing Fixture", "reason": "Contusion"}, "team": {"id": 490, "name": "Cagliari", "logo": "https://media.api-sports.io/football/teams/490.png"}, "fixture": {"id": 1378004, "timezone": "UTC", "date": "2025-12-13T19:45:00+00:00", "timestamp": 1765655100}, "league": {"id": 135, "season": 2025, "name": "Serie A", "country": "Italy", "logo": "https://media.api-sports.io/football/leagues/135.png", "flag": "https://media.api-sports.io/flags/it.svg"}}, {"player": {"id": 41964, "name": "J. Pedro", "photo": "https://media.api-sports.io/football/players/41964.png", "type": "Missing Fixture", "reason": "Knee Injury"}, "team": {"id": 490, "name": "Cagliari", "logo": "https://media.api-sports.io/football/teams/490.png"}, "fixture": {"id": 1378004, "timezone": "UTC", "date": "2025-12-13T19:45:00+00:00", "timestamp": 1765655100}, "league": {"id": 135, "season": 2025, "name": "Serie A", "country": "Italy", "logo": "https://media.api-sports.io/football/leagues/135.png", "flag": "https://media.api-sports.io/flags/it.svg"}}, {"player": {"id": 30509, "name": "A. Belotti", "photo": "https://media.api-sports.io/football/players/30509.png", "type": "Missing Fixture", "reason": "Knee Injury"}, "team": {"id": 490, "name": "Cagliari", "logo": "https://media.api-sports.io/football/teams/490.png"}, "fixture": {"id": 1378014, "timezone": "UTC", "date": "2025-12-21T11:30:00+00:00", "timestamp": 1766316600}, "league": {"id": 135, "season": 2025, "name": "Serie A", "country": "Italy", "logo": "https://media.api-sports.io/football/leagues/135.png", "flag": "https://media.api-sports.io/flags/it.svg"}}, {"player": {"id": 31734, "name": "M. Felici", "photo": "https://media.api-sports.io/football/players/31734.png", "type": "Missing Fixture", "reason": "Knee Injury"}, "team": {"id": 490, "name": "Cagliari", "logo": "https://media.api-sports.io/football/teams/490.png"}, "fixture": {"id": 1378014, "timezone": "UTC", "date": "2025-12-21T11:30:00+00:00", "timestamp": 1766316600}, "league": {"id": 135, "season": 2025, "name": "Serie A", "country": "Italy", "logo": "https://media.api-sports.io/football/leagues/135.png", "flag": "https://media.api-sports.io/flags/it.svg"}}, {"player": {"id": 551413, "name": "J. Liteta", "photo": "https://media.api-sports.io/football/players/551413.png", "type": "Missing Fixture", "reason": "International duty"}, "team": {"id": 490, "name": "Cagliari", "logo": "https://media.api-sports.io/football/teams/490.png"}, "fixture": {"id": 1378014, "timezone": "UTC", "date": "2025-12-21T11:30:00+00:00", "timestamp": 1766316600}, "league": {"id": 135, "season": 2025, "name": "Serie A", "country": "Italy", "logo": "https://media.api-sports.io/football/leagues/135.png", "flag": "https://media.api-sports.io/flags/it.svg"}}, {"player": {"id": 140831, "name": "Z. Luvumbo", "photo": "https://media.api-sports.io/football/players/140831.png", "type": "Missing Fixture", "reason": "International duty"}, "team": {"id": 490, "name": "Cagliari", "logo": "https://media.api-sports.io/football/teams/490.png"}, "fixture": {"id": 1378014, "timezone": "UTC", "date": "2025-12-21T11:30:00+00:00", "timestamp": 1766316600}, "league": {"id": 135, "season": 2025, "name": "Serie A", "country": "Italy", "logo": "https://media.api-sports.io/football/leagues/135.png", "flag": "https://media.api-sports.io/flags/it.svg"}}, {"player": {"id": 41964, "name": "J. Pedro", "photo": "https://media.api-sports.io/football/players/41964.png", "type": "Missing Fixture", "reason": "Knee Injury"}, "team": {"id": 490, "name": "Cagliari", "logo": "https://media.api-sports.io/football/teams/490.png"}, "fixture": {"id": 1378014, "timezone": "UTC", "date": "2025-12-21T11:30:00+00:00", "timestamp": 1766316600}, "league": {"id": 135, "season": 2025, "name": "Serie A", "country": "Italy", "logo": "https://media.api-sports.io/football/leagues/135.png", "flag": "https://media.api-sports.io/flags/it.svg"}}, {"player": {"id": 30509, "name": "A. Belotti", "photo": "https://media.api-sports.io/football/players/30509.png", "type": "Missing Fixture", "reason": "Knee Injury"}, "team": {"id": 490, "name": "Cagliari", "logo": "https://media.api-sports.io/football/teams/490.png"}, "fixture": {"id": 1378032, "timezone": "UTC", "date": "2025-12-27T14:00:00+00:00", "timestamp": 1766844000}, "league": {"id": 135, "season": 2025, "name": "Serie A", "country": "Italy", "logo": "https://media.api-sports.io/football/leagues/135.png", "flag": "https://media.api-sports.io/flags/it.svg"}}, {"player": {"id": 31734, "name": "M. Felici", "photo": "https://media.api-sports.io/football/players/31734.png", "type": "Missing Fixture", "reason": "Knee Injury"}, "team": {"id": 490, "name": "Cagliari", "logo": "https://media.api-sports.io/football/teams/490.png"}, "fixture": {"id": 1378032, "timezone": "UTC", "date": "2025-12-27T14:00:00+00:00", "timestamp": 1766844000}, "league": {"id": 135, "season": 2025, "name": "Serie A", "country": "Italy", "logo": "https://media.api-sports.io/football/leagues/135.png", "flag": "https://media.api-sports.io/flags/it.svg"}}, {"player": {"id": 56851, "name": "M. Folorunsho", "photo": "https://media.api-sports.io/football/players/56851.png", "type": "Missing Fixture", "reason": "Knee Injury"}, "team": {"id": 490, "name": "Cagliari", "logo": "https://media.api-sports.io/football/teams/490.png"}, "fixture": {"id": 1378032, "timezone": "UTC", "date": "2025-12-27T14:00:00+00:00", "timestamp": 1766844000}, "league": {"id": 135, "season": 2025, "name": "Serie A", "country": "Italy", "logo": "https://media.api-sports.io/football/leagues/135.png", "flag": "https://media.api-sports.io/flags/it.svg"}}, {"player": {"id": 551413, "name": "J. Liteta", "photo": "https://media.api-sports.io/football/players/551413.png", "type": "Missing Fixture", "reason": "International duty"}, "team": {"id": 490, "name": "Cagliari", "logo": "https://media.api-sports.io/football/teams/490.png"}, "fixture": {"id": 1378032, "timezone": "UTC", "date": "2025-12-27T14:00:00+00:00", "timestamp": 1766844000}, "league": {"id": 135, "season": 2025, "name": "Serie A", "country": "Italy", "logo": "https://media.api-sports.io/football/leagues/135.png", "flag": "https://media.api-sports.io/flags/it.svg"}}, {"player": {"id": 140831, "name": "Z. Luvumbo", "photo": "https://media.api-sports.io/football/players/140831.png", "type": "Missing Fixture", "reason": "International duty"}, "team": {"id": 490, "name": "Cagliari", "logo": "https://media.api-sports.io/football/teams/490.png"}, "fixture": {"id": 1378032, "timezone": "UTC", "date": "2025-12-27T14:00:00+00:00", "timestamp": 1766844000}, "league": {"id": 135, "season": 2025, "name": "Serie A", "country": "Italy", "logo": "https://media.api-sports.io/football/leagues/135.png", "flag": "https://media.api-sports.io/flags/it.svg"}}, {"player": {"id": 2484, "name": "Y. Mina", "photo": "https://media.api-sports.io/football/players/2484.png", "type": "Missing Fixture", "reason": "Illness"}, "team": {"id": 490, "name": "Cagliari", "logo": "https://media.api-sports.io/football/teams/490.png"}, "fixture": {"id": 1378032, "timezone": "UTC", "date": "2025-12-27T14:00:00+00:00", "timestamp": 1766844000}, "league": {"id": 135, "season": 2025, "name": "Serie A", "country": "Italy", "logo": "https://media.api-sports.io/football/leagues/135.png", "flag": "https://media.api-sports.io/flags/it.svg"}}, {"player": {"id": 41964, "name": "J. Pedro", "photo": "https://media.api-sports.io/football/players/41964.png", "type": "Missing Fixture", "reason": "Knee Injury"}, "team": {"id": 490, "name": "Cagliari", "logo": "https://media.api-sports.io/football/teams/490.png"}, "fixture": {"id": 1378032, "timezone": "UTC", "date": "2025-12-27T14:00:00+00:00", "timestamp": 1766844000}, "league": {"id": 135, "season": 2025, "name": "Serie A", "country": "Italy", "logo": "https://media.api-sports.io/football/leagues/135.png", "flag": "https://media.api-sports.io/flags/it.svg"}}, {"player": {"id": 415155, "name": "J. Rodriguez", "photo": "https://media.api-sports.io/football/players/415155.png", "type": "Missing Fixture", "reason": "Illness"}, "team": {"id": 490, "name": "Cagliari", "logo": "https://media.api-sports.io/football/teams/490.png"}, "fixture": {"id": 1378032, "timezone": "UTC", "date": "2025-12-27T14:00:00+00:00", "timestamp": 1766844000}, "league": {"id": 135, "season": 2025, "name": "Serie A", "country": "Italy", "logo": "https://media.api-sports.io/football/leagues/135.png", "flag": "https://media.api-sports.io/flags/it.svg"}}, {"player": {"id": 30509, "name": "A. Belotti", "photo": "https://media.api-sports.io/football/players/30509.png", "type": "Missing Fixture", "reason": "Knee Injury"}, "team": {"id": 490, "name": "Cagliari", "logo": "https://media.api-sports.io/football/teams/490.png"}, "fixture": {"id": 1378035, "timezone": "UTC", "date": "2026-01-02T19:45:00+00:00", "timestamp": 1767383100}, "league": {"id": 135, "season": 2025, "name": "Serie A", "country": "Italy", "logo": "https://media.api-sports.io/football/leagues/135.png", "flag": "https://media.api-sports.io/flags/it.svg"}}, {"player": {"id": 31734, "name": "M. Felici", "photo": "https://media.api-sports.io/football/players/31734.png", "type": "Missing Fixture", "reason": "Knee Injury"}, "team": {"id": 490, "name": "Cagliari", "logo": "https://media.api-sports.io/football/teams/490.png"}, "fixture": {"id": 1378035, "timezone": "UTC", "date": "2026-01-02T19:45:00+00:00", "timestamp": 1767383100}, "league": {"id": 135, "season": 2025, "name": "Serie A", "country": "Italy", "logo": "https://media.api-sports.io/football/leagues/135.png", "flag": "https://media.api-sports.io/flags/it.svg"}}, {"player": {"id": 56851, "name": "M. Folorunsho", "photo": "https://media.api-sports.io/football/players/56851.png", "type": "Missing Fixture", "reason": "Knee Injury"}, "team": {"id": 490, "name": "Cagliari", "logo": "https://media.api-sports.io/football/teams/490.png"}, "fixture": {"id": 1378035, "timezone": "UTC", "date": "2026-01-02T19:45:00+00:00", "timestamp": 1767383100}, "league": {"id": 135, "season": 2025, "name": "Serie A", "country": "Italy", "logo": "https://media.api-sports.io/football/leagues/135.png", "flag": "https://media.api-sports.io/flags/it.svg"}}, {"player": {"id": 41964, "name": "J. Pedro", "photo": "https://media.api-sports.io/football/players/41964.png", "type": "Missing Fixture", "reason": "Knee Injury"}, "team": {"id": 490, "name": "Cagliari", "logo": "https://media.api-sports.io/football/teams/490.png"}, "fixture": {"id": 1378035, "timezone": "UTC", "date": "2026-01-02T19:45:00+00:00", "timestamp": 1767383100}, "league": {"id": 135, "season": 2025, "name": "Serie A", "country": "Italy", "logo": "https://media.api-sports.io/football/leagues/135.png", "flag": "https://media.api-sports.io/flags/it.svg"}}, {"player": {"id": 30509, "name": "A. Belotti", "photo": "https://media.api-sports.io/football/players/30509.png", "type": "Missing Fixture", "reason": "Knee Injury"}, "team": {"id": 490, "name": "Cagliari", "logo": "https://media.api-sports.io/football/teams/490.png"}, "fixture": {"id": 1378065, "timezone": "UTC", "date": "2026-01-17T19:45:00+00:00", "timestamp": 1768679100}, "league": {"id": 135, "season": 2025, "name": "Serie A", "country": "Italy", "logo": "https://media.api-sports.io/football/leagues/135.png", "flag": "https://media.api-sports.io/flags/it.svg"}}, {"player": {"id": 30561, "name": "A. Deiola", "photo": "https://media.api-sports.io/football/players/30561.png", "type": "Missing Fixture", "reason": "Thigh Injury"}, "team": {"id": 490, "name": "Cagliari", "logo": "https://media.api-sports.io/football/teams/490.png"}, "fixture": {"id": 1378065, "timezone": "UTC", "date": "2026-01-17T19:45:00+00:00", "timestamp": 1768679100}, "league": {"id": 135, "season": 2025, "name": "Serie A", "country": "Italy", "logo": "https://media.api-sports.io/football/leagues/135.png", "flag": "https://media.api-sports.io/flags/it.svg"}}, {"player": {"id": 31734, "name": "M. Felici", "photo": "https://media.api-sports.io/football/players/31734.png", "type": "Missing Fixture", "reason": "Knee Injury"}, "team": {"id": 490, "name": "Cagliari", "logo": "https://media.api-sports.io/football/teams/490.png"}, "fixture": {"id": 1378065, "timezone": "UTC", "date": "2026-01-17T19:45:00+00:00", "timestamp": 1768679100}, "league": {"id": 135, "season": 2025, "name": "Serie A", "country": "Italy", "logo": "https://media.api-sports.io/football/leagues/135.png", "flag": "https://media.api-sports.io/flags/it.svg"}}, {"player": {"id": 56851, "name": "M. Folorunsho", "photo": "https://media.api-sports.io/football/players/56851.png", "type": "Missing Fixture", "reason": "Knee Injury"}, "team": {"id": 490, "name": "Cagliari", "logo": "https://media.api-sports.io/football/teams/490.png"}, "fixture": {"id": 1378065, "timezone": "UTC", "date": "2026-01-17T19:45:00+00:00", "timestamp": 1768679100}, "league": {"id": 135, "season": 2025, "name": "Serie A", "country": "Italy", "logo": "https://media.api-sports.io/football/leagues/135.png", "flag": "https://media.api-sports.io/flags/it.svg"}}, {"player": {"id": 30509, "name": "A. Belotti", "photo": "https://media.api-sports.io/football/players/30509.png", "type": "Missing Fixture", "reason": "Knee Injury"}, "team": {"id": 490, "name": "Cagliari", "logo": "https://media.api-sports.io/football/teams/490.png"}, "fixture": {"id": 1378076, "timezone": "UTC", "date": "2026-01-24T17:00:00+00:00", "timestamp": 1769274000}, "league": {"id": 135, "season": 2025, "name": "Serie A", "country": "Italy", "logo": "https://media.api-sports.io/football/leagues/135.png", "flag": "https://media.api-sports.io/flags/it.svg"}}, {"player": {"id": 30561, "name": "A. Deiola", "photo": "https://media.api-sports.io/football/players/30561.png", "type": "Missing Fixture", "reason": "Thigh Injury"}, "team": {"id": 490, "name": "Cagliari", "logo": "https://media.api-sports.io/football/teams/490.png"}, "fixture": {"id": 1378076, "timezone": "UTC", "date": "2026-01-24T17:00:00+00:00", "timestamp": 1769274000}, "league": {"id": 135, "season": 2025, "name": "Serie A", "country": "Italy", "logo": "https://media.api-sports.io/football/leagues/135.png", "flag": "https://media.api-sports.io/flags/it.svg"}}, {"player": {"id": 56287, "name": "A. Di Pardo", "photo": "https://media.api-sports.io/football/players/56287.png", "type": "Missing Fixture", "reason": "Calf Injury"}, "team": {"id": 490, "name": "Cagliari", "logo": "https://media.api-sports.io/football/teams/490.png"}, "fixture": {"id": 1378076, "timezone": "UTC", "date": "2026-01-24T17:00:00+00:00", "timestamp": 1769274000}, "league": {"id": 135, "season": 2025, "name": "Serie A", "country": "Italy", "logo": "https://media.api-sports.io/football/leagues/135.png", "flag": "https://media.api-sports.io/flags/it.svg"}}, {"player": {"id": 31734, "name": "M. Felici", "photo": "https://media.api-sports.io/football/players/31734.png", "type": "Missing Fixture", "reason": "Knee Injury"}, "team": {"id": 490, "name": "Cagliari", "logo": "https://media.api-sports.io/football/teams/490.png"}, "fixture": {"id": 1378076, "timezone": "UTC", "date": "2026-01-24T17:00:00+00:00", "timestamp": 1769274000}, "league": {"id": 135, "season": 2025, "name": "Serie A", "country": "Italy", "logo": "https://media.api-sports.io/football/leagues/135.png", "flag": "https://media.api-sports.io/flags/it.svg"}}, {"player": {"id": 56851, "name": "M. Folorunsho", "photo": "https://media.api-sports.io/football/players/56851.png", "type": "Missing Fixture", "reason": "Knee Injury"}, "team": {"id": 490, "name": "Cagliari", "logo": "https://media.api-sports.io/football/teams/490.png"}, "fixture": {"id": 1378076, "timezone": "UTC", "date": "2026-01-24T17:00:00+00:00", "timestamp": 1769274000}, "league": {"id": 135, "season": 2025, "name": "Serie A", "country": "Italy", "logo": "https://media.api-sports.io/football/leagues/135.png", "flag": "https://media.api-sports.io/flags/it.svg"}}, {"player": {"id": 551413, "name": "J. Liteta", "photo": "https://media.api-sports.io/football/players/551413.png", "type": "Missing Fixture", "reason": "Inactive"}, "team": {"id": 490, "name": "Cagliari", "logo": "https://media.api-sports.io/football/teams/490.png"}, "fixture": {"id": 1378076, "timezone": "UTC", "date": "2026-01-24T17:00:00+00:00", "timestamp": 1769274000}, "league": {"id": 135, "season": 2025, "name": "Serie A", "country": "Italy", "logo": "https://media.api-sports.io/football/leagues/135.png", "flag": "https://media.api-sports.io/flags/it.svg"}}, {"player": {"id": 30509, "name": "A. Belotti", "photo": "https://media.api-sports.io/football/players/30509.png", "type": "Missing Fixture", "reason": "Knee Injury"}, "team": {"id": 490, "name": "Cagliari", "logo": "https://media.api-sports.io/football/teams/490.png"}, "fixture": {"id": 1378085, "timezone": "UTC", "date": "2026-01-31T19:45:00+00:00", "timestamp": 1769888700}, "league": {"id": 135, "season": 2025, "name": "Serie A", "country": "Italy", "logo": "https://media.api-sports.io/football/leagues/135.png", "flag": "https://media.api-sports.io/flags/it.svg"}}, {"player": {"id": 31734, "name": "M. Felici", "photo": "https://media.api-sports.io/football/players/31734.png", "type": "Missing Fixture", "reason": "Knee Injury"}, "team": {"id": 490, "name": "Cagliari", "logo": "https://media.api-sports.io/football/teams/490.png"}, "fixture": {"id": 1378085, "timezone": "UTC", "date": "2026-01-31T19:45:00+00:00", "timestamp": 1769888700}, "league": {"id": 135, "season": 2025, "name": "Serie A", "country": "Italy", "logo": "https://media.api-sports.io/football/leagues/135.png", "flag": "https://media.api-sports.io/flags/it.svg"}}, {"player": {"id": 56851, "name": "M. Folorunsho", "photo": "https://media.api-sports.io/football/players/56851.png", "type": "Missing Fixture", "reason": "Knee Injury"}, "team": {"id": 490, "name": "Cagliari", "logo": "https://media.api-sports.io/football/teams/490.png"}, "fixture": {"id": 1378085, "timezone": "UTC", "date": "2026-01-31T19:45:00+00:00", "timestamp": 1769888700}, "league": {"id": 135, "season": 2025, "name": "Serie A", "country": "Italy", "logo": "https://media.api-sports.io/football/leagues/135.png", "flag": "https://media.api-sports.io/flags/it.svg"}}, {"player": {"id": 30509, "name": "A. Belotti", "photo": "https://media.api-sports.io/football/players/30509.png", "type": "Missing Fixture", "reason": "Knee Injury"}, "team": {"id": 490, "name": "Cagliari", "logo": "https://media.api-sports.io/football/teams/490.png"}, "fixture": {"id": 1378101, "timezone": "UTC", "date": "2026-02-09T19:45:00+00:00", "timestamp": 1770666300}, "league": {"id": 135, "season": 2025, "name": "Serie A", "country": "Italy", "logo": "https://media.api-sports.io/football/leagues/135.png", "flag": "https://media.api-sports.io/flags/it.svg"}}, {"player": {"id": 31499, "name": "G. Borrelli", "photo": "https://media.api-sports.io/football/players/31499.png", "type": "Missing Fixture", "reason": "Thigh Injury"}, "team": {"id": 490, "name": "Cagliari", "logo": "https://media.api-sports.io/football/teams/490.png"}, "fixture": {"id": 1378101, "timezone": "UTC", "date": "2026-02-09T19:45:00+00:00", "timestamp": 1770666300}, "league": {"id": 135, "season": 2025, "name": "Serie A", "country": "Italy", "logo": "https://media.api-sports.io/football/leagues/135.png", "flag": "https://media.api-sports.io/flags/it.svg"}}, {"player": {"id": 30561, "name": "A. Deiola", "photo": "https://media.api-sports.io/football/players/30561.png", "type": "Missing Fixture", "reason": "Injury"}, "team": {"id": 490, "name": "Cagliari", "logo": "https://media.api-sports.io/football/teams/490.png"}, "fixture": {"id": 1378101, "timezone": "UTC", "date": "2026-02-09T19:45:00+00:00", "timestamp": 1770666300}, "league": {"id": 135, "season": 2025, "name": "Serie A", "country": "Italy", "logo": "https://media.api-sports.io/football/leagues/135.png", "flag": "https://media.api-sports.io/flags/it.svg"}}, {"player": {"id": 31734, "name": "M. Felici", "photo": "https://media.api-sports.io/football/players/31734.png", "type": "Missing Fixture", "reason": "Knee Injury"}, "team": {"id": 490, "name": "Cagliari", "logo": "https://media.api-sports.io/football/teams/490.png"}, "fixture": {"id": 1378101, "timezone": "UTC", "date": "2026-02-09T19:45:00+00:00", "timestamp": 1770666300}, "league": {"id": 135, "season": 2025, "name": "Serie A", "country": "Italy", "logo": "https://media.api-sports.io/football/leagues/135.png", "flag": "https://media.api-sports.io/flags/it.svg"}}, {"player": {"id": 56851, "name": "M. Folorunsho", "photo": "https://media.api-sports.io/football/players/56851.png", "type": "Missing Fixture", "reason": "Knee Injury"}, "team": {"id": 490, "name": "Cagliari", "logo": "https://media.api-sports.io/football/teams/490.png"}, "fixture": {"id": 1378101, "timezone": "UTC", "date": "2026-02-09T19:45:00+00:00", "timestamp": 1770666300}, "league": {"id": 135, "season": 2025, "name": "Serie A", "country": "Italy", "logo": "https://media.api-sports.io/football/leagues/135.png", "flag": "https://media.api-sports.io/flags/it.svg"}}, {"player": {"id": 2484, "name": "Y. Mina", "photo": "https://media.api-sports.io/football/players/2484.png", "type": "Missing Fixture", "reason": "Knee Injury"}, "team": {"id": 490, "name": "Cagliari", "logo": "https://media.api-sports.io/football/teams/490.png"}, "fixture": {"id": 1378101, "timezone": "UTC", "date": "2026-02-09T19:45:00+00:00", "timestamp": 1770666300}, "league": {"id": 135, "season": 2025, "name": "Serie A", "country": "Italy", "logo": "https://media.api-sports.io/football/leagues/135.png", "flag": "https://media.api-sports.io/flags/it.svg"}}, {"player": {"id": 30509, "name": "A. Belotti", "photo": "https://media.api-sports.io/football/players/30509.png", "type": "Missing Fixture", "reason": "Knee Injury"}, "team": {"id": 490, "name": "Cagliari", "logo": "https://media.api-sports.io/football/teams/490.png"}, "fixture": {"id": 1378104, "timezone": "UTC", "date": "2026-02-16T19:45:00+00:00", "timestamp": 1771271100}, "league": {"id": 135, "season": 2025, "name": "Serie A", "country": "Italy", "logo": "https://media.api-sports.io/football/leagues/135.png", "flag": "https://media.api-sports.io/flags/it.svg"}}, {"player": {"id": 31499, "name": "G. Borrelli", "photo": "https://media.api-sports.io/football/players/31499.png", "type": "Missing Fixture", "reason": "Thigh Injury"}, "team": {"id": 490, "name": "Cagliari", "logo": "https://media.api-sports.io/football/teams/490.png"}, "fixture": {"id": 1378104, "timezone": "UTC", "date": "2026-02-16T19:45:00+00:00", "timestamp": 1771271100}, "league": {"id": 135, "season": 2025, "name": "Serie A", "country": "Italy", "logo": "https://media.api-sports.io/football/leagues/135.png", "flag": "https://media.api-sports.io/flags/it.svg"}}, {"player": {"id": 30561, "name": "A. Deiola", "photo": "https://media.api-sports.io/football/players/30561.png", "type": "Missing Fixture", "reason": "Injury"}, "team": {"id": 490, "name": "Cagliari", "logo": "https://media.api-sports.io/football/teams/490.png"}, "fixture": {"id": 1378104, "timezone": "UTC", "date": "2026-02-16T19:45:00+00:00", "timestamp": 1771271100}, "league": {"id": 135, "season": 2025, "name": "Serie A", "country": "Italy", "logo": "https://media.api-sports.io/football/leagues/135.png", "flag": "https://media.api-sports.io/flags/it.svg"}}, {"player": {"id": 31734, "name": "M. Felici", "photo": "https://media.api-sports.io/football/players/31734.png", "type": "Missing Fixture", "reason": "Knee Injury"}, "team": {"id": 490, "name": "Cagliari", "logo": "https://media.api-sports.io/football/teams/490.png"}, "fixture": {"id": 1378104, "timezone": "UTC", "date": "2026-02-16T19:45:00+00:00", "timestamp": 1771271100}, "league": {"id": 135, "season": 2025, "name": "Serie A", "country": "Italy", "logo": "https://media.api-sports.io/football/leagues/135.png", "flag": "https://media.api-sports.io/flags/it.svg"}}, {"player": {"id": 56851, "name": "M. Folorunsho", "photo": "https://media.api-sports.io/football/players/56851.png", "type": "Missing Fixture", "reason": "Knee Injury"}, "team": {"id": 490, "name": "Cagliari", "logo": "https://media.api-sports.io/football/teams/490.png"}, "fixture": {"id": 1378104, "timezone": "UTC", "date": "2026-02-16T19:45:00+00:00", "timestamp": 1771271100}, "league": {"id": 135, "season": 2025, "name": "Serie A", "country": "Italy", "logo": "https://media.api-sports.io/football/leagues/135.png", "flag": "https://media.api-sports.io/flags/it.svg"}}, {"player": {"id": 325, "name": "G. Gaetano", "photo": "https://media.api-sports.io/football/players/325.png", "type": "Missing Fixture", "reason": "Injury"}, "team": {"id": 490, "name": "Cagliari", "logo": "https://media.api-sports.io/football/teams/490.png"}, "fixture": {"id": 1378104, "timezone": "UTC", "date": "2026-02-16T19:45:00+00:00", "timestamp": 1771271100}, "league": {"id": 135, "season": 2025, "name": "Serie A", "country": "Italy", "logo": "https://media.api-sports.io/football/leagues/135.png", "flag": "https://media.api-sports.io/flags/it.svg"}}]}