{"get": "fixtures", "parameters": {"league": "78", "season": "2025", "date": "2026-02-15"}, "errors": [], "results": 2, "paging": {"current": 1, "total": 1}, "response": [{"fixture": {"id": 1388497, "referee": null, "timezone": "UTC", "date": "2026-02-15T14:30:00+00:00", "timestamp": 1771165800, "periods": {"first": null, "second": null}, "venue": {"id": 698, "name": "WWK Arena", "city": "Augsburg"}, "status": {"long": "Not Started", "short": "NS", "elapsed": null, "extra": null}}, "league": {"id": 78, "name": "Bundesliga", "country": "Germany", "logo": "https://media.api-sports.io/football/leagues/78.png", "flag": "https://media.api-sports.io/flags/de.svg", "season": 2025, "round": "Regular Season - 22", "standings": true}, "teams": {"home": {"id": 170, "name": "FC Augsburg", "logo": "https://media.api-sports.io/football/teams/170.png", "winner": null}, "away": {"id": 180, "name": "1. FC Heidenheim", "logo": "https://media.api-sports.io/football/teams/180.png", "winner": null}}, "goals": {"home": null, "away": null}, "score": {"halftime": {"home": null, "away": null}, "fulltime": {"home": null, "away": null}, "extratime": {"home": null, "away": null}, "penalty": {"home": null, "away": null}}}, {"fixture": {"id": 1388503, "referee": null, "timezone": "UTC", "date": "2026-02-15T16:30:00+00:00", "timestamp": 1771173000, "periods": {"first": null, "second": null}, "venue": {"id": null, "name": "Red Bull Arena", "city": "Leipzig"}, "status": {"long": "Not Started", "short": "NS", "elapsed": null, "extra": null}}, "league": {"id": 78, "name": "Bundesliga", "country": "Germany", "logo": "https://media.api-sports.io/football/leagues/78.png", "flag": "https://media.api-sports.io/flags/de.svg", "season": 2025, "round": "Regular Season - 22", "standings": true}, "teams": {"home": {"id": 173, "name": "RB Leipzig", "logo": "https://media.api-sports.io/football/teams/173.png", "winner": null}, "away": {"id": 161, "name": "VfL Wolfsburg", "logo": "https://media.api-sports.io/football/teams/161.png", "winner": null}}, "goals": {"home": null, "away": null}, "score": {"halftime": {"home": null, "away": null}, "fulltime": {"home": null, "away": null}, "extratime": {"home": null, "away": null}, "penalty": {"home": null, "away": null}}}]}