{"get": "fixtures", "parameters": {"league": "140", "season": "2025", "team": "798", "status": "FT", "last": "10"}, "errors": [], "results": 10, "paging": {"current": 1, "total": 1}, "response": [{"fixture": {"id": 1391042, "referee": "Alejandro Quintero Gonzalez, Spain", "timezone": "UTC", "date": "2026-02-07T15:15:00+00:00", "timestamp": 1770477300, "periods": {"first": 1770477300, "second": 1770480900}, "venue": {"id": 19939, "name": "Camp Nou", "city": "Barcelona"}, "status": {"long": "Match Finished", "short": "FT", "elapsed": 90, "extra": 3}}, "league": {"id": 140, "name": "La Liga", "country": "Spain", "logo": "https://media.api-sports.io/football/leagues/140.png", "flag": "https://media.api-sports.io/flags/es.svg", "season": 2025, "round": "Regular Season - 23", "standings": true}, "teams": {"home": {"id": 529, "name": "Barcelona", "logo": "https://media.api-sports.io/football/teams/529.png", "winner": true}, "away": {"id": 798, "name": "Mallorca", "logo": "https://media.api-sports.io/football/teams/798.png", "winner": false}}, "goals": {"home": 3, "away": 0}, "score": {"halftime": {"home": 1, "away": 0}, "fulltime": {"home": 3, "away": 0}, "extratime": {"home": null, "away": null}, "penalty": {"home": null, "away": null}}}, {"fixture": {"id": 1391035, "referee": "C\u00e9sar Soto Grado, Spain", "timezone": "UTC", "date": "2026-02-02T20:00:00+00:00", "timestamp": 1770062400, "periods": {"first": 1770062400, "second": 1770066000}, "venue": {"id": 19940, "name": "Estadi Mallorca Son Moix", "city": "Palma de Mallorca"}, "status": {"long": "Match Finished", "short": "FT", "elapsed": 90, "extra": 7}}, "league": {"id": 140, "name": "La Liga", "country": "Spain", "logo": "https://media.api-sports.io/football/leagues/140.png", "flag": "https://media.api-sports.io/flags/es.svg", "season": 2025, "round": "Regular Season - 22", "standings": true}, "teams": {"home": {"id": 798, "name": "Mallorca", "logo": "https://media.api-sports.io/football/teams/798.png", "winner": true}, "away": {"id": 536, "name": "Sevilla", "logo": "https://media.api-sports.io/football/teams/536.png", "winner": false}}, "goals": {"home": 4, "away": 1}, "score": {"halftime": {"home": 1, "away": 1}, "fulltime": {"home": 4, "away": 1}, "extratime": {"home": null, "away": null}, "penalty": {"home": null, "away": null}}}, {"fixture": {"id": 1391020, "referee": "Jos\u00e9 Mar\u00eda S\u00e1nchez Mart\u00ednez, Spain", "timezone": "UTC", "date": "2026-01-25T13:00:00+00:00", "timestamp": 1769346000, "periods": {"first": 1769346000, "second": 1769349600}, "venue": {"id": null, "name": "Riyadh Air Metropolitano", "city": "Madrid"}, "status": {"long": "Match Finished", "short": "FT", "elapsed": 90, "extra": 4}}, "league": {"id": 140, "name": "La Liga", "country": "Spain", "logo": "https://media.api-sports.io/football/leagues/140.png", "flag": "https://media.api-sports.io/flags/es.svg", "season": 2025, "round": "Regular Season - 21", "standings": true}, "teams": {"home": {"id": 530, "name": "Atletico Madrid", "logo": "https://media.api-sports.io/football/teams/530.png", "winner": true}, "away": {"id": 798, "name": "Mallorca", "logo": "https://media.api-sports.io/football/teams/798.png", "winner": false}}, "goals": {"home": 3, "away": 0}, "score": {"halftime": {"home": 1, "away": 0}, "fulltime": {"home": 3, "away": 0}, "extratime": {"home": null, "away": null}, "penalty": {"home": null, "away": null}}}, {"fixture": {"id": 1391015, "referee": "Jose Luis Guzman Mansilla, Spain", "timezone": "UTC", "date": "2026-01-17T15:15:00+00:00", "timestamp": 1768662900, "periods": {"first": 1768662900, "second": 1768666500}, "venue": {"id": 19940, "name": "Estadi Mallorca Son Moix", "city": "Palma de Mallorca"}, "status": {"long": "Match Finished", "short": "FT", "elapsed": 90, "extra": 12}}, "league": {"id": 140, "name": "La Liga", "country": "Spain", "logo": "https://media.api-sports.io/football/leagues/140.png", "flag": "https://media.api-sports.io/flags/es.svg", "season": 2025, "round": "Regular Season - 20", "standings": true}, "teams": {"home": {"id": 798, "name": "Mallorca", "logo": "https://media.api-sports.io/football/teams/798.png", "winner": true}, "away": {"id": 531, "name": "Athletic Club", "logo": "https://media.api-sports.io/football/teams/531.png", "winner": false}}, "goals": {"home": 3, "away": 2}, "score": {"halftime": {"home": 2, "away": 2}, "fulltime": {"home": 3, "away": 2}, "extratime": {"home": null, "away": null}, "penalty": {"home": null, "away": null}}}, {"fixture": {"id": 1391004, "referee": "Juan Martinez Munuera, Spain", "timezone": "UTC", "date": "2026-01-11T13:00:00+00:00", "timestamp": 1768136400, "periods": {"first": 1768136400, "second": 1768140000}, "venue": {"id": 1488, "name": "Campo de Futbol de Vallecas", "city": "Madrid"}, "status": {"long": "Match Finished", "short": "FT", "elapsed": 90, "extra": 7}}, "league": {"id": 140, "name": "La Liga", "country": "Spain", "logo": "https://media.api-sports.io/football/leagues/140.png", "flag": "https://media.api-sports.io/flags/es.svg", "season": 2025, "round": "Regular Season - 19", "standings": true}, "teams": {"home": {"id": 728, "name": "Rayo Vallecano", "logo": "https://media.api-sports.io/football/teams/728.png", "winner": true}, "away": {"id": 798, "name": "Mallorca", "logo": "https://media.api-sports.io/football/teams/798.png", "winner": false}}, "goals": {"home": 2, "away": 1}, "score": {"halftime": {"home": 2, "away": 1}, "fulltime": {"home": 2, "away": 1}, "extratime": {"home": null, "away": null}, "penalty": {"home": null, "away": null}}}, {"fixture": {"id": 1390993, "referee": "Javier Alberola Rojas, Spain", "timezone": "UTC", "date": "2026-01-04T17:30:00+00:00", "timestamp": 1767547800, "periods": {"first": 1767547800, "second": 1767551400}, "venue": {"id": 19940, "name": "Estadi Mallorca Son Moix", "city": "Palma de Mallorca"}, "status": {"long": "Match Finished", "short": "FT", "elapsed": 90, "extra": 6}}, "league": {"id": 140, "name": "La Liga", "country": "Spain", "logo": "https://media.api-sports.io/football/leagues/140.png", "flag": "https://media.api-sports.io/flags/es.svg", "season": 2025, "round": "Regular Season - 18", "standings": true}, "teams": {"home": {"id": 798, "name": "Mallorca", "logo": "https://media.api-sports.io/football/teams/798.png", "winner": false}, "away": {"id": 547, "name": "Girona", "logo": "https://media.api-sports.io/football/teams/547.png", "winner": true}}, "goals": {"home": 1, "away": 2}, "score": {"halftime": {"home": 0, "away": 1}, "fulltime": {"home": 1, "away": 2}, "extratime": {"home": null, "away": null}, "penalty": {"home": null, "away": null}}}, {"fixture": {"id": 1390987, "referee": "Alejandro Quintero Gonzalez, Spain", "timezone": "UTC", "date": "2025-12-19T20:00:00+00:00", "timestamp": 1766174400, "periods": {"first": 1766174400, "second": 1766178000}, "venue": {"id": 1497, "name": "Estadio de Mestalla", "city": "Valencia"}, "status": {"long": "Match Finished", "short": "FT", "elapsed": 90, "extra": 6}}, "league": {"id": 140, "name": "La Liga", "country": "Spain", "logo": "https://media.api-sports.io/football/leagues/140.png", "flag": "https://media.api-sports.io/flags/es.svg", "season": 2025, "round": "Regular Season - 17", "standings": true}, "teams": {"home": {"id": 532, "name": "Valencia", "logo": "https://media.api-sports.io/football/teams/532.png", "winner": null}, "away": {"id": 798, "name": "Mallorca", "logo": "https://media.api-sports.io/football/teams/798.png", "winner": null}}, "goals": {"home": 1, "away": 1}, "score": {"halftime": {"home": 0, "away": 1}, "fulltime": {"home": 1, "away": 1}, "extratime": {"home": null, "away": null}, "penalty": {"home": null, "away": null}}}, {"fixture": {"id": 1390975, "referee": "Jos\u00e9 Luis Munuera Montero, Spain", "timezone": "UTC", "date": "2025-12-13T15:15:00+00:00", "timestamp": 1765638900, "periods": {"first": 1765638900, "second": 1765642500}, "venue": {"id": 19940, "name": "Estadi Mallorca Son Moix", "city": "Palma de Mallorca"}, "status": {"long": "Match Finished", "short": "FT", "elapsed": 90, "extra": 4}}, "league": {"id": 140, "name": "La Liga", "country": "Spain", "logo": "https://media.api-sports.io/football/leagues/140.png", "flag": "https://media.api-sports.io/flags/es.svg", "season": 2025, "round": "Regular Season - 16", "standings": true}, "teams": {"home": {"id": 798, "name": "Mallorca", "logo": "https://media.api-sports.io/football/teams/798.png", "winner": true}, "away": {"id": 797, "name": "Elche", "logo": "https://media.api-sports.io/football/teams/797.png", "winner": false}}, "goals": {"home": 3, "away": 1}, "score": {"halftime": {"home": 1, "away": 1}, "fulltime": {"home": 3, "away": 1}, "extratime": {"home": null, "away": null}, "penalty": {"home": null, "away": null}}}, {"fixture": {"id": 1390966, "referee": "Iosu Galech Apezteguia, Spain", "timezone": "UTC", "date": "2025-12-05T20:00:00+00:00", "timestamp": 1764964800, "periods": {"first": 1764964800, "second": 1764968400}, "venue": {"id": 1490, "name": "Estadio Nuevo Carlos Tartiere", "city": "Oviedo"}, "status": {"long": "Match Finished", "short": "FT", "elapsed": 90, "extra": 9}}, "league": {"id": 140, "name": "La Liga", "country": "Spain", "logo": "https://media.api-sports.io/football/leagues/140.png", "flag": "https://media.api-sports.io/flags/es.svg", "season": 2025, "round": "Regular Season - 15", "standings": true}, "teams": {"home": {"id": 718, "name": "Oviedo", "logo": "https://media.api-sports.io/football/teams/718.png", "winner": null}, "away": {"id": 798, "name": "Mallorca", "logo": "https://media.api-sports.io/football/teams/798.png", "winner": null}}, "goals": {"home": 0, "away": 0}, "score": {"halftime": {"home": 0, "away": 0}, "fulltime": {"home": 0, "away": 0}, "extratime": {"home": null, "away": null}, "penalty": {"home": null, "away": null}}}, {"fixture": {"id": 1390955, "referee": "Jesus Gil Manzano, Spain", "timezone": "UTC", "date": "2025-11-29T13:00:00+00:00", "timestamp": 1764421200, "periods": {"first": 1764421200, "second": 1764424800}, "venue": {"id": 19940, "name": "Estadi Mallorca Son Moix", "city": "Palma de Mallorca"}, "status": {"long": "Match Finished", "short": "FT", "elapsed": 90, "extra": 9}}, "league": {"id": 140, "name": "La Liga", "country": "Spain", "logo": "https://media.api-sports.io/football/leagues/140.png", "flag": "https://media.api-sports.io/flags/es.svg", "season": 2025, "round": "Regular Season - 14", "standings": true}, "teams": {"home": {"id": 798, "name": "Mallorca", "logo": "https://media.api-sports.io/football/teams/798.png", "winner": null}, "away": {"id": 727, "name": "Osasuna", "logo": "https://media.api-sports.io/football/teams/727.png", "winner": null}}, "goals": {"home": 2, "away": 2}, "score": {"halftime": {"home": 0, "away": 0}, "fulltime": {"home": 2, "away": 2}, "extratime": {"home": null, "away": null}, "penalty": {"home": null, "away": null}}}]}