{"get": "injuries", "parameters": {"league": "78", "season": "2025", "team": "167"}, "errors": [], "results": 62, "paging": {"current": 1, "total": 1}, "response": [{"player": {"id": 26300, "name": "Ozan Kabak", "photo": "https://media.api-sports.io/football/players/26300.png", "type": "Missing Fixture", "reason": "Ruptured cruciate ligament"}, "team": {"id": 167, "name": "1899 Hoffenheim", "logo": "https://media.api-sports.io/football/teams/167.png"}, "fixture": {"id": 1388309, "timezone": "UTC", "date": "2025-08-23T13:30:00+00:00", "timestamp": 1755955800}, "league": {"id": 78, "season": 2025, "name": "Bundesliga", "country": "Germany", "logo": "https://media.api-sports.io/football/leagues/78.png", "flag": "https://media.api-sports.io/flags/de.svg"}}, {"player": {"id": 66019, "name": "Adam Hlozek", "photo": "https://media.api-sports.io/football/players/66019.png", "type": "Missing Fixture", "reason": "Navicular Bone Fracture"}, "team": {"id": 167, "name": "1899 Hoffenheim", "logo": "https://media.api-sports.io/football/teams/167.png"}, "fixture": {"id": 1388309, "timezone": "UTC", "date": "2025-08-23T13:30:00+00:00", "timestamp": 1755955800}, "league": {"id": 78, "season": 2025, "name": "Bundesliga", "country": "Germany", "logo": "https://media.api-sports.io/football/leagues/78.png", "flag": "https://media.api-sports.io/flags/de.svg"}}, {"player": {"id": 127631, "name": "Valentin Gendrey", "photo": "https://media.api-sports.io/football/players/127631.png", "type": "Missing Fixture", "reason": "Ankle fracture"}, "team": {"id": 167, "name": "1899 Hoffenheim", "logo": "https://media.api-sports.io/football/teams/167.png"}, "fixture": {"id": 1388309, "timezone": "UTC", "date": "2025-08-23T13:30:00+00:00", "timestamp": 1755955800}, "league": {"id": 78, "season": 2025, "name": "Bundesliga", "country": "Germany", "logo": "https://media.api-sports.io/football/leagues/78.png", "flag": "https://media.api-sports.io/flags/de.svg"}}, {"player": {"id": 127631, "name": "V. Gendrey", "photo": "https://media.api-sports.io/football/players/127631.png", "type": "Missing Fixture", "reason": "Ankle Injury"}, "team": {"id": 167, "name": "1899 Hoffenheim", "logo": "https://media.api-sports.io/football/teams/167.png"}, "fixture": {"id": 1388340, "timezone": "UTC", "date": "2025-09-20T13:30:00+00:00", "timestamp": 1758375000}, "league": {"id": 78, "season": 2025, "name": "Bundesliga", "country": "Germany", "logo": "https://media.api-sports.io/football/leagues/78.png", "flag": "https://media.api-sports.io/flags/de.svg"}}, {"player": {"id": 66019, "name": "A. Hlozek", "photo": "https://media.api-sports.io/football/players/66019.png", "type": "Missing Fixture", "reason": "Foot Injury"}, "team": {"id": 167, "name": "1899 Hoffenheim", "logo": "https://media.api-sports.io/football/teams/167.png"}, "fixture": {"id": 1388340, "timezone": "UTC", "date": "2025-09-20T13:30:00+00:00", "timestamp": 1758375000}, "league": {"id": 78, "season": 2025, "name": "Bundesliga", "country": "Germany", "logo": "https://media.api-sports.io/football/leagues/78.png", "flag": "https://media.api-sports.io/flags/de.svg"}}, {"player": {"id": 26300, "name": "O. Kabak", "photo": "https://media.api-sports.io/football/players/26300.png", "type": "Missing Fixture", "reason": "Knee Injury"}, "team": {"id": 167, "name": "1899 Hoffenheim", "logo": "https://media.api-sports.io/football/teams/167.png"}, "fixture": {"id": 1388340, "timezone": "UTC", "date": "2025-09-20T13:30:00+00:00", "timestamp": 1758375000}, "league": {"id": 78, "season": 2025, "name": "Bundesliga", "country": "Germany", "logo": "https://media.api-sports.io/football/leagues/78.png", "flag": "https://media.api-sports.io/flags/de.svg"}}, {"player": {"id": 33067, "name": "K. Machida", "photo": "https://media.api-sports.io/football/players/33067.png", "type": "Missing Fixture", "reason": "Knee Injury"}, "team": {"id": 167, "name": "1899 Hoffenheim", "logo": "https://media.api-sports.io/football/teams/167.png"}, "fixture": {"id": 1388340, "timezone": "UTC", "date": "2025-09-20T13:30:00+00:00", "timestamp": 1758375000}, "league": {"id": 78, "season": 2025, "name": "Bundesliga", "country": "Germany", "logo": "https://media.api-sports.io/football/leagues/78.png", "flag": "https://media.api-sports.io/flags/de.svg"}}, {"player": {"id": 127631, "name": "V. Gendrey", "photo": "https://media.api-sports.io/football/players/127631.png", "type": "Missing Fixture", "reason": "Ankle Injury"}, "team": {"id": 167, "name": "1899 Hoffenheim", "logo": "https://media.api-sports.io/football/teams/167.png"}, "fixture": {"id": 1388347, "timezone": "UTC", "date": "2025-09-28T13:30:00+00:00", "timestamp": 1759066200}, "league": {"id": 78, "season": 2025, "name": "Bundesliga", "country": "Germany", "logo": "https://media.api-sports.io/football/leagues/78.png", "flag": "https://media.api-sports.io/flags/de.svg"}}, {"player": {"id": 66019, "name": "A. Hlozek", "photo": "https://media.api-sports.io/football/players/66019.png", "type": "Missing Fixture", "reason": "Foot Injury"}, "team": {"id": 167, "name": "1899 Hoffenheim", "logo": "https://media.api-sports.io/football/teams/167.png"}, "fixture": {"id": 1388347, "timezone": "UTC", "date": "2025-09-28T13:30:00+00:00", "timestamp": 1759066200}, "league": {"id": 78, "season": 2025, "name": "Bundesliga", "country": "Germany", "logo": "https://media.api-sports.io/football/leagues/78.png", "flag": "https://media.api-sports.io/flags/de.svg"}}, {"player": {"id": 26300, "name": "O. Kabak", "photo": "https://media.api-sports.io/football/players/26300.png", "type": "Missing Fixture", "reason": "Knee Injury"}, "team": {"id": 167, "name": "1899 Hoffenheim", "logo": "https://media.api-sports.io/football/teams/167.png"}, "fixture": {"id": 1388347, "timezone": "UTC", "date": "2025-09-28T13:30:00+00:00", "timestamp": 1759066200}, "league": {"id": 78, "season": 2025, "name": "Bundesliga", "country": "Germany", "logo": "https://media.api-sports.io/football/leagues/78.png", "flag": "https://media.api-sports.io/flags/de.svg"}}, {"player": {"id": 33067, "name": "K. Machida", "photo": "https://media.api-sports.io/football/players/33067.png", "type": "Missing Fixture", "reason": "Knee Injury"}, "team": {"id": 167, "name": "1899 Hoffenheim", "logo": "https://media.api-sports.io/football/teams/167.png"}, "fixture": {"id": 1388347, "timezone": "UTC", "date": "2025-09-28T13:30:00+00:00", "timestamp": 1759066200}, "league": {"id": 78, "season": 2025, "name": "Bundesliga", "country": "Germany", "logo": "https://media.api-sports.io/football/leagues/78.png", "flag": "https://media.api-sports.io/flags/de.svg"}}, {"player": {"id": 127631, "name": "V. Gendrey", "photo": "https://media.api-sports.io/football/players/127631.png", "type": "Missing Fixture", "reason": "Ankle Injury"}, "team": {"id": 167, "name": "1899 Hoffenheim", "logo": "https://media.api-sports.io/football/teams/167.png"}, "fixture": {"id": 1388359, "timezone": "UTC", "date": "2025-10-03T18:30:00+00:00", "timestamp": 1759516200}, "league": {"id": 78, "season": 2025, "name": "Bundesliga", "country": "Germany", "logo": "https://media.api-sports.io/football/leagues/78.png", "flag": "https://media.api-sports.io/flags/de.svg"}}, {"player": {"id": 66019, "name": "A. Hlozek", "photo": "https://media.api-sports.io/football/players/66019.png", "type": "Missing Fixture", "reason": "Foot Injury"}, "team": {"id": 167, "name": "1899 Hoffenheim", "logo": "https://media.api-sports.io/football/teams/167.png"}, "fixture": {"id": 1388359, "timezone": "UTC", "date": "2025-10-03T18:30:00+00:00", "timestamp": 1759516200}, "league": {"id": 78, "season": 2025, "name": "Bundesliga", "country": "Germany", "logo": "https://media.api-sports.io/football/leagues/78.png", "flag": "https://media.api-sports.io/flags/de.svg"}}, {"player": {"id": 26300, "name": "O. Kabak", "photo": "https://media.api-sports.io/football/players/26300.png", "type": "Missing Fixture", "reason": "Knee Injury"}, "team": {"id": 167, "name": "1899 Hoffenheim", "logo": "https://media.api-sports.io/football/teams/167.png"}, "fixture": {"id": 1388359, "timezone": "UTC", "date": "2025-10-03T18:30:00+00:00", "timestamp": 1759516200}, "league": {"id": 78, "season": 2025, "name": "Bundesliga", "country": "Germany", "logo": "https://media.api-sports.io/football/leagues/78.png", "flag": "https://media.api-sports.io/flags/de.svg"}}, {"player": {"id": 33067, "name": "K. Machida", "photo": "https://media.api-sports.io/football/players/33067.png", "type": "Missing Fixture", "reason": "Knee Injury"}, "team": {"id": 167, "name": "1899 Hoffenheim", "logo": "https://media.api-sports.io/football/teams/167.png"}, "fixture": {"id": 1388359, "timezone": "UTC", "date": "2025-10-03T18:30:00+00:00", "timestamp": 1759516200}, "league": {"id": 78, "season": 2025, "name": "Bundesliga", "country": "Germany", "logo": "https://media.api-sports.io/football/leagues/78.png", "flag": "https://media.api-sports.io/flags/de.svg"}}, {"player": {"id": 127631, "name": "V. Gendrey", "photo": "https://media.api-sports.io/football/players/127631.png", "type": "Missing Fixture", "reason": "Ankle Injury"}, "team": {"id": 167, "name": "1899 Hoffenheim", "logo": "https://media.api-sports.io/football/teams/167.png"}, "fixture": {"id": 1388368, "timezone": "UTC", "date": "2025-10-19T15:30:00+00:00", "timestamp": 1760887800}, "league": {"id": 78, "season": 2025, "name": "Bundesliga", "country": "Germany", "logo": "https://media.api-sports.io/football/leagues/78.png", "flag": "https://media.api-sports.io/flags/de.svg"}}, {"player": {"id": 66019, "name": "A. Hlozek", "photo": "https://media.api-sports.io/football/players/66019.png", "type": "Missing Fixture", "reason": "Foot Injury"}, "team": {"id": 167, "name": "1899 Hoffenheim", "logo": "https://media.api-sports.io/football/teams/167.png"}, "fixture": {"id": 1388368, "timezone": "UTC", "date": "2025-10-19T15:30:00+00:00", "timestamp": 1760887800}, "league": {"id": 78, "season": 2025, "name": "Bundesliga", "country": "Germany", "logo": "https://media.api-sports.io/football/leagues/78.png", "flag": "https://media.api-sports.io/flags/de.svg"}}, {"player": {"id": 33067, "name": "K. Machida", "photo": "https://media.api-sports.io/football/players/33067.png", "type": "Missing Fixture", "reason": "Knee Injury"}, "team": {"id": 167, "name": "1899 Hoffenheim", "logo": "https://media.api-sports.io/football/teams/167.png"}, "fixture": {"id": 1388368, "timezone": "UTC", "date": "2025-10-19T15:30:00+00:00", "timestamp": 1760887800}, "league": {"id": 78, "season": 2025, "name": "Bundesliga", "country": "Germany", "logo": "https://media.api-sports.io/football/leagues/78.png", "flag": "https://media.api-sports.io/flags/de.svg"}}, {"player": {"id": 304686, "name": "Arthur Chaves", "photo": "https://media.api-sports.io/football/players/304686.png", "type": "Missing Fixture", "reason": "Face Injury"}, "team": {"id": 167, "name": "1899 Hoffenheim", "logo": "https://media.api-sports.io/football/teams/167.png"}, "fixture": {"id": 1388377, "timezone": "UTC", "date": "2025-10-25T13:30:00+00:00", "timestamp": 1761399000}, "league": {"id": 78, "season": 2025, "name": "Bundesliga", "country": "Germany", "logo": "https://media.api-sports.io/football/leagues/78.png", "flag": "https://media.api-sports.io/flags/de.svg"}}, {"player": {"id": 127631, "name": "V. Gendrey", "photo": "https://media.api-sports.io/football/players/127631.png", "type": "Missing Fixture", "reason": "Ankle Injury"}, "team": {"id": 167, "name": "1899 Hoffenheim", "logo": "https://media.api-sports.io/football/teams/167.png"}, "fixture": {"id": 1388377, "timezone": "UTC", "date": "2025-10-25T13:30:00+00:00", "timestamp": 1761399000}, "league": {"id": 78, "season": 2025, "name": "Bundesliga", "country": "Germany", "logo": "https://media.api-sports.io/football/leagues/78.png", "flag": "https://media.api-sports.io/flags/de.svg"}}, {"player": {"id": 66019, "name": "A. Hlozek", "photo": "https://media.api-sports.io/football/players/66019.png", "type": "Missing Fixture", "reason": "Foot Injury"}, "team": {"id": 167, "name": "1899 Hoffenheim", "logo": "https://media.api-sports.io/football/teams/167.png"}, "fixture": {"id": 1388377, "timezone": "UTC", "date": "2025-10-25T13:30:00+00:00", "timestamp": 1761399000}, "league": {"id": 78, "season": 2025, "name": "Bundesliga", "country": "Germany", "logo": "https://media.api-sports.io/football/leagues/78.png", "flag": "https://media.api-sports.io/flags/de.svg"}}, {"player": {"id": 33067, "name": "K. Machida", "photo": "https://media.api-sports.io/football/players/33067.png", "type": "Missing Fixture", "reason": "Knee Injury"}, "team": {"id": 167, "name": "1899 Hoffenheim", "logo": "https://media.api-sports.io/football/teams/167.png"}, "fixture": {"id": 1388377, "timezone": "UTC", "date": "2025-10-25T13:30:00+00:00", "timestamp": 1761399000}, "league": {"id": 78, "season": 2025, "name": "Bundesliga", "country": "Germany", "logo": "https://media.api-sports.io/football/leagues/78.png", "flag": "https://media.api-sports.io/flags/de.svg"}}, {"player": {"id": 127631, "name": "V. Gendrey", "photo": "https://media.api-sports.io/football/players/127631.png", "type": "Missing Fixture", "reason": "Ankle Injury"}, "team": {"id": 167, "name": "1899 Hoffenheim", "logo": "https://media.api-sports.io/football/teams/167.png"}, "fixture": {"id": 1388388, "timezone": "UTC", "date": "2025-11-02T16:30:00+00:00", "timestamp": 1762101000}, "league": {"id": 78, "season": 2025, "name": "Bundesliga", "country": "Germany", "logo": "https://media.api-sports.io/football/leagues/78.png", "flag": "https://media.api-sports.io/flags/de.svg"}}, {"player": {"id": 66019, "name": "A. Hlozek", "photo": "https://media.api-sports.io/football/players/66019.png", "type": "Missing Fixture", "reason": "Foot Injury"}, "team": {"id": 167, "name": "1899 Hoffenheim", "logo": "https://media.api-sports.io/football/teams/167.png"}, "fixture": {"id": 1388388, "timezone": "UTC", "date": "2025-11-02T16:30:00+00:00", "timestamp": 1762101000}, "league": {"id": 78, "season": 2025, "name": "Bundesliga", "country": "Germany", "logo": "https://media.api-sports.io/football/leagues/78.png", "flag": "https://media.api-sports.io/flags/de.svg"}}, {"player": {"id": 33067, "name": "K. Machida", "photo": "https://media.api-sports.io/football/players/33067.png", "type": "Missing Fixture", "reason": "Knee Injury"}, "team": {"id": 167, "name": "1899 Hoffenheim", "logo": "https://media.api-sports.io/football/teams/167.png"}, "fixture": {"id": 1388388, "timezone": "UTC", "date": "2025-11-02T16:30:00+00:00", "timestamp": 1762101000}, "league": {"id": 78, "season": 2025, "name": "Bundesliga", "country": "Germany", "logo": "https://media.api-sports.io/football/leagues/78.png", "flag": "https://media.api-sports.io/flags/de.svg"}}, {"player": {"id": 304686, "name": "Arthur Chaves", "photo": "https://media.api-sports.io/football/players/304686.png", "type": "Questionable", "reason": "Face Injury"}, "team": {"id": 167, "name": "1899 Hoffenheim", "logo": "https://media.api-sports.io/football/teams/167.png"}, "fixture": {"id": 1388388, "timezone": "UTC", "date": "2025-11-02T16:30:00+00:00", "timestamp": 1762101000}, "league": {"id": 78, "season": 2025, "name": "Bundesliga", "country": "Germany", "logo": "https://media.api-sports.io/football/leagues/78.png", "flag": "https://media.api-sports.io/flags/de.svg"}}, {"player": {"id": 127631, "name": "V. Gendrey", "photo": "https://media.api-sports.io/football/players/127631.png", "type": "Missing Fixture", "reason": "Ankle Injury"}, "team": {"id": 167, "name": "1899 Hoffenheim", "logo": "https://media.api-sports.io/football/teams/167.png"}, "fixture": {"id": 1388394, "timezone": "UTC", "date": "2025-11-08T14:30:00+00:00", "timestamp": 1762612200}, "league": {"id": 78, "season": 2025, "name": "Bundesliga", "country": "Germany", "logo": "https://media.api-sports.io/football/leagues/78.png", "flag": "https://media.api-sports.io/flags/de.svg"}}, {"player": {"id": 66019, "name": "A. Hlozek", "photo": "https://media.api-sports.io/football/players/66019.png", "type": "Missing Fixture", "reason": "Foot Injury"}, "team": {"id": 167, "name": "1899 Hoffenheim", "logo": "https://media.api-sports.io/football/teams/167.png"}, "fixture": {"id": 1388394, "timezone": "UTC", "date": "2025-11-08T14:30:00+00:00", "timestamp": 1762612200}, "league": {"id": 78, "season": 2025, "name": "Bundesliga", "country": "Germany", "logo": "https://media.api-sports.io/football/leagues/78.png", "flag": "https://media.api-sports.io/flags/de.svg"}}, {"player": {"id": 33067, "name": "K. Machida", "photo": "https://media.api-sports.io/football/players/33067.png", "type": "Missing Fixture", "reason": "Knee Injury"}, "team": {"id": 167, "name": "1899 Hoffenheim", "logo": "https://media.api-sports.io/football/teams/167.png"}, "fixture": {"id": 1388394, "timezone": "UTC", "date": "2025-11-08T14:30:00+00:00", "timestamp": 1762612200}, "league": {"id": 78, "season": 2025, "name": "Bundesliga", "country": "Germany", "logo": "https://media.api-sports.io/football/leagues/78.png", "flag": "https://media.api-sports.io/flags/de.svg"}}, {"player": {"id": 33067, "name": "K. Machida", "photo": "https://media.api-sports.io/football/players/33067.png", "type": "Missing Fixture", "reason": "Knee Injury"}, "team": {"id": 167, "name": "1899 Hoffenheim", "logo": "https://media.api-sports.io/football/teams/167.png"}, "fixture": {"id": 1388403, "timezone": "UTC", "date": "2025-11-21T19:30:00+00:00", "timestamp": 1763753400}, "league": {"id": 78, "season": 2025, "name": "Bundesliga", "country": "Germany", "logo": "https://media.api-sports.io/football/leagues/78.png", "flag": "https://media.api-sports.io/flags/de.svg"}}, {"player": {"id": 66019, "name": "A. Hlozek", "photo": "https://media.api-sports.io/football/players/66019.png", "type": "Questionable", "reason": "Foot Injury"}, "team": {"id": 167, "name": "1899 Hoffenheim", "logo": "https://media.api-sports.io/football/teams/167.png"}, "fixture": {"id": 1388403, "timezone": "UTC", "date": "2025-11-21T19:30:00+00:00", "timestamp": 1763753400}, "league": {"id": 78, "season": 2025, "name": "Bundesliga", "country": "Germany", "logo": "https://media.api-sports.io/football/leagues/78.png", "flag": "https://media.api-sports.io/flags/de.svg"}}, {"player": {"id": 33067, "name": "K. Machida", "photo": "https://media.api-sports.io/football/players/33067.png", "type": "Missing Fixture", "reason": "Knee Injury"}, "team": {"id": 167, "name": "1899 Hoffenheim", "logo": "https://media.api-sports.io/football/teams/167.png"}, "fixture": {"id": 1388413, "timezone": "UTC", "date": "2025-11-29T14:30:00+00:00", "timestamp": 1764426600}, "league": {"id": 78, "season": 2025, "name": "Bundesliga", "country": "Germany", "logo": "https://media.api-sports.io/football/leagues/78.png", "flag": "https://media.api-sports.io/flags/de.svg"}}, {"player": {"id": 33067, "name": "K. Machida", "photo": "https://media.api-sports.io/football/players/33067.png", "type": "Missing Fixture", "reason": "Knee Injury"}, "team": {"id": 167, "name": "1899 Hoffenheim", "logo": "https://media.api-sports.io/football/teams/167.png"}, "fixture": {"id": 1388417, "timezone": "UTC", "date": "2025-12-07T16:30:00+00:00", "timestamp": 1765125000}, "league": {"id": 78, "season": 2025, "name": "Bundesliga", "country": "Germany", "logo": "https://media.api-sports.io/football/leagues/78.png", "flag": "https://media.api-sports.io/flags/de.svg"}}, {"player": {"id": 18964, "name": "Bernardo", "photo": "https://media.api-sports.io/football/players/18964.png", "type": "Missing Fixture", "reason": "Yellow Cards"}, "team": {"id": 167, "name": "1899 Hoffenheim", "logo": "https://media.api-sports.io/football/teams/167.png"}, "fixture": {"id": 1388430, "timezone": "UTC", "date": "2025-12-13T14:30:00+00:00", "timestamp": 1765636200}, "league": {"id": 78, "season": 2025, "name": "Bundesliga", "country": "Germany", "logo": "https://media.api-sports.io/football/leagues/78.png", "flag": "https://media.api-sports.io/flags/de.svg"}}, {"player": {"id": 33067, "name": "K. Machida", "photo": "https://media.api-sports.io/football/players/33067.png", "type": "Missing Fixture", "reason": "Knee Injury"}, "team": {"id": 167, "name": "1899 Hoffenheim", "logo": "https://media.api-sports.io/football/teams/167.png"}, "fixture": {"id": 1388430, "timezone": "UTC", "date": "2025-12-13T14:30:00+00:00", "timestamp": 1765636200}, "league": {"id": 78, "season": 2025, "name": "Bundesliga", "country": "Germany", "logo": "https://media.api-sports.io/football/leagues/78.png", "flag": "https://media.api-sports.io/flags/de.svg"}}, {"player": {"id": 33067, "name": "K. Machida", "photo": "https://media.api-sports.io/football/players/33067.png", "type": "Missing Fixture", "reason": "Knee Injury"}, "team": {"id": 167, "name": "1899 Hoffenheim", "logo": "https://media.api-sports.io/football/teams/167.png"}, "fixture": {"id": 1388441, "timezone": "UTC", "date": "2025-12-20T14:30:00+00:00", "timestamp": 1766241000}, "league": {"id": 78, "season": 2025, "name": "Bundesliga", "country": "Germany", "logo": "https://media.api-sports.io/football/leagues/78.png", "flag": "https://media.api-sports.io/flags/de.svg"}}, {"player": {"id": 387643, "name": "B. Toure", "photo": "https://media.api-sports.io/football/players/387643.png", "type": "Missing Fixture", "reason": "International duty"}, "team": {"id": 167, "name": "1899 Hoffenheim", "logo": "https://media.api-sports.io/football/teams/167.png"}, "fixture": {"id": 1388441, "timezone": "UTC", "date": "2025-12-20T14:30:00+00:00", "timestamp": 1766241000}, "league": {"id": 78, "season": 2025, "name": "Bundesliga", "country": "Germany", "logo": "https://media.api-sports.io/football/leagues/78.png", "flag": "https://media.api-sports.io/flags/de.svg"}}, {"player": {"id": 66019, "name": "A. Hlozek", "photo": "https://media.api-sports.io/football/players/66019.png", "type": "Missing Fixture", "reason": "Calf Injury"}, "team": {"id": 167, "name": "1899 Hoffenheim", "logo": "https://media.api-sports.io/football/teams/167.png"}, "fixture": {"id": 1388465, "timezone": "UTC", "date": "2026-01-17T14:30:00+00:00", "timestamp": 1768660200}, "league": {"id": 78, "season": 2025, "name": "Bundesliga", "country": "Germany", "logo": "https://media.api-sports.io/football/leagues/78.png", "flag": "https://media.api-sports.io/flags/de.svg"}}, {"player": {"id": 33067, "name": "K. Machida", "photo": "https://media.api-sports.io/football/players/33067.png", "type": "Missing Fixture", "reason": "Knee Injury"}, "team": {"id": 167, "name": "1899 Hoffenheim", "logo": "https://media.api-sports.io/football/teams/167.png"}, "fixture": {"id": 1388465, "timezone": "UTC", "date": "2026-01-17T14:30:00+00:00", "timestamp": 1768660200}, "league": {"id": 78, "season": 2025, "name": "Bundesliga", "country": "Germany", "logo": "https://media.api-sports.io/football/leagues/78.png", "flag": "https://media.api-sports.io/flags/de.svg"}}, {"player": {"id": 328617, "name": "C. Campbell", "photo": "https://media.api-sports.io/football/players/328617.png", "type": "Missing Fixture", "reason": "Ankle Injury"}, "team": {"id": 167, "name": "1899 Hoffenheim", "logo": "https://media.api-sports.io/football/teams/167.png"}, "fixture": {"id": 1388473, "timezone": "UTC", "date": "2026-01-24T14:30:00+00:00", "timestamp": 1769265000}, "league": {"id": 78, "season": 2025, "name": "Bundesliga", "country": "Germany", "logo": "https://media.api-sports.io/football/leagues/78.png", "flag": "https://media.api-sports.io/flags/de.svg"}}, {"player": {"id": 66019, "name": "A. Hlozek", "photo": "https://media.api-sports.io/football/players/66019.png", "type": "Missing Fixture", "reason": "Calf Injury"}, "team": {"id": 167, "name": "1899 Hoffenheim", "logo": "https://media.api-sports.io/football/teams/167.png"}, "fixture": {"id": 1388473, "timezone": "UTC", "date": "2026-01-24T14:30:00+00:00", "timestamp": 1769265000}, "league": {"id": 78, "season": 2025, "name": "Bundesliga", "country": "Germany", "logo": "https://media.api-sports.io/football/leagues/78.png", "flag": "https://media.api-sports.io/flags/de.svg"}}, {"player": {"id": 33067, "name": "K. Machida", "photo": "https://media.api-sports.io/football/players/33067.png", "type": "Missing Fixture", "reason": "Knee Injury"}, "team": {"id": 167, "name": "1899 Hoffenheim", "logo": "https://media.api-sports.io/football/teams/167.png"}, "fixture": {"id": 1388473, "timezone": "UTC", "date": "2026-01-24T14:30:00+00:00", "timestamp": 1769265000}, "league": {"id": 78, "season": 2025, "name": "Bundesliga", "country": "Germany", "logo": "https://media.api-sports.io/football/leagues/78.png", "flag": "https://media.api-sports.io/flags/de.svg"}}, {"player": {"id": 328617, "name": "C. Campbell", "photo": "https://media.api-sports.io/football/players/328617.png", "type": "Missing Fixture", "reason": "Ankle Injury"}, "team": {"id": 167, "name": "1899 Hoffenheim", "logo": "https://media.api-sports.io/football/teams/167.png"}, "fixture": {"id": 1388451, "timezone": "UTC", "date": "2026-01-27T19:30:00+00:00", "timestamp": 1769542200}, "league": {"id": 78, "season": 2025, "name": "Bundesliga", "country": "Germany", "logo": "https://media.api-sports.io/football/leagues/78.png", "flag": "https://media.api-sports.io/flags/de.svg"}}, {"player": {"id": 66019, "name": "A. Hlozek", "photo": "https://media.api-sports.io/football/players/66019.png", "type": "Missing Fixture", "reason": "Calf Injury"}, "team": {"id": 167, "name": "1899 Hoffenheim", "logo": "https://media.api-sports.io/football/teams/167.png"}, "fixture": {"id": 1388451, "timezone": "UTC", "date": "2026-01-27T19:30:00+00:00", "timestamp": 1769542200}, "league": {"id": 78, "season": 2025, "name": "Bundesliga", "country": "Germany", "logo": "https://media.api-sports.io/football/leagues/78.png", "flag": "https://media.api-sports.io/flags/de.svg"}}, {"player": {"id": 33067, "name": "K. Machida", "photo": "https://media.api-sports.io/football/players/33067.png", "type": "Missing Fixture", "reason": "Knee Injury"}, "team": {"id": 167, "name": "1899 Hoffenheim", "logo": "https://media.api-sports.io/football/teams/167.png"}, "fixture": {"id": 1388451, "timezone": "UTC", "date": "2026-01-27T19:30:00+00:00", "timestamp": 1769542200}, "league": {"id": 78, "season": 2025, "name": "Bundesliga", "country": "Germany", "logo": "https://media.api-sports.io/football/leagues/78.png", "flag": "https://media.api-sports.io/flags/de.svg"}}, {"player": {"id": 37153, "name": "W. Burger", "photo": "https://media.api-sports.io/football/players/37153.png", "type": "Missing Fixture", "reason": "Red Card"}, "team": {"id": 167, "name": "1899 Hoffenheim", "logo": "https://media.api-sports.io/football/teams/167.png"}, "fixture": {"id": 1388484, "timezone": "UTC", "date": "2026-01-31T14:30:00+00:00", "timestamp": 1769869800}, "league": {"id": 78, "season": 2025, "name": "Bundesliga", "country": "Germany", "logo": "https://media.api-sports.io/football/leagues/78.png", "flag": "https://media.api-sports.io/flags/de.svg"}}, {"player": {"id": 328617, "name": "C. Campbell", "photo": "https://media.api-sports.io/football/players/328617.png", "type": "Missing Fixture", "reason": "Ankle Injury"}, "team": {"id": 167, "name": "1899 Hoffenheim", "logo": "https://media.api-sports.io/football/teams/167.png"}, "fixture": {"id": 1388484, "timezone": "UTC", "date": "2026-01-31T14:30:00+00:00", "timestamp": 1769869800}, "league": {"id": 78, "season": 2025, "name": "Bundesliga", "country": "Germany", "logo": "https://media.api-sports.io/football/leagues/78.png", "flag": "https://media.api-sports.io/flags/de.svg"}}, {"player": {"id": 66019, "name": "A. Hlozek", "photo": "https://media.api-sports.io/football/players/66019.png", "type": "Missing Fixture", "reason": "Calf Injury"}, "team": {"id": 167, "name": "1899 Hoffenheim", "logo": "https://media.api-sports.io/football/teams/167.png"}, "fixture": {"id": 1388484, "timezone": "UTC", "date": "2026-01-31T14:30:00+00:00", "timestamp": 1769869800}, "league": {"id": 78, "season": 2025, "name": "Bundesliga", "country": "Germany", "logo": "https://media.api-sports.io/football/leagues/78.png", "flag": "https://media.api-sports.io/flags/de.svg"}}, {"player": {"id": 33067, "name": "K. Machida", "photo": "https://media.api-sports.io/football/players/33067.png", "type": "Missing Fixture", "reason": "Knee Injury"}, "team": {"id": 167, "name": "1899 Hoffenheim", "logo": "https://media.api-sports.io/football/teams/167.png"}, "fixture": {"id": 1388484, "timezone": "UTC", "date": "2026-01-31T14:30:00+00:00", "timestamp": 1769869800}, "league": {"id": 78, "season": 2025, "name": "Bundesliga", "country": "Germany", "logo": "https://media.api-sports.io/football/leagues/78.png", "flag": "https://media.api-sports.io/flags/de.svg"}}, {"player": {"id": 18964, "name": "Bernardo", "photo": "https://media.api-sports.io/football/players/18964.png", "type": "Missing Fixture", "reason": "Injury"}, "team": {"id": 167, "name": "1899 Hoffenheim", "logo": "https://media.api-sports.io/football/teams/167.png"}, "fixture": {"id": 1388488, "timezone": "UTC", "date": "2026-02-08T16:30:00+00:00", "timestamp": 1770568200}, "league": {"id": 78, "season": 2025, "name": "Bundesliga", "country": "Germany", "logo": "https://media.api-sports.io/football/leagues/78.png", "flag": "https://media.api-sports.io/flags/de.svg"}}, {"player": {"id": 37153, "name": "W. Burger", "photo": "https://media.api-sports.io/football/players/37153.png", "type": "Missing Fixture", "reason": "Red Card"}, "team": {"id": 167, "name": "1899 Hoffenheim", "logo": "https://media.api-sports.io/football/teams/167.png"}, "fixture": {"id": 1388488, "timezone": "UTC", "date": "2026-02-08T16:30:00+00:00", "timestamp": 1770568200}, "league": {"id": 78, "season": 2025, "name": "Bundesliga", "country": "Germany", "logo": "https://media.api-sports.io/football/leagues/78.png", "flag": "https://media.api-sports.io/flags/de.svg"}}, {"player": {"id": 328617, "name": "C. Campbell", "photo": "https://media.api-sports.io/football/players/328617.png", "type": "Missing Fixture", "reason": "Ankle Injury"}, "team": {"id": 167, "name": "1899 Hoffenheim", "logo": "https://media.api-sports.io/football/teams/167.png"}, "fixture": {"id": 1388488, "timezone": "UTC", "date": "2026-02-08T16:30:00+00:00", "timestamp": 1770568200}, "league": {"id": 78, "season": 2025, "name": "Bundesliga", "country": "Germany", "logo": "https://media.api-sports.io/football/leagues/78.png", "flag": "https://media.api-sports.io/flags/de.svg"}}, {"player": {"id": 66019, "name": "A. Hlozek", "photo": "https://media.api-sports.io/football/players/66019.png", "type": "Missing Fixture", "reason": "Calf Injury"}, "team": {"id": 167, "name": "1899 Hoffenheim", "logo": "https://media.api-sports.io/football/teams/167.png"}, "fixture": {"id": 1388488, "timezone": "UTC", "date": "2026-02-08T16:30:00+00:00", "timestamp": 1770568200}, "league": {"id": 78, "season": 2025, "name": "Bundesliga", "country": "Germany", "logo": "https://media.api-sports.io/football/leagues/78.png", "flag": "https://media.api-sports.io/flags/de.svg"}}, {"player": {"id": 162964, "name": "R. Hranac", "photo": "https://media.api-sports.io/football/players/162964.png", "type": "Missing Fixture", "reason": "Illness"}, "team": {"id": 167, "name": "1899 Hoffenheim", "logo": "https://media.api-sports.io/football/teams/167.png"}, "fixture": {"id": 1388488, "timezone": "UTC", "date": "2026-02-08T16:30:00+00:00", "timestamp": 1770568200}, "league": {"id": 78, "season": 2025, "name": "Bundesliga", "country": "Germany", "logo": "https://media.api-sports.io/football/leagues/78.png", "flag": "https://media.api-sports.io/flags/de.svg"}}, {"player": {"id": 33067, "name": "K. Machida", "photo": "https://media.api-sports.io/football/players/33067.png", "type": "Missing Fixture", "reason": "Knee Injury"}, "team": {"id": 167, "name": "1899 Hoffenheim", "logo": "https://media.api-sports.io/football/teams/167.png"}, "fixture": {"id": 1388488, "timezone": "UTC", "date": "2026-02-08T16:30:00+00:00", "timestamp": 1770568200}, "league": {"id": 78, "season": 2025, "name": "Bundesliga", "country": "Germany", "logo": "https://media.api-sports.io/football/leagues/78.png", "flag": "https://media.api-sports.io/flags/de.svg"}}, {"player": {"id": 203040, "name": "T. Lemperle", "photo": "https://media.api-sports.io/football/players/203040.png", "type": "Questionable", "reason": "Injury"}, "team": {"id": 167, "name": "1899 Hoffenheim", "logo": "https://media.api-sports.io/football/teams/167.png"}, "fixture": {"id": 1388488, "timezone": "UTC", "date": "2026-02-08T16:30:00+00:00", "timestamp": 1770568200}, "league": {"id": 78, "season": 2025, "name": "Bundesliga", "country": "Germany", "logo": "https://media.api-sports.io/football/leagues/78.png", "flag": "https://media.api-sports.io/flags/de.svg"}}, {"player": {"id": 25366, "name": "K. Akpoguma", "photo": "https://media.api-sports.io/football/players/25366.png", "type": "Missing Fixture", "reason": "Red Card"}, "team": {"id": 167, "name": "1899 Hoffenheim", "logo": "https://media.api-sports.io/football/teams/167.png"}, "fixture": {"id": 1388502, "timezone": "UTC", "date": "2026-02-14T14:30:00+00:00", "timestamp": 1771079400}, "league": {"id": 78, "season": 2025, "name": "Bundesliga", "country": "Germany", "logo": "https://media.api-sports.io/football/leagues/78.png", "flag": "https://media.api-sports.io/flags/de.svg"}}, {"player": {"id": 18964, "name": "Bernardo", "photo": "https://media.api-sports.io/football/players/18964.png", "type": "Missing Fixture", "reason": "Injury"}, "team": {"id": 167, "name": "1899 Hoffenheim", "logo": "https://media.api-sports.io/football/teams/167.png"}, "fixture": {"id": 1388502, "timezone": "UTC", "date": "2026-02-14T14:30:00+00:00", "timestamp": 1771079400}, "league": {"id": 78, "season": 2025, "name": "Bundesliga", "country": "Germany", "logo": "https://media.api-sports.io/football/leagues/78.png", "flag": "https://media.api-sports.io/flags/de.svg"}}, {"player": {"id": 328617, "name": "C. Campbell", "photo": "https://media.api-sports.io/football/players/328617.png", "type": "Missing Fixture", "reason": "Ankle Injury"}, "team": {"id": 167, "name": "1899 Hoffenheim", "logo": "https://media.api-sports.io/football/teams/167.png"}, "fixture": {"id": 1388502, "timezone": "UTC", "date": "2026-02-14T14:30:00+00:00", "timestamp": 1771079400}, "league": {"id": 78, "season": 2025, "name": "Bundesliga", "country": "Germany", "logo": "https://media.api-sports.io/football/leagues/78.png", "flag": "https://media.api-sports.io/flags/de.svg"}}, {"player": {"id": 66019, "name": "A. Hlozek", "photo": "https://media.api-sports.io/football/players/66019.png", "type": "Missing Fixture", "reason": "Calf Injury"}, "team": {"id": 167, "name": "1899 Hoffenheim", "logo": "https://media.api-sports.io/football/teams/167.png"}, "fixture": {"id": 1388502, "timezone": "UTC", "date": "2026-02-14T14:30:00+00:00", "timestamp": 1771079400}, "league": {"id": 78, "season": 2025, "name": "Bundesliga", "country": "Germany", "logo": "https://media.api-sports.io/football/leagues/78.png", "flag": "https://media.api-sports.io/flags/de.svg"}}, {"player": {"id": 203040, "name": "T. Lemperle", "photo": "https://media.api-sports.io/football/players/203040.png", "type": "Missing Fixture", "reason": "Ankle Injury"}, "team": {"id": 167, "name": "1899 Hoffenheim", "logo": "https://media.api-sports.io/football/teams/167.png"}, "fixture": {"id": 1388502, "timezone": "UTC", "date": "2026-02-14T14:30:00+00:00", "timestamp": 1771079400}, "league": {"id": 78, "season": 2025, "name": "Bundesliga", "country": "Germany", "logo": "https://media.api-sports.io/football/leagues/78.png", "flag": "https://media.api-sports.io/flags/de.svg"}}, {"player": {"id": 33067, "name": "K. Machida", "photo": "https://media.api-sports.io/football/players/33067.png", "type": "Missing Fixture", "reason": "Knee Injury"}, "team": {"id": 167, "name": "1899 Hoffenheim", "logo": "https://media.api-sports.io/football/teams/167.png"}, "fixture": {"id": 1388502, "timezone": "UTC", "date": "2026-02-14T14:30:00+00:00", "timestamp": 1771079400}, "league": {"id": 78, "season": 2025, "name": "Bundesliga", "country": "Germany", "logo": "https://media.api-sports.io/football/leagues/78.png", "flag": "https://media.api-sports.io/flags/de.svg"}}]}