{"get": "fixtures", "parameters": {"league": "2", "season": "2025", "date": "2026-02-17"}, "errors": [], "results": 4, "paging": {"current": 1, "total": 1}, "response": [{"fixture": {"id": 1515514, "referee": "D. Makkelie", "timezone": "UTC", "date": "2026-02-17T17:45:00+00:00", "timestamp": 1771350300, "periods": {"first": null, "second": null}, "venue": {"id": null, "name": "Rams Park", "city": "Istanbul"}, "status": {"long": "Not Started", "short": "NS", "elapsed": null, "extra": null}}, "league": {"id": 2, "name": "UEFA Champions League", "country": "World", "logo": "https://media.api-sports.io/football/leagues/2.png", "flag": null, "season": 2025, "round": "Round of 32", "standings": true}, "teams": {"home": {"id": 645, "name": "Galatasaray", "logo": "https://media.api-sports.io/football/teams/645.png", "winner": null}, "away": {"id": 496, "name": "Juventus", "logo": "https://media.api-sports.io/football/teams/496.png", "winner": null}}, "goals": {"home": null, "away": null}, "score": {"halftime": {"home": null, "away": null}, "fulltime": {"home": null, "away": null}, "extratime": {"home": null, "away": null}, "penalty": {"home": null, "away": null}}}, {"fixture": {"id": 1515517, "referee": "J. Manzano", "timezone": "UTC", "date": "2026-02-17T20:00:00+00:00", "timestamp": 1771358400, "periods": {"first": null, "second": null}, "venue": {"id": null, "name": "Stade Louis II", "city": "Monaco"}, "status": {"long": "Not Started", "short": "NS", "elapsed": null, "extra": null}}, "league": {"id": 2, "name": "UEFA Champions League", "country": "World", "logo": "https://media.api-sports.io/football/leagues/2.png", "flag": null, "season": 2025, "round": "Round of 32", "standings": true}, "teams": {"home": {"id": 91, "name": "Monaco", "logo": "https://media.api-sports.io/football/teams/91.png", "winner": null}, "away": {"id": 85, "name": "Paris Saint Germain", "logo": "https://media.api-sports.io/football/teams/85.png", "winner": null}}, "goals": {"home": null, "away": null}, "score": {"halftime": {"home": null, "away": null}, "fulltime": {"home": null, "away": null}, "extratime": {"home": null, "away": null}, "penalty": {"home": null, "away": null}}}, {"fixture": {"id": 1515516, "referee": "S. Gozubuyuk", "timezone": "UTC", "date": "2026-02-17T20:00:00+00:00", "timestamp": 1771358400, "periods": {"first": null, "second": null}, "venue": {"id": null, "name": "Signal Iduna Park", "city": "Dortmund"}, "status": {"long": "Not Started", "short": "NS", "elapsed": null, "extra": null}}, "league": {"id": 2, "name": "UEFA Champions League", "country": "World", "logo": "https://media.api-sports.io/football/leagues/2.png", "flag": null, "season": 2025, "round": "Round of 32", "standings": true}, "teams": {"home": {"id": 165, "name": "Borussia Dortmund", "logo": "https://media.api-sports.io/football/teams/165.png", "winner": null}, "away": {"id": 499, "name": "Atalanta", "logo": "https://media.api-sports.io/football/teams/499.png", "winner": null}}, "goals": {"home": null, "away": null}, "score": {"halftime": {"home": null, "away": null}, "fulltime": {"home": null, "away": null}, "extratime": {"home": null, "away": null}, "penalty": {"home": null, "away": null}}}, {"fixture": {"id": 1515515, "referee": "F. Letexier", "timezone": "UTC", "date": "2026-02-17T20:00:00+00:00", "timestamp": 1771358400, "periods": {"first": null, "second": null}, "venue": {"id": null, "name": null, "city": "Lisbon"}, "status": {"long": "Not Started", "short": "NS", "elapsed": null, "extra": null}}, "league": {"id": 2, "name": "UEFA Champions League", "country": "World", "logo": "https://media.api-sports.io/football/leagues/2.png", "flag": null, "season": 2025, "round": "Round of 32", "standings": true}, "teams": {"home": {"id": 211, "name": "Benfica", "logo": "https://media.api-sports.io/football/teams/211.png", "winner": null}, "away": {"id": 541, "name": "Real Madrid", "logo": "https://media.api-sports.io/football/teams/541.png", "winner": null}}, "goals": {"home": null, "away": null}, "score": {"halftime": {"home": null, "away": null}, "fulltime": {"home": null, "away": null}, "extratime": {"home": null, "away": null}, "penalty": {"home": null, "away": null}}}]}