{"get": "fixtures", "parameters": {"league": "135", "season": "2025", "team": "503", "status": "FT", "last": "10"}, "errors": [], "results": 10, "paging": {"current": 1, "total": 1}, "response": [{"fixture": {"id": 1378096, "referee": "Andrea Colombo, Italy", "timezone": "UTC", "date": "2026-02-07T19:45:00+00:00", "timestamp": 1770493500, "periods": {"first": 1770493500, "second": 1770497100}, "venue": {"id": null, "name": "Stadio Artemio Franchi", "city": "Florence"}, "status": {"long": "Match Finished", "short": "FT", "elapsed": 90, "extra": 7}}, "league": {"id": 135, "name": "Serie A", "country": "Italy", "logo": "https://media.api-sports.io/football/leagues/135.png", "flag": "https://media.api-sports.io/flags/it.svg", "season": 2025, "round": "Regular Season - 24", "standings": true}, "teams": {"home": {"id": 502, "name": "Fiorentina", "logo": "https://media.api-sports.io/football/teams/502.png", "winner": null}, "away": {"id": 503, "name": "Torino", "logo": "https://media.api-sports.io/football/teams/503.png", "winner": null}}, "goals": {"home": 2, "away": 2}, "score": {"halftime": {"home": 0, "away": 1}, "fulltime": {"home": 2, "away": 2}, "extratime": {"home": null, "away": null}, "penalty": {"home": null, "away": null}}}, {"fixture": {"id": 1378092, "referee": "Simone Sozza, Italy", "timezone": "UTC", "date": "2026-02-01T11:30:00+00:00", "timestamp": 1769945400, "periods": {"first": 1769945400, "second": 1769949000}, "venue": {"id": null, "name": "Stadio Olimpico Grande Torino", "city": "Turin"}, "status": {"long": "Match Finished", "short": "FT", "elapsed": 90, "extra": 6}}, "league": {"id": 135, "name": "Serie A", "country": "Italy", "logo": "https://media.api-sports.io/football/leagues/135.png", "flag": "https://media.api-sports.io/flags/it.svg", "season": 2025, "round": "Regular Season - 23", "standings": true}, "teams": {"home": {"id": 503, "name": "Torino", "logo": "https://media.api-sports.io/football/teams/503.png", "winner": true}, "away": {"id": 867, "name": "Lecce", "logo": "https://media.api-sports.io/football/teams/867.png", "winner": false}}, "goals": {"home": 1, "away": 0}, "score": {"halftime": {"home": 1, "away": 0}, "fulltime": {"home": 1, "away": 0}, "extratime": {"home": null, "away": null}, "penalty": {"home": null, "away": null}}}, {"fixture": {"id": 1378075, "referee": "Ermanno Feliciani, Italy", "timezone": "UTC", "date": "2026-01-24T14:00:00+00:00", "timestamp": 1769263200, "periods": {"first": 1769263200, "second": 1769266800}, "venue": {"id": 921, "name": "Stadio Giuseppe Sinigaglia", "city": "Como"}, "status": {"long": "Match Finished", "short": "FT", "elapsed": 90, "extra": 1}}, "league": {"id": 135, "name": "Serie A", "country": "Italy", "logo": "https://media.api-sports.io/football/leagues/135.png", "flag": "https://media.api-sports.io/flags/it.svg", "season": 2025, "round": "Regular Season - 22", "standings": true}, "teams": {"home": {"id": 895, "name": "Como", "logo": "https://media.api-sports.io/football/teams/895.png", "winner": true}, "away": {"id": 503, "name": "Torino", "logo": "https://media.api-sports.io/football/teams/503.png", "winner": false}}, "goals": {"home": 6, "away": 0}, "score": {"halftime": {"home": 2, "away": 0}, "fulltime": {"home": 6, "away": 0}, "extratime": {"home": null, "away": null}, "penalty": {"home": null, "away": null}}}, {"fixture": {"id": 1378072, "referee": "Daniele Chiffi, Italy", "timezone": "UTC", "date": "2026-01-18T17:00:00+00:00", "timestamp": 1768755600, "periods": {"first": 1768755600, "second": 1768759200}, "venue": {"id": null, "name": "Stadio Olimpico Grande Torino", "city": "Turin"}, "status": {"long": "Match Finished", "short": "FT", "elapsed": 90, "extra": 4}}, "league": {"id": 135, "name": "Serie A", "country": "Italy", "logo": "https://media.api-sports.io/football/leagues/135.png", "flag": "https://media.api-sports.io/flags/it.svg", "season": 2025, "round": "Regular Season - 21", "standings": true}, "teams": {"home": {"id": 503, "name": "Torino", "logo": "https://media.api-sports.io/football/teams/503.png", "winner": false}, "away": {"id": 497, "name": "AS Roma", "logo": "https://media.api-sports.io/football/teams/497.png", "winner": true}}, "goals": {"home": 0, "away": 2}, "score": {"halftime": {"home": 0, "away": 1}, "fulltime": {"home": 0, "away": 2}, "extratime": {"home": null, "away": null}, "penalty": {"home": null, "away": null}}}, {"fixture": {"id": 1378054, "referee": "Francesco Fourneau, Italy", "timezone": "UTC", "date": "2026-01-10T19:45:00+00:00", "timestamp": 1768074300, "periods": {"first": 1768074300, "second": 1768077900}, "venue": {"id": 879, "name": "New Balance Arena", "city": "Bergamo"}, "status": {"long": "Match Finished", "short": "FT", "elapsed": 90, "extra": null}}, "league": {"id": 135, "name": "Serie A", "country": "Italy", "logo": "https://media.api-sports.io/football/leagues/135.png", "flag": "https://media.api-sports.io/flags/it.svg", "season": 2025, "round": "Regular Season - 20", "standings": true}, "teams": {"home": {"id": 499, "name": "Atalanta", "logo": "https://media.api-sports.io/football/teams/499.png", "winner": true}, "away": {"id": 503, "name": "Torino", "logo": "https://media.api-sports.io/football/teams/503.png", "winner": false}}, "goals": {"home": 2, "away": 0}, "score": {"halftime": {"home": 1, "away": 0}, "fulltime": {"home": 2, "away": 0}, "extratime": {"home": null, "away": null}, "penalty": {"home": null, "away": null}}}, {"fixture": {"id": 1378053, "referee": "Fabio Maresca, Italy", "timezone": "UTC", "date": "2026-01-07T19:45:00+00:00", "timestamp": 1767815100, "periods": {"first": 1767815100, "second": 1767818700}, "venue": {"id": null, "name": "Stadio Olimpico Grande Torino", "city": "Turin"}, "status": {"long": "Match Finished", "short": "FT", "elapsed": 90, "extra": 5}}, "league": {"id": 135, "name": "Serie A", "country": "Italy", "logo": "https://media.api-sports.io/football/leagues/135.png", "flag": "https://media.api-sports.io/flags/it.svg", "season": 2025, "round": "Regular Season - 19", "standings": true}, "teams": {"home": {"id": 503, "name": "Torino", "logo": "https://media.api-sports.io/football/teams/503.png", "winner": false}, "away": {"id": 494, "name": "Udinese", "logo": "https://media.api-sports.io/football/teams/494.png", "winner": true}}, "goals": {"home": 1, "away": 2}, "score": {"halftime": {"home": 0, "away": 0}, "fulltime": {"home": 1, "away": 2}, "extratime": {"home": null, "away": null}, "penalty": {"home": null, "away": null}}}, {"fixture": {"id": 1378043, "referee": "Antonio Rapuano, Italy", "timezone": "UTC", "date": "2026-01-04T17:00:00+00:00", "timestamp": 1767546000, "periods": {"first": 1767546000, "second": 1767549600}, "venue": {"id": 0, "name": "Stadio Marcantonio Bentegodi", "city": "Verona"}, "status": {"long": "Match Finished", "short": "FT", "elapsed": 90, "extra": 5}}, "league": {"id": 135, "name": "Serie A", "country": "Italy", "logo": "https://media.api-sports.io/football/leagues/135.png", "flag": "https://media.api-sports.io/flags/it.svg", "season": 2025, "round": "Regular Season - 18", "standings": true}, "teams": {"home": {"id": 504, "name": "Verona", "logo": "https://media.api-sports.io/football/teams/504.png", "winner": false}, "away": {"id": 503, "name": "Torino", "logo": "https://media.api-sports.io/football/teams/503.png", "winner": true}}, "goals": {"home": 0, "away": 3}, "score": {"halftime": {"home": 0, "away": 1}, "fulltime": {"home": 0, "away": 3}, "extratime": {"home": null, "away": null}, "penalty": {"home": null, "away": null}}}, {"fixture": {"id": 1378032, "referee": "Daniele Doveri, Italy", "timezone": "UTC", "date": "2025-12-27T14:00:00+00:00", "timestamp": 1766844000, "periods": {"first": 1766844000, "second": 1766847600}, "venue": {"id": null, "name": "Stadio Olimpico Grande Torino", "city": "Turin"}, "status": {"long": "Match Finished", "short": "FT", "elapsed": 90, "extra": 6}}, "league": {"id": 135, "name": "Serie A", "country": "Italy", "logo": "https://media.api-sports.io/football/leagues/135.png", "flag": "https://media.api-sports.io/flags/it.svg", "season": 2025, "round": "Regular Season - 17", "standings": true}, "teams": {"home": {"id": 503, "name": "Torino", "logo": "https://media.api-sports.io/football/teams/503.png", "winner": false}, "away": {"id": 490, "name": "Cagliari", "logo": "https://media.api-sports.io/football/teams/490.png", "winner": true}}, "goals": {"home": 1, "away": 2}, "score": {"halftime": {"home": 1, "away": 1}, "fulltime": {"home": 1, "away": 2}, "extratime": {"home": null, "away": null}, "penalty": {"home": null, "away": null}}}, {"fixture": {"id": 1378022, "referee": "Andrea Calzavara, Italy", "timezone": "UTC", "date": "2025-12-21T14:00:00+00:00", "timestamp": 1766325600, "periods": {"first": 1766325600, "second": 1766329200}, "venue": {"id": 0, "name": "MAPEI Stadium - Citt\u00e0 del Tricolore", "city": "Reggio Emilia"}, "status": {"long": "Match Finished", "short": "FT", "elapsed": 90, "extra": 4}}, "league": {"id": 135, "name": "Serie A", "country": "Italy", "logo": "https://media.api-sports.io/football/leagues/135.png", "flag": "https://media.api-sports.io/flags/it.svg", "season": 2025, "round": "Regular Season - 16", "standings": true}, "teams": {"home": {"id": 488, "name": "Sassuolo", "logo": "https://media.api-sports.io/football/teams/488.png", "winner": false}, "away": {"id": 503, "name": "Torino", "logo": "https://media.api-sports.io/football/teams/503.png", "winner": true}}, "goals": {"home": 0, "away": 1}, "score": {"halftime": {"home": 0, "away": 0}, "fulltime": {"home": 0, "away": 1}, "extratime": {"home": null, "away": null}, "penalty": {"home": null, "away": null}}}, {"fixture": {"id": 1378012, "referee": "Livio Marinelli, Italy", "timezone": "UTC", "date": "2025-12-13T14:00:00+00:00", "timestamp": 1765634400, "periods": {"first": 1765634400, "second": 1765638000}, "venue": {"id": null, "name": "Stadio Olimpico Grande Torino", "city": "Turin"}, "status": {"long": "Match Finished", "short": "FT", "elapsed": 90, "extra": 11}}, "league": {"id": 135, "name": "Serie A", "country": "Italy", "logo": "https://media.api-sports.io/football/leagues/135.png", "flag": "https://media.api-sports.io/flags/it.svg", "season": 2025, "round": "Regular Season - 15", "standings": true}, "teams": {"home": {"id": 503, "name": "Torino", "logo": "https://media.api-sports.io/football/teams/503.png", "winner": true}, "away": {"id": 520, "name": "Cremonese", "logo": "https://media.api-sports.io/football/teams/520.png", "winner": false}}, "goals": {"home": 1, "away": 0}, "score": {"halftime": {"home": 1, "away": 0}, "fulltime": {"home": 1, "away": 0}, "extratime": {"home": null, "away": null}, "penalty": {"home": null, "away": null}}}]}