{"get": "fixtures", "parameters": {"league": "135", "season": "2025", "team": "490", "status": "FT", "last": "10"}, "errors": [], "results": 10, "paging": {"current": 1, "total": 1}, "response": [{"fixture": {"id": 1378101, "referee": "Matteo Marcenaro, Italy", "timezone": "UTC", "date": "2026-02-09T19:45:00+00:00", "timestamp": 1770666300, "periods": {"first": 1770666300, "second": 1770669900}, "venue": {"id": null, "name": "Stadio Olimpico", "city": "Rome"}, "status": {"long": "Match Finished", "short": "FT", "elapsed": 90, "extra": 4}}, "league": {"id": 135, "name": "Serie A", "country": "Italy", "logo": "https://media.api-sports.io/football/leagues/135.png", "flag": "https://media.api-sports.io/flags/it.svg", "season": 2025, "round": "Regular Season - 24", "standings": true}, "teams": {"home": {"id": 497, "name": "AS Roma", "logo": "https://media.api-sports.io/football/teams/497.png", "winner": true}, "away": {"id": 490, "name": "Cagliari", "logo": "https://media.api-sports.io/football/teams/490.png", "winner": false}}, "goals": {"home": 2, "away": 0}, "score": {"halftime": {"home": 1, "away": 0}, "fulltime": {"home": 2, "away": 0}, "extratime": {"home": null, "away": null}, "penalty": {"home": null, "away": null}}}, {"fixture": {"id": 1378085, "referee": "Kevin Bonacina, Italy", "timezone": "UTC", "date": "2026-01-31T19:45:00+00:00", "timestamp": 1769888700, "periods": {"first": 1769888700, "second": 1769892300}, "venue": {"id": 12275, "name": "Unipol Domus", "city": "Cagliari"}, "status": {"long": "Match Finished", "short": "FT", "elapsed": 90, "extra": 3}}, "league": {"id": 135, "name": "Serie A", "country": "Italy", "logo": "https://media.api-sports.io/football/leagues/135.png", "flag": "https://media.api-sports.io/flags/it.svg", "season": 2025, "round": "Regular Season - 23", "standings": true}, "teams": {"home": {"id": 490, "name": "Cagliari", "logo": "https://media.api-sports.io/football/teams/490.png", "winner": true}, "away": {"id": 504, "name": "Verona", "logo": "https://media.api-sports.io/football/teams/504.png", "winner": false}}, "goals": {"home": 4, "away": 0}, "score": {"halftime": {"home": 2, "away": 0}, "fulltime": {"home": 4, "away": 0}, "extratime": {"home": null, "away": null}, "penalty": {"home": null, "away": null}}}, {"fixture": {"id": 1378076, "referee": "Marco Guida, Italy", "timezone": "UTC", "date": "2026-01-24T17:00:00+00:00", "timestamp": 1769274000, "periods": {"first": 1769274000, "second": 1769277600}, "venue": {"id": null, "name": "Stadio Artemio Franchi", "city": "Florence"}, "status": {"long": "Match Finished", "short": "FT", "elapsed": 90, "extra": 8}}, "league": {"id": 135, "name": "Serie A", "country": "Italy", "logo": "https://media.api-sports.io/football/leagues/135.png", "flag": "https://media.api-sports.io/flags/it.svg", "season": 2025, "round": "Regular Season - 22", "standings": true}, "teams": {"home": {"id": 502, "name": "Fiorentina", "logo": "https://media.api-sports.io/football/teams/502.png", "winner": false}, "away": {"id": 490, "name": "Cagliari", "logo": "https://media.api-sports.io/football/teams/490.png", "winner": true}}, "goals": {"home": 1, "away": 2}, "score": {"halftime": {"home": 0, "away": 1}, "fulltime": {"home": 1, "away": 2}, "extratime": {"home": null, "away": null}, "penalty": {"home": null, "away": null}}}, {"fixture": {"id": 1378065, "referee": "Davide Massa, Italy", "timezone": "UTC", "date": "2026-01-17T19:45:00+00:00", "timestamp": 1768679100, "periods": {"first": 1768679100, "second": 1768682700}, "venue": {"id": 12275, "name": "Unipol Domus", "city": "Cagliari"}, "status": {"long": "Match Finished", "short": "FT", "elapsed": 90, "extra": 6}}, "league": {"id": 135, "name": "Serie A", "country": "Italy", "logo": "https://media.api-sports.io/football/leagues/135.png", "flag": "https://media.api-sports.io/flags/it.svg", "season": 2025, "round": "Regular Season - 21", "standings": true}, "teams": {"home": {"id": 490, "name": "Cagliari", "logo": "https://media.api-sports.io/football/teams/490.png", "winner": true}, "away": {"id": 496, "name": "Juventus", "logo": "https://media.api-sports.io/football/teams/496.png", "winner": false}}, "goals": {"home": 1, "away": 0}, "score": {"halftime": {"home": 0, "away": 0}, "fulltime": {"home": 1, "away": 0}, "extratime": {"home": null, "away": null}, "penalty": {"home": null, "away": null}}}, {"fixture": {"id": 1378057, "referee": "Federico La Penna, Italy", "timezone": "UTC", "date": "2026-01-12T17:30:00+00:00", "timestamp": 1768239000, "periods": {"first": 1768239000, "second": 1768242600}, "venue": {"id": 905, "name": "Stadio Luigi Ferraris", "city": "Genoa"}, "status": {"long": "Match Finished", "short": "FT", "elapsed": 90, "extra": 3}}, "league": {"id": 135, "name": "Serie A", "country": "Italy", "logo": "https://media.api-sports.io/football/leagues/135.png", "flag": "https://media.api-sports.io/flags/it.svg", "season": 2025, "round": "Regular Season - 20", "standings": true}, "teams": {"home": {"id": 495, "name": "Genoa", "logo": "https://media.api-sports.io/football/teams/495.png", "winner": true}, "away": {"id": 490, "name": "Cagliari", "logo": "https://media.api-sports.io/football/teams/490.png", "winner": false}}, "goals": {"home": 3, "away": 0}, "score": {"halftime": {"home": 1, "away": 0}, "fulltime": {"home": 3, "away": 0}, "extratime": {"home": null, "away": null}, "penalty": {"home": null, "away": null}}}, {"fixture": {"id": 1378045, "referee": "Kevin Bonacina, Italy", "timezone": "UTC", "date": "2026-01-08T17:30:00+00:00", "timestamp": 1767893400, "periods": {"first": 1767893400, "second": 1767897000}, "venue": {"id": 894, "name": "Stadio Giovanni Zini", "city": "Cremona"}, "status": {"long": "Match Finished", "short": "FT", "elapsed": 90, "extra": 7}}, "league": {"id": 135, "name": "Serie A", "country": "Italy", "logo": "https://media.api-sports.io/football/leagues/135.png", "flag": "https://media.api-sports.io/flags/it.svg", "season": 2025, "round": "Regular Season - 19", "standings": true}, "teams": {"home": {"id": 520, "name": "Cremonese", "logo": "https://media.api-sports.io/football/teams/520.png", "winner": null}, "away": {"id": 490, "name": "Cagliari", "logo": "https://media.api-sports.io/football/teams/490.png", "winner": null}}, "goals": {"home": 2, "away": 2}, "score": {"halftime": {"home": 2, "away": 0}, "fulltime": {"home": 2, "away": 2}, "extratime": {"home": null, "away": null}, "penalty": {"home": null, "away": null}}}, {"fixture": {"id": 1378035, "referee": "Rosario Abisso, Italy", "timezone": "UTC", "date": "2026-01-02T19:45:00+00:00", "timestamp": 1767383100, "periods": {"first": 1767383100, "second": 1767386700}, "venue": {"id": 12275, "name": "Unipol Domus", "city": "Cagliari"}, "status": {"long": "Match Finished", "short": "FT", "elapsed": 90, "extra": 5}}, "league": {"id": 135, "name": "Serie A", "country": "Italy", "logo": "https://media.api-sports.io/football/leagues/135.png", "flag": "https://media.api-sports.io/flags/it.svg", "season": 2025, "round": "Regular Season - 18", "standings": true}, "teams": {"home": {"id": 490, "name": "Cagliari", "logo": "https://media.api-sports.io/football/teams/490.png", "winner": false}, "away": {"id": 489, "name": "AC Milan", "logo": "https://media.api-sports.io/football/teams/489.png", "winner": true}}, "goals": {"home": 0, "away": 1}, "score": {"halftime": {"home": 0, "away": 0}, "fulltime": {"home": 0, "away": 1}, "extratime": {"home": null, "away": null}, "penalty": {"home": null, "away": null}}}, {"fixture": {"id": 1378032, "referee": "Daniele Doveri, Italy", "timezone": "UTC", "date": "2025-12-27T14:00:00+00:00", "timestamp": 1766844000, "periods": {"first": 1766844000, "second": 1766847600}, "venue": {"id": null, "name": "Stadio Olimpico Grande Torino", "city": "Turin"}, "status": {"long": "Match Finished", "short": "FT", "elapsed": 90, "extra": 6}}, "league": {"id": 135, "name": "Serie A", "country": "Italy", "logo": "https://media.api-sports.io/football/leagues/135.png", "flag": "https://media.api-sports.io/flags/it.svg", "season": 2025, "round": "Regular Season - 17", "standings": true}, "teams": {"home": {"id": 503, "name": "Torino", "logo": "https://media.api-sports.io/football/teams/503.png", "winner": false}, "away": {"id": 490, "name": "Cagliari", "logo": "https://media.api-sports.io/football/teams/490.png", "winner": true}}, "goals": {"home": 1, "away": 2}, "score": {"halftime": {"home": 1, "away": 1}, "fulltime": {"home": 1, "away": 2}, "extratime": {"home": null, "away": null}, "penalty": {"home": null, "away": null}}}, {"fixture": {"id": 1378014, "referee": "Francesco Fourneau, Italy", "timezone": "UTC", "date": "2025-12-21T11:30:00+00:00", "timestamp": 1766316600, "periods": {"first": 1766316600, "second": 1766320200}, "venue": {"id": 12275, "name": "Unipol Domus", "city": "Cagliari"}, "status": {"long": "Match Finished", "short": "FT", "elapsed": 90, "extra": 7}}, "league": {"id": 135, "name": "Serie A", "country": "Italy", "logo": "https://media.api-sports.io/football/leagues/135.png", "flag": "https://media.api-sports.io/flags/it.svg", "season": 2025, "round": "Regular Season - 16", "standings": true}, "teams": {"home": {"id": 490, "name": "Cagliari", "logo": "https://media.api-sports.io/football/teams/490.png", "winner": null}, "away": {"id": 801, "name": "Pisa", "logo": "https://media.api-sports.io/football/teams/801.png", "winner": null}}, "goals": {"home": 2, "away": 2}, "score": {"halftime": {"home": 0, "away": 1}, "fulltime": {"home": 2, "away": 2}, "extratime": {"home": null, "away": null}, "penalty": {"home": null, "away": null}}}, {"fixture": {"id": 1378004, "referee": "Davide Di Marco, Italy", "timezone": "UTC", "date": "2025-12-13T19:45:00+00:00", "timestamp": 1765655100, "periods": {"first": 1765655100, "second": 1765658700}, "venue": {"id": 879, "name": "New Balance Arena", "city": "Bergamo"}, "status": {"long": "Match Finished", "short": "FT", "elapsed": 90, "extra": 5}}, "league": {"id": 135, "name": "Serie A", "country": "Italy", "logo": "https://media.api-sports.io/football/leagues/135.png", "flag": "https://media.api-sports.io/flags/it.svg", "season": 2025, "round": "Regular Season - 15", "standings": true}, "teams": {"home": {"id": 499, "name": "Atalanta", "logo": "https://media.api-sports.io/football/teams/499.png", "winner": true}, "away": {"id": 490, "name": "Cagliari", "logo": "https://media.api-sports.io/football/teams/490.png", "winner": false}}, "goals": {"home": 2, "away": 1}, "score": {"halftime": {"home": 1, "away": 0}, "fulltime": {"home": 2, "away": 1}, "extratime": {"home": null, "away": null}, "penalty": {"home": null, "away": null}}}]}