{"get": "fixtures", "parameters": {"league": "135", "season": "2025", "team": "495", "status": "FT", "last": "10"}, "errors": [], "results": 10, "paging": {"current": 1, "total": 1}, "response": [{"fixture": {"id": 1378097, "referee": "Davide Massa, Italy", "timezone": "UTC", "date": "2026-02-07T17:00:00+00:00", "timestamp": 1770483600, "periods": {"first": 1770483600, "second": 1770487200}, "venue": {"id": 905, "name": "Stadio Luigi Ferraris", "city": "Genoa"}, "status": {"long": "Match Finished", "short": "FT", "elapsed": 90, "extra": 9}}, "league": {"id": 135, "name": "Serie A", "country": "Italy", "logo": "https://media.api-sports.io/football/leagues/135.png", "flag": "https://media.api-sports.io/flags/it.svg", "season": 2025, "round": "Regular Season - 24", "standings": true}, "teams": {"home": {"id": 495, "name": "Genoa", "logo": "https://media.api-sports.io/football/teams/495.png", "winner": false}, "away": {"id": 492, "name": "Napoli", "logo": "https://media.api-sports.io/football/teams/492.png", "winner": true}}, "goals": {"home": 2, "away": 3}, "score": {"halftime": {"home": 1, "away": 2}, "fulltime": {"home": 2, "away": 3}, "extratime": {"home": null, "away": null}, "penalty": {"home": null, "away": null}}}, {"fixture": {"id": 1378088, "referee": "Luca Zufferli, Italy", "timezone": "UTC", "date": "2026-01-30T19:45:00+00:00", "timestamp": 1769802300, "periods": {"first": 1769802300, "second": 1769805900}, "venue": {"id": null, "name": "Stadio Olimpico", "city": "Rome"}, "status": {"long": "Match Finished", "short": "FT", "elapsed": 90, "extra": 12}}, "league": {"id": 135, "name": "Serie A", "country": "Italy", "logo": "https://media.api-sports.io/football/leagues/135.png", "flag": "https://media.api-sports.io/flags/it.svg", "season": 2025, "round": "Regular Season - 23", "standings": true}, "teams": {"home": {"id": 487, "name": "Lazio", "logo": "https://media.api-sports.io/football/teams/487.png", "winner": true}, "away": {"id": 495, "name": "Genoa", "logo": "https://media.api-sports.io/football/teams/495.png", "winner": false}}, "goals": {"home": 3, "away": 2}, "score": {"halftime": {"home": 0, "away": 0}, "fulltime": {"home": 3, "away": 2}, "extratime": {"home": null, "away": null}, "penalty": {"home": null, "away": null}}}, {"fixture": {"id": 1378077, "referee": "Fabio Maresca, Italy", "timezone": "UTC", "date": "2026-01-25T14:00:00+00:00", "timestamp": 1769349600, "periods": {"first": 1769349600, "second": 1769353200}, "venue": {"id": 905, "name": "Stadio Luigi Ferraris", "city": "Genoa"}, "status": {"long": "Match Finished", "short": "FT", "elapsed": 90, "extra": 9}}, "league": {"id": 135, "name": "Serie A", "country": "Italy", "logo": "https://media.api-sports.io/football/leagues/135.png", "flag": "https://media.api-sports.io/flags/it.svg", "season": 2025, "round": "Regular Season - 22", "standings": true}, "teams": {"home": {"id": 495, "name": "Genoa", "logo": "https://media.api-sports.io/football/teams/495.png", "winner": true}, "away": {"id": 500, "name": "Bologna", "logo": "https://media.api-sports.io/football/teams/500.png", "winner": false}}, "goals": {"home": 3, "away": 2}, "score": {"halftime": {"home": 0, "away": 1}, "fulltime": {"home": 3, "away": 2}, "extratime": {"home": null, "away": null}, "penalty": {"home": null, "away": null}}}, {"fixture": {"id": 1378070, "referee": "Luca Pairetto, Italy", "timezone": "UTC", "date": "2026-01-18T11:30:00+00:00", "timestamp": 1768735800, "periods": {"first": 1768735800, "second": 1768739400}, "venue": {"id": 921, "name": "Stadio Ennio Tardini", "city": "Parma"}, "status": {"long": "Match Finished", "short": "FT", "elapsed": 90, "extra": 4}}, "league": {"id": 135, "name": "Serie A", "country": "Italy", "logo": "https://media.api-sports.io/football/leagues/135.png", "flag": "https://media.api-sports.io/flags/it.svg", "season": 2025, "round": "Regular Season - 21", "standings": true}, "teams": {"home": {"id": 523, "name": "Parma", "logo": "https://media.api-sports.io/football/teams/523.png", "winner": null}, "away": {"id": 495, "name": "Genoa", "logo": "https://media.api-sports.io/football/teams/495.png", "winner": null}}, "goals": {"home": 0, "away": 0}, "score": {"halftime": {"home": 0, "away": 0}, "fulltime": {"home": 0, "away": 0}, "extratime": {"home": null, "away": null}, "penalty": {"home": null, "away": null}}}, {"fixture": {"id": 1378057, "referee": "Federico La Penna, Italy", "timezone": "UTC", "date": "2026-01-12T17:30:00+00:00", "timestamp": 1768239000, "periods": {"first": 1768239000, "second": 1768242600}, "venue": {"id": 905, "name": "Stadio Luigi Ferraris", "city": "Genoa"}, "status": {"long": "Match Finished", "short": "FT", "elapsed": 90, "extra": 3}}, "league": {"id": 135, "name": "Serie A", "country": "Italy", "logo": "https://media.api-sports.io/football/leagues/135.png", "flag": "https://media.api-sports.io/flags/it.svg", "season": 2025, "round": "Regular Season - 20", "standings": true}, "teams": {"home": {"id": 495, "name": "Genoa", "logo": "https://media.api-sports.io/football/teams/495.png", "winner": true}, "away": {"id": 490, "name": "Cagliari", "logo": "https://media.api-sports.io/football/teams/490.png", "winner": false}}, "goals": {"home": 3, "away": 0}, "score": {"halftime": {"home": 1, "away": 0}, "fulltime": {"home": 3, "away": 0}, "extratime": {"home": null, "away": null}, "penalty": {"home": null, "away": null}}}, {"fixture": {"id": 1378048, "referee": "Maurizio Mariani, Italy", "timezone": "UTC", "date": "2026-01-08T19:45:00+00:00", "timestamp": 1767901500, "periods": {"first": 1767901500, "second": 1767905100}, "venue": {"id": 907, "name": "Stadio Giuseppe Meazza", "city": "Milan"}, "status": {"long": "Match Finished", "short": "FT", "elapsed": 90, "extra": 10}}, "league": {"id": 135, "name": "Serie A", "country": "Italy", "logo": "https://media.api-sports.io/football/leagues/135.png", "flag": "https://media.api-sports.io/flags/it.svg", "season": 2025, "round": "Regular Season - 19", "standings": true}, "teams": {"home": {"id": 489, "name": "AC Milan", "logo": "https://media.api-sports.io/football/teams/489.png", "winner": null}, "away": {"id": 495, "name": "Genoa", "logo": "https://media.api-sports.io/football/teams/495.png", "winner": null}}, "goals": {"home": 1, "away": 1}, "score": {"halftime": {"home": 0, "away": 1}, "fulltime": {"home": 1, "away": 1}, "extratime": {"home": null, "away": null}, "penalty": {"home": null, "away": null}}}, {"fixture": {"id": 1378038, "referee": "Daniele Chiffi, Italy", "timezone": "UTC", "date": "2026-01-03T14:00:00+00:00", "timestamp": 1767448800, "periods": {"first": 1767448800, "second": 1767452400}, "venue": {"id": 905, "name": "Stadio Luigi Ferraris", "city": "Genoa"}, "status": {"long": "Match Finished", "short": "FT", "elapsed": 90, "extra": 6}}, "league": {"id": 135, "name": "Serie A", "country": "Italy", "logo": "https://media.api-sports.io/football/leagues/135.png", "flag": "https://media.api-sports.io/flags/it.svg", "season": 2025, "round": "Regular Season - 18", "standings": true}, "teams": {"home": {"id": 495, "name": "Genoa", "logo": "https://media.api-sports.io/football/teams/495.png", "winner": null}, "away": {"id": 801, "name": "Pisa", "logo": "https://media.api-sports.io/football/teams/801.png", "winner": null}}, "goals": {"home": 1, "away": 1}, "score": {"halftime": {"home": 1, "away": 1}, "fulltime": {"home": 1, "away": 1}, "extratime": {"home": null, "away": null}, "penalty": {"home": null, "away": null}}}, {"fixture": {"id": 1378031, "referee": "Marco Di Bello, Italy", "timezone": "UTC", "date": "2025-12-29T19:45:00+00:00", "timestamp": 1767037500, "periods": {"first": 1767037500, "second": 1767041100}, "venue": {"id": null, "name": "Stadio Olimpico", "city": "Rome"}, "status": {"long": "Match Finished", "short": "FT", "elapsed": 90, "extra": 4}}, "league": {"id": 135, "name": "Serie A", "country": "Italy", "logo": "https://media.api-sports.io/football/leagues/135.png", "flag": "https://media.api-sports.io/flags/it.svg", "season": 2025, "round": "Regular Season - 17", "standings": true}, "teams": {"home": {"id": 497, "name": "AS Roma", "logo": "https://media.api-sports.io/football/teams/497.png", "winner": true}, "away": {"id": 495, "name": "Genoa", "logo": "https://media.api-sports.io/football/teams/495.png", "winner": false}}, "goals": {"home": 3, "away": 1}, "score": {"halftime": {"home": 3, "away": 0}, "fulltime": {"home": 3, "away": 1}, "extratime": {"home": null, "away": null}, "penalty": {"home": null, "away": null}}}, {"fixture": {"id": 1378017, "referee": "Rosario Abisso, Italy", "timezone": "UTC", "date": "2025-12-21T19:45:00+00:00", "timestamp": 1766346300, "periods": {"first": 1766346300, "second": 1766349900}, "venue": {"id": 905, "name": "Stadio Luigi Ferraris", "city": "Genoa"}, "status": {"long": "Match Finished", "short": "FT", "elapsed": 90, "extra": 6}}, "league": {"id": 135, "name": "Serie A", "country": "Italy", "logo": "https://media.api-sports.io/football/leagues/135.png", "flag": "https://media.api-sports.io/flags/it.svg", "season": 2025, "round": "Regular Season - 16", "standings": true}, "teams": {"home": {"id": 495, "name": "Genoa", "logo": "https://media.api-sports.io/football/teams/495.png", "winner": false}, "away": {"id": 499, "name": "Atalanta", "logo": "https://media.api-sports.io/football/teams/499.png", "winner": true}}, "goals": {"home": 0, "away": 1}, "score": {"halftime": {"home": 0, "away": 0}, "fulltime": {"home": 0, "away": 1}, "extratime": {"home": null, "away": null}, "penalty": {"home": null, "away": null}}}, {"fixture": {"id": 1378007, "referee": "Daniele Doveri, Italy", "timezone": "UTC", "date": "2025-12-14T17:00:00+00:00", "timestamp": 1765731600, "periods": {"first": 1765731600, "second": 1765735200}, "venue": {"id": 905, "name": "Stadio Luigi Ferraris", "city": "Genoa"}, "status": {"long": "Match Finished", "short": "FT", "elapsed": 90, "extra": 6}}, "league": {"id": 135, "name": "Serie A", "country": "Italy", "logo": "https://media.api-sports.io/football/leagues/135.png", "flag": "https://media.api-sports.io/flags/it.svg", "season": 2025, "round": "Regular Season - 15", "standings": true}, "teams": {"home": {"id": 495, "name": "Genoa", "logo": "https://media.api-sports.io/football/teams/495.png", "winner": false}, "away": {"id": 505, "name": "Inter", "logo": "https://media.api-sports.io/football/teams/505.png", "winner": true}}, "goals": {"home": 1, "away": 2}, "score": {"halftime": {"home": 0, "away": 2}, "fulltime": {"home": 1, "away": 2}, "extratime": {"home": null, "away": null}, "penalty": {"home": null, "away": null}}}]}