{"get": "injuries", "parameters": {"league": "135", "season": "2025", "team": "503"}, "errors": [], "results": 138, "paging": {"current": 1, "total": 1}, "response": [{"player": {"id": 343538, "name": "Aaron Ciammaglichella", "photo": "https://media.api-sports.io/football/players/343538.png", "type": "Missing Fixture", "reason": "Bruised Knee"}, "team": {"id": 503, "name": "Torino", "logo": "https://media.api-sports.io/football/teams/503.png"}, "fixture": {"id": 1377868, "timezone": "UTC", "date": "2025-08-25T18:45:00+00:00", "timestamp": 1756147500}, "league": {"id": 135, "season": 2025, "name": "Serie A", "country": "Italy", "logo": "https://media.api-sports.io/football/leagues/135.png", "flag": "https://media.api-sports.io/flags/it.svg"}}, {"player": {"id": 14329, "name": "A. Ismajli", "photo": "https://media.api-sports.io/football/players/14329.png", "type": "Missing Fixture", "reason": "Thigh problems"}, "team": {"id": 503, "name": "Torino", "logo": "https://media.api-sports.io/football/teams/503.png"}, "fixture": {"id": 1377868, "timezone": "UTC", "date": "2025-08-25T18:45:00+00:00", "timestamp": 1756147500}, "league": {"id": 135, "season": 2025, "name": "Serie A", "country": "Italy", "logo": "https://media.api-sports.io/football/leagues/135.png", "flag": "https://media.api-sports.io/flags/it.svg"}}, {"player": {"id": 14329, "name": "A. Ismajli", "photo": "https://media.api-sports.io/football/players/14329.png", "type": "Missing Fixture", "reason": "Thigh problems"}, "team": {"id": 503, "name": "Torino", "logo": "https://media.api-sports.io/football/teams/503.png"}, "fixture": {"id": 1377883, "timezone": "UTC", "date": "2025-08-31T16:30:00+00:00", "timestamp": 1756657800}, "league": {"id": 135, "season": 2025, "name": "Serie A", "country": "Italy", "logo": "https://media.api-sports.io/football/leagues/135.png", "flag": "https://media.api-sports.io/flags/it.svg"}}, {"player": {"id": 14329, "name": "A. Ismajli", "photo": "https://media.api-sports.io/football/players/14329.png", "type": "Missing Fixture", "reason": "Thigh problems"}, "team": {"id": 503, "name": "Torino", "logo": "https://media.api-sports.io/football/teams/503.png"}, "fixture": {"id": 1377891, "timezone": "UTC", "date": "2025-09-14T10:30:00+00:00", "timestamp": 1757845800}, "league": {"id": 135, "season": 2025, "name": "Serie A", "country": "Italy", "logo": "https://media.api-sports.io/football/leagues/135.png", "flag": "https://media.api-sports.io/flags/it.svg"}}, {"player": {"id": 535, "name": "P. Schuurs", "photo": "https://media.api-sports.io/football/players/535.png", "type": "Missing Fixture", "reason": "Jumpers knee"}, "team": {"id": 503, "name": "Torino", "logo": "https://media.api-sports.io/football/teams/503.png"}, "fixture": {"id": 1377868, "timezone": "UTC", "date": "2025-08-25T18:45:00+00:00", "timestamp": 1756147500}, "league": {"id": 135, "season": 2025, "name": "Serie A", "country": "Italy", "logo": "https://media.api-sports.io/football/leagues/135.png", "flag": "https://media.api-sports.io/flags/it.svg"}}, {"player": {"id": 535, "name": "P. Schuurs", "photo": "https://media.api-sports.io/football/players/535.png", "type": "Missing Fixture", "reason": "Jumpers knee"}, "team": {"id": 503, "name": "Torino", "logo": "https://media.api-sports.io/football/teams/503.png"}, "fixture": {"id": 1377883, "timezone": "UTC", "date": "2025-08-31T16:30:00+00:00", "timestamp": 1756657800}, "league": {"id": 135, "season": 2025, "name": "Serie A", "country": "Italy", "logo": "https://media.api-sports.io/football/leagues/135.png", "flag": "https://media.api-sports.io/flags/it.svg"}}, {"player": {"id": 535, "name": "P. Schuurs", "photo": "https://media.api-sports.io/football/players/535.png", "type": "Missing Fixture", "reason": "Jumpers knee"}, "team": {"id": 503, "name": "Torino", "logo": "https://media.api-sports.io/football/teams/503.png"}, "fixture": {"id": 1377891, "timezone": "UTC", "date": "2025-09-14T10:30:00+00:00", "timestamp": 1757845800}, "league": {"id": 135, "season": 2025, "name": "Serie A", "country": "Italy", "logo": "https://media.api-sports.io/football/leagues/135.png", "flag": "https://media.api-sports.io/flags/it.svg"}}, {"player": {"id": 268728, "name": "S. Sazonov", "photo": "https://media.api-sports.io/football/players/268728.png", "type": "Missing Fixture", "reason": "Jumpers knee"}, "team": {"id": 503, "name": "Torino", "logo": "https://media.api-sports.io/football/teams/503.png"}, "fixture": {"id": 1377868, "timezone": "UTC", "date": "2025-08-25T18:45:00+00:00", "timestamp": 1756147500}, "league": {"id": 135, "season": 2025, "name": "Serie A", "country": "Italy", "logo": "https://media.api-sports.io/football/leagues/135.png", "flag": "https://media.api-sports.io/flags/it.svg"}}, {"player": {"id": 268728, "name": "S. Sazonov", "photo": "https://media.api-sports.io/football/players/268728.png", "type": "Missing Fixture", "reason": "Jumpers knee"}, "team": {"id": 503, "name": "Torino", "logo": "https://media.api-sports.io/football/teams/503.png"}, "fixture": {"id": 1377883, "timezone": "UTC", "date": "2025-08-31T16:30:00+00:00", "timestamp": 1756657800}, "league": {"id": 135, "season": 2025, "name": "Serie A", "country": "Italy", "logo": "https://media.api-sports.io/football/leagues/135.png", "flag": "https://media.api-sports.io/flags/it.svg"}}, {"player": {"id": 268728, "name": "S. Sazonov", "photo": "https://media.api-sports.io/football/players/268728.png", "type": "Missing Fixture", "reason": "Jumpers knee"}, "team": {"id": 503, "name": "Torino", "logo": "https://media.api-sports.io/football/teams/503.png"}, "fixture": {"id": 1377891, "timezone": "UTC", "date": "2025-09-14T10:30:00+00:00", "timestamp": 1757845800}, "league": {"id": 135, "season": 2025, "name": "Serie A", "country": "Italy", "logo": "https://media.api-sports.io/football/leagues/135.png", "flag": "https://media.api-sports.io/flags/it.svg"}}, {"player": {"id": 343332, "name": "Zannetos Savva", "photo": "https://media.api-sports.io/football/players/343332.png", "type": "Missing Fixture", "reason": "Jumpers knee"}, "team": {"id": 503, "name": "Torino", "logo": "https://media.api-sports.io/football/teams/503.png"}, "fixture": {"id": 1377868, "timezone": "UTC", "date": "2025-08-25T18:45:00+00:00", "timestamp": 1756147500}, "league": {"id": 135, "season": 2025, "name": "Serie A", "country": "Italy", "logo": "https://media.api-sports.io/football/leagues/135.png", "flag": "https://media.api-sports.io/flags/it.svg"}}, {"player": {"id": 343332, "name": "Zannetos Savva", "photo": "https://media.api-sports.io/football/players/343332.png", "type": "Missing Fixture", "reason": "Jumpers knee"}, "team": {"id": 503, "name": "Torino", "logo": "https://media.api-sports.io/football/teams/503.png"}, "fixture": {"id": 1377883, "timezone": "UTC", "date": "2025-08-31T16:30:00+00:00", "timestamp": 1756657800}, "league": {"id": 135, "season": 2025, "name": "Serie A", "country": "Italy", "logo": "https://media.api-sports.io/football/leagues/135.png", "flag": "https://media.api-sports.io/flags/it.svg"}}, {"player": {"id": 343332, "name": "Zannetos Savva", "photo": "https://media.api-sports.io/football/players/343332.png", "type": "Missing Fixture", "reason": "Jumpers knee"}, "team": {"id": 503, "name": "Torino", "logo": "https://media.api-sports.io/football/teams/503.png"}, "fixture": {"id": 1377891, "timezone": "UTC", "date": "2025-09-14T10:30:00+00:00", "timestamp": 1757845800}, "league": {"id": 135, "season": 2025, "name": "Serie A", "country": "Italy", "logo": "https://media.api-sports.io/football/leagues/135.png", "flag": "https://media.api-sports.io/flags/it.svg"}}, {"player": {"id": 343332, "name": "Zannetos Savva", "photo": "https://media.api-sports.io/football/players/343332.png", "type": "Missing Fixture", "reason": "Jumpers knee"}, "team": {"id": 503, "name": "Torino", "logo": "https://media.api-sports.io/football/teams/503.png"}, "fixture": {"id": 1378053, "timezone": "UTC", "date": "2026-01-06T15:00:00+00:00", "timestamp": 1767711600}, "league": {"id": 135, "season": 2025, "name": "Serie A", "country": "Italy", "logo": "https://media.api-sports.io/football/leagues/135.png", "flag": "https://media.api-sports.io/flags/it.svg"}}, {"player": {"id": 343332, "name": "Zannetos Savva", "photo": "https://media.api-sports.io/football/players/343332.png", "type": "Missing Fixture", "reason": "Jumpers knee"}, "team": {"id": 503, "name": "Torino", "logo": "https://media.api-sports.io/football/teams/503.png"}, "fixture": {"id": 1378054, "timezone": "UTC", "date": "2026-01-11T15:00:00+00:00", "timestamp": 1768143600}, "league": {"id": 135, "season": 2025, "name": "Serie A", "country": "Italy", "logo": "https://media.api-sports.io/football/leagues/135.png", "flag": "https://media.api-sports.io/flags/it.svg"}}, {"player": {"id": 343332, "name": "Zannetos Savva", "photo": "https://media.api-sports.io/football/players/343332.png", "type": "Missing Fixture", "reason": "Jumpers knee"}, "team": {"id": 503, "name": "Torino", "logo": "https://media.api-sports.io/football/teams/503.png"}, "fixture": {"id": 1378118, "timezone": "UTC", "date": "2026-02-22T15:00:00+00:00", "timestamp": 1771772400}, "league": {"id": 135, "season": 2025, "name": "Serie A", "country": "Italy", "logo": "https://media.api-sports.io/football/leagues/135.png", "flag": "https://media.api-sports.io/flags/it.svg"}}, {"player": {"id": 343332, "name": "Zannetos Savva", "photo": "https://media.api-sports.io/football/players/343332.png", "type": "Missing Fixture", "reason": "Jumpers knee"}, "team": {"id": 503, "name": "Torino", "logo": "https://media.api-sports.io/football/teams/503.png"}, "fixture": {"id": 1378131, "timezone": "UTC", "date": "2026-03-01T15:00:00+00:00", "timestamp": 1772377200}, "league": {"id": 135, "season": 2025, "name": "Serie A", "country": "Italy", "logo": "https://media.api-sports.io/football/leagues/135.png", "flag": "https://media.api-sports.io/flags/it.svg"}}, {"player": {"id": 343332, "name": "Zannetos Savva", "photo": "https://media.api-sports.io/football/players/343332.png", "type": "Missing Fixture", "reason": "Jumpers knee"}, "team": {"id": 503, "name": "Torino", "logo": "https://media.api-sports.io/football/teams/503.png"}, "fixture": {"id": 1378143, "timezone": "UTC", "date": "2026-03-08T15:00:00+00:00", "timestamp": 1772982000}, "league": {"id": 135, "season": 2025, "name": "Serie A", "country": "Italy", "logo": "https://media.api-sports.io/football/leagues/135.png", "flag": "https://media.api-sports.io/flags/it.svg"}}, {"player": {"id": 343332, "name": "Zannetos Savva", "photo": "https://media.api-sports.io/football/players/343332.png", "type": "Missing Fixture", "reason": "Jumpers knee"}, "team": {"id": 503, "name": "Torino", "logo": "https://media.api-sports.io/football/teams/503.png"}, "fixture": {"id": 1378151, "timezone": "UTC", "date": "2026-03-15T15:00:00+00:00", "timestamp": 1773586800}, "league": {"id": 135, "season": 2025, "name": "Serie A", "country": "Italy", "logo": "https://media.api-sports.io/football/leagues/135.png", "flag": "https://media.api-sports.io/flags/it.svg"}}, {"player": {"id": 343332, "name": "Zannetos Savva", "photo": "https://media.api-sports.io/football/players/343332.png", "type": "Missing Fixture", "reason": "Jumpers knee"}, "team": {"id": 503, "name": "Torino", "logo": "https://media.api-sports.io/football/teams/503.png"}, "fixture": {"id": 1378161, "timezone": "UTC", "date": "2026-03-22T15:00:00+00:00", "timestamp": 1774191600}, "league": {"id": 135, "season": 2025, "name": "Serie A", "country": "Italy", "logo": "https://media.api-sports.io/football/leagues/135.png", "flag": "https://media.api-sports.io/flags/it.svg"}}, {"player": {"id": 343332, "name": "Zannetos Savva", "photo": "https://media.api-sports.io/football/players/343332.png", "type": "Missing Fixture", "reason": "Jumpers knee"}, "team": {"id": 503, "name": "Torino", "logo": "https://media.api-sports.io/football/teams/503.png"}, "fixture": {"id": 1378170, "timezone": "UTC", "date": "2026-04-04T15:00:00+00:00", "timestamp": 1775314800}, "league": {"id": 135, "season": 2025, "name": "Serie A", "country": "Italy", "logo": "https://media.api-sports.io/football/leagues/135.png", "flag": "https://media.api-sports.io/flags/it.svg"}}, {"player": {"id": 343332, "name": "Zannetos Savva", "photo": "https://media.api-sports.io/football/players/343332.png", "type": "Missing Fixture", "reason": "Jumpers knee"}, "team": {"id": 503, "name": "Torino", "logo": "https://media.api-sports.io/football/teams/503.png"}, "fixture": {"id": 1378183, "timezone": "UTC", "date": "2026-04-12T15:00:00+00:00", "timestamp": 1776006000}, "league": {"id": 135, "season": 2025, "name": "Serie A", "country": "Italy", "logo": "https://media.api-sports.io/football/leagues/135.png", "flag": "https://media.api-sports.io/flags/it.svg"}}, {"player": {"id": 343332, "name": "Zannetos Savva", "photo": "https://media.api-sports.io/football/players/343332.png", "type": "Missing Fixture", "reason": "Jumpers knee"}, "team": {"id": 503, "name": "Torino", "logo": "https://media.api-sports.io/football/teams/503.png"}, "fixture": {"id": 1378184, "timezone": "UTC", "date": "2026-04-19T15:00:00+00:00", "timestamp": 1776610800}, "league": {"id": 135, "season": 2025, "name": "Serie A", "country": "Italy", "logo": "https://media.api-sports.io/football/leagues/135.png", "flag": "https://media.api-sports.io/flags/it.svg"}}, {"player": {"id": 343332, "name": "Zannetos Savva", "photo": "https://media.api-sports.io/football/players/343332.png", "type": "Missing Fixture", "reason": "Jumpers knee"}, "team": {"id": 503, "name": "Torino", "logo": "https://media.api-sports.io/football/teams/503.png"}, "fixture": {"id": 1378202, "timezone": "UTC", "date": "2026-04-26T15:00:00+00:00", "timestamp": 1777215600}, "league": {"id": 135, "season": 2025, "name": "Serie A", "country": "Italy", "logo": "https://media.api-sports.io/football/leagues/135.png", "flag": "https://media.api-sports.io/flags/it.svg"}}, {"player": {"id": 343332, "name": "Zannetos Savva", "photo": "https://media.api-sports.io/football/players/343332.png", "type": "Missing Fixture", "reason": "Jumpers knee"}, "team": {"id": 503, "name": "Torino", "logo": "https://media.api-sports.io/football/teams/503.png"}, "fixture": {"id": 1378213, "timezone": "UTC", "date": "2026-05-03T15:00:00+00:00", "timestamp": 1777820400}, "league": {"id": 135, "season": 2025, "name": "Serie A", "country": "Italy", "logo": "https://media.api-sports.io/football/leagues/135.png", "flag": "https://media.api-sports.io/flags/it.svg"}}, {"player": {"id": 343332, "name": "Zannetos Savva", "photo": "https://media.api-sports.io/football/players/343332.png", "type": "Missing Fixture", "reason": "Jumpers knee"}, "team": {"id": 503, "name": "Torino", "logo": "https://media.api-sports.io/football/teams/503.png"}, "fixture": {"id": 1378222, "timezone": "UTC", "date": "2026-05-10T15:00:00+00:00", "timestamp": 1778425200}, "league": {"id": 135, "season": 2025, "name": "Serie A", "country": "Italy", "logo": "https://media.api-sports.io/football/leagues/135.png", "flag": "https://media.api-sports.io/flags/it.svg"}}, {"player": {"id": 343332, "name": "Zannetos Savva", "photo": "https://media.api-sports.io/football/players/343332.png", "type": "Missing Fixture", "reason": "Jumpers knee"}, "team": {"id": 503, "name": "Torino", "logo": "https://media.api-sports.io/football/teams/503.png"}, "fixture": {"id": 1378225, "timezone": "UTC", "date": "2026-05-17T15:00:00+00:00", "timestamp": 1779030000}, "league": {"id": 135, "season": 2025, "name": "Serie A", "country": "Italy", "logo": "https://media.api-sports.io/football/leagues/135.png", "flag": "https://media.api-sports.io/flags/it.svg"}}, {"player": {"id": 343332, "name": "Zannetos Savva", "photo": "https://media.api-sports.io/football/players/343332.png", "type": "Missing Fixture", "reason": "Jumpers knee"}, "team": {"id": 503, "name": "Torino", "logo": "https://media.api-sports.io/football/teams/503.png"}, "fixture": {"id": 1378242, "timezone": "UTC", "date": "2026-05-24T15:00:00+00:00", "timestamp": 1779634800}, "league": {"id": 135, "season": 2025, "name": "Serie A", "country": "Italy", "logo": "https://media.api-sports.io/football/leagues/135.png", "flag": "https://media.api-sports.io/flags/it.svg"}}, {"player": {"id": 18799, "name": "A. Masina", "photo": "https://media.api-sports.io/football/players/18799.png", "type": "Missing Fixture", "reason": "Thigh Injury"}, "team": {"id": 503, "name": "Torino", "logo": "https://media.api-sports.io/football/teams/503.png"}, "fixture": {"id": 1377901, "timezone": "UTC", "date": "2025-09-21T13:00:00+00:00", "timestamp": 1758459600}, "league": {"id": 135, "season": 2025, "name": "Serie A", "country": "Italy", "logo": "https://media.api-sports.io/football/leagues/135.png", "flag": "https://media.api-sports.io/flags/it.svg"}}, {"player": {"id": 343332, "name": "Z. Savva", "photo": "https://media.api-sports.io/football/players/343332.png", "type": "Missing Fixture", "reason": "Knee Injury"}, "team": {"id": 503, "name": "Torino", "logo": "https://media.api-sports.io/football/teams/503.png"}, "fixture": {"id": 1377901, "timezone": "UTC", "date": "2025-09-21T13:00:00+00:00", "timestamp": 1758459600}, "league": {"id": 135, "season": 2025, "name": "Serie A", "country": "Italy", "logo": "https://media.api-sports.io/football/leagues/135.png", "flag": "https://media.api-sports.io/flags/it.svg"}}, {"player": {"id": 268728, "name": "S. Sazonov", "photo": "https://media.api-sports.io/football/players/268728.png", "type": "Missing Fixture", "reason": "Knee Injury"}, "team": {"id": 503, "name": "Torino", "logo": "https://media.api-sports.io/football/teams/503.png"}, "fixture": {"id": 1377901, "timezone": "UTC", "date": "2025-09-21T13:00:00+00:00", "timestamp": 1758459600}, "league": {"id": 135, "season": 2025, "name": "Serie A", "country": "Italy", "logo": "https://media.api-sports.io/football/leagues/135.png", "flag": "https://media.api-sports.io/flags/it.svg"}}, {"player": {"id": 535, "name": "P. Schuurs", "photo": "https://media.api-sports.io/football/players/535.png", "type": "Missing Fixture", "reason": "Knee Injury"}, "team": {"id": 503, "name": "Torino", "logo": "https://media.api-sports.io/football/teams/503.png"}, "fixture": {"id": 1377901, "timezone": "UTC", "date": "2025-09-21T13:00:00+00:00", "timestamp": 1758459600}, "league": {"id": 135, "season": 2025, "name": "Serie A", "country": "Italy", "logo": "https://media.api-sports.io/football/leagues/135.png", "flag": "https://media.api-sports.io/flags/it.svg"}}, {"player": {"id": 138777, "name": "F. Anjorin", "photo": "https://media.api-sports.io/football/players/138777.png", "type": "Missing Fixture", "reason": "Foot Injury"}, "team": {"id": 503, "name": "Torino", "logo": "https://media.api-sports.io/football/teams/503.png"}, "fixture": {"id": 1377910, "timezone": "UTC", "date": "2025-09-29T16:30:00+00:00", "timestamp": 1759163400}, "league": {"id": 135, "season": 2025, "name": "Serie A", "country": "Italy", "logo": "https://media.api-sports.io/football/leagues/135.png", "flag": "https://media.api-sports.io/flags/it.svg"}}, {"player": {"id": 343332, "name": "Z. Savva", "photo": "https://media.api-sports.io/football/players/343332.png", "type": "Missing Fixture", "reason": "Knee Injury"}, "team": {"id": 503, "name": "Torino", "logo": "https://media.api-sports.io/football/teams/503.png"}, "fixture": {"id": 1377910, "timezone": "UTC", "date": "2025-09-29T16:30:00+00:00", "timestamp": 1759163400}, "league": {"id": 135, "season": 2025, "name": "Serie A", "country": "Italy", "logo": "https://media.api-sports.io/football/leagues/135.png", "flag": "https://media.api-sports.io/flags/it.svg"}}, {"player": {"id": 268728, "name": "S. Sazonov", "photo": "https://media.api-sports.io/football/players/268728.png", "type": "Missing Fixture", "reason": "Knee Injury"}, "team": {"id": 503, "name": "Torino", "logo": "https://media.api-sports.io/football/teams/503.png"}, "fixture": {"id": 1377910, "timezone": "UTC", "date": "2025-09-29T16:30:00+00:00", "timestamp": 1759163400}, "league": {"id": 135, "season": 2025, "name": "Serie A", "country": "Italy", "logo": "https://media.api-sports.io/football/leagues/135.png", "flag": "https://media.api-sports.io/flags/it.svg"}}, {"player": {"id": 535, "name": "P. Schuurs", "photo": "https://media.api-sports.io/football/players/535.png", "type": "Missing Fixture", "reason": "Knee Injury"}, "team": {"id": 503, "name": "Torino", "logo": "https://media.api-sports.io/football/teams/503.png"}, "fixture": {"id": 1377910, "timezone": "UTC", "date": "2025-09-29T16:30:00+00:00", "timestamp": 1759163400}, "league": {"id": 135, "season": 2025, "name": "Serie A", "country": "Italy", "logo": "https://media.api-sports.io/football/leagues/135.png", "flag": "https://media.api-sports.io/flags/it.svg"}}, {"player": {"id": 14329, "name": "A. Ismajli", "photo": "https://media.api-sports.io/football/players/14329.png", "type": "Missing Fixture", "reason": "Muscle Injury"}, "team": {"id": 503, "name": "Torino", "logo": "https://media.api-sports.io/football/teams/503.png"}, "fixture": {"id": 1377919, "timezone": "UTC", "date": "2025-10-04T13:00:00+00:00", "timestamp": 1759582800}, "league": {"id": 135, "season": 2025, "name": "Serie A", "country": "Italy", "logo": "https://media.api-sports.io/football/leagues/135.png", "flag": "https://media.api-sports.io/flags/it.svg"}}, {"player": {"id": 343332, "name": "Z. Savva", "photo": "https://media.api-sports.io/football/players/343332.png", "type": "Missing Fixture", "reason": "Knee Injury"}, "team": {"id": 503, "name": "Torino", "logo": "https://media.api-sports.io/football/teams/503.png"}, "fixture": {"id": 1377919, "timezone": "UTC", "date": "2025-10-04T13:00:00+00:00", "timestamp": 1759582800}, "league": {"id": 135, "season": 2025, "name": "Serie A", "country": "Italy", "logo": "https://media.api-sports.io/football/leagues/135.png", "flag": "https://media.api-sports.io/flags/it.svg"}}, {"player": {"id": 268728, "name": "S. Sazonov", "photo": "https://media.api-sports.io/football/players/268728.png", "type": "Missing Fixture", "reason": "Knee Injury"}, "team": {"id": 503, "name": "Torino", "logo": "https://media.api-sports.io/football/teams/503.png"}, "fixture": {"id": 1377919, "timezone": "UTC", "date": "2025-10-04T13:00:00+00:00", "timestamp": 1759582800}, "league": {"id": 135, "season": 2025, "name": "Serie A", "country": "Italy", "logo": "https://media.api-sports.io/football/leagues/135.png", "flag": "https://media.api-sports.io/flags/it.svg"}}, {"player": {"id": 535, "name": "P. Schuurs", "photo": "https://media.api-sports.io/football/players/535.png", "type": "Missing Fixture", "reason": "Knee Injury"}, "team": {"id": 503, "name": "Torino", "logo": "https://media.api-sports.io/football/teams/503.png"}, "fixture": {"id": 1377919, "timezone": "UTC", "date": "2025-10-04T13:00:00+00:00", "timestamp": 1759582800}, "league": {"id": 135, "season": 2025, "name": "Serie A", "country": "Italy", "logo": "https://media.api-sports.io/football/leagues/135.png", "flag": "https://media.api-sports.io/flags/it.svg"}}, {"player": {"id": 138777, "name": "F. Anjorin", "photo": "https://media.api-sports.io/football/players/138777.png", "type": "Questionable", "reason": "Foot Injury"}, "team": {"id": 503, "name": "Torino", "logo": "https://media.api-sports.io/football/teams/503.png"}, "fixture": {"id": 1377919, "timezone": "UTC", "date": "2025-10-04T13:00:00+00:00", "timestamp": 1759582800}, "league": {"id": 135, "season": 2025, "name": "Serie A", "country": "Italy", "logo": "https://media.api-sports.io/football/leagues/135.png", "flag": "https://media.api-sports.io/flags/it.svg"}}, {"player": {"id": 243, "name": "Z. Aboukhlal", "photo": "https://media.api-sports.io/football/players/243.png", "type": "Missing Fixture", "reason": "Thigh Injury"}, "team": {"id": 503, "name": "Torino", "logo": "https://media.api-sports.io/football/teams/503.png"}, "fixture": {"id": 1377933, "timezone": "UTC", "date": "2025-10-18T16:00:00+00:00", "timestamp": 1760803200}, "league": {"id": 135, "season": 2025, "name": "Serie A", "country": "Italy", "logo": "https://media.api-sports.io/football/leagues/135.png", "flag": "https://media.api-sports.io/flags/it.svg"}}, {"player": {"id": 138777, "name": "F. Anjorin", "photo": "https://media.api-sports.io/football/players/138777.png", "type": "Missing Fixture", "reason": "Foot Injury"}, "team": {"id": 503, "name": "Torino", "logo": "https://media.api-sports.io/football/teams/503.png"}, "fixture": {"id": 1377933, "timezone": "UTC", "date": "2025-10-18T16:00:00+00:00", "timestamp": 1760803200}, "league": {"id": 135, "season": 2025, "name": "Serie A", "country": "Italy", "logo": "https://media.api-sports.io/football/leagues/135.png", "flag": "https://media.api-sports.io/flags/it.svg"}}, {"player": {"id": 343332, "name": "Z. Savva", "photo": "https://media.api-sports.io/football/players/343332.png", "type": "Missing Fixture", "reason": "Knee Injury"}, "team": {"id": 503, "name": "Torino", "logo": "https://media.api-sports.io/football/teams/503.png"}, "fixture": {"id": 1377933, "timezone": "UTC", "date": "2025-10-18T16:00:00+00:00", "timestamp": 1760803200}, "league": {"id": 135, "season": 2025, "name": "Serie A", "country": "Italy", "logo": "https://media.api-sports.io/football/leagues/135.png", "flag": "https://media.api-sports.io/flags/it.svg"}}, {"player": {"id": 268728, "name": "S. Sazonov", "photo": "https://media.api-sports.io/football/players/268728.png", "type": "Missing Fixture", "reason": "Knee Injury"}, "team": {"id": 503, "name": "Torino", "logo": "https://media.api-sports.io/football/teams/503.png"}, "fixture": {"id": 1377933, "timezone": "UTC", "date": "2025-10-18T16:00:00+00:00", "timestamp": 1760803200}, "league": {"id": 135, "season": 2025, "name": "Serie A", "country": "Italy", "logo": "https://media.api-sports.io/football/leagues/135.png", "flag": "https://media.api-sports.io/flags/it.svg"}}, {"player": {"id": 535, "name": "P. Schuurs", "photo": "https://media.api-sports.io/football/players/535.png", "type": "Missing Fixture", "reason": "Knee Injury"}, "team": {"id": 503, "name": "Torino", "logo": "https://media.api-sports.io/football/teams/503.png"}, "fixture": {"id": 1377933, "timezone": "UTC", "date": "2025-10-18T16:00:00+00:00", "timestamp": 1760803200}, "league": {"id": 135, "season": 2025, "name": "Serie A", "country": "Italy", "logo": "https://media.api-sports.io/football/leagues/135.png", "flag": "https://media.api-sports.io/flags/it.svg"}}, {"player": {"id": 138777, "name": "F. Anjorin", "photo": "https://media.api-sports.io/football/players/138777.png", "type": "Missing Fixture", "reason": "Foot Injury"}, "team": {"id": 503, "name": "Torino", "logo": "https://media.api-sports.io/football/teams/503.png"}, "fixture": {"id": 1377941, "timezone": "UTC", "date": "2025-10-26T11:30:00+00:00", "timestamp": 1761478200}, "league": {"id": 135, "season": 2025, "name": "Serie A", "country": "Italy", "logo": "https://media.api-sports.io/football/leagues/135.png", "flag": "https://media.api-sports.io/flags/it.svg"}}, {"player": {"id": 56266, "name": "F. Israel", "photo": "https://media.api-sports.io/football/players/56266.png", "type": "Missing Fixture", "reason": "Ribs Injury"}, "team": {"id": 503, "name": "Torino", "logo": "https://media.api-sports.io/football/teams/503.png"}, "fixture": {"id": 1377941, "timezone": "UTC", "date": "2025-10-26T11:30:00+00:00", "timestamp": 1761478200}, "league": {"id": 135, "season": 2025, "name": "Serie A", "country": "Italy", "logo": "https://media.api-sports.io/football/leagues/135.png", "flag": "https://media.api-sports.io/flags/it.svg"}}, {"player": {"id": 156490, "name": "N. Nkounkou", "photo": "https://media.api-sports.io/football/players/156490.png", "type": "Missing Fixture", "reason": "Muscle Injury"}, "team": {"id": 503, "name": "Torino", "logo": "https://media.api-sports.io/football/teams/503.png"}, "fixture": {"id": 1377941, "timezone": "UTC", "date": "2025-10-26T11:30:00+00:00", "timestamp": 1761478200}, "league": {"id": 135, "season": 2025, "name": "Serie A", "country": "Italy", "logo": "https://media.api-sports.io/football/leagues/135.png", "flag": "https://media.api-sports.io/flags/it.svg"}}, {"player": {"id": 343332, "name": "Z. Savva", "photo": "https://media.api-sports.io/football/players/343332.png", "type": "Missing Fixture", "reason": "Knee Injury"}, "team": {"id": 503, "name": "Torino", "logo": "https://media.api-sports.io/football/teams/503.png"}, "fixture": {"id": 1377941, "timezone": "UTC", "date": "2025-10-26T11:30:00+00:00", "timestamp": 1761478200}, "league": {"id": 135, "season": 2025, "name": "Serie A", "country": "Italy", "logo": "https://media.api-sports.io/football/leagues/135.png", "flag": "https://media.api-sports.io/flags/it.svg"}}, {"player": {"id": 268728, "name": "S. Sazonov", "photo": "https://media.api-sports.io/football/players/268728.png", "type": "Missing Fixture", "reason": "Knee Injury"}, "team": {"id": 503, "name": "Torino", "logo": "https://media.api-sports.io/football/teams/503.png"}, "fixture": {"id": 1377941, "timezone": "UTC", "date": "2025-10-26T11:30:00+00:00", "timestamp": 1761478200}, "league": {"id": 135, "season": 2025, "name": "Serie A", "country": "Italy", "logo": "https://media.api-sports.io/football/leagues/135.png", "flag": "https://media.api-sports.io/flags/it.svg"}}, {"player": {"id": 535, "name": "P. Schuurs", "photo": "https://media.api-sports.io/football/players/535.png", "type": "Missing Fixture", "reason": "Knee Injury"}, "team": {"id": 503, "name": "Torino", "logo": "https://media.api-sports.io/football/teams/503.png"}, "fixture": {"id": 1377941, "timezone": "UTC", "date": "2025-10-26T11:30:00+00:00", "timestamp": 1761478200}, "league": {"id": 135, "season": 2025, "name": "Serie A", "country": "Italy", "logo": "https://media.api-sports.io/football/leagues/135.png", "flag": "https://media.api-sports.io/flags/it.svg"}}, {"player": {"id": 156490, "name": "N. Nkounkou", "photo": "https://media.api-sports.io/football/players/156490.png", "type": "Missing Fixture", "reason": "Muscle Injury"}, "team": {"id": 503, "name": "Torino", "logo": "https://media.api-sports.io/football/teams/503.png"}, "fixture": {"id": 1377945, "timezone": "UTC", "date": "2025-10-29T19:45:00+00:00", "timestamp": 1761767100}, "league": {"id": 135, "season": 2025, "name": "Serie A", "country": "Italy", "logo": "https://media.api-sports.io/football/leagues/135.png", "flag": "https://media.api-sports.io/flags/it.svg"}}, {"player": {"id": 343332, "name": "Z. Savva", "photo": "https://media.api-sports.io/football/players/343332.png", "type": "Missing Fixture", "reason": "Knee Injury"}, "team": {"id": 503, "name": "Torino", "logo": "https://media.api-sports.io/football/teams/503.png"}, "fixture": {"id": 1377945, "timezone": "UTC", "date": "2025-10-29T19:45:00+00:00", "timestamp": 1761767100}, "league": {"id": 135, "season": 2025, "name": "Serie A", "country": "Italy", "logo": "https://media.api-sports.io/football/leagues/135.png", "flag": "https://media.api-sports.io/flags/it.svg"}}, {"player": {"id": 268728, "name": "S. Sazonov", "photo": "https://media.api-sports.io/football/players/268728.png", "type": "Missing Fixture", "reason": "Knee Injury"}, "team": {"id": 503, "name": "Torino", "logo": "https://media.api-sports.io/football/teams/503.png"}, "fixture": {"id": 1377945, "timezone": "UTC", "date": "2025-10-29T19:45:00+00:00", "timestamp": 1761767100}, "league": {"id": 135, "season": 2025, "name": "Serie A", "country": "Italy", "logo": "https://media.api-sports.io/football/leagues/135.png", "flag": "https://media.api-sports.io/flags/it.svg"}}, {"player": {"id": 535, "name": "P. Schuurs", "photo": "https://media.api-sports.io/football/players/535.png", "type": "Missing Fixture", "reason": "Knee Injury"}, "team": {"id": 503, "name": "Torino", "logo": "https://media.api-sports.io/football/teams/503.png"}, "fixture": {"id": 1377945, "timezone": "UTC", "date": "2025-10-29T19:45:00+00:00", "timestamp": 1761767100}, "league": {"id": 135, "season": 2025, "name": "Serie A", "country": "Italy", "logo": "https://media.api-sports.io/football/leagues/135.png", "flag": "https://media.api-sports.io/flags/it.svg"}}, {"player": {"id": 56266, "name": "F. Israel", "photo": "https://media.api-sports.io/football/players/56266.png", "type": "Questionable", "reason": "Ribs Injury"}, "team": {"id": 503, "name": "Torino", "logo": "https://media.api-sports.io/football/teams/503.png"}, "fixture": {"id": 1377945, "timezone": "UTC", "date": "2025-10-29T19:45:00+00:00", "timestamp": 1761767100}, "league": {"id": 135, "season": 2025, "name": "Serie A", "country": "Italy", "logo": "https://media.api-sports.io/football/leagues/135.png", "flag": "https://media.api-sports.io/flags/it.svg"}}, {"player": {"id": 243, "name": "Z. Aboukhlal", "photo": "https://media.api-sports.io/football/players/243.png", "type": "Missing Fixture", "reason": "Thigh Injury"}, "team": {"id": 503, "name": "Torino", "logo": "https://media.api-sports.io/football/teams/503.png"}, "fixture": {"id": 1377961, "timezone": "UTC", "date": "2025-11-02T14:00:00+00:00", "timestamp": 1762092000}, "league": {"id": 135, "season": 2025, "name": "Serie A", "country": "Italy", "logo": "https://media.api-sports.io/football/leagues/135.png", "flag": "https://media.api-sports.io/flags/it.svg"}}, {"player": {"id": 56266, "name": "F. Israel", "photo": "https://media.api-sports.io/football/players/56266.png", "type": "Missing Fixture", "reason": "Ribs Injury"}, "team": {"id": 503, "name": "Torino", "logo": "https://media.api-sports.io/football/teams/503.png"}, "fixture": {"id": 1377961, "timezone": "UTC", "date": "2025-11-02T14:00:00+00:00", "timestamp": 1762092000}, "league": {"id": 135, "season": 2025, "name": "Serie A", "country": "Italy", "logo": "https://media.api-sports.io/football/leagues/135.png", "flag": "https://media.api-sports.io/flags/it.svg"}}, {"player": {"id": 156490, "name": "N. Nkounkou", "photo": "https://media.api-sports.io/football/players/156490.png", "type": "Missing Fixture", "reason": "Muscle Injury"}, "team": {"id": 503, "name": "Torino", "logo": "https://media.api-sports.io/football/teams/503.png"}, "fixture": {"id": 1377961, "timezone": "UTC", "date": "2025-11-02T14:00:00+00:00", "timestamp": 1762092000}, "league": {"id": 135, "season": 2025, "name": "Serie A", "country": "Italy", "logo": "https://media.api-sports.io/football/leagues/135.png", "flag": "https://media.api-sports.io/flags/it.svg"}}, {"player": {"id": 343332, "name": "Z. Savva", "photo": "https://media.api-sports.io/football/players/343332.png", "type": "Missing Fixture", "reason": "Knee Injury"}, "team": {"id": 503, "name": "Torino", "logo": "https://media.api-sports.io/football/teams/503.png"}, "fixture": {"id": 1377961, "timezone": "UTC", "date": "2025-11-02T14:00:00+00:00", "timestamp": 1762092000}, "league": {"id": 135, "season": 2025, "name": "Serie A", "country": "Italy", "logo": "https://media.api-sports.io/football/leagues/135.png", "flag": "https://media.api-sports.io/flags/it.svg"}}, {"player": {"id": 268728, "name": "S. Sazonov", "photo": "https://media.api-sports.io/football/players/268728.png", "type": "Missing Fixture", "reason": "Knee Injury"}, "team": {"id": 503, "name": "Torino", "logo": "https://media.api-sports.io/football/teams/503.png"}, "fixture": {"id": 1377961, "timezone": "UTC", "date": "2025-11-02T14:00:00+00:00", "timestamp": 1762092000}, "league": {"id": 135, "season": 2025, "name": "Serie A", "country": "Italy", "logo": "https://media.api-sports.io/football/leagues/135.png", "flag": "https://media.api-sports.io/flags/it.svg"}}, {"player": {"id": 535, "name": "P. Schuurs", "photo": "https://media.api-sports.io/football/players/535.png", "type": "Missing Fixture", "reason": "Knee Injury"}, "team": {"id": 503, "name": "Torino", "logo": "https://media.api-sports.io/football/teams/503.png"}, "fixture": {"id": 1377961, "timezone": "UTC", "date": "2025-11-02T14:00:00+00:00", "timestamp": 1762092000}, "league": {"id": 135, "season": 2025, "name": "Serie A", "country": "Italy", "logo": "https://media.api-sports.io/football/leagues/135.png", "flag": "https://media.api-sports.io/flags/it.svg"}}, {"player": {"id": 56266, "name": "F. Israel", "photo": "https://media.api-sports.io/football/players/56266.png", "type": "Missing Fixture", "reason": "Ribs Injury"}, "team": {"id": 503, "name": "Torino", "logo": "https://media.api-sports.io/football/teams/503.png"}, "fixture": {"id": 1377969, "timezone": "UTC", "date": "2025-11-08T17:00:00+00:00", "timestamp": 1762621200}, "league": {"id": 135, "season": 2025, "name": "Serie A", "country": "Italy", "logo": "https://media.api-sports.io/football/leagues/135.png", "flag": "https://media.api-sports.io/flags/it.svg"}}, {"player": {"id": 343332, "name": "Z. Savva", "photo": "https://media.api-sports.io/football/players/343332.png", "type": "Missing Fixture", "reason": "Knee Injury"}, "team": {"id": 503, "name": "Torino", "logo": "https://media.api-sports.io/football/teams/503.png"}, "fixture": {"id": 1377969, "timezone": "UTC", "date": "2025-11-08T17:00:00+00:00", "timestamp": 1762621200}, "league": {"id": 135, "season": 2025, "name": "Serie A", "country": "Italy", "logo": "https://media.api-sports.io/football/leagues/135.png", "flag": "https://media.api-sports.io/flags/it.svg"}}, {"player": {"id": 268728, "name": "S. Sazonov", "photo": "https://media.api-sports.io/football/players/268728.png", "type": "Missing Fixture", "reason": "Knee Injury"}, "team": {"id": 503, "name": "Torino", "logo": "https://media.api-sports.io/football/teams/503.png"}, "fixture": {"id": 1377969, "timezone": "UTC", "date": "2025-11-08T17:00:00+00:00", "timestamp": 1762621200}, "league": {"id": 135, "season": 2025, "name": "Serie A", "country": "Italy", "logo": "https://media.api-sports.io/football/leagues/135.png", "flag": "https://media.api-sports.io/flags/it.svg"}}, {"player": {"id": 535, "name": "P. Schuurs", "photo": "https://media.api-sports.io/football/players/535.png", "type": "Missing Fixture", "reason": "Knee Injury"}, "team": {"id": 503, "name": "Torino", "logo": "https://media.api-sports.io/football/teams/503.png"}, "fixture": {"id": 1377969, "timezone": "UTC", "date": "2025-11-08T17:00:00+00:00", "timestamp": 1762621200}, "league": {"id": 135, "season": 2025, "name": "Serie A", "country": "Italy", "logo": "https://media.api-sports.io/football/leagues/135.png", "flag": "https://media.api-sports.io/flags/it.svg"}}, {"player": {"id": 46170, "name": "I. Ilic", "photo": "https://media.api-sports.io/football/players/46170.png", "type": "Missing Fixture", "reason": "Knee Injury"}, "team": {"id": 503, "name": "Torino", "logo": "https://media.api-sports.io/football/teams/503.png"}, "fixture": {"id": 1377981, "timezone": "UTC", "date": "2025-11-24T17:30:00+00:00", "timestamp": 1764005400}, "league": {"id": 135, "season": 2025, "name": "Serie A", "country": "Italy", "logo": "https://media.api-sports.io/football/leagues/135.png", "flag": "https://media.api-sports.io/flags/it.svg"}}, {"player": {"id": 14329, "name": "A. Ismajli", "photo": "https://media.api-sports.io/football/players/14329.png", "type": "Missing Fixture", "reason": "Thigh Injury"}, "team": {"id": 503, "name": "Torino", "logo": "https://media.api-sports.io/football/teams/503.png"}, "fixture": {"id": 1377981, "timezone": "UTC", "date": "2025-11-24T17:30:00+00:00", "timestamp": 1764005400}, "league": {"id": 135, "season": 2025, "name": "Serie A", "country": "Italy", "logo": "https://media.api-sports.io/football/leagues/135.png", "flag": "https://media.api-sports.io/flags/it.svg"}}, {"player": {"id": 343332, "name": "Z. Savva", "photo": "https://media.api-sports.io/football/players/343332.png", "type": "Missing Fixture", "reason": "Knee Injury"}, "team": {"id": 503, "name": "Torino", "logo": "https://media.api-sports.io/football/teams/503.png"}, "fixture": {"id": 1377981, "timezone": "UTC", "date": "2025-11-24T17:30:00+00:00", "timestamp": 1764005400}, "league": {"id": 135, "season": 2025, "name": "Serie A", "country": "Italy", "logo": "https://media.api-sports.io/football/leagues/135.png", "flag": "https://media.api-sports.io/flags/it.svg"}}, {"player": {"id": 268728, "name": "S. Sazonov", "photo": "https://media.api-sports.io/football/players/268728.png", "type": "Missing Fixture", "reason": "Knee Injury"}, "team": {"id": 503, "name": "Torino", "logo": "https://media.api-sports.io/football/teams/503.png"}, "fixture": {"id": 1377981, "timezone": "UTC", "date": "2025-11-24T17:30:00+00:00", "timestamp": 1764005400}, "league": {"id": 135, "season": 2025, "name": "Serie A", "country": "Italy", "logo": "https://media.api-sports.io/football/leagues/135.png", "flag": "https://media.api-sports.io/flags/it.svg"}}, {"player": {"id": 535, "name": "P. Schuurs", "photo": "https://media.api-sports.io/football/players/535.png", "type": "Missing Fixture", "reason": "Knee Injury"}, "team": {"id": 503, "name": "Torino", "logo": "https://media.api-sports.io/football/teams/503.png"}, "fixture": {"id": 1377981, "timezone": "UTC", "date": "2025-11-24T17:30:00+00:00", "timestamp": 1764005400}, "league": {"id": 135, "season": 2025, "name": "Serie A", "country": "Italy", "logo": "https://media.api-sports.io/football/leagues/135.png", "flag": "https://media.api-sports.io/flags/it.svg"}}, {"player": {"id": 30414, "name": "G. Simeone", "photo": "https://media.api-sports.io/football/players/30414.png", "type": "Missing Fixture", "reason": "Injury"}, "team": {"id": 503, "name": "Torino", "logo": "https://media.api-sports.io/football/teams/503.png"}, "fixture": {"id": 1377981, "timezone": "UTC", "date": "2025-11-24T17:30:00+00:00", "timestamp": 1764005400}, "league": {"id": 135, "season": 2025, "name": "Serie A", "country": "Italy", "logo": "https://media.api-sports.io/football/leagues/135.png", "flag": "https://media.api-sports.io/flags/it.svg"}}, {"player": {"id": 30396, "name": "C. Biraghi", "photo": "https://media.api-sports.io/football/players/30396.png", "type": "Missing Fixture", "reason": "Illness"}, "team": {"id": 503, "name": "Torino", "logo": "https://media.api-sports.io/football/teams/503.png"}, "fixture": {"id": 1377989, "timezone": "UTC", "date": "2025-11-30T11:30:00+00:00", "timestamp": 1764502200}, "league": {"id": 135, "season": 2025, "name": "Serie A", "country": "Italy", "logo": "https://media.api-sports.io/football/leagues/135.png", "flag": "https://media.api-sports.io/flags/it.svg"}}, {"player": {"id": 46170, "name": "I. Ilic", "photo": "https://media.api-sports.io/football/players/46170.png", "type": "Missing Fixture", "reason": "Knee Injury"}, "team": {"id": 503, "name": "Torino", "logo": "https://media.api-sports.io/football/teams/503.png"}, "fixture": {"id": 1377989, "timezone": "UTC", "date": "2025-11-30T11:30:00+00:00", "timestamp": 1764502200}, "league": {"id": 135, "season": 2025, "name": "Serie A", "country": "Italy", "logo": "https://media.api-sports.io/football/leagues/135.png", "flag": "https://media.api-sports.io/flags/it.svg"}}, {"player": {"id": 14329, "name": "A. Ismajli", "photo": "https://media.api-sports.io/football/players/14329.png", "type": "Missing Fixture", "reason": "Muscle Injury"}, "team": {"id": 503, "name": "Torino", "logo": "https://media.api-sports.io/football/teams/503.png"}, "fixture": {"id": 1377989, "timezone": "UTC", "date": "2025-11-30T11:30:00+00:00", "timestamp": 1764502200}, "league": {"id": 135, "season": 2025, "name": "Serie A", "country": "Italy", "logo": "https://media.api-sports.io/football/leagues/135.png", "flag": "https://media.api-sports.io/flags/it.svg"}}, {"player": {"id": 343332, "name": "Z. Savva", "photo": "https://media.api-sports.io/football/players/343332.png", "type": "Missing Fixture", "reason": "Knee Injury"}, "team": {"id": 503, "name": "Torino", "logo": "https://media.api-sports.io/football/teams/503.png"}, "fixture": {"id": 1377989, "timezone": "UTC", "date": "2025-11-30T11:30:00+00:00", "timestamp": 1764502200}, "league": {"id": 135, "season": 2025, "name": "Serie A", "country": "Italy", "logo": "https://media.api-sports.io/football/leagues/135.png", "flag": "https://media.api-sports.io/flags/it.svg"}}, {"player": {"id": 268728, "name": "S. Sazonov", "photo": "https://media.api-sports.io/football/players/268728.png", "type": "Missing Fixture", "reason": "Knee Injury"}, "team": {"id": 503, "name": "Torino", "logo": "https://media.api-sports.io/football/teams/503.png"}, "fixture": {"id": 1377989, "timezone": "UTC", "date": "2025-11-30T11:30:00+00:00", "timestamp": 1764502200}, "league": {"id": 135, "season": 2025, "name": "Serie A", "country": "Italy", "logo": "https://media.api-sports.io/football/leagues/135.png", "flag": "https://media.api-sports.io/flags/it.svg"}}, {"player": {"id": 535, "name": "P. Schuurs", "photo": "https://media.api-sports.io/football/players/535.png", "type": "Missing Fixture", "reason": "Knee Injury"}, "team": {"id": 503, "name": "Torino", "logo": "https://media.api-sports.io/football/teams/503.png"}, "fixture": {"id": 1377989, "timezone": "UTC", "date": "2025-11-30T11:30:00+00:00", "timestamp": 1764502200}, "league": {"id": 135, "season": 2025, "name": "Serie A", "country": "Italy", "logo": "https://media.api-sports.io/football/leagues/135.png", "flag": "https://media.api-sports.io/flags/it.svg"}}, {"player": {"id": 30414, "name": "G. Simeone", "photo": "https://media.api-sports.io/football/players/30414.png", "type": "Missing Fixture", "reason": "Injury"}, "team": {"id": 503, "name": "Torino", "logo": "https://media.api-sports.io/football/teams/503.png"}, "fixture": {"id": 1377989, "timezone": "UTC", "date": "2025-11-30T11:30:00+00:00", "timestamp": 1764502200}, "league": {"id": 135, "season": 2025, "name": "Serie A", "country": "Italy", "logo": "https://media.api-sports.io/football/leagues/135.png", "flag": "https://media.api-sports.io/flags/it.svg"}}, {"player": {"id": 46170, "name": "I. Ilic", "photo": "https://media.api-sports.io/football/players/46170.png", "type": "Missing Fixture", "reason": "Knee Injury"}, "team": {"id": 503, "name": "Torino", "logo": "https://media.api-sports.io/football/teams/503.png"}, "fixture": {"id": 1378001, "timezone": "UTC", "date": "2025-12-08T19:45:00+00:00", "timestamp": 1765223100}, "league": {"id": 135, "season": 2025, "name": "Serie A", "country": "Italy", "logo": "https://media.api-sports.io/football/leagues/135.png", "flag": "https://media.api-sports.io/flags/it.svg"}}, {"player": {"id": 14329, "name": "A. Ismajli", "photo": "https://media.api-sports.io/football/players/14329.png", "type": "Missing Fixture", "reason": "Muscle Injury"}, "team": {"id": 503, "name": "Torino", "logo": "https://media.api-sports.io/football/teams/503.png"}, "fixture": {"id": 1378001, "timezone": "UTC", "date": "2025-12-08T19:45:00+00:00", "timestamp": 1765223100}, "league": {"id": 135, "season": 2025, "name": "Serie A", "country": "Italy", "logo": "https://media.api-sports.io/football/leagues/135.png", "flag": "https://media.api-sports.io/flags/it.svg"}}, {"player": {"id": 343332, "name": "Z. Savva", "photo": "https://media.api-sports.io/football/players/343332.png", "type": "Missing Fixture", "reason": "Knee Injury"}, "team": {"id": 503, "name": "Torino", "logo": "https://media.api-sports.io/football/teams/503.png"}, "fixture": {"id": 1378001, "timezone": "UTC", "date": "2025-12-08T19:45:00+00:00", "timestamp": 1765223100}, "league": {"id": 135, "season": 2025, "name": "Serie A", "country": "Italy", "logo": "https://media.api-sports.io/football/leagues/135.png", "flag": "https://media.api-sports.io/flags/it.svg"}}, {"player": {"id": 268728, "name": "S. Sazonov", "photo": "https://media.api-sports.io/football/players/268728.png", "type": "Missing Fixture", "reason": "Knee Injury"}, "team": {"id": 503, "name": "Torino", "logo": "https://media.api-sports.io/football/teams/503.png"}, "fixture": {"id": 1378001, "timezone": "UTC", "date": "2025-12-08T19:45:00+00:00", "timestamp": 1765223100}, "league": {"id": 135, "season": 2025, "name": "Serie A", "country": "Italy", "logo": "https://media.api-sports.io/football/leagues/135.png", "flag": "https://media.api-sports.io/flags/it.svg"}}, {"player": {"id": 535, "name": "P. Schuurs", "photo": "https://media.api-sports.io/football/players/535.png", "type": "Missing Fixture", "reason": "Knee Injury"}, "team": {"id": 503, "name": "Torino", "logo": "https://media.api-sports.io/football/teams/503.png"}, "fixture": {"id": 1378001, "timezone": "UTC", "date": "2025-12-08T19:45:00+00:00", "timestamp": 1765223100}, "league": {"id": 135, "season": 2025, "name": "Serie A", "country": "Italy", "logo": "https://media.api-sports.io/football/leagues/135.png", "flag": "https://media.api-sports.io/flags/it.svg"}}, {"player": {"id": 343332, "name": "Z. Savva", "photo": "https://media.api-sports.io/football/players/343332.png", "type": "Missing Fixture", "reason": "Knee Injury"}, "team": {"id": 503, "name": "Torino", "logo": "https://media.api-sports.io/football/teams/503.png"}, "fixture": {"id": 1378012, "timezone": "UTC", "date": "2025-12-13T14:00:00+00:00", "timestamp": 1765634400}, "league": {"id": 135, "season": 2025, "name": "Serie A", "country": "Italy", "logo": "https://media.api-sports.io/football/leagues/135.png", "flag": "https://media.api-sports.io/flags/it.svg"}}, {"player": {"id": 268728, "name": "S. Sazonov", "photo": "https://media.api-sports.io/football/players/268728.png", "type": "Missing Fixture", "reason": "Knee Injury"}, "team": {"id": 503, "name": "Torino", "logo": "https://media.api-sports.io/football/teams/503.png"}, "fixture": {"id": 1378012, "timezone": "UTC", "date": "2025-12-13T14:00:00+00:00", "timestamp": 1765634400}, "league": {"id": 135, "season": 2025, "name": "Serie A", "country": "Italy", "logo": "https://media.api-sports.io/football/leagues/135.png", "flag": "https://media.api-sports.io/flags/it.svg"}}, {"player": {"id": 535, "name": "P. Schuurs", "photo": "https://media.api-sports.io/football/players/535.png", "type": "Missing Fixture", "reason": "Knee Injury"}, "team": {"id": 503, "name": "Torino", "logo": "https://media.api-sports.io/football/teams/503.png"}, "fixture": {"id": 1378012, "timezone": "UTC", "date": "2025-12-13T14:00:00+00:00", "timestamp": 1765634400}, "league": {"id": 135, "season": 2025, "name": "Serie A", "country": "Italy", "logo": "https://media.api-sports.io/football/leagues/135.png", "flag": "https://media.api-sports.io/flags/it.svg"}}, {"player": {"id": 122468, "name": "S. Coco", "photo": "https://media.api-sports.io/football/players/122468.png", "type": "Missing Fixture", "reason": "International duty"}, "team": {"id": 503, "name": "Torino", "logo": "https://media.api-sports.io/football/teams/503.png"}, "fixture": {"id": 1378022, "timezone": "UTC", "date": "2025-12-21T14:00:00+00:00", "timestamp": 1766325600}, "league": {"id": 135, "season": 2025, "name": "Serie A", "country": "Italy", "logo": "https://media.api-sports.io/football/leagues/135.png", "flag": "https://media.api-sports.io/flags/it.svg"}}, {"player": {"id": 18799, "name": "A. Masina", "photo": "https://media.api-sports.io/football/players/18799.png", "type": "Missing Fixture", "reason": "International duty"}, "team": {"id": 503, "name": "Torino", "logo": "https://media.api-sports.io/football/teams/503.png"}, "fixture": {"id": 1378022, "timezone": "UTC", "date": "2025-12-21T14:00:00+00:00", "timestamp": 1766325600}, "league": {"id": 135, "season": 2025, "name": "Serie A", "country": "Italy", "logo": "https://media.api-sports.io/football/leagues/135.png", "flag": "https://media.api-sports.io/flags/it.svg"}}, {"player": {"id": 343332, "name": "Z. Savva", "photo": "https://media.api-sports.io/football/players/343332.png", "type": "Missing Fixture", "reason": "Knee Injury"}, "team": {"id": 503, "name": "Torino", "logo": "https://media.api-sports.io/football/teams/503.png"}, "fixture": {"id": 1378022, "timezone": "UTC", "date": "2025-12-21T14:00:00+00:00", "timestamp": 1766325600}, "league": {"id": 135, "season": 2025, "name": "Serie A", "country": "Italy", "logo": "https://media.api-sports.io/football/leagues/135.png", "flag": "https://media.api-sports.io/flags/it.svg"}}, {"player": {"id": 535, "name": "P. Schuurs", "photo": "https://media.api-sports.io/football/players/535.png", "type": "Missing Fixture", "reason": "Knee Injury"}, "team": {"id": 503, "name": "Torino", "logo": "https://media.api-sports.io/football/teams/503.png"}, "fixture": {"id": 1378022, "timezone": "UTC", "date": "2025-12-21T14:00:00+00:00", "timestamp": 1766325600}, "league": {"id": 135, "season": 2025, "name": "Serie A", "country": "Italy", "logo": "https://media.api-sports.io/football/leagues/135.png", "flag": "https://media.api-sports.io/flags/it.svg"}}, {"player": {"id": 122468, "name": "S. Coco", "photo": "https://media.api-sports.io/football/players/122468.png", "type": "Missing Fixture", "reason": "International duty"}, "team": {"id": 503, "name": "Torino", "logo": "https://media.api-sports.io/football/teams/503.png"}, "fixture": {"id": 1378032, "timezone": "UTC", "date": "2025-12-27T14:00:00+00:00", "timestamp": 1766844000}, "league": {"id": 135, "season": 2025, "name": "Serie A", "country": "Italy", "logo": "https://media.api-sports.io/football/leagues/135.png", "flag": "https://media.api-sports.io/flags/it.svg"}}, {"player": {"id": 18799, "name": "A. Masina", "photo": "https://media.api-sports.io/football/players/18799.png", "type": "Missing Fixture", "reason": "International duty"}, "team": {"id": 503, "name": "Torino", "logo": "https://media.api-sports.io/football/teams/503.png"}, "fixture": {"id": 1378032, "timezone": "UTC", "date": "2025-12-27T14:00:00+00:00", "timestamp": 1766844000}, "league": {"id": 135, "season": 2025, "name": "Serie A", "country": "Italy", "logo": "https://media.api-sports.io/football/leagues/135.png", "flag": "https://media.api-sports.io/flags/it.svg"}}, {"player": {"id": 343332, "name": "Z. Savva", "photo": "https://media.api-sports.io/football/players/343332.png", "type": "Missing Fixture", "reason": "Knee Injury"}, "team": {"id": 503, "name": "Torino", "logo": "https://media.api-sports.io/football/teams/503.png"}, "fixture": {"id": 1378032, "timezone": "UTC", "date": "2025-12-27T14:00:00+00:00", "timestamp": 1766844000}, "league": {"id": 135, "season": 2025, "name": "Serie A", "country": "Italy", "logo": "https://media.api-sports.io/football/leagues/135.png", "flag": "https://media.api-sports.io/flags/it.svg"}}, {"player": {"id": 535, "name": "P. Schuurs", "photo": "https://media.api-sports.io/football/players/535.png", "type": "Missing Fixture", "reason": "Knee Injury"}, "team": {"id": 503, "name": "Torino", "logo": "https://media.api-sports.io/football/teams/503.png"}, "fixture": {"id": 1378032, "timezone": "UTC", "date": "2025-12-27T14:00:00+00:00", "timestamp": 1766844000}, "league": {"id": 135, "season": 2025, "name": "Serie A", "country": "Italy", "logo": "https://media.api-sports.io/football/leagues/135.png", "flag": "https://media.api-sports.io/flags/it.svg"}}, {"player": {"id": 46170, "name": "I. Ilic", "photo": "https://media.api-sports.io/football/players/46170.png", "type": "Missing Fixture", "reason": "Back Injury"}, "team": {"id": 503, "name": "Torino", "logo": "https://media.api-sports.io/football/teams/503.png"}, "fixture": {"id": 1378043, "timezone": "UTC", "date": "2026-01-04T17:00:00+00:00", "timestamp": 1767546000}, "league": {"id": 135, "season": 2025, "name": "Serie A", "country": "Italy", "logo": "https://media.api-sports.io/football/leagues/135.png", "flag": "https://media.api-sports.io/flags/it.svg"}}, {"player": {"id": 18799, "name": "A. Masina", "photo": "https://media.api-sports.io/football/players/18799.png", "type": "Missing Fixture", "reason": "International duty"}, "team": {"id": 503, "name": "Torino", "logo": "https://media.api-sports.io/football/teams/503.png"}, "fixture": {"id": 1378043, "timezone": "UTC", "date": "2026-01-04T17:00:00+00:00", "timestamp": 1767546000}, "league": {"id": 135, "season": 2025, "name": "Serie A", "country": "Italy", "logo": "https://media.api-sports.io/football/leagues/135.png", "flag": "https://media.api-sports.io/flags/it.svg"}}, {"player": {"id": 343332, "name": "Z. Savva", "photo": "https://media.api-sports.io/football/players/343332.png", "type": "Missing Fixture", "reason": "Knee Injury"}, "team": {"id": 503, "name": "Torino", "logo": "https://media.api-sports.io/football/teams/503.png"}, "fixture": {"id": 1378043, "timezone": "UTC", "date": "2026-01-04T17:00:00+00:00", "timestamp": 1767546000}, "league": {"id": 135, "season": 2025, "name": "Serie A", "country": "Italy", "logo": "https://media.api-sports.io/football/leagues/135.png", "flag": "https://media.api-sports.io/flags/it.svg"}}, {"player": {"id": 535, "name": "P. Schuurs", "photo": "https://media.api-sports.io/football/players/535.png", "type": "Missing Fixture", "reason": "Knee Injury"}, "team": {"id": 503, "name": "Torino", "logo": "https://media.api-sports.io/football/teams/503.png"}, "fixture": {"id": 1378043, "timezone": "UTC", "date": "2026-01-04T17:00:00+00:00", "timestamp": 1767546000}, "league": {"id": 135, "season": 2025, "name": "Serie A", "country": "Italy", "logo": "https://media.api-sports.io/football/leagues/135.png", "flag": "https://media.api-sports.io/flags/it.svg"}}, {"player": {"id": 383006, "name": "A. Njie", "photo": "https://media.api-sports.io/football/players/383006.png", "type": "Questionable", "reason": "Illness"}, "team": {"id": 503, "name": "Torino", "logo": "https://media.api-sports.io/football/teams/503.png"}, "fixture": {"id": 1378043, "timezone": "UTC", "date": "2026-01-04T17:00:00+00:00", "timestamp": 1767546000}, "league": {"id": 135, "season": 2025, "name": "Serie A", "country": "Italy", "logo": "https://media.api-sports.io/football/leagues/135.png", "flag": "https://media.api-sports.io/flags/it.svg"}}, {"player": {"id": 39362, "name": "M. Pedersen", "photo": "https://media.api-sports.io/football/players/39362.png", "type": "Questionable", "reason": "Muscle Injury"}, "team": {"id": 503, "name": "Torino", "logo": "https://media.api-sports.io/football/teams/503.png"}, "fixture": {"id": 1378043, "timezone": "UTC", "date": "2026-01-04T17:00:00+00:00", "timestamp": 1767546000}, "league": {"id": 135, "season": 2025, "name": "Serie A", "country": "Italy", "logo": "https://media.api-sports.io/football/leagues/135.png", "flag": "https://media.api-sports.io/flags/it.svg"}}, {"player": {"id": 18799, "name": "A. Masina", "photo": "https://media.api-sports.io/football/players/18799.png", "type": "Missing Fixture", "reason": "International duty"}, "team": {"id": 503, "name": "Torino", "logo": "https://media.api-sports.io/football/teams/503.png"}, "fixture": {"id": 1378072, "timezone": "UTC", "date": "2026-01-18T17:00:00+00:00", "timestamp": 1768755600}, "league": {"id": 135, "season": 2025, "name": "Serie A", "country": "Italy", "logo": "https://media.api-sports.io/football/leagues/135.png", "flag": "https://media.api-sports.io/flags/it.svg"}}, {"player": {"id": 343332, "name": "Z. Savva", "photo": "https://media.api-sports.io/football/players/343332.png", "type": "Missing Fixture", "reason": "Knee Injury"}, "team": {"id": 503, "name": "Torino", "logo": "https://media.api-sports.io/football/teams/503.png"}, "fixture": {"id": 1378072, "timezone": "UTC", "date": "2026-01-18T17:00:00+00:00", "timestamp": 1768755600}, "league": {"id": 135, "season": 2025, "name": "Serie A", "country": "Italy", "logo": "https://media.api-sports.io/football/leagues/135.png", "flag": "https://media.api-sports.io/flags/it.svg"}}, {"player": {"id": 535, "name": "P. Schuurs", "photo": "https://media.api-sports.io/football/players/535.png", "type": "Missing Fixture", "reason": "Knee Injury"}, "team": {"id": 503, "name": "Torino", "logo": "https://media.api-sports.io/football/teams/503.png"}, "fixture": {"id": 1378072, "timezone": "UTC", "date": "2026-01-18T17:00:00+00:00", "timestamp": 1768755600}, "league": {"id": 135, "season": 2025, "name": "Serie A", "country": "Italy", "logo": "https://media.api-sports.io/football/leagues/135.png", "flag": "https://media.api-sports.io/flags/it.svg"}}, {"player": {"id": 46170, "name": "I. Ilic", "photo": "https://media.api-sports.io/football/players/46170.png", "type": "Questionable", "reason": "Back Injury"}, "team": {"id": 503, "name": "Torino", "logo": "https://media.api-sports.io/football/teams/503.png"}, "fixture": {"id": 1378072, "timezone": "UTC", "date": "2026-01-18T17:00:00+00:00", "timestamp": 1768755600}, "league": {"id": 135, "season": 2025, "name": "Serie A", "country": "Italy", "logo": "https://media.api-sports.io/football/leagues/135.png", "flag": "https://media.api-sports.io/flags/it.svg"}}, {"player": {"id": 243, "name": "Z. Aboukhlal", "photo": "https://media.api-sports.io/football/players/243.png", "type": "Missing Fixture", "reason": "Injury"}, "team": {"id": 503, "name": "Torino", "logo": "https://media.api-sports.io/football/teams/503.png"}, "fixture": {"id": 1378075, "timezone": "UTC", "date": "2026-01-24T14:00:00+00:00", "timestamp": 1769263200}, "league": {"id": 135, "season": 2025, "name": "Serie A", "country": "Italy", "logo": "https://media.api-sports.io/football/leagues/135.png", "flag": "https://media.api-sports.io/flags/it.svg"}}, {"player": {"id": 275776, "name": "K. Asllani", "photo": "https://media.api-sports.io/football/players/275776.png", "type": "Missing Fixture", "reason": "Inactive"}, "team": {"id": 503, "name": "Torino", "logo": "https://media.api-sports.io/football/teams/503.png"}, "fixture": {"id": 1378075, "timezone": "UTC", "date": "2026-01-24T14:00:00+00:00", "timestamp": 1769263200}, "league": {"id": 135, "season": 2025, "name": "Serie A", "country": "Italy", "logo": "https://media.api-sports.io/football/leagues/135.png", "flag": "https://media.api-sports.io/flags/it.svg"}}, {"player": {"id": 30396, "name": "C. Biraghi", "photo": "https://media.api-sports.io/football/players/30396.png", "type": "Missing Fixture", "reason": "Illness"}, "team": {"id": 503, "name": "Torino", "logo": "https://media.api-sports.io/football/teams/503.png"}, "fixture": {"id": 1378075, "timezone": "UTC", "date": "2026-01-24T14:00:00+00:00", "timestamp": 1769263200}, "league": {"id": 135, "season": 2025, "name": "Serie A", "country": "Italy", "logo": "https://media.api-sports.io/football/leagues/135.png", "flag": "https://media.api-sports.io/flags/it.svg"}}, {"player": {"id": 349232, "name": "A. Dembele", "photo": "https://media.api-sports.io/football/players/349232.png", "type": "Missing Fixture", "reason": "Injury"}, "team": {"id": 503, "name": "Torino", "logo": "https://media.api-sports.io/football/teams/503.png"}, "fixture": {"id": 1378075, "timezone": "UTC", "date": "2026-01-24T14:00:00+00:00", "timestamp": 1769263200}, "league": {"id": 135, "season": 2025, "name": "Serie A", "country": "Italy", "logo": "https://media.api-sports.io/football/leagues/135.png", "flag": "https://media.api-sports.io/flags/it.svg"}}, {"player": {"id": 343189, "name": "G. Gineitis", "photo": "https://media.api-sports.io/football/players/343189.png", "type": "Missing Fixture", "reason": "Thigh Injury"}, "team": {"id": 503, "name": "Torino", "logo": "https://media.api-sports.io/football/teams/503.png"}, "fixture": {"id": 1378075, "timezone": "UTC", "date": "2026-01-24T14:00:00+00:00", "timestamp": 1769263200}, "league": {"id": 135, "season": 2025, "name": "Serie A", "country": "Italy", "logo": "https://media.api-sports.io/football/leagues/135.png", "flag": "https://media.api-sports.io/flags/it.svg"}}, {"player": {"id": 46170, "name": "I. Ilic", "photo": "https://media.api-sports.io/football/players/46170.png", "type": "Missing Fixture", "reason": "Back Injury"}, "team": {"id": 503, "name": "Torino", "logo": "https://media.api-sports.io/football/teams/503.png"}, "fixture": {"id": 1378075, "timezone": "UTC", "date": "2026-01-24T14:00:00+00:00", "timestamp": 1769263200}, "league": {"id": 135, "season": 2025, "name": "Serie A", "country": "Italy", "logo": "https://media.api-sports.io/football/leagues/135.png", "flag": "https://media.api-sports.io/flags/it.svg"}}, {"player": {"id": 18799, "name": "A. Masina", "photo": "https://media.api-sports.io/football/players/18799.png", "type": "Missing Fixture", "reason": "Injury"}, "team": {"id": 503, "name": "Torino", "logo": "https://media.api-sports.io/football/teams/503.png"}, "fixture": {"id": 1378075, "timezone": "UTC", "date": "2026-01-24T14:00:00+00:00", "timestamp": 1769263200}, "league": {"id": 135, "season": 2025, "name": "Serie A", "country": "Italy", "logo": "https://media.api-sports.io/football/leagues/135.png", "flag": "https://media.api-sports.io/flags/it.svg"}}, {"player": {"id": 156490, "name": "N. Nkounkou", "photo": "https://media.api-sports.io/football/players/156490.png", "type": "Missing Fixture", "reason": "Illness"}, "team": {"id": 503, "name": "Torino", "logo": "https://media.api-sports.io/football/teams/503.png"}, "fixture": {"id": 1378075, "timezone": "UTC", "date": "2026-01-24T14:00:00+00:00", "timestamp": 1769263200}, "league": {"id": 135, "season": 2025, "name": "Serie A", "country": "Italy", "logo": "https://media.api-sports.io/football/leagues/135.png", "flag": "https://media.api-sports.io/flags/it.svg"}}, {"player": {"id": 343332, "name": "Z. Savva", "photo": "https://media.api-sports.io/football/players/343332.png", "type": "Missing Fixture", "reason": "Knee Injury"}, "team": {"id": 503, "name": "Torino", "logo": "https://media.api-sports.io/football/teams/503.png"}, "fixture": {"id": 1378075, "timezone": "UTC", "date": "2026-01-24T14:00:00+00:00", "timestamp": 1769263200}, "league": {"id": 135, "season": 2025, "name": "Serie A", "country": "Italy", "logo": "https://media.api-sports.io/football/leagues/135.png", "flag": "https://media.api-sports.io/flags/it.svg"}}, {"player": {"id": 268728, "name": "S. Sazonov", "photo": "https://media.api-sports.io/football/players/268728.png", "type": "Missing Fixture", "reason": "Knee Injury"}, "team": {"id": 503, "name": "Torino", "logo": "https://media.api-sports.io/football/teams/503.png"}, "fixture": {"id": 1378075, "timezone": "UTC", "date": "2026-01-24T14:00:00+00:00", "timestamp": 1769263200}, "league": {"id": 135, "season": 2025, "name": "Serie A", "country": "Italy", "logo": "https://media.api-sports.io/football/leagues/135.png", "flag": "https://media.api-sports.io/flags/it.svg"}}, {"player": {"id": 535, "name": "P. Schuurs", "photo": "https://media.api-sports.io/football/players/535.png", "type": "Missing Fixture", "reason": "Knee Injury"}, "team": {"id": 503, "name": "Torino", "logo": "https://media.api-sports.io/football/teams/503.png"}, "fixture": {"id": 1378075, "timezone": "UTC", "date": "2026-01-24T14:00:00+00:00", "timestamp": 1769263200}, "league": {"id": 135, "season": 2025, "name": "Serie A", "country": "Italy", "logo": "https://media.api-sports.io/football/leagues/135.png", "flag": "https://media.api-sports.io/flags/it.svg"}}, {"player": {"id": 30414, "name": "G. Simeone", "photo": "https://media.api-sports.io/football/players/30414.png", "type": "Missing Fixture", "reason": "Calf Injury"}, "team": {"id": 503, "name": "Torino", "logo": "https://media.api-sports.io/football/teams/503.png"}, "fixture": {"id": 1378075, "timezone": "UTC", "date": "2026-01-24T14:00:00+00:00", "timestamp": 1769263200}, "league": {"id": 135, "season": 2025, "name": "Serie A", "country": "Italy", "logo": "https://media.api-sports.io/football/leagues/135.png", "flag": "https://media.api-sports.io/flags/it.svg"}}, {"player": {"id": 243, "name": "Z. Aboukhlal", "photo": "https://media.api-sports.io/football/players/243.png", "type": "Missing Fixture", "reason": "Injury"}, "team": {"id": 503, "name": "Torino", "logo": "https://media.api-sports.io/football/teams/503.png"}, "fixture": {"id": 1378092, "timezone": "UTC", "date": "2026-02-01T11:30:00+00:00", "timestamp": 1769945400}, "league": {"id": 135, "season": 2025, "name": "Serie A", "country": "Italy", "logo": "https://media.api-sports.io/football/leagues/135.png", "flag": "https://media.api-sports.io/flags/it.svg"}}, {"player": {"id": 30396, "name": "C. Biraghi", "photo": "https://media.api-sports.io/football/players/30396.png", "type": "Missing Fixture", "reason": "Illness"}, "team": {"id": 503, "name": "Torino", "logo": "https://media.api-sports.io/football/teams/503.png"}, "fixture": {"id": 1378092, "timezone": "UTC", "date": "2026-02-01T11:30:00+00:00", "timestamp": 1769945400}, "league": {"id": 135, "season": 2025, "name": "Serie A", "country": "Italy", "logo": "https://media.api-sports.io/football/leagues/135.png", "flag": "https://media.api-sports.io/flags/it.svg"}}, {"player": {"id": 343189, "name": "G. Gineitis", "photo": "https://media.api-sports.io/football/players/343189.png", "type": "Missing Fixture", "reason": "Thigh Injury"}, "team": {"id": 503, "name": "Torino", "logo": "https://media.api-sports.io/football/teams/503.png"}, "fixture": {"id": 1378092, "timezone": "UTC", "date": "2026-02-01T11:30:00+00:00", "timestamp": 1769945400}, "league": {"id": 135, "season": 2025, "name": "Serie A", "country": "Italy", "logo": "https://media.api-sports.io/football/leagues/135.png", "flag": "https://media.api-sports.io/flags/it.svg"}}, {"player": {"id": 46170, "name": "I. Ilic", "photo": "https://media.api-sports.io/football/players/46170.png", "type": "Missing Fixture", "reason": "Back Injury"}, "team": {"id": 503, "name": "Torino", "logo": "https://media.api-sports.io/football/teams/503.png"}, "fixture": {"id": 1378092, "timezone": "UTC", "date": "2026-02-01T11:30:00+00:00", "timestamp": 1769945400}, "league": {"id": 135, "season": 2025, "name": "Serie A", "country": "Italy", "logo": "https://media.api-sports.io/football/leagues/135.png", "flag": "https://media.api-sports.io/flags/it.svg"}}, {"player": {"id": 14329, "name": "A. Ismajli", "photo": "https://media.api-sports.io/football/players/14329.png", "type": "Missing Fixture", "reason": "Injury"}, "team": {"id": 503, "name": "Torino", "logo": "https://media.api-sports.io/football/teams/503.png"}, "fixture": {"id": 1378092, "timezone": "UTC", "date": "2026-02-01T11:30:00+00:00", "timestamp": 1769945400}, "league": {"id": 135, "season": 2025, "name": "Serie A", "country": "Italy", "logo": "https://media.api-sports.io/football/leagues/135.png", "flag": "https://media.api-sports.io/flags/it.svg"}}, {"player": {"id": 18799, "name": "A. Masina", "photo": "https://media.api-sports.io/football/players/18799.png", "type": "Missing Fixture", "reason": "Injury"}, "team": {"id": 503, "name": "Torino", "logo": "https://media.api-sports.io/football/teams/503.png"}, "fixture": {"id": 1378092, "timezone": "UTC", "date": "2026-02-01T11:30:00+00:00", "timestamp": 1769945400}, "league": {"id": 135, "season": 2025, "name": "Serie A", "country": "Italy", "logo": "https://media.api-sports.io/football/leagues/135.png", "flag": "https://media.api-sports.io/flags/it.svg"}}, {"player": {"id": 156490, "name": "N. Nkounkou", "photo": "https://media.api-sports.io/football/players/156490.png", "type": "Missing Fixture", "reason": "Illness"}, "team": {"id": 503, "name": "Torino", "logo": "https://media.api-sports.io/football/teams/503.png"}, "fixture": {"id": 1378092, "timezone": "UTC", "date": "2026-02-01T11:30:00+00:00", "timestamp": 1769945400}, "league": {"id": 135, "season": 2025, "name": "Serie A", "country": "Italy", "logo": "https://media.api-sports.io/football/leagues/135.png", "flag": "https://media.api-sports.io/flags/it.svg"}}, {"player": {"id": 343332, "name": "Z. Savva", "photo": "https://media.api-sports.io/football/players/343332.png", "type": "Missing Fixture", "reason": "Knee Injury"}, "team": {"id": 503, "name": "Torino", "logo": "https://media.api-sports.io/football/teams/503.png"}, "fixture": {"id": 1378092, "timezone": "UTC", "date": "2026-02-01T11:30:00+00:00", "timestamp": 1769945400}, "league": {"id": 135, "season": 2025, "name": "Serie A", "country": "Italy", "logo": "https://media.api-sports.io/football/leagues/135.png", "flag": "https://media.api-sports.io/flags/it.svg"}}, {"player": {"id": 268728, "name": "S. Sazonov", "photo": "https://media.api-sports.io/football/players/268728.png", "type": "Missing Fixture", "reason": "Knee Injury"}, "team": {"id": 503, "name": "Torino", "logo": "https://media.api-sports.io/football/teams/503.png"}, "fixture": {"id": 1378092, "timezone": "UTC", "date": "2026-02-01T11:30:00+00:00", "timestamp": 1769945400}, "league": {"id": 135, "season": 2025, "name": "Serie A", "country": "Italy", "logo": "https://media.api-sports.io/football/leagues/135.png", "flag": "https://media.api-sports.io/flags/it.svg"}}, {"player": {"id": 535, "name": "P. Schuurs", "photo": "https://media.api-sports.io/football/players/535.png", "type": "Missing Fixture", "reason": "Knee Injury"}, "team": {"id": 503, "name": "Torino", "logo": "https://media.api-sports.io/football/teams/503.png"}, "fixture": {"id": 1378092, "timezone": "UTC", "date": "2026-02-01T11:30:00+00:00", "timestamp": 1769945400}, "league": {"id": 135, "season": 2025, "name": "Serie A", "country": "Italy", "logo": "https://media.api-sports.io/football/leagues/135.png", "flag": "https://media.api-sports.io/flags/it.svg"}}, {"player": {"id": 30414, "name": "G. Simeone", "photo": "https://media.api-sports.io/football/players/30414.png", "type": "Missing Fixture", "reason": "Calf Injury"}, "team": {"id": 503, "name": "Torino", "logo": "https://media.api-sports.io/football/teams/503.png"}, "fixture": {"id": 1378092, "timezone": "UTC", "date": "2026-02-01T11:30:00+00:00", "timestamp": 1769945400}, "league": {"id": 135, "season": 2025, "name": "Serie A", "country": "Italy", "logo": "https://media.api-sports.io/football/leagues/135.png", "flag": "https://media.api-sports.io/flags/it.svg"}}, {"player": {"id": 46170, "name": "I. Ilic", "photo": "https://media.api-sports.io/football/players/46170.png", "type": "Missing Fixture", "reason": "Back Injury"}, "team": {"id": 503, "name": "Torino", "logo": "https://media.api-sports.io/football/teams/503.png"}, "fixture": {"id": 1378096, "timezone": "UTC", "date": "2026-02-07T19:45:00+00:00", "timestamp": 1770493500}, "league": {"id": 135, "season": 2025, "name": "Serie A", "country": "Italy", "logo": "https://media.api-sports.io/football/leagues/135.png", "flag": "https://media.api-sports.io/flags/it.svg"}}, {"player": {"id": 14329, "name": "A. Ismajli", "photo": "https://media.api-sports.io/football/players/14329.png", "type": "Missing Fixture", "reason": "Injury"}, "team": {"id": 503, "name": "Torino", "logo": "https://media.api-sports.io/football/teams/503.png"}, "fixture": {"id": 1378096, "timezone": "UTC", "date": "2026-02-07T19:45:00+00:00", "timestamp": 1770493500}, "league": {"id": 135, "season": 2025, "name": "Serie A", "country": "Italy", "logo": "https://media.api-sports.io/football/leagues/135.png", "flag": "https://media.api-sports.io/flags/it.svg"}}, {"player": {"id": 309388, "name": "M. Prati", "photo": "https://media.api-sports.io/football/players/309388.png", "type": "Missing Fixture", "reason": "Yellow Cards"}, "team": {"id": 503, "name": "Torino", "logo": "https://media.api-sports.io/football/teams/503.png"}, "fixture": {"id": 1378096, "timezone": "UTC", "date": "2026-02-07T19:45:00+00:00", "timestamp": 1770493500}, "league": {"id": 135, "season": 2025, "name": "Serie A", "country": "Italy", "logo": "https://media.api-sports.io/football/leagues/135.png", "flag": "https://media.api-sports.io/flags/it.svg"}}, {"player": {"id": 343332, "name": "Z. Savva", "photo": "https://media.api-sports.io/football/players/343332.png", "type": "Missing Fixture", "reason": "Knee Injury"}, "team": {"id": 503, "name": "Torino", "logo": "https://media.api-sports.io/football/teams/503.png"}, "fixture": {"id": 1378096, "timezone": "UTC", "date": "2026-02-07T19:45:00+00:00", "timestamp": 1770493500}, "league": {"id": 135, "season": 2025, "name": "Serie A", "country": "Italy", "logo": "https://media.api-sports.io/football/leagues/135.png", "flag": "https://media.api-sports.io/flags/it.svg"}}, {"player": {"id": 842, "name": "N. Vlasic", "photo": "https://media.api-sports.io/football/players/842.png", "type": "Missing Fixture", "reason": "Yellow Cards"}, "team": {"id": 503, "name": "Torino", "logo": "https://media.api-sports.io/football/teams/503.png"}, "fixture": {"id": 1378096, "timezone": "UTC", "date": "2026-02-07T19:45:00+00:00", "timestamp": 1770493500}, "league": {"id": 135, "season": 2025, "name": "Serie A", "country": "Italy", "logo": "https://media.api-sports.io/football/leagues/135.png", "flag": "https://media.api-sports.io/flags/it.svg"}}, {"player": {"id": 14329, "name": "A. Ismajli", "photo": "https://media.api-sports.io/football/players/14329.png", "type": "Missing Fixture", "reason": "Injury"}, "team": {"id": 503, "name": "Torino", "logo": "https://media.api-sports.io/football/teams/503.png"}, "fixture": {"id": 1378112, "timezone": "UTC", "date": "2026-02-15T17:00:00+00:00", "timestamp": 1771174800}, "league": {"id": 135, "season": 2025, "name": "Serie A", "country": "Italy", "logo": "https://media.api-sports.io/football/leagues/135.png", "flag": "https://media.api-sports.io/flags/it.svg"}}, {"player": {"id": 265722, "name": "R. Obrador", "photo": "https://media.api-sports.io/football/players/265722.png", "type": "Missing Fixture", "reason": "Calf Injury"}, "team": {"id": 503, "name": "Torino", "logo": "https://media.api-sports.io/football/teams/503.png"}, "fixture": {"id": 1378112, "timezone": "UTC", "date": "2026-02-15T17:00:00+00:00", "timestamp": 1771174800}, "league": {"id": 135, "season": 2025, "name": "Serie A", "country": "Italy", "logo": "https://media.api-sports.io/football/leagues/135.png", "flag": "https://media.api-sports.io/flags/it.svg"}}, {"player": {"id": 343332, "name": "Z. Savva", "photo": "https://media.api-sports.io/football/players/343332.png", "type": "Missing Fixture", "reason": "Knee Injury"}, "team": {"id": 503, "name": "Torino", "logo": "https://media.api-sports.io/football/teams/503.png"}, "fixture": {"id": 1378112, "timezone": "UTC", "date": "2026-02-15T17:00:00+00:00", "timestamp": 1771174800}, "league": {"id": 135, "season": 2025, "name": "Serie A", "country": "Italy", "logo": "https://media.api-sports.io/football/leagues/135.png", "flag": "https://media.api-sports.io/flags/it.svg"}}, {"player": {"id": 46170, "name": "I. Ilic", "photo": "https://media.api-sports.io/football/players/46170.png", "type": "Questionable", "reason": "Back Injury"}, "team": {"id": 503, "name": "Torino", "logo": "https://media.api-sports.io/football/teams/503.png"}, "fixture": {"id": 1378112, "timezone": "UTC", "date": "2026-02-15T17:00:00+00:00", "timestamp": 1771174800}, "league": {"id": 135, "season": 2025, "name": "Serie A", "country": "Italy", "logo": "https://media.api-sports.io/football/leagues/135.png", "flag": "https://media.api-sports.io/flags/it.svg"}}]}