{"get": "fixtures", "parameters": {"league": "78", "season": "2025", "team": "172", "status": "FT", "last": "10"}, "errors": [], "results": 10, "paging": {"current": 1, "total": 1}, "response": [{"fixture": {"id": 1388494, "referee": "Benjamin Brand, Germany", "timezone": "UTC", "date": "2026-02-07T14:30:00+00:00", "timestamp": 1770474600, "periods": {"first": 1770474600, "second": 1770478200}, "venue": {"id": 745, "name": "Millerntor-Stadion", "city": "Hamburg"}, "status": {"long": "Match Finished", "short": "FT", "elapsed": 90, "extra": 7}}, "league": {"id": 78, "name": "Bundesliga", "country": "Germany", "logo": "https://media.api-sports.io/football/leagues/78.png", "flag": "https://media.api-sports.io/flags/de.svg", "season": 2025, "round": "Regular Season - 21", "standings": true}, "teams": {"home": {"id": 186, "name": "FC St. Pauli", "logo": "https://media.api-sports.io/football/teams/186.png", "winner": true}, "away": {"id": 172, "name": "VfB Stuttgart", "logo": "https://media.api-sports.io/football/teams/172.png", "winner": false}}, "goals": {"home": 2, "away": 1}, "score": {"halftime": {"home": 1, "away": 0}, "fulltime": {"home": 2, "away": 1}, "extratime": {"home": null, "away": null}, "penalty": {"home": null, "away": null}}}, {"fixture": {"id": 1388486, "referee": "Florian Badstubner, Germany", "timezone": "UTC", "date": "2026-02-01T14:30:00+00:00", "timestamp": 1769956200, "periods": {"first": 1769956200, "second": 1769959800}, "venue": {"id": null, "name": "MHP Arena", "city": "Stuttgart"}, "status": {"long": "Match Finished", "short": "FT", "elapsed": 90, "extra": 6}}, "league": {"id": 78, "name": "Bundesliga", "country": "Germany", "logo": "https://media.api-sports.io/football/leagues/78.png", "flag": "https://media.api-sports.io/flags/de.svg", "season": 2025, "round": "Regular Season - 20", "standings": true}, "teams": {"home": {"id": 172, "name": "VfB Stuttgart", "logo": "https://media.api-sports.io/football/teams/172.png", "winner": true}, "away": {"id": 160, "name": "SC Freiburg", "logo": "https://media.api-sports.io/football/teams/160.png", "winner": false}}, "goals": {"home": 1, "away": 0}, "score": {"halftime": {"home": 0, "away": 0}, "fulltime": {"home": 1, "away": 0}, "extratime": {"home": null, "away": null}, "penalty": {"home": null, "away": null}}}, {"fixture": {"id": 1388472, "referee": "S\u00f6ren Storks, Germany", "timezone": "UTC", "date": "2026-01-25T14:30:00+00:00", "timestamp": 1769351400, "periods": {"first": 1769351400, "second": 1769355000}, "venue": {"id": 20471, "name": "Borussia-Park", "city": "Monchengladbach"}, "status": {"long": "Match Finished", "short": "FT", "elapsed": 90, "extra": 6}}, "league": {"id": 78, "name": "Bundesliga", "country": "Germany", "logo": "https://media.api-sports.io/football/leagues/78.png", "flag": "https://media.api-sports.io/flags/de.svg", "season": 2025, "round": "Regular Season - 19", "standings": true}, "teams": {"home": {"id": 163, "name": "Borussia M\u00f6nchengladbach", "logo": "https://media.api-sports.io/football/teams/163.png", "winner": false}, "away": {"id": 172, "name": "VfB Stuttgart", "logo": "https://media.api-sports.io/football/teams/172.png", "winner": true}}, "goals": {"home": 0, "away": 3}, "score": {"halftime": {"home": 0, "away": 1}, "fulltime": {"home": 0, "away": 3}, "extratime": {"home": null, "away": null}, "penalty": {"home": null, "away": null}}}, {"fixture": {"id": 1388467, "referee": "Deniz Aytekin, Germany", "timezone": "UTC", "date": "2026-01-18T14:30:00+00:00", "timestamp": 1768746600, "periods": {"first": 1768746600, "second": 1768750200}, "venue": {"id": null, "name": "MHP Arena", "city": "Stuttgart"}, "status": {"long": "Match Finished", "short": "FT", "elapsed": 90, "extra": 5}}, "league": {"id": 78, "name": "Bundesliga", "country": "Germany", "logo": "https://media.api-sports.io/football/leagues/78.png", "flag": "https://media.api-sports.io/flags/de.svg", "season": 2025, "round": "Regular Season - 18", "standings": true}, "teams": {"home": {"id": 172, "name": "VfB Stuttgart", "logo": "https://media.api-sports.io/football/teams/172.png", "winner": null}, "away": {"id": 182, "name": "Union Berlin", "logo": "https://media.api-sports.io/football/teams/182.png", "winner": null}}, "goals": {"home": 1, "away": 1}, "score": {"halftime": {"home": 0, "away": 0}, "fulltime": {"home": 1, "away": 1}, "extratime": {"home": null, "away": null}, "penalty": {"home": null, "away": null}}}, {"fixture": {"id": 1388459, "referee": "Matthias Jollenbeck, Germany", "timezone": "UTC", "date": "2026-01-13T17:30:00+00:00", "timestamp": 1768325400, "periods": {"first": 1768325400, "second": 1768329000}, "venue": {"id": null, "name": "MHP Arena", "city": "Stuttgart"}, "status": {"long": "Match Finished", "short": "FT", "elapsed": 90, "extra": 7}}, "league": {"id": 78, "name": "Bundesliga", "country": "Germany", "logo": "https://media.api-sports.io/football/leagues/78.png", "flag": "https://media.api-sports.io/flags/de.svg", "season": 2025, "round": "Regular Season - 17", "standings": true}, "teams": {"home": {"id": 172, "name": "VfB Stuttgart", "logo": "https://media.api-sports.io/football/teams/172.png", "winner": true}, "away": {"id": 169, "name": "Eintracht Frankfurt", "logo": "https://media.api-sports.io/football/teams/169.png", "winner": false}}, "goals": {"home": 3, "away": 2}, "score": {"halftime": {"home": 2, "away": 1}, "fulltime": {"home": 3, "away": 2}, "extratime": {"home": null, "away": null}, "penalty": {"home": null, "away": null}}}, {"fixture": {"id": 1388443, "referee": "Felix Zwayer, Germany", "timezone": "UTC", "date": "2026-01-10T17:30:00+00:00", "timestamp": 1768066200, "periods": {"first": 1768066200, "second": 1768069800}, "venue": {"id": 699, "name": "BayArena", "city": "Leverkusen"}, "status": {"long": "Match Finished", "short": "FT", "elapsed": 90, "extra": 4}}, "league": {"id": 78, "name": "Bundesliga", "country": "Germany", "logo": "https://media.api-sports.io/football/leagues/78.png", "flag": "https://media.api-sports.io/flags/de.svg", "season": 2025, "round": "Regular Season - 16", "standings": true}, "teams": {"home": {"id": 168, "name": "Bayer Leverkusen", "logo": "https://media.api-sports.io/football/teams/168.png", "winner": false}, "away": {"id": 172, "name": "VfB Stuttgart", "logo": "https://media.api-sports.io/football/teams/172.png", "winner": true}}, "goals": {"home": 1, "away": 4}, "score": {"halftime": {"home": 0, "away": 4}, "fulltime": {"home": 1, "away": 4}, "extratime": {"home": null, "away": null}, "penalty": {"home": null, "away": null}}}, {"fixture": {"id": 1388441, "referee": "Daniel Siebert, Germany", "timezone": "UTC", "date": "2025-12-20T14:30:00+00:00", "timestamp": 1766241000, "periods": {"first": 1766241000, "second": 1766244600}, "venue": {"id": null, "name": "MHP Arena", "city": "Stuttgart"}, "status": {"long": "Match Finished", "short": "FT", "elapsed": 90, "extra": 4}}, "league": {"id": 78, "name": "Bundesliga", "country": "Germany", "logo": "https://media.api-sports.io/football/leagues/78.png", "flag": "https://media.api-sports.io/flags/de.svg", "season": 2025, "round": "Regular Season - 15", "standings": true}, "teams": {"home": {"id": 172, "name": "VfB Stuttgart", "logo": "https://media.api-sports.io/football/teams/172.png", "winner": null}, "away": {"id": 167, "name": "1899 Hoffenheim", "logo": "https://media.api-sports.io/football/teams/167.png", "winner": null}}, "goals": {"home": 0, "away": 0}, "score": {"halftime": {"home": 0, "away": 0}, "fulltime": {"home": 0, "away": 0}, "extratime": {"home": null, "away": null}, "penalty": {"home": null, "away": null}}}, {"fixture": {"id": 1388433, "referee": "Robert Hartmann, Germany", "timezone": "UTC", "date": "2025-12-14T18:30:00+00:00", "timestamp": 1765737000, "periods": {"first": 1765737000, "second": 1765740600}, "venue": {"id": null, "name": "Weserstadion", "city": "Bremen"}, "status": {"long": "Match Finished", "short": "FT", "elapsed": 90, "extra": 8}}, "league": {"id": 78, "name": "Bundesliga", "country": "Germany", "logo": "https://media.api-sports.io/football/leagues/78.png", "flag": "https://media.api-sports.io/flags/de.svg", "season": 2025, "round": "Regular Season - 14", "standings": true}, "teams": {"home": {"id": 162, "name": "Werder Bremen", "logo": "https://media.api-sports.io/football/teams/162.png", "winner": false}, "away": {"id": 172, "name": "VfB Stuttgart", "logo": "https://media.api-sports.io/football/teams/172.png", "winner": true}}, "goals": {"home": 0, "away": 4}, "score": {"halftime": {"home": 0, "away": 2}, "fulltime": {"home": 0, "away": 4}, "extratime": {"home": null, "away": null}, "penalty": {"home": null, "away": null}}}, {"fixture": {"id": 1388423, "referee": "Tobias Stieler, Germany", "timezone": "UTC", "date": "2025-12-06T14:30:00+00:00", "timestamp": 1765031400, "periods": {"first": 1765031400, "second": 1765035000}, "venue": {"id": null, "name": "MHP Arena", "city": "Stuttgart"}, "status": {"long": "Match Finished", "short": "FT", "elapsed": 90, "extra": 4}}, "league": {"id": 78, "name": "Bundesliga", "country": "Germany", "logo": "https://media.api-sports.io/football/leagues/78.png", "flag": "https://media.api-sports.io/flags/de.svg", "season": 2025, "round": "Regular Season - 13", "standings": true}, "teams": {"home": {"id": 172, "name": "VfB Stuttgart", "logo": "https://media.api-sports.io/football/teams/172.png", "winner": false}, "away": {"id": 157, "name": "Bayern M\u00fcnchen", "logo": "https://media.api-sports.io/football/teams/157.png", "winner": true}}, "goals": {"home": 0, "away": 5}, "score": {"halftime": {"home": 0, "away": 1}, "fulltime": {"home": 0, "away": 5}, "extratime": {"home": null, "away": null}, "penalty": {"home": null, "away": null}}}, {"fixture": {"id": 1388412, "referee": "S\u00f6ren Storks, Germany", "timezone": "UTC", "date": "2025-11-30T14:30:00+00:00", "timestamp": 1764513000, "periods": {"first": 1764513000, "second": 1764516600}, "venue": {"id": 720, "name": "Volksparkstadion", "city": "Hamburg"}, "status": {"long": "Match Finished", "short": "FT", "elapsed": 90, "extra": 3}}, "league": {"id": 78, "name": "Bundesliga", "country": "Germany", "logo": "https://media.api-sports.io/football/leagues/78.png", "flag": "https://media.api-sports.io/flags/de.svg", "season": 2025, "round": "Regular Season - 12", "standings": true}, "teams": {"home": {"id": 175, "name": "Hamburger SV", "logo": "https://media.api-sports.io/football/teams/175.png", "winner": true}, "away": {"id": 172, "name": "VfB Stuttgart", "logo": "https://media.api-sports.io/football/teams/172.png", "winner": false}}, "goals": {"home": 2, "away": 1}, "score": {"halftime": {"home": 1, "away": 0}, "fulltime": {"home": 2, "away": 1}, "extratime": {"home": null, "away": null}, "penalty": {"home": null, "away": null}}}]}