{"get": "fixtures", "parameters": {"league": "140", "season": "2025", "team": "797", "status": "FT", "last": "10"}, "errors": [], "results": 10, "paging": {"current": 1, "total": 1}, "response": [{"fixture": {"id": 1391045, "referee": "J. Guzman", "timezone": "UTC", "date": "2026-02-07T20:00:00+00:00", "timestamp": 1770494400, "periods": {"first": 1770494400, "second": 1770498000}, "venue": {"id": null, "name": "Reale Arena", "city": "San Sebastian"}, "status": {"long": "Match Finished", "short": "FT", "elapsed": 90, "extra": 5}}, "league": {"id": 140, "name": "La Liga", "country": "Spain", "logo": "https://media.api-sports.io/football/leagues/140.png", "flag": "https://media.api-sports.io/flags/es.svg", "season": 2025, "round": "Regular Season - 23", "standings": true}, "teams": {"home": {"id": 548, "name": "Real Sociedad", "logo": "https://media.api-sports.io/football/teams/548.png", "winner": true}, "away": {"id": 797, "name": "Elche", "logo": "https://media.api-sports.io/football/teams/797.png", "winner": false}}, "goals": {"home": 3, "away": 1}, "score": {"halftime": {"home": 2, "away": 1}, "fulltime": {"home": 3, "away": 1}, "extratime": {"home": null, "away": null}, "penalty": {"home": null, "away": null}}}, {"fixture": {"id": 1391031, "referee": "A. Ruiz", "timezone": "UTC", "date": "2026-01-31T20:00:00+00:00", "timestamp": 1769889600, "periods": {"first": 1769889600, "second": 1769893200}, "venue": {"id": 1473, "name": "Estadio Manuel Mart\u00ednez Valero", "city": "Elche"}, "status": {"long": "Match Finished", "short": "FT", "elapsed": 90, "extra": 6}}, "league": {"id": 140, "name": "La Liga", "country": "Spain", "logo": "https://media.api-sports.io/football/leagues/140.png", "flag": "https://media.api-sports.io/flags/es.svg", "season": 2025, "round": "Regular Season - 22", "standings": true}, "teams": {"home": {"id": 797, "name": "Elche", "logo": "https://media.api-sports.io/football/teams/797.png", "winner": false}, "away": {"id": 529, "name": "Barcelona", "logo": "https://media.api-sports.io/football/teams/529.png", "winner": true}}, "goals": {"home": 1, "away": 3}, "score": {"halftime": {"home": 1, "away": 2}, "fulltime": {"home": 1, "away": 3}, "extratime": {"home": null, "away": null}, "penalty": {"home": null, "away": null}}}, {"fixture": {"id": 1391023, "referee": "J. Munuera", "timezone": "UTC", "date": "2026-01-23T20:00:00+00:00", "timestamp": 1769198400, "periods": {"first": 1769198400, "second": 1769202000}, "venue": {"id": 1482, "name": "Estadio Ciudad de Valencia", "city": "Valencia"}, "status": {"long": "Match Finished", "short": "FT", "elapsed": 90, "extra": 8}}, "league": {"id": 140, "name": "La Liga", "country": "Spain", "logo": "https://media.api-sports.io/football/leagues/140.png", "flag": "https://media.api-sports.io/flags/es.svg", "season": 2025, "round": "Regular Season - 21", "standings": true}, "teams": {"home": {"id": 539, "name": "Levante", "logo": "https://media.api-sports.io/football/teams/539.png", "winner": true}, "away": {"id": 797, "name": "Elche", "logo": "https://media.api-sports.io/football/teams/797.png", "winner": false}}, "goals": {"home": 3, "away": 2}, "score": {"halftime": {"home": 0, "away": 1}, "fulltime": {"home": 3, "away": 2}, "extratime": {"home": null, "away": null}, "penalty": {"home": null, "away": null}}}, {"fixture": {"id": 1391012, "referee": "Ricardo De Burgos Bengoetxea, Spain", "timezone": "UTC", "date": "2026-01-19T20:00:00+00:00", "timestamp": 1768852800, "periods": {"first": 1768852800, "second": 1768856400}, "venue": {"id": 1473, "name": "Estadio Manuel Mart\u00ednez Valero", "city": "Elche"}, "status": {"long": "Match Finished", "short": "FT", "elapsed": 90, "extra": 7}}, "league": {"id": 140, "name": "La Liga", "country": "Spain", "logo": "https://media.api-sports.io/football/leagues/140.png", "flag": "https://media.api-sports.io/flags/es.svg", "season": 2025, "round": "Regular Season - 20", "standings": true}, "teams": {"home": {"id": 797, "name": "Elche", "logo": "https://media.api-sports.io/football/teams/797.png", "winner": null}, "away": {"id": 536, "name": "Sevilla", "logo": "https://media.api-sports.io/football/teams/536.png", "winner": null}}, "goals": {"home": 2, "away": 2}, "score": {"halftime": {"home": 1, "away": 0}, "fulltime": {"home": 2, "away": 2}, "extratime": {"home": null, "away": null}, "penalty": {"home": null, "away": null}}}, {"fixture": {"id": 1391007, "referee": "Miguel Angel Ortiz Arias, Spain", "timezone": "UTC", "date": "2026-01-10T20:00:00+00:00", "timestamp": 1768075200, "periods": {"first": 1768075200, "second": 1768078800}, "venue": {"id": 1497, "name": "Estadio de Mestalla", "city": "Valencia"}, "status": {"long": "Match Finished", "short": "FT", "elapsed": 90, "extra": null}}, "league": {"id": 140, "name": "La Liga", "country": "Spain", "logo": "https://media.api-sports.io/football/leagues/140.png", "flag": "https://media.api-sports.io/flags/es.svg", "season": 2025, "round": "Regular Season - 19", "standings": true}, "teams": {"home": {"id": 532, "name": "Valencia", "logo": "https://media.api-sports.io/football/teams/532.png", "winner": null}, "away": {"id": 797, "name": "Elche", "logo": "https://media.api-sports.io/football/teams/797.png", "winner": null}}, "goals": {"home": 1, "away": 1}, "score": {"halftime": {"home": 0, "away": 0}, "fulltime": {"home": 1, "away": 1}, "extratime": {"home": null, "away": null}, "penalty": {"home": null, "away": null}}}, {"fixture": {"id": 1390991, "referee": "Isidro Diaz de Mera Escuderos, Spain", "timezone": "UTC", "date": "2026-01-03T17:30:00+00:00", "timestamp": 1767461400, "periods": {"first": 1767461400, "second": 1767465000}, "venue": {"id": 1473, "name": "Estadio Manuel Mart\u00ednez Valero", "city": "Elche"}, "status": {"long": "Match Finished", "short": "FT", "elapsed": 90, "extra": 6}}, "league": {"id": 140, "name": "La Liga", "country": "Spain", "logo": "https://media.api-sports.io/football/leagues/140.png", "flag": "https://media.api-sports.io/flags/es.svg", "season": 2025, "round": "Regular Season - 18", "standings": true}, "teams": {"home": {"id": 797, "name": "Elche", "logo": "https://media.api-sports.io/football/teams/797.png", "winner": false}, "away": {"id": 533, "name": "Villarreal", "logo": "https://media.api-sports.io/football/teams/533.png", "winner": true}}, "goals": {"home": 1, "away": 3}, "score": {"halftime": {"home": 1, "away": 2}, "fulltime": {"home": 1, "away": 3}, "extratime": {"home": null, "away": null}, "penalty": {"home": null, "away": null}}}, {"fixture": {"id": 1390981, "referee": "Adrian Cordero Vega, Spain", "timezone": "UTC", "date": "2025-12-21T17:30:00+00:00", "timestamp": 1766338200, "periods": {"first": 1766338200, "second": 1766341800}, "venue": {"id": 1473, "name": "Estadio Manuel Mart\u00ednez Valero", "city": "Elche"}, "status": {"long": "Match Finished", "short": "FT", "elapsed": 90, "extra": 3}}, "league": {"id": 140, "name": "La Liga", "country": "Spain", "logo": "https://media.api-sports.io/football/leagues/140.png", "flag": "https://media.api-sports.io/flags/es.svg", "season": 2025, "round": "Regular Season - 17", "standings": true}, "teams": {"home": {"id": 797, "name": "Elche", "logo": "https://media.api-sports.io/football/teams/797.png", "winner": true}, "away": {"id": 728, "name": "Rayo Vallecano", "logo": "https://media.api-sports.io/football/teams/728.png", "winner": false}}, "goals": {"home": 4, "away": 0}, "score": {"halftime": {"home": 1, "away": 0}, "fulltime": {"home": 4, "away": 0}, "extratime": {"home": null, "away": null}, "penalty": {"home": null, "away": null}}}, {"fixture": {"id": 1390975, "referee": "Jos\u00e9 Luis Munuera Montero, Spain", "timezone": "UTC", "date": "2025-12-13T15:15:00+00:00", "timestamp": 1765638900, "periods": {"first": 1765638900, "second": 1765642500}, "venue": {"id": 19940, "name": "Estadi Mallorca Son Moix", "city": "Palma de Mallorca"}, "status": {"long": "Match Finished", "short": "FT", "elapsed": 90, "extra": 4}}, "league": {"id": 140, "name": "La Liga", "country": "Spain", "logo": "https://media.api-sports.io/football/leagues/140.png", "flag": "https://media.api-sports.io/flags/es.svg", "season": 2025, "round": "Regular Season - 16", "standings": true}, "teams": {"home": {"id": 798, "name": "Mallorca", "logo": "https://media.api-sports.io/football/teams/798.png", "winner": true}, "away": {"id": 797, "name": "Elche", "logo": "https://media.api-sports.io/football/teams/797.png", "winner": false}}, "goals": {"home": 3, "away": 1}, "score": {"halftime": {"home": 1, "away": 1}, "fulltime": {"home": 3, "away": 1}, "extratime": {"home": null, "away": null}, "penalty": {"home": null, "away": null}}}, {"fixture": {"id": 1390962, "referee": "Miguel Sesma Espinosa, Spain", "timezone": "UTC", "date": "2025-12-07T13:00:00+00:00", "timestamp": 1765112400, "periods": {"first": 1765112400, "second": 1765116000}, "venue": {"id": 1473, "name": "Estadio Manuel Mart\u00ednez Valero", "city": "Elche"}, "status": {"long": "Match Finished", "short": "FT", "elapsed": 90, "extra": 3}}, "league": {"id": 140, "name": "La Liga", "country": "Spain", "logo": "https://media.api-sports.io/football/leagues/140.png", "flag": "https://media.api-sports.io/flags/es.svg", "season": 2025, "round": "Regular Season - 15", "standings": true}, "teams": {"home": {"id": 797, "name": "Elche", "logo": "https://media.api-sports.io/football/teams/797.png", "winner": true}, "away": {"id": 547, "name": "Girona", "logo": "https://media.api-sports.io/football/teams/547.png", "winner": false}}, "goals": {"home": 3, "away": 0}, "score": {"halftime": {"home": 1, "away": 0}, "fulltime": {"home": 3, "away": 0}, "extratime": {"home": null, "away": null}, "penalty": {"home": null, "away": null}}}, {"fixture": {"id": 1390952, "referee": "Alejandro Hernandez, Spain", "timezone": "UTC", "date": "2025-11-28T20:00:00+00:00", "timestamp": 1764360000, "periods": {"first": 1764360000, "second": 1764363600}, "venue": {"id": 20422, "name": "Coliseum", "city": "Getafe"}, "status": {"long": "Match Finished", "short": "FT", "elapsed": 90, "extra": 7}}, "league": {"id": 140, "name": "La Liga", "country": "Spain", "logo": "https://media.api-sports.io/football/leagues/140.png", "flag": "https://media.api-sports.io/flags/es.svg", "season": 2025, "round": "Regular Season - 14", "standings": true}, "teams": {"home": {"id": 546, "name": "Getafe", "logo": "https://media.api-sports.io/football/teams/546.png", "winner": true}, "away": {"id": 797, "name": "Elche", "logo": "https://media.api-sports.io/football/teams/797.png", "winner": false}}, "goals": {"home": 1, "away": 0}, "score": {"halftime": {"home": 0, "away": 0}, "fulltime": {"home": 1, "away": 0}, "extratime": {"home": null, "away": null}, "penalty": {"home": null, "away": null}}}]}