{"get": "fixtures", "parameters": {"league": "78", "season": "2025", "team": "167", "status": "FT", "last": "10"}, "errors": [], "results": 10, "paging": {"current": 1, "total": 1}, "response": [{"fixture": {"id": 1388488, "referee": "Tobias Stieler, Germany", "timezone": "UTC", "date": "2026-02-08T16:30:00+00:00", "timestamp": 1770568200, "periods": {"first": 1770568200, "second": 1770571800}, "venue": {"id": null, "name": "Allianz Arena", "city": "Munich"}, "status": {"long": "Match Finished", "short": "FT", "elapsed": 90, "extra": 4}}, "league": {"id": 78, "name": "Bundesliga", "country": "Germany", "logo": "https://media.api-sports.io/football/leagues/78.png", "flag": "https://media.api-sports.io/flags/de.svg", "season": 2025, "round": "Regular Season - 21", "standings": true}, "teams": {"home": {"id": 157, "name": "Bayern M\u00fcnchen", "logo": "https://media.api-sports.io/football/teams/157.png", "winner": true}, "away": {"id": 167, "name": "1899 Hoffenheim", "logo": "https://media.api-sports.io/football/teams/167.png", "winner": false}}, "goals": {"home": 5, "away": 1}, "score": {"halftime": {"home": 3, "away": 1}, "fulltime": {"home": 5, "away": 1}, "extratime": {"home": null, "away": null}, "penalty": {"home": null, "away": null}}}, {"fixture": {"id": 1388484, "referee": "Robin Braun, Germany", "timezone": "UTC", "date": "2026-01-31T14:30:00+00:00", "timestamp": 1769869800, "periods": {"first": 1769869800, "second": 1769873400}, "venue": {"id": 724, "name": "PreZero Arena", "city": "Sinsheim"}, "status": {"long": "Match Finished", "short": "FT", "elapsed": 90, "extra": 7}}, "league": {"id": 78, "name": "Bundesliga", "country": "Germany", "logo": "https://media.api-sports.io/football/leagues/78.png", "flag": "https://media.api-sports.io/flags/de.svg", "season": 2025, "round": "Regular Season - 20", "standings": true}, "teams": {"home": {"id": 167, "name": "1899 Hoffenheim", "logo": "https://media.api-sports.io/football/teams/167.png", "winner": true}, "away": {"id": 182, "name": "Union Berlin", "logo": "https://media.api-sports.io/football/teams/182.png", "winner": false}}, "goals": {"home": 3, "away": 1}, "score": {"halftime": {"home": 2, "away": 0}, "fulltime": {"home": 3, "away": 1}, "extratime": {"home": null, "away": null}, "penalty": {"home": null, "away": null}}}, {"fixture": {"id": 1388451, "referee": "Frank Willenborg, Germany", "timezone": "UTC", "date": "2026-01-27T19:30:00+00:00", "timestamp": 1769542200, "periods": {"first": 1769542200, "second": 1769545800}, "venue": {"id": null, "name": "Weserstadion", "city": "Bremen"}, "status": {"long": "Match Finished", "short": "FT", "elapsed": 90, "extra": 11}}, "league": {"id": 78, "name": "Bundesliga", "country": "Germany", "logo": "https://media.api-sports.io/football/leagues/78.png", "flag": "https://media.api-sports.io/flags/de.svg", "season": 2025, "round": "Regular Season - 16", "standings": true}, "teams": {"home": {"id": 162, "name": "Werder Bremen", "logo": "https://media.api-sports.io/football/teams/162.png", "winner": false}, "away": {"id": 167, "name": "1899 Hoffenheim", "logo": "https://media.api-sports.io/football/teams/167.png", "winner": true}}, "goals": {"home": 0, "away": 2}, "score": {"halftime": {"home": 0, "away": 1}, "fulltime": {"home": 0, "away": 2}, "extratime": {"home": null, "away": null}, "penalty": {"home": null, "away": null}}}, {"fixture": {"id": 1388473, "referee": "Sven Jablonski, Germany", "timezone": "UTC", "date": "2026-01-24T14:30:00+00:00", "timestamp": 1769265000, "periods": {"first": 1769265000, "second": 1769268600}, "venue": {"id": null, "name": "Deutsche Bank Park", "city": "Frankfurt"}, "status": {"long": "Match Finished", "short": "FT", "elapsed": 90, "extra": 5}}, "league": {"id": 78, "name": "Bundesliga", "country": "Germany", "logo": "https://media.api-sports.io/football/leagues/78.png", "flag": "https://media.api-sports.io/flags/de.svg", "season": 2025, "round": "Regular Season - 19", "standings": true}, "teams": {"home": {"id": 169, "name": "Eintracht Frankfurt", "logo": "https://media.api-sports.io/football/teams/169.png", "winner": false}, "away": {"id": 167, "name": "1899 Hoffenheim", "logo": "https://media.api-sports.io/football/teams/167.png", "winner": true}}, "goals": {"home": 1, "away": 3}, "score": {"halftime": {"home": 1, "away": 0}, "fulltime": {"home": 1, "away": 3}, "extratime": {"home": null, "away": null}, "penalty": {"home": null, "away": null}}}, {"fixture": {"id": 1388465, "referee": "Daniel Schlager, Germany", "timezone": "UTC", "date": "2026-01-17T14:30:00+00:00", "timestamp": 1768660200, "periods": {"first": 1768660200, "second": 1768663800}, "venue": {"id": 724, "name": "PreZero Arena", "city": "Sinsheim"}, "status": {"long": "Match Finished", "short": "FT", "elapsed": 90, "extra": 10}}, "league": {"id": 78, "name": "Bundesliga", "country": "Germany", "logo": "https://media.api-sports.io/football/leagues/78.png", "flag": "https://media.api-sports.io/flags/de.svg", "season": 2025, "round": "Regular Season - 18", "standings": true}, "teams": {"home": {"id": 167, "name": "1899 Hoffenheim", "logo": "https://media.api-sports.io/football/teams/167.png", "winner": true}, "away": {"id": 168, "name": "Bayer Leverkusen", "logo": "https://media.api-sports.io/football/teams/168.png", "winner": false}}, "goals": {"home": 1, "away": 0}, "score": {"halftime": {"home": 1, "away": 0}, "fulltime": {"home": 1, "away": 0}, "extratime": {"home": null, "away": null}, "penalty": {"home": null, "away": null}}}, {"fixture": {"id": 1388456, "referee": "Christian Dingert, Germany", "timezone": "UTC", "date": "2026-01-14T19:30:00+00:00", "timestamp": 1768419000, "periods": {"first": 1768419000, "second": 1768422600}, "venue": {"id": 724, "name": "PreZero Arena", "city": "Sinsheim"}, "status": {"long": "Match Finished", "short": "FT", "elapsed": 90, "extra": 4}}, "league": {"id": 78, "name": "Bundesliga", "country": "Germany", "logo": "https://media.api-sports.io/football/leagues/78.png", "flag": "https://media.api-sports.io/flags/de.svg", "season": 2025, "round": "Regular Season - 17", "standings": true}, "teams": {"home": {"id": 167, "name": "1899 Hoffenheim", "logo": "https://media.api-sports.io/football/teams/167.png", "winner": true}, "away": {"id": 163, "name": "Borussia M\u00f6nchengladbach", "logo": "https://media.api-sports.io/football/teams/163.png", "winner": false}}, "goals": {"home": 5, "away": 1}, "score": {"halftime": {"home": 4, "away": 0}, "fulltime": {"home": 5, "away": 1}, "extratime": {"home": null, "away": null}, "penalty": {"home": null, "away": null}}}, {"fixture": {"id": 1388441, "referee": "Daniel Siebert, Germany", "timezone": "UTC", "date": "2025-12-20T14:30:00+00:00", "timestamp": 1766241000, "periods": {"first": 1766241000, "second": 1766244600}, "venue": {"id": null, "name": "MHP Arena", "city": "Stuttgart"}, "status": {"long": "Match Finished", "short": "FT", "elapsed": 90, "extra": 4}}, "league": {"id": 78, "name": "Bundesliga", "country": "Germany", "logo": "https://media.api-sports.io/football/leagues/78.png", "flag": "https://media.api-sports.io/flags/de.svg", "season": 2025, "round": "Regular Season - 15", "standings": true}, "teams": {"home": {"id": 172, "name": "VfB Stuttgart", "logo": "https://media.api-sports.io/football/teams/172.png", "winner": null}, "away": {"id": 167, "name": "1899 Hoffenheim", "logo": "https://media.api-sports.io/football/teams/167.png", "winner": null}}, "goals": {"home": 0, "away": 0}, "score": {"halftime": {"home": 0, "away": 0}, "fulltime": {"home": 0, "away": 0}, "extratime": {"home": null, "away": null}, "penalty": {"home": null, "away": null}}}, {"fixture": {"id": 1388430, "referee": "Martin Petersen, Germany", "timezone": "UTC", "date": "2025-12-13T14:30:00+00:00", "timestamp": 1765636200, "periods": {"first": 1765636200, "second": 1765639800}, "venue": {"id": 724, "name": "PreZero Arena", "city": "Sinsheim"}, "status": {"long": "Match Finished", "short": "FT", "elapsed": 90, "extra": 5}}, "league": {"id": 78, "name": "Bundesliga", "country": "Germany", "logo": "https://media.api-sports.io/football/leagues/78.png", "flag": "https://media.api-sports.io/flags/de.svg", "season": 2025, "round": "Regular Season - 14", "standings": true}, "teams": {"home": {"id": 167, "name": "1899 Hoffenheim", "logo": "https://media.api-sports.io/football/teams/167.png", "winner": true}, "away": {"id": 175, "name": "Hamburger SV", "logo": "https://media.api-sports.io/football/teams/175.png", "winner": false}}, "goals": {"home": 4, "away": 1}, "score": {"halftime": {"home": 2, "away": 0}, "fulltime": {"home": 4, "away": 1}, "extratime": {"home": null, "away": null}, "penalty": {"home": null, "away": null}}}, {"fixture": {"id": 1388417, "referee": "Florian Badstubner, Germany", "timezone": "UTC", "date": "2025-12-07T16:30:00+00:00", "timestamp": 1765125000, "periods": {"first": 1765125000, "second": 1765128600}, "venue": {"id": null, "name": "Signal Iduna Park", "city": "Dortmund"}, "status": {"long": "Match Finished", "short": "FT", "elapsed": 90, "extra": 4}}, "league": {"id": 78, "name": "Bundesliga", "country": "Germany", "logo": "https://media.api-sports.io/football/leagues/78.png", "flag": "https://media.api-sports.io/flags/de.svg", "season": 2025, "round": "Regular Season - 13", "standings": true}, "teams": {"home": {"id": 165, "name": "Borussia Dortmund", "logo": "https://media.api-sports.io/football/teams/165.png", "winner": true}, "away": {"id": 167, "name": "1899 Hoffenheim", "logo": "https://media.api-sports.io/football/teams/167.png", "winner": false}}, "goals": {"home": 2, "away": 0}, "score": {"halftime": {"home": 1, "away": 0}, "fulltime": {"home": 2, "away": 0}, "extratime": {"home": null, "away": null}, "penalty": {"home": null, "away": null}}}, {"fixture": {"id": 1388413, "referee": "Christian Dingert, Germany", "timezone": "UTC", "date": "2025-11-29T14:30:00+00:00", "timestamp": 1764426600, "periods": {"first": 1764426600, "second": 1764430200}, "venue": {"id": 724, "name": "PreZero Arena", "city": "Sinsheim"}, "status": {"long": "Match Finished", "short": "FT", "elapsed": 90, "extra": 5}}, "league": {"id": 78, "name": "Bundesliga", "country": "Germany", "logo": "https://media.api-sports.io/football/leagues/78.png", "flag": "https://media.api-sports.io/flags/de.svg", "season": 2025, "round": "Regular Season - 12", "standings": true}, "teams": {"home": {"id": 167, "name": "1899 Hoffenheim", "logo": "https://media.api-sports.io/football/teams/167.png", "winner": true}, "away": {"id": 170, "name": "FC Augsburg", "logo": "https://media.api-sports.io/football/teams/170.png", "winner": false}}, "goals": {"home": 3, "away": 0}, "score": {"halftime": {"home": 3, "away": 0}, "fulltime": {"home": 3, "away": 0}, "extratime": {"home": null, "away": null}, "penalty": {"home": null, "away": null}}}]}