{"get": "fixtures", "parameters": {"league": "39", "season": "2025", "team": "47", "status": "FT", "last": "10"}, "errors": [], "results": 10, "paging": {"current": 1, "total": 1}, "response": [{"fixture": {"id": 1379216, "referee": "Michael Oliver, England", "timezone": "UTC", "date": "2026-02-07T12:30:00+00:00", "timestamp": 1770467400, "periods": {"first": 1770467400, "second": 1770471000}, "venue": {"id": 556, "name": "Old Trafford", "city": "Manchester"}, "status": {"long": "Match Finished", "short": "FT", "elapsed": 90, "extra": 6}}, "league": {"id": 39, "name": "Premier League", "country": "England", "logo": "https://media.api-sports.io/football/leagues/39.png", "flag": "https://media.api-sports.io/flags/gb-eng.svg", "season": 2025, "round": "Regular Season - 25", "standings": true}, "teams": {"home": {"id": 33, "name": "Manchester United", "logo": "https://media.api-sports.io/football/teams/33.png", "winner": true}, "away": {"id": 47, "name": "Tottenham", "logo": "https://media.api-sports.io/football/teams/47.png", "winner": false}}, "goals": {"home": 2, "away": 0}, "score": {"halftime": {"home": 1, "away": 0}, "fulltime": {"home": 2, "away": 0}, "extratime": {"home": null, "away": null}, "penalty": {"home": null, "away": null}}}, {"fixture": {"id": 1379207, "referee": "Robert Jones, England", "timezone": "UTC", "date": "2026-02-01T16:30:00+00:00", "timestamp": 1769963400, "periods": {"first": 1769963400, "second": 1769967000}, "venue": {"id": 593, "name": "Tottenham Hotspur Stadium", "city": "London"}, "status": {"long": "Match Finished", "short": "FT", "elapsed": 90, "extra": 10}}, "league": {"id": 39, "name": "Premier League", "country": "England", "logo": "https://media.api-sports.io/football/leagues/39.png", "flag": "https://media.api-sports.io/flags/gb-eng.svg", "season": 2025, "round": "Regular Season - 24", "standings": true}, "teams": {"home": {"id": 47, "name": "Tottenham", "logo": "https://media.api-sports.io/football/teams/47.png", "winner": null}, "away": {"id": 50, "name": "Manchester City", "logo": "https://media.api-sports.io/football/teams/50.png", "winner": null}}, "goals": {"home": 2, "away": 2}, "score": {"halftime": {"home": 0, "away": 2}, "fulltime": {"home": 2, "away": 2}, "extratime": {"home": null, "away": null}, "penalty": {"home": null, "away": null}}}, {"fixture": {"id": 1379192, "referee": "Peter Bankes, England", "timezone": "UTC", "date": "2026-01-24T15:00:00+00:00", "timestamp": 1769266800, "periods": {"first": 1769266800, "second": 1769270400}, "venue": {"id": 512, "name": "Turf Moor", "city": "Burnley"}, "status": {"long": "Match Finished", "short": "FT", "elapsed": 90, "extra": 5}}, "league": {"id": 39, "name": "Premier League", "country": "England", "logo": "https://media.api-sports.io/football/leagues/39.png", "flag": "https://media.api-sports.io/flags/gb-eng.svg", "season": 2025, "round": "Regular Season - 23", "standings": true}, "teams": {"home": {"id": 44, "name": "Burnley", "logo": "https://media.api-sports.io/football/teams/44.png", "winner": null}, "away": {"id": 47, "name": "Tottenham", "logo": "https://media.api-sports.io/football/teams/47.png", "winner": null}}, "goals": {"home": 2, "away": 2}, "score": {"halftime": {"home": 1, "away": 1}, "fulltime": {"home": 2, "away": 2}, "extratime": {"home": null, "away": null}, "penalty": {"home": null, "away": null}}}, {"fixture": {"id": 1379187, "referee": "Jarred Gillett, Australia", "timezone": "UTC", "date": "2026-01-17T15:00:00+00:00", "timestamp": 1768662000, "periods": {"first": 1768662000, "second": 1768665600}, "venue": {"id": 593, "name": "Tottenham Hotspur Stadium", "city": "London"}, "status": {"long": "Match Finished", "short": "FT", "elapsed": 90, "extra": 9}}, "league": {"id": 39, "name": "Premier League", "country": "England", "logo": "https://media.api-sports.io/football/leagues/39.png", "flag": "https://media.api-sports.io/flags/gb-eng.svg", "season": 2025, "round": "Regular Season - 22", "standings": true}, "teams": {"home": {"id": 47, "name": "Tottenham", "logo": "https://media.api-sports.io/football/teams/47.png", "winner": false}, "away": {"id": 48, "name": "West Ham", "logo": "https://media.api-sports.io/football/teams/48.png", "winner": true}}, "goals": {"home": 1, "away": 2}, "score": {"halftime": {"home": 0, "away": 1}, "fulltime": {"home": 1, "away": 2}, "extratime": {"home": null, "away": null}, "penalty": {"home": null, "away": null}}}, {"fixture": {"id": 1379170, "referee": "Darren England, England", "timezone": "UTC", "date": "2026-01-07T19:30:00+00:00", "timestamp": 1767814200, "periods": {"first": 1767814200, "second": 1767817800}, "venue": {"id": 504, "name": "Vitality Stadium", "city": "Bournemouth"}, "status": {"long": "Match Finished", "short": "FT", "elapsed": 90, "extra": 11}}, "league": {"id": 39, "name": "Premier League", "country": "England", "logo": "https://media.api-sports.io/football/leagues/39.png", "flag": "https://media.api-sports.io/flags/gb-eng.svg", "season": 2025, "round": "Regular Season - 21", "standings": true}, "teams": {"home": {"id": 35, "name": "Bournemouth", "logo": "https://media.api-sports.io/football/teams/35.png", "winner": true}, "away": {"id": 47, "name": "Tottenham", "logo": "https://media.api-sports.io/football/teams/47.png", "winner": false}}, "goals": {"home": 3, "away": 2}, "score": {"halftime": {"home": 2, "away": 1}, "fulltime": {"home": 3, "away": 2}, "extratime": {"home": null, "away": null}, "penalty": {"home": null, "away": null}}}, {"fixture": {"id": 1379167, "referee": "Stuart Attwell, England", "timezone": "UTC", "date": "2026-01-04T15:00:00+00:00", "timestamp": 1767538800, "periods": {"first": 1767538800, "second": 1767542400}, "venue": {"id": 593, "name": "Tottenham Hotspur Stadium", "city": "London"}, "status": {"long": "Match Finished", "short": "FT", "elapsed": 90, "extra": 7}}, "league": {"id": 39, "name": "Premier League", "country": "England", "logo": "https://media.api-sports.io/football/leagues/39.png", "flag": "https://media.api-sports.io/flags/gb-eng.svg", "season": 2025, "round": "Regular Season - 20", "standings": true}, "teams": {"home": {"id": 47, "name": "Tottenham", "logo": "https://media.api-sports.io/football/teams/47.png", "winner": null}, "away": {"id": 746, "name": "Sunderland", "logo": "https://media.api-sports.io/football/teams/746.png", "winner": null}}, "goals": {"home": 1, "away": 1}, "score": {"halftime": {"home": 1, "away": 0}, "fulltime": {"home": 1, "away": 1}, "extratime": {"home": null, "away": null}, "penalty": {"home": null, "away": null}}}, {"fixture": {"id": 1379150, "referee": "Andy Madley, England", "timezone": "UTC", "date": "2026-01-01T20:00:00+00:00", "timestamp": 1767297600, "periods": {"first": 1767297600, "second": 1767301200}, "venue": {"id": 10503, "name": "Brentford Community Stadium", "city": "London"}, "status": {"long": "Match Finished", "short": "FT", "elapsed": 90, "extra": null}}, "league": {"id": 39, "name": "Premier League", "country": "England", "logo": "https://media.api-sports.io/football/leagues/39.png", "flag": "https://media.api-sports.io/flags/gb-eng.svg", "season": 2025, "round": "Regular Season - 19", "standings": true}, "teams": {"home": {"id": 55, "name": "Brentford", "logo": "https://media.api-sports.io/football/teams/55.png", "winner": null}, "away": {"id": 47, "name": "Tottenham", "logo": "https://media.api-sports.io/football/teams/47.png", "winner": null}}, "goals": {"home": 0, "away": 0}, "score": {"halftime": {"home": 0, "away": 0}, "fulltime": {"home": 0, "away": 0}, "extratime": {"home": null, "away": null}, "penalty": {"home": null, "away": null}}}, {"fixture": {"id": 1379143, "referee": "Jarred Gillett, Australia", "timezone": "UTC", "date": "2025-12-28T16:30:00+00:00", "timestamp": 1766939400, "periods": {"first": 1766939400, "second": 1766943000}, "venue": {"id": 525, "name": "Selhurst Park", "city": "London"}, "status": {"long": "Match Finished", "short": "FT", "elapsed": 90, "extra": 8}}, "league": {"id": 39, "name": "Premier League", "country": "England", "logo": "https://media.api-sports.io/football/leagues/39.png", "flag": "https://media.api-sports.io/flags/gb-eng.svg", "season": 2025, "round": "Regular Season - 18", "standings": true}, "teams": {"home": {"id": 52, "name": "Crystal Palace", "logo": "https://media.api-sports.io/football/teams/52.png", "winner": false}, "away": {"id": 47, "name": "Tottenham", "logo": "https://media.api-sports.io/football/teams/47.png", "winner": true}}, "goals": {"home": 0, "away": 1}, "score": {"halftime": {"home": 0, "away": 1}, "fulltime": {"home": 0, "away": 1}, "extratime": {"home": null, "away": null}, "penalty": {"home": null, "away": null}}}, {"fixture": {"id": 1379137, "referee": "John Brooks, England", "timezone": "UTC", "date": "2025-12-20T17:30:00+00:00", "timestamp": 1766251800, "periods": {"first": 1766251800, "second": 1766255400}, "venue": {"id": 593, "name": "Tottenham Hotspur Stadium", "city": "London"}, "status": {"long": "Match Finished", "short": "FT", "elapsed": 90, "extra": 11}}, "league": {"id": 39, "name": "Premier League", "country": "England", "logo": "https://media.api-sports.io/football/leagues/39.png", "flag": "https://media.api-sports.io/flags/gb-eng.svg", "season": 2025, "round": "Regular Season - 17", "standings": true}, "teams": {"home": {"id": 47, "name": "Tottenham", "logo": "https://media.api-sports.io/football/teams/47.png", "winner": false}, "away": {"id": 40, "name": "Liverpool", "logo": "https://media.api-sports.io/football/teams/40.png", "winner": true}}, "goals": {"home": 1, "away": 2}, "score": {"halftime": {"home": 0, "away": 0}, "fulltime": {"home": 1, "away": 2}, "extratime": {"home": null, "away": null}, "penalty": {"home": null, "away": null}}}, {"fixture": {"id": 1379126, "referee": "Samuel Barrott, England", "timezone": "UTC", "date": "2025-12-14T14:00:00+00:00", "timestamp": 1765720800, "periods": {"first": 1765720800, "second": 1765724400}, "venue": {"id": 566, "name": "City Ground", "city": "Nottingham"}, "status": {"long": "Match Finished", "short": "FT", "elapsed": 90, "extra": 6}}, "league": {"id": 39, "name": "Premier League", "country": "England", "logo": "https://media.api-sports.io/football/leagues/39.png", "flag": "https://media.api-sports.io/flags/gb-eng.svg", "season": 2025, "round": "Regular Season - 16", "standings": true}, "teams": {"home": {"id": 65, "name": "Nottingham Forest", "logo": "https://media.api-sports.io/football/teams/65.png", "winner": true}, "away": {"id": 47, "name": "Tottenham", "logo": "https://media.api-sports.io/football/teams/47.png", "winner": false}}, "goals": {"home": 3, "away": 0}, "score": {"halftime": {"home": 1, "away": 0}, "fulltime": {"home": 3, "away": 0}, "extratime": {"home": null, "away": null}, "penalty": {"home": null, "away": null}}}]}