{"get": "fixtures", "parameters": {"league": "140", "season": "2025", "team": "536", "status": "FT", "last": "10"}, "errors": [], "results": 10, "paging": {"current": 1, "total": 1}, "response": [{"fixture": {"id": 1391046, "referee": "Jesus Gil Manzano, Spain", "timezone": "UTC", "date": "2026-02-08T15:15:00+00:00", "timestamp": 1770563700, "periods": {"first": 1770563700, "second": 1770567300}, "venue": {"id": 1494, "name": "Estadio Ram\u00f3n S\u00e1nchez Pizju\u00e1n", "city": "Sevilla"}, "status": {"long": "Match Finished", "short": "FT", "elapsed": 90, "extra": 8}}, "league": {"id": 140, "name": "La Liga", "country": "Spain", "logo": "https://media.api-sports.io/football/leagues/140.png", "flag": "https://media.api-sports.io/flags/es.svg", "season": 2025, "round": "Regular Season - 23", "standings": true}, "teams": {"home": {"id": 536, "name": "Sevilla", "logo": "https://media.api-sports.io/football/teams/536.png", "winner": null}, "away": {"id": 547, "name": "Girona", "logo": "https://media.api-sports.io/football/teams/547.png", "winner": null}}, "goals": {"home": 1, "away": 1}, "score": {"halftime": {"home": 0, "away": 1}, "fulltime": {"home": 1, "away": 1}, "extratime": {"home": null, "away": null}, "penalty": {"home": null, "away": null}}}, {"fixture": {"id": 1391035, "referee": "C\u00e9sar Soto Grado, Spain", "timezone": "UTC", "date": "2026-02-02T20:00:00+00:00", "timestamp": 1770062400, "periods": {"first": 1770062400, "second": 1770066000}, "venue": {"id": 19940, "name": "Estadi Mallorca Son Moix", "city": "Palma de Mallorca"}, "status": {"long": "Match Finished", "short": "FT", "elapsed": 90, "extra": 7}}, "league": {"id": 140, "name": "La Liga", "country": "Spain", "logo": "https://media.api-sports.io/football/leagues/140.png", "flag": "https://media.api-sports.io/flags/es.svg", "season": 2025, "round": "Regular Season - 22", "standings": true}, "teams": {"home": {"id": 798, "name": "Mallorca", "logo": "https://media.api-sports.io/football/teams/798.png", "winner": true}, "away": {"id": 536, "name": "Sevilla", "logo": "https://media.api-sports.io/football/teams/536.png", "winner": false}}, "goals": {"home": 4, "away": 1}, "score": {"halftime": {"home": 1, "away": 1}, "fulltime": {"home": 4, "away": 1}, "extratime": {"home": null, "away": null}, "penalty": {"home": null, "away": null}}}, {"fixture": {"id": 1391026, "referee": "Francisco Hernandez Maeso, Spain", "timezone": "UTC", "date": "2026-01-24T17:30:00+00:00", "timestamp": 1769275800, "periods": {"first": 1769275800, "second": 1769279400}, "venue": {"id": 1494, "name": "Estadio Ram\u00f3n S\u00e1nchez Pizju\u00e1n", "city": "Sevilla"}, "status": {"long": "Match Finished", "short": "FT", "elapsed": 90, "extra": 7}}, "league": {"id": 140, "name": "La Liga", "country": "Spain", "logo": "https://media.api-sports.io/football/leagues/140.png", "flag": "https://media.api-sports.io/flags/es.svg", "season": 2025, "round": "Regular Season - 21", "standings": true}, "teams": {"home": {"id": 536, "name": "Sevilla", "logo": "https://media.api-sports.io/football/teams/536.png", "winner": true}, "away": {"id": 531, "name": "Athletic Club", "logo": "https://media.api-sports.io/football/teams/531.png", "winner": false}}, "goals": {"home": 2, "away": 1}, "score": {"halftime": {"home": 1, "away": 1}, "fulltime": {"home": 2, "away": 1}, "extratime": {"home": null, "away": null}, "penalty": {"home": null, "away": null}}}, {"fixture": {"id": 1391012, "referee": "Ricardo De Burgos Bengoetxea, Spain", "timezone": "UTC", "date": "2026-01-19T20:00:00+00:00", "timestamp": 1768852800, "periods": {"first": 1768852800, "second": 1768856400}, "venue": {"id": 1473, "name": "Estadio Manuel Mart\u00ednez Valero", "city": "Elche"}, "status": {"long": "Match Finished", "short": "FT", "elapsed": 90, "extra": 7}}, "league": {"id": 140, "name": "La Liga", "country": "Spain", "logo": "https://media.api-sports.io/football/leagues/140.png", "flag": "https://media.api-sports.io/flags/es.svg", "season": 2025, "round": "Regular Season - 20", "standings": true}, "teams": {"home": {"id": 797, "name": "Elche", "logo": "https://media.api-sports.io/football/teams/797.png", "winner": null}, "away": {"id": 536, "name": "Sevilla", "logo": "https://media.api-sports.io/football/teams/536.png", "winner": null}}, "goals": {"home": 2, "away": 2}, "score": {"halftime": {"home": 1, "away": 0}, "fulltime": {"home": 2, "away": 2}, "extratime": {"home": null, "away": null}, "penalty": {"home": null, "away": null}}}, {"fixture": {"id": 1391006, "referee": "Jos\u00e9 Mar\u00eda S\u00e1nchez Mart\u00ednez, Spain", "timezone": "UTC", "date": "2026-01-12T20:00:00+00:00", "timestamp": 1768248000, "periods": {"first": 1768248000, "second": 1768251600}, "venue": {"id": 1494, "name": "Estadio Ram\u00f3n S\u00e1nchez Pizju\u00e1n", "city": "Sevilla"}, "status": {"long": "Match Finished", "short": "FT", "elapsed": 90, "extra": 5}}, "league": {"id": 140, "name": "La Liga", "country": "Spain", "logo": "https://media.api-sports.io/football/leagues/140.png", "flag": "https://media.api-sports.io/flags/es.svg", "season": 2025, "round": "Regular Season - 19", "standings": true}, "teams": {"home": {"id": 536, "name": "Sevilla", "logo": "https://media.api-sports.io/football/teams/536.png", "winner": false}, "away": {"id": 538, "name": "Celta Vigo", "logo": "https://media.api-sports.io/football/teams/538.png", "winner": true}}, "goals": {"home": 0, "away": 1}, "score": {"halftime": {"home": 0, "away": 0}, "fulltime": {"home": 0, "away": 1}, "extratime": {"home": null, "away": null}, "penalty": {"home": null, "away": null}}}, {"fixture": {"id": 1390998, "referee": "Iosu Galech Apezteguia, Spain", "timezone": "UTC", "date": "2026-01-04T13:00:00+00:00", "timestamp": 1767531600, "periods": {"first": 1767531600, "second": 1767535200}, "venue": {"id": 1494, "name": "Estadio Ram\u00f3n S\u00e1nchez Pizju\u00e1n", "city": "Sevilla"}, "status": {"long": "Match Finished", "short": "FT", "elapsed": 90, "extra": 6}}, "league": {"id": 140, "name": "La Liga", "country": "Spain", "logo": "https://media.api-sports.io/football/leagues/140.png", "flag": "https://media.api-sports.io/flags/es.svg", "season": 2025, "round": "Regular Season - 18", "standings": true}, "teams": {"home": {"id": 536, "name": "Sevilla", "logo": "https://media.api-sports.io/football/teams/536.png", "winner": false}, "away": {"id": 539, "name": "Levante", "logo": "https://media.api-sports.io/football/teams/539.png", "winner": true}}, "goals": {"home": 0, "away": 3}, "score": {"halftime": {"home": 0, "away": 1}, "fulltime": {"home": 0, "away": 3}, "extratime": {"home": null, "away": null}, "penalty": {"home": null, "away": null}}}, {"fixture": {"id": 1390985, "referee": "Alejandro Mu\u00f1iz Ruiz, Spain", "timezone": "UTC", "date": "2025-12-20T20:00:00+00:00", "timestamp": 1766260800, "periods": {"first": 1766260800, "second": 1766264400}, "venue": {"id": 1456, "name": "Estadio Santiago Bernab\u00e9u", "city": "Madrid"}, "status": {"long": "Match Finished", "short": "FT", "elapsed": 90, "extra": 6}}, "league": {"id": 140, "name": "La Liga", "country": "Spain", "logo": "https://media.api-sports.io/football/leagues/140.png", "flag": "https://media.api-sports.io/flags/es.svg", "season": 2025, "round": "Regular Season - 17", "standings": true}, "teams": {"home": {"id": 541, "name": "Real Madrid", "logo": "https://media.api-sports.io/football/teams/541.png", "winner": true}, "away": {"id": 536, "name": "Sevilla", "logo": "https://media.api-sports.io/football/teams/536.png", "winner": false}}, "goals": {"home": 2, "away": 0}, "score": {"halftime": {"home": 1, "away": 0}, "fulltime": {"home": 2, "away": 0}, "extratime": {"home": null, "away": null}, "penalty": {"home": null, "away": null}}}, {"fixture": {"id": 1390978, "referee": "Isidro Diaz de Mera Escuderos, Spain", "timezone": "UTC", "date": "2025-12-14T13:00:00+00:00", "timestamp": 1765717200, "periods": {"first": 1765717200, "second": 1765720800}, "venue": {"id": 1494, "name": "Estadio Ram\u00f3n S\u00e1nchez Pizju\u00e1n", "city": "Sevilla"}, "status": {"long": "Match Finished", "short": "FT", "elapsed": 90, "extra": 3}}, "league": {"id": 140, "name": "La Liga", "country": "Spain", "logo": "https://media.api-sports.io/football/leagues/140.png", "flag": "https://media.api-sports.io/flags/es.svg", "season": 2025, "round": "Regular Season - 16", "standings": true}, "teams": {"home": {"id": 536, "name": "Sevilla", "logo": "https://media.api-sports.io/football/teams/536.png", "winner": true}, "away": {"id": 718, "name": "Oviedo", "logo": "https://media.api-sports.io/football/teams/718.png", "winner": false}}, "goals": {"home": 4, "away": 0}, "score": {"halftime": {"home": 2, "away": 0}, "fulltime": {"home": 4, "away": 0}, "extratime": {"home": null, "away": null}, "penalty": {"home": null, "away": null}}}, {"fixture": {"id": 1390967, "referee": "Guillermo Cuadra Fernandez, Spain", "timezone": "UTC", "date": "2025-12-07T15:15:00+00:00", "timestamp": 1765120500, "periods": {"first": 1765120500, "second": 1765124100}, "venue": {"id": 1497, "name": "Estadio de Mestalla", "city": "Valencia"}, "status": {"long": "Match Finished", "short": "FT", "elapsed": 90, "extra": 7}}, "league": {"id": 140, "name": "La Liga", "country": "Spain", "logo": "https://media.api-sports.io/football/leagues/140.png", "flag": "https://media.api-sports.io/flags/es.svg", "season": 2025, "round": "Regular Season - 15", "standings": true}, "teams": {"home": {"id": 532, "name": "Valencia", "logo": "https://media.api-sports.io/football/teams/532.png", "winner": null}, "away": {"id": 536, "name": "Sevilla", "logo": "https://media.api-sports.io/football/teams/536.png", "winner": null}}, "goals": {"home": 1, "away": 1}, "score": {"halftime": {"home": 0, "away": 0}, "fulltime": {"home": 1, "away": 1}, "extratime": {"home": null, "away": null}, "penalty": {"home": null, "away": null}}}, {"fixture": {"id": 1390958, "referee": "Jos\u00e9 Luis Munuera Montero, Spain", "timezone": "UTC", "date": "2025-11-30T15:15:00+00:00", "timestamp": 1764515700, "periods": {"first": 1764515700, "second": 1764519300}, "venue": {"id": 1494, "name": "Estadio Ram\u00f3n S\u00e1nchez Pizju\u00e1n", "city": "Sevilla"}, "status": {"long": "Match Finished", "short": "FT", "elapsed": 90, "extra": 8}}, "league": {"id": 140, "name": "La Liga", "country": "Spain", "logo": "https://media.api-sports.io/football/leagues/140.png", "flag": "https://media.api-sports.io/flags/es.svg", "season": 2025, "round": "Regular Season - 14", "standings": true}, "teams": {"home": {"id": 536, "name": "Sevilla", "logo": "https://media.api-sports.io/football/teams/536.png", "winner": false}, "away": {"id": 543, "name": "Real Betis", "logo": "https://media.api-sports.io/football/teams/543.png", "winner": true}}, "goals": {"home": 0, "away": 2}, "score": {"halftime": {"home": 0, "away": 0}, "fulltime": {"home": 0, "away": 2}, "extratime": {"home": null, "away": null}, "penalty": {"home": null, "away": null}}}]}