{"get": "standings", "parameters": {"league": "39", "season": "2025"}, "errors": [], "results": 1, "paging": {"current": 1, "total": 1}, "response": [{"league": {"id": 39, "name": "Premier League", "country": "England", "logo": "https://media.api-sports.io/football/leagues/39.png", "flag": "https://media.api-sports.io/flags/gb-eng.svg", "season": 2025, "standings": [[{"rank": 1, "team": {"id": 42, "name": "Arsenal", "logo": "https://media.api-sports.io/football/teams/42.png"}, "points": 56, "goalsDiff": 32, "group": "Premier League", "form": "WWLDD", "status": "same", "description": "Promotion - Champions League (League phase)", "all": {"played": 25, "win": 17, "draw": 5, "lose": 3, "goals": {"for": 49, "against": 17}}, "home": {"played": 13, "win": 10, "draw": 2, "lose": 1, "goals": {"for": 31, "against": 8}}, "away": {"played": 12, "win": 7, "draw": 3, "lose": 2, "goals": {"for": 18, "against": 9}}, "update": "2026-02-10T00:00:00+00:00"}, {"rank": 2, "team": {"id": 50, "name": "Manchester City", "logo": "https://media.api-sports.io/football/teams/50.png"}, "points": 50, "goalsDiff": 27, "group": "Premier League", "form": "WDWLD", "status": "same", "description": "Promotion - Champions League (League phase)", "all": {"played": 25, "win": 15, "draw": 5, "lose": 5, "goals": {"for": 51, "against": 24}}, "home": {"played": 12, "win": 9, "draw": 2, "lose": 1, "goals": {"for": 29, "against": 8}}, "away": {"played": 13, "win": 6, "draw": 3, "lose": 4, "goals": {"for": 22, "against": 16}}, "update": "2026-02-10T00:00:00+00:00"}, {"rank": 3, "team": {"id": 66, "name": "Aston Villa", "logo": "https://media.api-sports.io/football/teams/66.png"}, "points": 47, "goalsDiff": 9, "group": "Premier League", "form": "DLWLD", "status": "same", "description": "Promotion - Champions League (League phase)", "all": {"played": 25, "win": 14, "draw": 5, "lose": 6, "goals": {"for": 36, "against": 27}}, "home": {"played": 12, "win": 8, "draw": 1, "lose": 3, "goals": {"for": 18, "against": 10}}, "away": {"played": 13, "win": 6, "draw": 4, "lose": 3, "goals": {"for": 18, "against": 17}}, "update": "2026-02-10T00:00:00+00:00"}, {"rank": 4, "team": {"id": 33, "name": "Manchester United", "logo": "https://media.api-sports.io/football/teams/33.png"}, "points": 45, "goalsDiff": 10, "group": "Premier League", "form": "DWWWW", "status": "same", "description": "Promotion - Champions League (League phase)", "all": {"played": 26, "win": 12, "draw": 9, "lose": 5, "goals": {"for": 47, "against": 37}}, "home": {"played": 13, "win": 8, "draw": 3, "lose": 2, "goals": {"for": 25, "against": 15}}, "away": {"played": 13, "win": 4, "draw": 6, "lose": 3, "goals": {"for": 22, "against": 22}}, "update": "2026-02-10T00:00:00+00:00"}, {"rank": 5, "team": {"id": 49, "name": "Chelsea", "logo": "https://media.api-sports.io/football/teams/49.png"}, "points": 44, "goalsDiff": 17, "group": "Premier League", "form": "DWWWW", "status": "same", "description": "Promotion - Europa League (League phase)", "all": {"played": 26, "win": 12, "draw": 8, "lose": 6, "goals": {"for": 47, "against": 30}}, "home": {"played": 13, "win": 6, "draw": 4, "lose": 3, "goals": {"for": 22, "against": 15}}, "away": {"played": 13, "win": 6, "draw": 4, "lose": 3, "goals": {"for": 25, "against": 15}}, "update": "2026-02-10T00:00:00+00:00"}, {"rank": 6, "team": {"id": 40, "name": "Liverpool", "logo": "https://media.api-sports.io/football/teams/40.png"}, "points": 39, "goalsDiff": 5, "group": "Premier League", "form": "LWLDD", "status": "same", "description": null, "all": {"played": 25, "win": 11, "draw": 6, "lose": 8, "goals": {"for": 40, "against": 35}}, "home": {"played": 13, "win": 7, "draw": 3, "lose": 3, "goals": {"for": 21, "against": 14}}, "away": {"played": 12, "win": 4, "draw": 3, "lose": 5, "goals": {"for": 19, "against": 21}}, "update": "2026-02-10T00:00:00+00:00"}, {"rank": 7, "team": {"id": 55, "name": "Brentford", "logo": "https://media.api-sports.io/football/teams/55.png"}, "points": 39, "goalsDiff": 5, "group": "Premier League", "form": "WWLLW", "status": "same", "description": null, "all": {"played": 25, "win": 12, "draw": 3, "lose": 10, "goals": {"for": 39, "against": 34}}, "home": {"played": 12, "win": 7, "draw": 3, "lose": 2, "goals": {"for": 23, "against": 12}}, "away": {"played": 13, "win": 5, "draw": 0, "lose": 8, "goals": {"for": 16, "against": 22}}, "update": "2026-02-10T00:00:00+00:00"}, {"rank": 8, "team": {"id": 45, "name": "Everton", "logo": "https://media.api-sports.io/football/teams/45.png"}, "points": 37, "goalsDiff": -1, "group": "Premier League", "form": "LWDDW", "status": "same", "description": null, "all": {"played": 26, "win": 10, "draw": 7, "lose": 9, "goals": {"for": 29, "against": 30}}, "home": {"played": 13, "win": 4, "draw": 4, "lose": 5, "goals": {"for": 16, "against": 18}}, "away": {"played": 13, "win": 6, "draw": 3, "lose": 4, "goals": {"for": 13, "against": 12}}, "update": "2026-02-10T00:00:00+00:00"}, {"rank": 9, "team": {"id": 35, "name": "Bournemouth", "logo": "https://media.api-sports.io/football/teams/35.png"}, "points": 37, "goalsDiff": -2, "group": "Premier League", "form": "WDWWD", "status": "same", "description": null, "all": {"played": 26, "win": 9, "draw": 10, "lose": 7, "goals": {"for": 43, "against": 45}}, "home": {"played": 13, "win": 6, "draw": 5, "lose": 2, "goals": {"for": 20, "against": 14}}, "away": {"played": 13, "win": 3, "draw": 5, "lose": 5, "goals": {"for": 23, "against": 31}}, "update": "2026-02-10T00:00:00+00:00"}, {"rank": 10, "team": {"id": 34, "name": "Newcastle", "logo": "https://media.api-sports.io/football/teams/34.png"}, "points": 36, "goalsDiff": 0, "group": "Premier League", "form": "WLLLD", "status": "same", "description": null, "all": {"played": 26, "win": 10, "draw": 6, "lose": 10, "goals": {"for": 37, "against": 37}}, "home": {"played": 13, "win": 7, "draw": 2, "lose": 4, "goals": {"for": 24, "against": 20}}, "away": {"played": 13, "win": 3, "draw": 4, "lose": 6, "goals": {"for": 13, "against": 17}}, "update": "2026-02-10T00:00:00+00:00"}, {"rank": 11, "team": {"id": 746, "name": "Sunderland", "logo": "https://media.api-sports.io/football/teams/746.png"}, "points": 36, "goalsDiff": -2, "group": "Premier League", "form": "LWLWL", "status": "same", "description": null, "all": {"played": 25, "win": 9, "draw": 9, "lose": 7, "goals": {"for": 27, "against": 29}}, "home": {"played": 12, "win": 7, "draw": 5, "lose": 0, "goals": {"for": 21, "against": 9}}, "away": {"played": 13, "win": 2, "draw": 4, "lose": 7, "goals": {"for": 6, "against": 20}}, "update": "2026-02-10T00:00:00+00:00"}, {"rank": 12, "team": {"id": 36, "name": "Fulham", "logo": "https://media.api-sports.io/football/teams/36.png"}, "points": 34, "goalsDiff": -2, "group": "Premier League", "form": "LLWLW", "status": "same", "description": null, "all": {"played": 25, "win": 10, "draw": 4, "lose": 11, "goals": {"for": 35, "against": 37}}, "home": {"played": 13, "win": 7, "draw": 2, "lose": 4, "goals": {"for": 22, "against": 16}}, "away": {"played": 12, "win": 3, "draw": 2, "lose": 7, "goals": {"for": 13, "against": 21}}, "update": "2026-02-10T00:00:00+00:00"}, {"rank": 13, "team": {"id": 52, "name": "Crystal Palace", "logo": "https://media.api-sports.io/football/teams/52.png"}, "points": 32, "goalsDiff": -3, "group": "Premier League", "form": "WDLLD", "status": "same", "description": null, "all": {"played": 25, "win": 8, "draw": 8, "lose": 9, "goals": {"for": 26, "against": 29}}, "home": {"played": 12, "win": 2, "draw": 6, "lose": 4, "goals": {"for": 11, "against": 15}}, "away": {"played": 13, "win": 6, "draw": 2, "lose": 5, "goals": {"for": 15, "against": 14}}, "update": "2026-02-10T00:00:00+00:00"}, {"rank": 14, "team": {"id": 51, "name": "Brighton", "logo": "https://media.api-sports.io/football/teams/51.png"}, "points": 31, "goalsDiff": 1, "group": "Premier League", "form": "LDLDD", "status": "same", "description": null, "all": {"played": 25, "win": 7, "draw": 10, "lose": 8, "goals": {"for": 34, "against": 33}}, "home": {"played": 13, "win": 5, "draw": 6, "lose": 2, "goals": {"for": 20, "against": 14}}, "away": {"played": 12, "win": 2, "draw": 4, "lose": 6, "goals": {"for": 14, "against": 19}}, "update": "2026-02-10T00:00:00+00:00"}, {"rank": 15, "team": {"id": 63, "name": "Leeds", "logo": "https://media.api-sports.io/football/teams/63.png"}, "points": 30, "goalsDiff": -9, "group": "Premier League", "form": "DWLDW", "status": "same", "description": null, "all": {"played": 26, "win": 7, "draw": 9, "lose": 10, "goals": {"for": 36, "against": 45}}, "home": {"played": 13, "win": 6, "draw": 4, "lose": 3, "goals": {"for": 22, "against": 18}}, "away": {"played": 13, "win": 1, "draw": 5, "lose": 7, "goals": {"for": 14, "against": 27}}, "update": "2026-02-10T00:00:00+00:00"}, {"rank": 16, "team": {"id": 47, "name": "Tottenham", "logo": "https://media.api-sports.io/football/teams/47.png"}, "points": 29, "goalsDiff": -1, "group": "Premier League", "form": "LLDDL", "status": "same", "description": null, "all": {"played": 26, "win": 7, "draw": 8, "lose": 11, "goals": {"for": 36, "against": 37}}, "home": {"played": 13, "win": 2, "draw": 4, "lose": 7, "goals": {"for": 16, "against": 18}}, "away": {"played": 13, "win": 5, "draw": 4, "lose": 4, "goals": {"for": 20, "against": 19}}, "update": "2026-02-10T00:00:00+00:00"}, {"rank": 17, "team": {"id": 65, "name": "Nottingham Forest", "logo": "https://media.api-sports.io/football/teams/65.png"}, "points": 26, "goalsDiff": -13, "group": "Premier League", "form": "LDWDW", "status": "same", "description": null, "all": {"played": 25, "win": 7, "draw": 5, "lose": 13, "goals": {"for": 25, "against": 38}}, "home": {"played": 12, "win": 3, "draw": 3, "lose": 6, "goals": {"for": 13, "against": 18}}, "away": {"played": 13, "win": 4, "draw": 2, "lose": 7, "goals": {"for": 12, "against": 20}}, "update": "2026-02-10T00:00:00+00:00"}, {"rank": 18, "team": {"id": 48, "name": "West Ham", "logo": "https://media.api-sports.io/football/teams/48.png"}, "points": 24, "goalsDiff": -17, "group": "Premier League", "form": "DWLWW", "status": "same", "description": "Relegation - Championship", "all": {"played": 26, "win": 6, "draw": 6, "lose": 14, "goals": {"for": 32, "against": 49}}, "home": {"played": 13, "win": 3, "draw": 2, "lose": 8, "goals": {"for": 17, "against": 27}}, "away": {"played": 13, "win": 3, "draw": 4, "lose": 6, "goals": {"for": 15, "against": 22}}, "update": "2026-02-10T00:00:00+00:00"}, {"rank": 19, "team": {"id": 44, "name": "Burnley", "logo": "https://media.api-sports.io/football/teams/44.png"}, "points": 15, "goalsDiff": -24, "group": "Premier League", "form": "LLDDD", "status": "same", "description": "Relegation - Championship", "all": {"played": 25, "win": 3, "draw": 6, "lose": 16, "goals": {"for": 25, "against": 49}}, "home": {"played": 13, "win": 2, "draw": 4, "lose": 7, "goals": {"for": 12, "against": 19}}, "away": {"played": 12, "win": 1, "draw": 2, "lose": 9, "goals": {"for": 13, "against": 30}}, "update": "2026-02-10T00:00:00+00:00"}, {"rank": 20, "team": {"id": 39, "name": "Wolves", "logo": "https://media.api-sports.io/football/teams/39.png"}, "points": 8, "goalsDiff": -32, "group": "Premier League", "form": "LLLDD", "status": "same", "description": "Relegation - Championship", "all": {"played": 25, "win": 1, "draw": 5, "lose": 19, "goals": {"for": 16, "against": 48}}, "home": {"played": 13, "win": 1, "draw": 2, "lose": 10, "goals": {"for": 11, "against": 28}}, "away": {"played": 12, "win": 0, "draw": 3, "lose": 9, "goals": {"for": 5, "against": 20}}, "update": "2026-02-10T00:00:00+00:00"}]]}}]}