{"get": "fixtures", "parameters": {"league": "135", "season": "2025", "date": "2026-02-15"}, "errors": [], "results": 5, "paging": {"current": 1, "total": 1}, "response": [{"fixture": {"id": 1378113, "referee": "M. Caputi", "timezone": "UTC", "date": "2026-02-15T11:30:00+00:00", "timestamp": 1771155000, "periods": {"first": null, "second": null}, "venue": {"id": 20416, "name": "Bluenergy Stadium - Stadio Friuli", "city": "Udine"}, "status": {"long": "Not Started", "short": "NS", "elapsed": null, "extra": null}}, "league": {"id": 135, "name": "Serie A", "country": "Italy", "logo": "https://media.api-sports.io/football/leagues/135.png", "flag": "https://media.api-sports.io/flags/it.svg", "season": 2025, "round": "Regular Season - 25", "standings": true}, "teams": {"home": {"id": 494, "name": "Udinese", "logo": "https://media.api-sports.io/football/teams/494.png", "winner": null}, "away": {"id": 488, "name": "Sassuolo", "logo": "https://media.api-sports.io/football/teams/488.png", "winner": null}}, "goals": {"home": null, "away": null}, "score": {"halftime": {"home": null, "away": null}, "fulltime": {"home": null, "away": null}, "extratime": {"home": null, "away": null}, "penalty": {"home": null, "away": null}}}, {"fixture": {"id": 1378106, "referee": "S. Sozza", "timezone": "UTC", "date": "2026-02-15T14:00:00+00:00", "timestamp": 1771164000, "periods": {"first": null, "second": null}, "venue": {"id": 894, "name": "Stadio Giovanni Zini", "city": "Cremona"}, "status": {"long": "Not Started", "short": "NS", "elapsed": null, "extra": null}}, "league": {"id": 135, "name": "Serie A", "country": "Italy", "logo": "https://media.api-sports.io/football/leagues/135.png", "flag": "https://media.api-sports.io/flags/it.svg", "season": 2025, "round": "Regular Season - 25", "standings": true}, "teams": {"home": {"id": 520, "name": "Cremonese", "logo": "https://media.api-sports.io/football/teams/520.png", "winner": null}, "away": {"id": 495, "name": "Genoa", "logo": "https://media.api-sports.io/football/teams/495.png", "winner": null}}, "goals": {"home": null, "away": null}, "score": {"halftime": {"home": null, "away": null}, "fulltime": {"home": null, "away": null}, "extratime": {"home": null, "away": null}, "penalty": {"home": null, "away": null}}}, {"fixture": {"id": 1378110, "referee": "L. Pairetto", "timezone": "UTC", "date": "2026-02-15T14:00:00+00:00", "timestamp": 1771164000, "periods": {"first": null, "second": null}, "venue": {"id": 921, "name": "Stadio Ennio Tardini", "city": "Parma"}, "status": {"long": "Not Started", "short": "NS", "elapsed": null, "extra": null}}, "league": {"id": 135, "name": "Serie A", "country": "Italy", "logo": "https://media.api-sports.io/football/leagues/135.png", "flag": "https://media.api-sports.io/flags/it.svg", "season": 2025, "round": "Regular Season - 25", "standings": true}, "teams": {"home": {"id": 523, "name": "Parma", "logo": "https://media.api-sports.io/football/teams/523.png", "winner": null}, "away": {"id": 504, "name": "Verona", "logo": "https://media.api-sports.io/football/teams/504.png", "winner": null}}, "goals": {"home": null, "away": null}, "score": {"halftime": {"home": null, "away": null}, "fulltime": {"home": null, "away": null}, "extratime": {"home": null, "away": null}, "penalty": {"home": null, "away": null}}}, {"fixture": {"id": 1378112, "referee": "F. Fourneau", "timezone": "UTC", "date": "2026-02-15T17:00:00+00:00", "timestamp": 1771174800, "periods": {"first": null, "second": null}, "venue": {"id": null, "name": "Stadio Olimpico Grande Torino", "city": "Turin"}, "status": {"long": "Not Started", "short": "NS", "elapsed": null, "extra": null}}, "league": {"id": 135, "name": "Serie A", "country": "Italy", "logo": "https://media.api-sports.io/football/leagues/135.png", "flag": "https://media.api-sports.io/flags/it.svg", "season": 2025, "round": "Regular Season - 25", "standings": true}, "teams": {"home": {"id": 503, "name": "Torino", "logo": "https://media.api-sports.io/football/teams/503.png", "winner": null}, "away": {"id": 500, "name": "Bologna", "logo": "https://media.api-sports.io/football/teams/500.png", "winner": null}}, "goals": {"home": null, "away": null}, "score": {"halftime": {"home": null, "away": null}, "fulltime": {"home": null, "away": null}, "extratime": {"home": null, "away": null}, "penalty": {"home": null, "away": null}}}, {"fixture": {"id": 1378109, "referee": "A. Colombo", "timezone": "UTC", "date": "2026-02-15T19:45:00+00:00", "timestamp": 1771184700, "periods": {"first": null, "second": null}, "venue": {"id": null, "name": "Stadio Diego Armando Maradona", "city": "Naples"}, "status": {"long": "Not Started", "short": "NS", "elapsed": null, "extra": null}}, "league": {"id": 135, "name": "Serie A", "country": "Italy", "logo": "https://media.api-sports.io/football/leagues/135.png", "flag": "https://media.api-sports.io/flags/it.svg", "season": 2025, "round": "Regular Season - 25", "standings": true}, "teams": {"home": {"id": 492, "name": "Napoli", "logo": "https://media.api-sports.io/football/teams/492.png", "winner": null}, "away": {"id": 497, "name": "AS Roma", "logo": "https://media.api-sports.io/football/teams/497.png", "winner": null}}, "goals": {"home": null, "away": null}, "score": {"halftime": {"home": null, "away": null}, "fulltime": {"home": null, "away": null}, "extratime": {"home": null, "away": null}, "penalty": {"home": null, "away": null}}}]}