{"get": "fixtures", "parameters": {"league": "78", "season": "2025", "team": "163", "status": "FT", "last": "10"}, "errors": [], "results": 10, "paging": {"current": 1, "total": 1}, "response": [{"fixture": {"id": 1388489, "referee": "Christian Dingert, Germany", "timezone": "UTC", "date": "2026-02-07T17:30:00+00:00", "timestamp": 1770485400, "periods": {"first": 1770485400, "second": 1770489000}, "venue": {"id": 20471, "name": "Borussia-Park", "city": "Monchengladbach"}, "status": {"long": "Match Finished", "short": "FT", "elapsed": 90, "extra": 5}}, "league": {"id": 78, "name": "Bundesliga", "country": "Germany", "logo": "https://media.api-sports.io/football/leagues/78.png", "flag": "https://media.api-sports.io/flags/de.svg", "season": 2025, "round": "Regular Season - 21", "standings": true}, "teams": {"home": {"id": 163, "name": "Borussia M\u00f6nchengladbach", "logo": "https://media.api-sports.io/football/teams/163.png", "winner": null}, "away": {"id": 168, "name": "Bayer Leverkusen", "logo": "https://media.api-sports.io/football/teams/168.png", "winner": null}}, "goals": {"home": 1, "away": 1}, "score": {"halftime": {"home": 1, "away": 1}, "fulltime": {"home": 1, "away": 1}, "extratime": {"home": null, "away": null}, "penalty": {"home": null, "away": null}}}, {"fixture": {"id": 1388487, "referee": "Felix Zwayer, Germany", "timezone": "UTC", "date": "2026-01-31T14:30:00+00:00", "timestamp": 1769869800, "periods": {"first": 1769869800, "second": 1769873400}, "venue": {"id": null, "name": "Weserstadion", "city": "Bremen"}, "status": {"long": "Match Finished", "short": "FT", "elapsed": 90, "extra": 6}}, "league": {"id": 78, "name": "Bundesliga", "country": "Germany", "logo": "https://media.api-sports.io/football/leagues/78.png", "flag": "https://media.api-sports.io/flags/de.svg", "season": 2025, "round": "Regular Season - 20", "standings": true}, "teams": {"home": {"id": 162, "name": "Werder Bremen", "logo": "https://media.api-sports.io/football/teams/162.png", "winner": null}, "away": {"id": 163, "name": "Borussia M\u00f6nchengladbach", "logo": "https://media.api-sports.io/football/teams/163.png", "winner": null}}, "goals": {"home": 1, "away": 1}, "score": {"halftime": {"home": 0, "away": 0}, "fulltime": {"home": 1, "away": 1}, "extratime": {"home": null, "away": null}, "penalty": {"home": null, "away": null}}}, {"fixture": {"id": 1388472, "referee": "S\u00f6ren Storks, Germany", "timezone": "UTC", "date": "2026-01-25T14:30:00+00:00", "timestamp": 1769351400, "periods": {"first": 1769351400, "second": 1769355000}, "venue": {"id": 20471, "name": "Borussia-Park", "city": "Monchengladbach"}, "status": {"long": "Match Finished", "short": "FT", "elapsed": 90, "extra": 6}}, "league": {"id": 78, "name": "Bundesliga", "country": "Germany", "logo": "https://media.api-sports.io/football/leagues/78.png", "flag": "https://media.api-sports.io/flags/de.svg", "season": 2025, "round": "Regular Season - 19", "standings": true}, "teams": {"home": {"id": 163, "name": "Borussia M\u00f6nchengladbach", "logo": "https://media.api-sports.io/football/teams/163.png", "winner": false}, "away": {"id": 172, "name": "VfB Stuttgart", "logo": "https://media.api-sports.io/football/teams/172.png", "winner": true}}, "goals": {"home": 0, "away": 3}, "score": {"halftime": {"home": 0, "away": 1}, "fulltime": {"home": 0, "away": 3}, "extratime": {"home": null, "away": null}, "penalty": {"home": null, "away": null}}}, {"fixture": {"id": 1388464, "referee": "Robert Schr\u00f6der, Germany", "timezone": "UTC", "date": "2026-01-17T14:30:00+00:00", "timestamp": 1768660200, "periods": {"first": 1768660200, "second": 1768663800}, "venue": {"id": 720, "name": "Volksparkstadion", "city": "Hamburg"}, "status": {"long": "Match Finished", "short": "FT", "elapsed": 90, "extra": 10}}, "league": {"id": 78, "name": "Bundesliga", "country": "Germany", "logo": "https://media.api-sports.io/football/leagues/78.png", "flag": "https://media.api-sports.io/flags/de.svg", "season": 2025, "round": "Regular Season - 18", "standings": true}, "teams": {"home": {"id": 175, "name": "Hamburger SV", "logo": "https://media.api-sports.io/football/teams/175.png", "winner": null}, "away": {"id": 163, "name": "Borussia M\u00f6nchengladbach", "logo": "https://media.api-sports.io/football/teams/163.png", "winner": null}}, "goals": {"home": 0, "away": 0}, "score": {"halftime": {"home": 0, "away": 0}, "fulltime": {"home": 0, "away": 0}, "extratime": {"home": null, "away": null}, "penalty": {"home": null, "away": null}}}, {"fixture": {"id": 1388456, "referee": "Christian Dingert, Germany", "timezone": "UTC", "date": "2026-01-14T19:30:00+00:00", "timestamp": 1768419000, "periods": {"first": 1768419000, "second": 1768422600}, "venue": {"id": 724, "name": "PreZero Arena", "city": "Sinsheim"}, "status": {"long": "Match Finished", "short": "FT", "elapsed": 90, "extra": 4}}, "league": {"id": 78, "name": "Bundesliga", "country": "Germany", "logo": "https://media.api-sports.io/football/leagues/78.png", "flag": "https://media.api-sports.io/flags/de.svg", "season": 2025, "round": "Regular Season - 17", "standings": true}, "teams": {"home": {"id": 167, "name": "1899 Hoffenheim", "logo": "https://media.api-sports.io/football/teams/167.png", "winner": true}, "away": {"id": 163, "name": "Borussia M\u00f6nchengladbach", "logo": "https://media.api-sports.io/football/teams/163.png", "winner": false}}, "goals": {"home": 5, "away": 1}, "score": {"halftime": {"home": 4, "away": 0}, "fulltime": {"home": 5, "away": 1}, "extratime": {"home": null, "away": null}, "penalty": {"home": null, "away": null}}}, {"fixture": {"id": 1388445, "referee": "Harm Osmers, Germany", "timezone": "UTC", "date": "2026-01-11T14:30:00+00:00", "timestamp": 1768141800, "periods": {"first": 1768141800, "second": 1768145400}, "venue": {"id": 20471, "name": "Borussia-Park", "city": "Monchengladbach"}, "status": {"long": "Match Finished", "short": "FT", "elapsed": 90, "extra": 4}}, "league": {"id": 78, "name": "Bundesliga", "country": "Germany", "logo": "https://media.api-sports.io/football/leagues/78.png", "flag": "https://media.api-sports.io/flags/de.svg", "season": 2025, "round": "Regular Season - 16", "standings": true}, "teams": {"home": {"id": 163, "name": "Borussia M\u00f6nchengladbach", "logo": "https://media.api-sports.io/football/teams/163.png", "winner": true}, "away": {"id": 170, "name": "FC Augsburg", "logo": "https://media.api-sports.io/football/teams/170.png", "winner": false}}, "goals": {"home": 4, "away": 0}, "score": {"halftime": {"home": 3, "away": 0}, "fulltime": {"home": 4, "away": 0}, "extratime": {"home": null, "away": null}, "penalty": {"home": null, "away": null}}}, {"fixture": {"id": 1388435, "referee": "Sven Jablonski, Germany", "timezone": "UTC", "date": "2025-12-19T19:30:00+00:00", "timestamp": 1766172600, "periods": {"first": 1766172600, "second": 1766176200}, "venue": {"id": null, "name": "Signal Iduna Park", "city": "Dortmund"}, "status": {"long": "Match Finished", "short": "FT", "elapsed": 90, "extra": 8}}, "league": {"id": 78, "name": "Bundesliga", "country": "Germany", "logo": "https://media.api-sports.io/football/leagues/78.png", "flag": "https://media.api-sports.io/flags/de.svg", "season": 2025, "round": "Regular Season - 15", "standings": true}, "teams": {"home": {"id": 165, "name": "Borussia Dortmund", "logo": "https://media.api-sports.io/football/teams/165.png", "winner": true}, "away": {"id": 163, "name": "Borussia M\u00f6nchengladbach", "logo": "https://media.api-sports.io/football/teams/163.png", "winner": false}}, "goals": {"home": 2, "away": 0}, "score": {"halftime": {"home": 1, "away": 0}, "fulltime": {"home": 2, "away": 0}, "extratime": {"home": null, "away": null}, "penalty": {"home": null, "away": null}}}, {"fixture": {"id": 1388427, "referee": "Patrick Ittrich, Germany", "timezone": "UTC", "date": "2025-12-13T14:30:00+00:00", "timestamp": 1765636200, "periods": {"first": 1765636200, "second": 1765639800}, "venue": {"id": 20471, "name": "Borussia-Park", "city": "Monchengladbach"}, "status": {"long": "Match Finished", "short": "FT", "elapsed": 90, "extra": 7}}, "league": {"id": 78, "name": "Bundesliga", "country": "Germany", "logo": "https://media.api-sports.io/football/leagues/78.png", "flag": "https://media.api-sports.io/flags/de.svg", "season": 2025, "round": "Regular Season - 14", "standings": true}, "teams": {"home": {"id": 163, "name": "Borussia M\u00f6nchengladbach", "logo": "https://media.api-sports.io/football/teams/163.png", "winner": false}, "away": {"id": 161, "name": "VfL Wolfsburg", "logo": "https://media.api-sports.io/football/teams/161.png", "winner": true}}, "goals": {"home": 1, "away": 3}, "score": {"halftime": {"home": 1, "away": 3}, "fulltime": {"home": 1, "away": 3}, "extratime": {"home": null, "away": null}, "penalty": {"home": null, "away": null}}}, {"fixture": {"id": 1388421, "referee": "Benjamin Brand, Germany", "timezone": "UTC", "date": "2025-12-05T19:30:00+00:00", "timestamp": 1764963000, "periods": {"first": 1764963000, "second": 1764966600}, "venue": {"id": 11899, "name": "Mewa Arena", "city": "Mainz"}, "status": {"long": "Match Finished", "short": "FT", "elapsed": 90, "extra": 6}}, "league": {"id": 78, "name": "Bundesliga", "country": "Germany", "logo": "https://media.api-sports.io/football/leagues/78.png", "flag": "https://media.api-sports.io/flags/de.svg", "season": 2025, "round": "Regular Season - 13", "standings": true}, "teams": {"home": {"id": 164, "name": "FSV Mainz 05", "logo": "https://media.api-sports.io/football/teams/164.png", "winner": false}, "away": {"id": 163, "name": "Borussia M\u00f6nchengladbach", "logo": "https://media.api-sports.io/football/teams/163.png", "winner": true}}, "goals": {"home": 0, "away": 1}, "score": {"halftime": {"home": 0, "away": 0}, "fulltime": {"home": 0, "away": 1}, "extratime": {"home": null, "away": null}, "penalty": {"home": null, "away": null}}}, {"fixture": {"id": 1388409, "referee": "Timo Gerach, Germany", "timezone": "UTC", "date": "2025-11-28T19:30:00+00:00", "timestamp": 1764358200, "periods": {"first": 1764358200, "second": 1764361800}, "venue": {"id": 20471, "name": "Borussia-Park", "city": "Monchengladbach"}, "status": {"long": "Match Finished", "short": "FT", "elapsed": 90, "extra": 8}}, "league": {"id": 78, "name": "Bundesliga", "country": "Germany", "logo": "https://media.api-sports.io/football/leagues/78.png", "flag": "https://media.api-sports.io/flags/de.svg", "season": 2025, "round": "Regular Season - 12", "standings": true}, "teams": {"home": {"id": 163, "name": "Borussia M\u00f6nchengladbach", "logo": "https://media.api-sports.io/football/teams/163.png", "winner": null}, "away": {"id": 173, "name": "RB Leipzig", "logo": "https://media.api-sports.io/football/teams/173.png", "winner": null}}, "goals": {"home": 0, "away": 0}, "score": {"halftime": {"home": 0, "away": 0}, "fulltime": {"home": 0, "away": 0}, "extratime": {"home": null, "away": null}, "penalty": {"home": null, "away": null}}}]}