{"get": "fixtures", "parameters": {"league": "39", "season": "2025", "team": "746", "status": "FT", "last": "10"}, "errors": [], "results": 10, "paging": {"current": 1, "total": 1}, "response": [{"fixture": {"id": 1379209, "referee": "Samuel Barrott, England", "timezone": "UTC", "date": "2026-02-07T15:00:00+00:00", "timestamp": 1770476400, "periods": {"first": 1770476400, "second": 1770480000}, "venue": {"id": 494, "name": "Emirates Stadium", "city": "London"}, "status": {"long": "Match Finished", "short": "FT", "elapsed": 90, "extra": 7}}, "league": {"id": 39, "name": "Premier League", "country": "England", "logo": "https://media.api-sports.io/football/leagues/39.png", "flag": "https://media.api-sports.io/flags/gb-eng.svg", "season": 2025, "round": "Regular Season - 25", "standings": true}, "teams": {"home": {"id": 42, "name": "Arsenal", "logo": "https://media.api-sports.io/football/teams/42.png", "winner": true}, "away": {"id": 746, "name": "Sunderland", "logo": "https://media.api-sports.io/football/teams/746.png", "winner": false}}, "goals": {"home": 3, "away": 0}, "score": {"halftime": {"home": 1, "away": 0}, "fulltime": {"home": 3, "away": 0}, "extratime": {"home": null, "away": null}, "penalty": {"home": null, "away": null}}}, {"fixture": {"id": 1379206, "referee": "Paul Tierney, England", "timezone": "UTC", "date": "2026-02-02T20:00:00+00:00", "timestamp": 1770062400, "periods": {"first": 1770062400, "second": 1770066000}, "venue": {"id": 589, "name": "Stadium of Light", "city": "Sunderland"}, "status": {"long": "Match Finished", "short": "FT", "elapsed": 90, "extra": 5}}, "league": {"id": 39, "name": "Premier League", "country": "England", "logo": "https://media.api-sports.io/football/leagues/39.png", "flag": "https://media.api-sports.io/flags/gb-eng.svg", "season": 2025, "round": "Regular Season - 24", "standings": true}, "teams": {"home": {"id": 746, "name": "Sunderland", "logo": "https://media.api-sports.io/football/teams/746.png", "winner": true}, "away": {"id": 44, "name": "Burnley", "logo": "https://media.api-sports.io/football/teams/44.png", "winner": false}}, "goals": {"home": 3, "away": 0}, "score": {"halftime": {"home": 2, "away": 0}, "fulltime": {"home": 3, "away": 0}, "extratime": {"home": null, "away": null}, "penalty": {"home": null, "away": null}}}, {"fixture": {"id": 1379198, "referee": "Thomas Bramall, England", "timezone": "UTC", "date": "2026-01-24T12:30:00+00:00", "timestamp": 1769257800, "periods": {"first": 1769257800, "second": 1769261400}, "venue": {"id": 598, "name": "London Stadium", "city": "London"}, "status": {"long": "Match Finished", "short": "FT", "elapsed": 90, "extra": 5}}, "league": {"id": 39, "name": "Premier League", "country": "England", "logo": "https://media.api-sports.io/football/leagues/39.png", "flag": "https://media.api-sports.io/flags/gb-eng.svg", "season": 2025, "round": "Regular Season - 23", "standings": true}, "teams": {"home": {"id": 48, "name": "West Ham", "logo": "https://media.api-sports.io/football/teams/48.png", "winner": true}, "away": {"id": 746, "name": "Sunderland", "logo": "https://media.api-sports.io/football/teams/746.png", "winner": false}}, "goals": {"home": 3, "away": 1}, "score": {"halftime": {"home": 3, "away": 0}, "fulltime": {"home": 3, "away": 1}, "extratime": {"home": null, "away": null}, "penalty": {"home": null, "away": null}}}, {"fixture": {"id": 1379186, "referee": "Robert Jones, England", "timezone": "UTC", "date": "2026-01-17T15:00:00+00:00", "timestamp": 1768662000, "periods": {"first": 1768662000, "second": 1768665600}, "venue": {"id": 589, "name": "Stadium of Light", "city": "Sunderland"}, "status": {"long": "Match Finished", "short": "FT", "elapsed": 90, "extra": 5}}, "league": {"id": 39, "name": "Premier League", "country": "England", "logo": "https://media.api-sports.io/football/leagues/39.png", "flag": "https://media.api-sports.io/flags/gb-eng.svg", "season": 2025, "round": "Regular Season - 22", "standings": true}, "teams": {"home": {"id": 746, "name": "Sunderland", "logo": "https://media.api-sports.io/football/teams/746.png", "winner": true}, "away": {"id": 52, "name": "Crystal Palace", "logo": "https://media.api-sports.io/football/teams/52.png", "winner": false}}, "goals": {"home": 2, "away": 1}, "score": {"halftime": {"home": 1, "away": 1}, "fulltime": {"home": 2, "away": 1}, "extratime": {"home": null, "away": null}, "penalty": {"home": null, "away": null}}}, {"fixture": {"id": 1379171, "referee": "Matt Donohue, England", "timezone": "UTC", "date": "2026-01-07T19:30:00+00:00", "timestamp": 1767814200, "periods": {"first": 1767814200, "second": 1767817800}, "venue": {"id": 10503, "name": "Brentford Community Stadium", "city": "London"}, "status": {"long": "Match Finished", "short": "FT", "elapsed": 90, "extra": 7}}, "league": {"id": 39, "name": "Premier League", "country": "England", "logo": "https://media.api-sports.io/football/leagues/39.png", "flag": "https://media.api-sports.io/flags/gb-eng.svg", "season": 2025, "round": "Regular Season - 21", "standings": true}, "teams": {"home": {"id": 55, "name": "Brentford", "logo": "https://media.api-sports.io/football/teams/55.png", "winner": true}, "away": {"id": 746, "name": "Sunderland", "logo": "https://media.api-sports.io/football/teams/746.png", "winner": false}}, "goals": {"home": 3, "away": 0}, "score": {"halftime": {"home": 1, "away": 0}, "fulltime": {"home": 3, "away": 0}, "extratime": {"home": null, "away": null}, "penalty": {"home": null, "away": null}}}, {"fixture": {"id": 1379167, "referee": "Stuart Attwell, England", "timezone": "UTC", "date": "2026-01-04T15:00:00+00:00", "timestamp": 1767538800, "periods": {"first": 1767538800, "second": 1767542400}, "venue": {"id": 593, "name": "Tottenham Hotspur Stadium", "city": "London"}, "status": {"long": "Match Finished", "short": "FT", "elapsed": 90, "extra": 7}}, "league": {"id": 39, "name": "Premier League", "country": "England", "logo": "https://media.api-sports.io/football/leagues/39.png", "flag": "https://media.api-sports.io/flags/gb-eng.svg", "season": 2025, "round": "Regular Season - 20", "standings": true}, "teams": {"home": {"id": 47, "name": "Tottenham", "logo": "https://media.api-sports.io/football/teams/47.png", "winner": null}, "away": {"id": 746, "name": "Sunderland", "logo": "https://media.api-sports.io/football/teams/746.png", "winner": null}}, "goals": {"home": 1, "away": 1}, "score": {"halftime": {"home": 1, "away": 0}, "fulltime": {"home": 1, "away": 1}, "extratime": {"home": null, "away": null}, "penalty": {"home": null, "away": null}}}, {"fixture": {"id": 1379157, "referee": "Jarred Gillett, Australia", "timezone": "UTC", "date": "2026-01-01T20:00:00+00:00", "timestamp": 1767297600, "periods": {"first": 1767297600, "second": 1767301200}, "venue": {"id": 589, "name": "Stadium of Light", "city": "Sunderland"}, "status": {"long": "Match Finished", "short": "FT", "elapsed": 90, "extra": null}}, "league": {"id": 39, "name": "Premier League", "country": "England", "logo": "https://media.api-sports.io/football/leagues/39.png", "flag": "https://media.api-sports.io/flags/gb-eng.svg", "season": 2025, "round": "Regular Season - 19", "standings": true}, "teams": {"home": {"id": 746, "name": "Sunderland", "logo": "https://media.api-sports.io/football/teams/746.png", "winner": null}, "away": {"id": 50, "name": "Manchester City", "logo": "https://media.api-sports.io/football/teams/50.png", "winner": null}}, "goals": {"home": 0, "away": 0}, "score": {"halftime": {"home": 0, "away": 0}, "fulltime": {"home": 0, "away": 0}, "extratime": {"home": null, "away": null}, "penalty": {"home": null, "away": null}}}, {"fixture": {"id": 1379147, "referee": "Tony Harrington, England", "timezone": "UTC", "date": "2025-12-28T14:00:00+00:00", "timestamp": 1766930400, "periods": {"first": 1766930400, "second": 1766934000}, "venue": {"id": 589, "name": "Stadium of Light", "city": "Sunderland"}, "status": {"long": "Match Finished", "short": "FT", "elapsed": 90, "extra": 4}}, "league": {"id": 39, "name": "Premier League", "country": "England", "logo": "https://media.api-sports.io/football/leagues/39.png", "flag": "https://media.api-sports.io/flags/gb-eng.svg", "season": 2025, "round": "Regular Season - 18", "standings": true}, "teams": {"home": {"id": 746, "name": "Sunderland", "logo": "https://media.api-sports.io/football/teams/746.png", "winner": null}, "away": {"id": 63, "name": "Leeds", "logo": "https://media.api-sports.io/football/teams/63.png", "winner": null}}, "goals": {"home": 1, "away": 1}, "score": {"halftime": {"home": 1, "away": 0}, "fulltime": {"home": 1, "away": 1}, "extratime": {"home": null, "away": null}, "penalty": {"home": null, "away": null}}}, {"fixture": {"id": 1379131, "referee": "Darren England, England", "timezone": "UTC", "date": "2025-12-20T15:00:00+00:00", "timestamp": 1766242800, "periods": {"first": 1766242800, "second": 1766246400}, "venue": {"id": 508, "name": "Amex Stadium", "city": "Brighton"}, "status": {"long": "Match Finished", "short": "FT", "elapsed": 90, "extra": 5}}, "league": {"id": 39, "name": "Premier League", "country": "England", "logo": "https://media.api-sports.io/football/leagues/39.png", "flag": "https://media.api-sports.io/flags/gb-eng.svg", "season": 2025, "round": "Regular Season - 17", "standings": true}, "teams": {"home": {"id": 51, "name": "Brighton", "logo": "https://media.api-sports.io/football/teams/51.png", "winner": null}, "away": {"id": 746, "name": "Sunderland", "logo": "https://media.api-sports.io/football/teams/746.png", "winner": null}}, "goals": {"home": 0, "away": 0}, "score": {"halftime": {"home": 0, "away": 0}, "fulltime": {"home": 0, "away": 0}, "extratime": {"home": null, "away": null}, "penalty": {"home": null, "away": null}}}, {"fixture": {"id": 1379127, "referee": "Peter Bankes, England", "timezone": "UTC", "date": "2025-12-14T14:00:00+00:00", "timestamp": 1765720800, "periods": {"first": 1765720800, "second": 1765724400}, "venue": {"id": 589, "name": "Stadium of Light", "city": "Sunderland"}, "status": {"long": "Match Finished", "short": "FT", "elapsed": 90, "extra": 8}}, "league": {"id": 39, "name": "Premier League", "country": "England", "logo": "https://media.api-sports.io/football/leagues/39.png", "flag": "https://media.api-sports.io/flags/gb-eng.svg", "season": 2025, "round": "Regular Season - 16", "standings": true}, "teams": {"home": {"id": 746, "name": "Sunderland", "logo": "https://media.api-sports.io/football/teams/746.png", "winner": true}, "away": {"id": 34, "name": "Newcastle", "logo": "https://media.api-sports.io/football/teams/34.png", "winner": false}}, "goals": {"home": 1, "away": 0}, "score": {"halftime": {"home": 0, "away": 0}, "fulltime": {"home": 1, "away": 0}, "extratime": {"home": null, "away": null}, "penalty": {"home": null, "away": null}}}]}