{"get": "injuries", "parameters": {"league": "140", "season": "2025", "team": "546"}, "errors": [], "results": 62, "paging": {"current": 1, "total": 1}, "response": [{"player": {"id": 46795, "name": "Domingos Duarte", "photo": "https://media.api-sports.io/football/players/46795.png", "type": "Missing Fixture", "reason": "Red card Suspended"}, "team": {"id": 546, "name": "Getafe", "logo": "https://media.api-sports.io/football/teams/546.png"}, "fixture": {"id": 1390821, "timezone": "UTC", "date": "2025-08-17T15:00:00+00:00", "timestamp": 1755442800}, "league": {"id": 140, "season": 2025, "name": "La Liga", "country": "Spain", "logo": "https://media.api-sports.io/football/leagues/140.png", "flag": "https://media.api-sports.io/flags/es.svg"}}, {"player": {"id": 46813, "name": "Abdel Abqar", "photo": "https://media.api-sports.io/football/players/46813.png", "type": "Missing Fixture", "reason": "Injury"}, "team": {"id": 546, "name": "Getafe", "logo": "https://media.api-sports.io/football/teams/546.png"}, "fixture": {"id": 1390821, "timezone": "UTC", "date": "2025-08-17T15:00:00+00:00", "timestamp": 1755442800}, "league": {"id": 140, "season": 2025, "name": "La Liga", "country": "Spain", "logo": "https://media.api-sports.io/football/leagues/140.png", "flag": "https://media.api-sports.io/flags/es.svg"}}, {"player": {"id": 184459, "name": "Alex Sancris", "photo": "https://media.api-sports.io/football/players/184459.png", "type": "Missing Fixture", "reason": "Red card Suspended"}, "team": {"id": 546, "name": "Getafe", "logo": "https://media.api-sports.io/football/teams/546.png"}, "fixture": {"id": 1390821, "timezone": "UTC", "date": "2025-08-17T15:00:00+00:00", "timestamp": 1755442800}, "league": {"id": 140, "season": 2025, "name": "La Liga", "country": "Spain", "logo": "https://media.api-sports.io/football/leagues/140.png", "flag": "https://media.api-sports.io/flags/es.svg"}}, {"player": {"id": 184459, "name": "Alex Sancris", "photo": "https://media.api-sports.io/football/players/184459.png", "type": "Missing Fixture", "reason": "Red card Suspended"}, "team": {"id": 546, "name": "Getafe", "logo": "https://media.api-sports.io/football/teams/546.png"}, "fixture": {"id": 1390837, "timezone": "UTC", "date": "2025-08-25T19:30:00+00:00", "timestamp": 1756150200}, "league": {"id": 140, "season": 2025, "name": "La Liga", "country": "Spain", "logo": "https://media.api-sports.io/football/leagues/140.png", "flag": "https://media.api-sports.io/flags/es.svg"}}, {"player": {"id": 47320, "name": "Juanmi", "photo": "https://media.api-sports.io/football/players/47320.png", "type": "Missing Fixture", "reason": "Jumpers knee"}, "team": {"id": 546, "name": "Getafe", "logo": "https://media.api-sports.io/football/teams/546.png"}, "fixture": {"id": 1390821, "timezone": "UTC", "date": "2025-08-17T15:00:00+00:00", "timestamp": 1755442800}, "league": {"id": 140, "season": 2025, "name": "La Liga", "country": "Spain", "logo": "https://media.api-sports.io/football/leagues/140.png", "flag": "https://media.api-sports.io/flags/es.svg"}}, {"player": {"id": 47320, "name": "Juanmi", "photo": "https://media.api-sports.io/football/players/47320.png", "type": "Missing Fixture", "reason": "Jumpers knee"}, "team": {"id": 546, "name": "Getafe", "logo": "https://media.api-sports.io/football/teams/546.png"}, "fixture": {"id": 1390837, "timezone": "UTC", "date": "2025-08-25T19:30:00+00:00", "timestamp": 1756150200}, "league": {"id": 140, "season": 2025, "name": "La Liga", "country": "Spain", "logo": "https://media.api-sports.io/football/leagues/140.png", "flag": "https://media.api-sports.io/flags/es.svg"}}, {"player": {"id": 47320, "name": "Juanmi", "photo": "https://media.api-sports.io/football/players/47320.png", "type": "Missing Fixture", "reason": "Jumpers knee"}, "team": {"id": 546, "name": "Getafe", "logo": "https://media.api-sports.io/football/teams/546.png"}, "fixture": {"id": 1390848, "timezone": "UTC", "date": "2025-08-29T19:30:00+00:00", "timestamp": 1756495800}, "league": {"id": 140, "season": 2025, "name": "La Liga", "country": "Spain", "logo": "https://media.api-sports.io/football/leagues/140.png", "flag": "https://media.api-sports.io/flags/es.svg"}}, {"player": {"id": 47320, "name": "Juanmi", "photo": "https://media.api-sports.io/football/players/47320.png", "type": "Missing Fixture", "reason": "Jumpers knee"}, "team": {"id": 546, "name": "Getafe", "logo": "https://media.api-sports.io/football/teams/546.png"}, "fixture": {"id": 1390854, "timezone": "UTC", "date": "2025-09-13T12:00:00+00:00", "timestamp": 1757764800}, "league": {"id": 140, "season": 2025, "name": "La Liga", "country": "Spain", "logo": "https://media.api-sports.io/football/leagues/140.png", "flag": "https://media.api-sports.io/flags/es.svg"}}, {"player": {"id": 47320, "name": "Juanmi", "photo": "https://media.api-sports.io/football/players/47320.png", "type": "Missing Fixture", "reason": "Knee Injury"}, "team": {"id": 546, "name": "Getafe", "logo": "https://media.api-sports.io/football/teams/546.png"}, "fixture": {"id": 1390860, "timezone": "UTC", "date": "2025-09-21T19:00:00+00:00", "timestamp": 1758481200}, "league": {"id": 140, "season": 2025, "name": "La Liga", "country": "Spain", "logo": "https://media.api-sports.io/football/leagues/140.png", "flag": "https://media.api-sports.io/flags/es.svg"}}, {"player": {"id": 47320, "name": "Juanmi", "photo": "https://media.api-sports.io/football/players/47320.png", "type": "Missing Fixture", "reason": "Knee Injury"}, "team": {"id": 546, "name": "Getafe", "logo": "https://media.api-sports.io/football/teams/546.png"}, "fixture": {"id": 1390873, "timezone": "UTC", "date": "2025-09-24T17:00:00+00:00", "timestamp": 1758733200}, "league": {"id": 140, "season": 2025, "name": "La Liga", "country": "Spain", "logo": "https://media.api-sports.io/football/leagues/140.png", "flag": "https://media.api-sports.io/flags/es.svg"}}, {"player": {"id": 394573, "name": "A. Liso", "photo": "https://media.api-sports.io/football/players/394573.png", "type": "Missing Fixture", "reason": "International duty"}, "team": {"id": 546, "name": "Getafe", "logo": "https://media.api-sports.io/football/teams/546.png"}, "fixture": {"id": 1390873, "timezone": "UTC", "date": "2025-09-24T17:00:00+00:00", "timestamp": 1758733200}, "league": {"id": 140, "season": 2025, "name": "La Liga", "country": "Spain", "logo": "https://media.api-sports.io/football/leagues/140.png", "flag": "https://media.api-sports.io/flags/es.svg"}}, {"player": {"id": 47320, "name": "Juanmi", "photo": "https://media.api-sports.io/football/players/47320.png", "type": "Missing Fixture", "reason": "Knee Injury"}, "team": {"id": 546, "name": "Getafe", "logo": "https://media.api-sports.io/football/teams/546.png"}, "fixture": {"id": 1390883, "timezone": "UTC", "date": "2025-09-27T12:00:00+00:00", "timestamp": 1758974400}, "league": {"id": 140, "season": 2025, "name": "La Liga", "country": "Spain", "logo": "https://media.api-sports.io/football/leagues/140.png", "flag": "https://media.api-sports.io/flags/es.svg"}}, {"player": {"id": 394573, "name": "A. Liso", "photo": "https://media.api-sports.io/football/players/394573.png", "type": "Missing Fixture", "reason": "International duty"}, "team": {"id": 546, "name": "Getafe", "logo": "https://media.api-sports.io/football/teams/546.png"}, "fixture": {"id": 1390883, "timezone": "UTC", "date": "2025-09-27T12:00:00+00:00", "timestamp": 1758974400}, "league": {"id": 140, "season": 2025, "name": "La Liga", "country": "Spain", "logo": "https://media.api-sports.io/football/leagues/140.png", "flag": "https://media.api-sports.io/flags/es.svg"}}, {"player": {"id": 394573, "name": "A. Liso", "photo": "https://media.api-sports.io/football/players/394573.png", "type": "Missing Fixture", "reason": "International duty"}, "team": {"id": 546, "name": "Getafe", "logo": "https://media.api-sports.io/football/teams/546.png"}, "fixture": {"id": 1390894, "timezone": "UTC", "date": "2025-10-03T19:00:00+00:00", "timestamp": 1759518000}, "league": {"id": 140, "season": 2025, "name": "La Liga", "country": "Spain", "logo": "https://media.api-sports.io/football/leagues/140.png", "flag": "https://media.api-sports.io/flags/es.svg"}}, {"player": {"id": 46813, "name": "A. Abqar", "photo": "https://media.api-sports.io/football/players/46813.png", "type": "Missing Fixture", "reason": "Injury"}, "team": {"id": 546, "name": "Getafe", "logo": "https://media.api-sports.io/football/teams/546.png"}, "fixture": {"id": 1390909, "timezone": "UTC", "date": "2025-10-25T16:30:00+00:00", "timestamp": 1761409800}, "league": {"id": 140, "season": 2025, "name": "La Liga", "country": "Spain", "logo": "https://media.api-sports.io/football/leagues/140.png", "flag": "https://media.api-sports.io/flags/es.svg"}}, {"player": {"id": 546852, "name": "Alex Sancris", "photo": "https://media.api-sports.io/football/players/546852.png", "type": "Missing Fixture", "reason": "Red Card"}, "team": {"id": 546, "name": "Getafe", "logo": "https://media.api-sports.io/football/teams/546.png"}, "fixture": {"id": 1390909, "timezone": "UTC", "date": "2025-10-25T16:30:00+00:00", "timestamp": 1761409800}, "league": {"id": 140, "season": 2025, "name": "La Liga", "country": "Spain", "logo": "https://media.api-sports.io/football/leagues/140.png", "flag": "https://media.api-sports.io/flags/es.svg"}}, {"player": {"id": 471478, "name": "Davinchi", "photo": "https://media.api-sports.io/football/players/471478.png", "type": "Missing Fixture", "reason": "Knee Injury"}, "team": {"id": 546, "name": "Getafe", "logo": "https://media.api-sports.io/football/teams/546.png"}, "fixture": {"id": 1390909, "timezone": "UTC", "date": "2025-10-25T16:30:00+00:00", "timestamp": 1761409800}, "league": {"id": 140, "season": 2025, "name": "La Liga", "country": "Spain", "logo": "https://media.api-sports.io/football/leagues/140.png", "flag": "https://media.api-sports.io/flags/es.svg"}}, {"player": {"id": 47407, "name": "A. Nyom", "photo": "https://media.api-sports.io/football/players/47407.png", "type": "Missing Fixture", "reason": "Red Card"}, "team": {"id": 546, "name": "Getafe", "logo": "https://media.api-sports.io/football/teams/546.png"}, "fixture": {"id": 1390909, "timezone": "UTC", "date": "2025-10-25T16:30:00+00:00", "timestamp": 1761409800}, "league": {"id": 140, "season": 2025, "name": "La Liga", "country": "Spain", "logo": "https://media.api-sports.io/football/leagues/140.png", "flag": "https://media.api-sports.io/flags/es.svg"}}, {"player": {"id": 471478, "name": "Davinchi", "photo": "https://media.api-sports.io/football/players/471478.png", "type": "Missing Fixture", "reason": "Knee Injury"}, "team": {"id": 546, "name": "Getafe", "logo": "https://media.api-sports.io/football/teams/546.png"}, "fixture": {"id": 1390923, "timezone": "UTC", "date": "2025-10-31T20:00:00+00:00", "timestamp": 1761940800}, "league": {"id": 140, "season": 2025, "name": "La Liga", "country": "Spain", "logo": "https://media.api-sports.io/football/leagues/140.png", "flag": "https://media.api-sports.io/flags/es.svg"}}, {"player": {"id": 47407, "name": "A. Nyom", "photo": "https://media.api-sports.io/football/players/47407.png", "type": "Missing Fixture", "reason": "Red Card"}, "team": {"id": 546, "name": "Getafe", "logo": "https://media.api-sports.io/football/teams/546.png"}, "fixture": {"id": 1390923, "timezone": "UTC", "date": "2025-10-31T20:00:00+00:00", "timestamp": 1761940800}, "league": {"id": 140, "season": 2025, "name": "La Liga", "country": "Spain", "logo": "https://media.api-sports.io/football/leagues/140.png", "flag": "https://media.api-sports.io/flags/es.svg"}}, {"player": {"id": 471478, "name": "Davinchi", "photo": "https://media.api-sports.io/football/players/471478.png", "type": "Missing Fixture", "reason": "Knee Injury"}, "team": {"id": 546, "name": "Getafe", "logo": "https://media.api-sports.io/football/teams/546.png"}, "fixture": {"id": 1390935, "timezone": "UTC", "date": "2025-11-09T17:30:00+00:00", "timestamp": 1762709400}, "league": {"id": 140, "season": 2025, "name": "La Liga", "country": "Spain", "logo": "https://media.api-sports.io/football/leagues/140.png", "flag": "https://media.api-sports.io/flags/es.svg"}}, {"player": {"id": 18794, "name": "Kiko Femenia", "photo": "https://media.api-sports.io/football/players/18794.png", "type": "Missing Fixture", "reason": "Injury"}, "team": {"id": 546, "name": "Getafe", "logo": "https://media.api-sports.io/football/teams/546.png"}, "fixture": {"id": 1390935, "timezone": "UTC", "date": "2025-11-09T17:30:00+00:00", "timestamp": 1762709400}, "league": {"id": 140, "season": 2025, "name": "La Liga", "country": "Spain", "logo": "https://media.api-sports.io/football/leagues/140.png", "flag": "https://media.api-sports.io/flags/es.svg"}}, {"player": {"id": 66491, "name": "J. Letacek", "photo": "https://media.api-sports.io/football/players/66491.png", "type": "Missing Fixture", "reason": "Injury"}, "team": {"id": 546, "name": "Getafe", "logo": "https://media.api-sports.io/football/teams/546.png"}, "fixture": {"id": 1390935, "timezone": "UTC", "date": "2025-11-09T17:30:00+00:00", "timestamp": 1762709400}, "league": {"id": 140, "season": 2025, "name": "La Liga", "country": "Spain", "logo": "https://media.api-sports.io/football/leagues/140.png", "flag": "https://media.api-sports.io/flags/es.svg"}}, {"player": {"id": 41976, "name": "Y. Neyou", "photo": "https://media.api-sports.io/football/players/41976.png", "type": "Missing Fixture", "reason": "Muscle Injury"}, "team": {"id": 546, "name": "Getafe", "logo": "https://media.api-sports.io/football/teams/546.png"}, "fixture": {"id": 1390935, "timezone": "UTC", "date": "2025-11-09T17:30:00+00:00", "timestamp": 1762709400}, "league": {"id": 140, "season": 2025, "name": "La Liga", "country": "Spain", "logo": "https://media.api-sports.io/football/leagues/140.png", "flag": "https://media.api-sports.io/flags/es.svg"}}, {"player": {"id": 471478, "name": "Davinchi", "photo": "https://media.api-sports.io/football/players/471478.png", "type": "Missing Fixture", "reason": "Knee Injury"}, "team": {"id": 546, "name": "Getafe", "logo": "https://media.api-sports.io/football/teams/546.png"}, "fixture": {"id": 1390944, "timezone": "UTC", "date": "2025-11-23T17:30:00+00:00", "timestamp": 1763919000}, "league": {"id": 140, "season": 2025, "name": "La Liga", "country": "Spain", "logo": "https://media.api-sports.io/football/leagues/140.png", "flag": "https://media.api-sports.io/flags/es.svg"}}, {"player": {"id": 41976, "name": "Y. Neyou", "photo": "https://media.api-sports.io/football/players/41976.png", "type": "Missing Fixture", "reason": "Muscle Injury"}, "team": {"id": 546, "name": "Getafe", "logo": "https://media.api-sports.io/football/teams/546.png"}, "fixture": {"id": 1390944, "timezone": "UTC", "date": "2025-11-23T17:30:00+00:00", "timestamp": 1763919000}, "league": {"id": 140, "season": 2025, "name": "La Liga", "country": "Spain", "logo": "https://media.api-sports.io/football/leagues/140.png", "flag": "https://media.api-sports.io/flags/es.svg"}}, {"player": {"id": 46813, "name": "A. Abqar", "photo": "https://media.api-sports.io/football/players/46813.png", "type": "Missing Fixture", "reason": "Yellow Cards"}, "team": {"id": 546, "name": "Getafe", "logo": "https://media.api-sports.io/football/teams/546.png"}, "fixture": {"id": 1390952, "timezone": "UTC", "date": "2025-11-28T20:00:00+00:00", "timestamp": 1764360000}, "league": {"id": 140, "season": 2025, "name": "La Liga", "country": "Spain", "logo": "https://media.api-sports.io/football/leagues/140.png", "flag": "https://media.api-sports.io/flags/es.svg"}}, {"player": {"id": 471478, "name": "Davinchi", "photo": "https://media.api-sports.io/football/players/471478.png", "type": "Missing Fixture", "reason": "Knee Injury"}, "team": {"id": 546, "name": "Getafe", "logo": "https://media.api-sports.io/football/teams/546.png"}, "fixture": {"id": 1390952, "timezone": "UTC", "date": "2025-11-28T20:00:00+00:00", "timestamp": 1764360000}, "league": {"id": 140, "season": 2025, "name": "La Liga", "country": "Spain", "logo": "https://media.api-sports.io/football/leagues/140.png", "flag": "https://media.api-sports.io/flags/es.svg"}}, {"player": {"id": 343205, "name": "M. Martin", "photo": "https://media.api-sports.io/football/players/343205.png", "type": "Missing Fixture", "reason": "Yellow Cards"}, "team": {"id": 546, "name": "Getafe", "logo": "https://media.api-sports.io/football/teams/546.png"}, "fixture": {"id": 1390952, "timezone": "UTC", "date": "2025-11-28T20:00:00+00:00", "timestamp": 1764360000}, "league": {"id": 140, "season": 2025, "name": "La Liga", "country": "Spain", "logo": "https://media.api-sports.io/football/leagues/140.png", "flag": "https://media.api-sports.io/flags/es.svg"}}, {"player": {"id": 471478, "name": "Davinchi", "photo": "https://media.api-sports.io/football/players/471478.png", "type": "Missing Fixture", "reason": "Knee Injury"}, "team": {"id": 546, "name": "Getafe", "logo": "https://media.api-sports.io/football/teams/546.png"}, "fixture": {"id": 1390968, "timezone": "UTC", "date": "2025-12-06T13:00:00+00:00", "timestamp": 1765026000}, "league": {"id": 140, "season": 2025, "name": "La Liga", "country": "Spain", "logo": "https://media.api-sports.io/football/leagues/140.png", "flag": "https://media.api-sports.io/flags/es.svg"}}, {"player": {"id": 471478, "name": "Davinchi", "photo": "https://media.api-sports.io/football/players/471478.png", "type": "Missing Fixture", "reason": "Knee Injury"}, "team": {"id": 546, "name": "Getafe", "logo": "https://media.api-sports.io/football/teams/546.png"}, "fixture": {"id": 1390973, "timezone": "UTC", "date": "2025-12-13T20:00:00+00:00", "timestamp": 1765656000}, "league": {"id": 140, "season": 2025, "name": "La Liga", "country": "Spain", "logo": "https://media.api-sports.io/football/leagues/140.png", "flag": "https://media.api-sports.io/flags/es.svg"}}, {"player": {"id": 47085, "name": "L. Milla", "photo": "https://media.api-sports.io/football/players/47085.png", "type": "Missing Fixture", "reason": "Red Card"}, "team": {"id": 546, "name": "Getafe", "logo": "https://media.api-sports.io/football/teams/546.png"}, "fixture": {"id": 1390973, "timezone": "UTC", "date": "2025-12-13T20:00:00+00:00", "timestamp": 1765656000}, "league": {"id": 140, "season": 2025, "name": "La Liga", "country": "Spain", "logo": "https://media.api-sports.io/football/leagues/140.png", "flag": "https://media.api-sports.io/flags/es.svg"}}, {"player": {"id": 46813, "name": "A. Abqar", "photo": "https://media.api-sports.io/football/players/46813.png", "type": "Missing Fixture", "reason": "Injury"}, "team": {"id": 546, "name": "Getafe", "logo": "https://media.api-sports.io/football/teams/546.png"}, "fixture": {"id": 1390980, "timezone": "UTC", "date": "2025-12-21T20:00:00+00:00", "timestamp": 1766347200}, "league": {"id": 140, "season": 2025, "name": "La Liga", "country": "Spain", "logo": "https://media.api-sports.io/football/leagues/140.png", "flag": "https://media.api-sports.io/flags/es.svg"}}, {"player": {"id": 471478, "name": "Davinchi", "photo": "https://media.api-sports.io/football/players/471478.png", "type": "Missing Fixture", "reason": "Knee Injury"}, "team": {"id": 546, "name": "Getafe", "logo": "https://media.api-sports.io/football/teams/546.png"}, "fixture": {"id": 1390980, "timezone": "UTC", "date": "2025-12-21T20:00:00+00:00", "timestamp": 1766347200}, "league": {"id": 140, "season": 2025, "name": "La Liga", "country": "Spain", "logo": "https://media.api-sports.io/football/leagues/140.png", "flag": "https://media.api-sports.io/flags/es.svg"}}, {"player": {"id": 284441, "name": "A. Kamara", "photo": "https://media.api-sports.io/football/players/284441.png", "type": "Missing Fixture", "reason": "Injury"}, "team": {"id": 546, "name": "Getafe", "logo": "https://media.api-sports.io/football/teams/546.png"}, "fixture": {"id": 1390980, "timezone": "UTC", "date": "2025-12-21T20:00:00+00:00", "timestamp": 1766347200}, "league": {"id": 140, "season": 2025, "name": "La Liga", "country": "Spain", "logo": "https://media.api-sports.io/football/leagues/140.png", "flag": "https://media.api-sports.io/flags/es.svg"}}, {"player": {"id": 309364, "name": "C. da Costa", "photo": "https://media.api-sports.io/football/players/309364.png", "type": "Missing Fixture", "reason": "Injury"}, "team": {"id": 546, "name": "Getafe", "logo": "https://media.api-sports.io/football/teams/546.png"}, "fixture": {"id": 1390980, "timezone": "UTC", "date": "2025-12-21T20:00:00+00:00", "timestamp": 1766347200}, "league": {"id": 140, "season": 2025, "name": "La Liga", "country": "Spain", "logo": "https://media.api-sports.io/football/leagues/140.png", "flag": "https://media.api-sports.io/flags/es.svg"}}, {"player": {"id": 46813, "name": "A. Abqar", "photo": "https://media.api-sports.io/football/players/46813.png", "type": "Missing Fixture", "reason": "Injury"}, "team": {"id": 546, "name": "Getafe", "logo": "https://media.api-sports.io/football/teams/546.png"}, "fixture": {"id": 1390995, "timezone": "UTC", "date": "2026-01-02T20:00:00+00:00", "timestamp": 1767384000}, "league": {"id": 140, "season": 2025, "name": "La Liga", "country": "Spain", "logo": "https://media.api-sports.io/football/leagues/140.png", "flag": "https://media.api-sports.io/flags/es.svg"}}, {"player": {"id": 471478, "name": "Davinchi", "photo": "https://media.api-sports.io/football/players/471478.png", "type": "Missing Fixture", "reason": "Knee Injury"}, "team": {"id": 546, "name": "Getafe", "logo": "https://media.api-sports.io/football/teams/546.png"}, "fixture": {"id": 1390995, "timezone": "UTC", "date": "2026-01-02T20:00:00+00:00", "timestamp": 1767384000}, "league": {"id": 140, "season": 2025, "name": "La Liga", "country": "Spain", "logo": "https://media.api-sports.io/football/leagues/140.png", "flag": "https://media.api-sports.io/flags/es.svg"}}, {"player": {"id": 284441, "name": "A. Kamara", "photo": "https://media.api-sports.io/football/players/284441.png", "type": "Missing Fixture", "reason": "Injury"}, "team": {"id": 546, "name": "Getafe", "logo": "https://media.api-sports.io/football/teams/546.png"}, "fixture": {"id": 1390995, "timezone": "UTC", "date": "2026-01-02T20:00:00+00:00", "timestamp": 1767384000}, "league": {"id": 140, "season": 2025, "name": "La Liga", "country": "Spain", "logo": "https://media.api-sports.io/football/leagues/140.png", "flag": "https://media.api-sports.io/flags/es.svg"}}, {"player": {"id": 47472, "name": "B. Mayoral", "photo": "https://media.api-sports.io/football/players/47472.png", "type": "Missing Fixture", "reason": "Knee Injury"}, "team": {"id": 546, "name": "Getafe", "logo": "https://media.api-sports.io/football/teams/546.png"}, "fixture": {"id": 1390995, "timezone": "UTC", "date": "2026-01-02T20:00:00+00:00", "timestamp": 1767384000}, "league": {"id": 140, "season": 2025, "name": "La Liga", "country": "Spain", "logo": "https://media.api-sports.io/football/leagues/140.png", "flag": "https://media.api-sports.io/flags/es.svg"}}, {"player": {"id": 46813, "name": "A. Abqar", "photo": "https://media.api-sports.io/football/players/46813.png", "type": "Missing Fixture", "reason": "Hamstring Injury"}, "team": {"id": 546, "name": "Getafe", "logo": "https://media.api-sports.io/football/teams/546.png"}, "fixture": {"id": 1391014, "timezone": "UTC", "date": "2026-01-18T13:00:00+00:00", "timestamp": 1768741200}, "league": {"id": 140, "season": 2025, "name": "La Liga", "country": "Spain", "logo": "https://media.api-sports.io/football/leagues/140.png", "flag": "https://media.api-sports.io/flags/es.svg"}}, {"player": {"id": 471478, "name": "Davinchi", "photo": "https://media.api-sports.io/football/players/471478.png", "type": "Missing Fixture", "reason": "Knee Injury"}, "team": {"id": 546, "name": "Getafe", "logo": "https://media.api-sports.io/football/teams/546.png"}, "fixture": {"id": 1391014, "timezone": "UTC", "date": "2026-01-18T13:00:00+00:00", "timestamp": 1768741200}, "league": {"id": 140, "season": 2025, "name": "La Liga", "country": "Spain", "logo": "https://media.api-sports.io/football/leagues/140.png", "flag": "https://media.api-sports.io/flags/es.svg"}}, {"player": {"id": 284441, "name": "A. Kamara", "photo": "https://media.api-sports.io/football/players/284441.png", "type": "Missing Fixture", "reason": "Injury"}, "team": {"id": 546, "name": "Getafe", "logo": "https://media.api-sports.io/football/teams/546.png"}, "fixture": {"id": 1391014, "timezone": "UTC", "date": "2026-01-18T13:00:00+00:00", "timestamp": 1768741200}, "league": {"id": 140, "season": 2025, "name": "La Liga", "country": "Spain", "logo": "https://media.api-sports.io/football/leagues/140.png", "flag": "https://media.api-sports.io/flags/es.svg"}}, {"player": {"id": 47472, "name": "B. Mayoral", "photo": "https://media.api-sports.io/football/players/47472.png", "type": "Missing Fixture", "reason": "Knee Injury"}, "team": {"id": 546, "name": "Getafe", "logo": "https://media.api-sports.io/football/teams/546.png"}, "fixture": {"id": 1391014, "timezone": "UTC", "date": "2026-01-18T13:00:00+00:00", "timestamp": 1768741200}, "league": {"id": 140, "season": 2025, "name": "La Liga", "country": "Spain", "logo": "https://media.api-sports.io/football/leagues/140.png", "flag": "https://media.api-sports.io/flags/es.svg"}}, {"player": {"id": 46813, "name": "A. Abqar", "photo": "https://media.api-sports.io/football/players/46813.png", "type": "Missing Fixture", "reason": "Hamstring Injury"}, "team": {"id": 546, "name": "Getafe", "logo": "https://media.api-sports.io/football/teams/546.png"}, "fixture": {"id": 1391022, "timezone": "UTC", "date": "2026-01-26T20:00:00+00:00", "timestamp": 1769457600}, "league": {"id": 140, "season": 2025, "name": "La Liga", "country": "Spain", "logo": "https://media.api-sports.io/football/leagues/140.png", "flag": "https://media.api-sports.io/flags/es.svg"}}, {"player": {"id": 471478, "name": "Davinchi", "photo": "https://media.api-sports.io/football/players/471478.png", "type": "Missing Fixture", "reason": "Knee Injury"}, "team": {"id": 546, "name": "Getafe", "logo": "https://media.api-sports.io/football/teams/546.png"}, "fixture": {"id": 1391022, "timezone": "UTC", "date": "2026-01-26T20:00:00+00:00", "timestamp": 1769457600}, "league": {"id": 140, "season": 2025, "name": "La Liga", "country": "Spain", "logo": "https://media.api-sports.io/football/leagues/140.png", "flag": "https://media.api-sports.io/flags/es.svg"}}, {"player": {"id": 284441, "name": "A. Kamara", "photo": "https://media.api-sports.io/football/players/284441.png", "type": "Missing Fixture", "reason": "Injury"}, "team": {"id": 546, "name": "Getafe", "logo": "https://media.api-sports.io/football/teams/546.png"}, "fixture": {"id": 1391022, "timezone": "UTC", "date": "2026-01-26T20:00:00+00:00", "timestamp": 1769457600}, "league": {"id": 140, "season": 2025, "name": "La Liga", "country": "Spain", "logo": "https://media.api-sports.io/football/leagues/140.png", "flag": "https://media.api-sports.io/flags/es.svg"}}, {"player": {"id": 47472, "name": "B. Mayoral", "photo": "https://media.api-sports.io/football/players/47472.png", "type": "Missing Fixture", "reason": "Knee Injury"}, "team": {"id": 546, "name": "Getafe", "logo": "https://media.api-sports.io/football/teams/546.png"}, "fixture": {"id": 1391022, "timezone": "UTC", "date": "2026-01-26T20:00:00+00:00", "timestamp": 1769457600}, "league": {"id": 140, "season": 2025, "name": "La Liga", "country": "Spain", "logo": "https://media.api-sports.io/football/leagues/140.png", "flag": "https://media.api-sports.io/flags/es.svg"}}, {"player": {"id": 46813, "name": "A. Abqar", "photo": "https://media.api-sports.io/football/players/46813.png", "type": "Missing Fixture", "reason": "Hamstring Injury"}, "team": {"id": 546, "name": "Getafe", "logo": "https://media.api-sports.io/football/teams/546.png"}, "fixture": {"id": 1391033, "timezone": "UTC", "date": "2026-02-01T17:30:00+00:00", "timestamp": 1769967000}, "league": {"id": 140, "season": 2025, "name": "La Liga", "country": "Spain", "logo": "https://media.api-sports.io/football/leagues/140.png", "flag": "https://media.api-sports.io/flags/es.svg"}}, {"player": {"id": 471478, "name": "Davinchi", "photo": "https://media.api-sports.io/football/players/471478.png", "type": "Missing Fixture", "reason": "Knee Injury"}, "team": {"id": 546, "name": "Getafe", "logo": "https://media.api-sports.io/football/teams/546.png"}, "fixture": {"id": 1391033, "timezone": "UTC", "date": "2026-02-01T17:30:00+00:00", "timestamp": 1769967000}, "league": {"id": 140, "season": 2025, "name": "La Liga", "country": "Spain", "logo": "https://media.api-sports.io/football/leagues/140.png", "flag": "https://media.api-sports.io/flags/es.svg"}}, {"player": {"id": 284441, "name": "A. Kamara", "photo": "https://media.api-sports.io/football/players/284441.png", "type": "Missing Fixture", "reason": "Injury"}, "team": {"id": 546, "name": "Getafe", "logo": "https://media.api-sports.io/football/teams/546.png"}, "fixture": {"id": 1391033, "timezone": "UTC", "date": "2026-02-01T17:30:00+00:00", "timestamp": 1769967000}, "league": {"id": 140, "season": 2025, "name": "La Liga", "country": "Spain", "logo": "https://media.api-sports.io/football/leagues/140.png", "flag": "https://media.api-sports.io/flags/es.svg"}}, {"player": {"id": 47472, "name": "B. Mayoral", "photo": "https://media.api-sports.io/football/players/47472.png", "type": "Missing Fixture", "reason": "Knee Injury"}, "team": {"id": 546, "name": "Getafe", "logo": "https://media.api-sports.io/football/teams/546.png"}, "fixture": {"id": 1391033, "timezone": "UTC", "date": "2026-02-01T17:30:00+00:00", "timestamp": 1769967000}, "league": {"id": 140, "season": 2025, "name": "La Liga", "country": "Spain", "logo": "https://media.api-sports.io/football/leagues/140.png", "flag": "https://media.api-sports.io/flags/es.svg"}}, {"player": {"id": 41976, "name": "Y. Neyou", "photo": "https://media.api-sports.io/football/players/41976.png", "type": "Missing Fixture", "reason": "Injury"}, "team": {"id": 546, "name": "Getafe", "logo": "https://media.api-sports.io/football/teams/546.png"}, "fixture": {"id": 1391033, "timezone": "UTC", "date": "2026-02-01T17:30:00+00:00", "timestamp": 1769967000}, "league": {"id": 140, "season": 2025, "name": "La Liga", "country": "Spain", "logo": "https://media.api-sports.io/football/leagues/140.png", "flag": "https://media.api-sports.io/flags/es.svg"}}, {"player": {"id": 471478, "name": "Davinchi", "photo": "https://media.api-sports.io/football/players/471478.png", "type": "Missing Fixture", "reason": "Knee Injury"}, "team": {"id": 546, "name": "Getafe", "logo": "https://media.api-sports.io/football/teams/546.png"}, "fixture": {"id": 1391039, "timezone": "UTC", "date": "2026-02-08T13:00:00+00:00", "timestamp": 1770555600}, "league": {"id": 140, "season": 2025, "name": "La Liga", "country": "Spain", "logo": "https://media.api-sports.io/football/leagues/140.png", "flag": "https://media.api-sports.io/flags/es.svg"}}, {"player": {"id": 47320, "name": "Juanmi", "photo": "https://media.api-sports.io/football/players/47320.png", "type": "Missing Fixture", "reason": "Injury"}, "team": {"id": 546, "name": "Getafe", "logo": "https://media.api-sports.io/football/teams/546.png"}, "fixture": {"id": 1391039, "timezone": "UTC", "date": "2026-02-08T13:00:00+00:00", "timestamp": 1770555600}, "league": {"id": 140, "season": 2025, "name": "La Liga", "country": "Spain", "logo": "https://media.api-sports.io/football/leagues/140.png", "flag": "https://media.api-sports.io/flags/es.svg"}}, {"player": {"id": 284441, "name": "A. Kamara", "photo": "https://media.api-sports.io/football/players/284441.png", "type": "Missing Fixture", "reason": "Injury"}, "team": {"id": 546, "name": "Getafe", "logo": "https://media.api-sports.io/football/teams/546.png"}, "fixture": {"id": 1391039, "timezone": "UTC", "date": "2026-02-08T13:00:00+00:00", "timestamp": 1770555600}, "league": {"id": 140, "season": 2025, "name": "La Liga", "country": "Spain", "logo": "https://media.api-sports.io/football/leagues/140.png", "flag": "https://media.api-sports.io/flags/es.svg"}}, {"player": {"id": 47472, "name": "B. Mayoral", "photo": "https://media.api-sports.io/football/players/47472.png", "type": "Missing Fixture", "reason": "Knee Injury"}, "team": {"id": 546, "name": "Getafe", "logo": "https://media.api-sports.io/football/teams/546.png"}, "fixture": {"id": 1391039, "timezone": "UTC", "date": "2026-02-08T13:00:00+00:00", "timestamp": 1770555600}, "league": {"id": 140, "season": 2025, "name": "La Liga", "country": "Spain", "logo": "https://media.api-sports.io/football/leagues/140.png", "flag": "https://media.api-sports.io/flags/es.svg"}}, {"player": {"id": 471478, "name": "Davinchi", "photo": "https://media.api-sports.io/football/players/471478.png", "type": "Missing Fixture", "reason": "Knee Injury"}, "team": {"id": 546, "name": "Getafe", "logo": "https://media.api-sports.io/football/teams/546.png"}, "fixture": {"id": 1391051, "timezone": "UTC", "date": "2026-02-14T15:15:00+00:00", "timestamp": 1771082100}, "league": {"id": 140, "season": 2025, "name": "La Liga", "country": "Spain", "logo": "https://media.api-sports.io/football/leagues/140.png", "flag": "https://media.api-sports.io/flags/es.svg"}}, {"player": {"id": 284441, "name": "A. Kamara", "photo": "https://media.api-sports.io/football/players/284441.png", "type": "Missing Fixture", "reason": "Injury"}, "team": {"id": 546, "name": "Getafe", "logo": "https://media.api-sports.io/football/teams/546.png"}, "fixture": {"id": 1391051, "timezone": "UTC", "date": "2026-02-14T15:15:00+00:00", "timestamp": 1771082100}, "league": {"id": 140, "season": 2025, "name": "La Liga", "country": "Spain", "logo": "https://media.api-sports.io/football/leagues/140.png", "flag": "https://media.api-sports.io/flags/es.svg"}}, {"player": {"id": 343205, "name": "M. Martin", "photo": "https://media.api-sports.io/football/players/343205.png", "type": "Missing Fixture", "reason": "Ankle Injury"}, "team": {"id": 546, "name": "Getafe", "logo": "https://media.api-sports.io/football/teams/546.png"}, "fixture": {"id": 1391051, "timezone": "UTC", "date": "2026-02-14T15:15:00+00:00", "timestamp": 1771082100}, "league": {"id": 140, "season": 2025, "name": "La Liga", "country": "Spain", "logo": "https://media.api-sports.io/football/leagues/140.png", "flag": "https://media.api-sports.io/flags/es.svg"}}, {"player": {"id": 47472, "name": "B. Mayoral", "photo": "https://media.api-sports.io/football/players/47472.png", "type": "Missing Fixture", "reason": "Knee Injury"}, "team": {"id": 546, "name": "Getafe", "logo": "https://media.api-sports.io/football/teams/546.png"}, "fixture": {"id": 1391051, "timezone": "UTC", "date": "2026-02-14T15:15:00+00:00", "timestamp": 1771082100}, "league": {"id": 140, "season": 2025, "name": "La Liga", "country": "Spain", "logo": "https://media.api-sports.io/football/leagues/140.png", "flag": "https://media.api-sports.io/flags/es.svg"}}, {"player": {"id": 579838, "name": "A. Mestanza", "photo": "https://media.api-sports.io/football/players/579838.png", "type": "Missing Fixture", "reason": "Inactive"}, "team": {"id": 546, "name": "Getafe", "logo": "https://media.api-sports.io/football/teams/546.png"}, "fixture": {"id": 1391051, "timezone": "UTC", "date": "2026-02-14T15:15:00+00:00", "timestamp": 1771082100}, "league": {"id": 140, "season": 2025, "name": "La Liga", "country": "Spain", "logo": "https://media.api-sports.io/football/leagues/140.png", "flag": "https://media.api-sports.io/flags/es.svg"}}]}