{"get": "fixtures", "parameters": {"league": "135", "season": "2025", "date": "2026-02-09"}, "errors": [], "results": 2, "paging": {"current": 1, "total": 1}, "response": [{"fixture": {"id": 1378094, "referee": "M. Piccinini", "timezone": "UTC", "date": "2026-02-09T17:30:00+00:00", "timestamp": 1770658200, "periods": {"first": null, "second": null}, "venue": {"id": 879, "name": "New Balance Arena", "city": "Bergamo"}, "status": {"long": "Not Started", "short": "NS", "elapsed": null, "extra": null}}, "league": {"id": 135, "name": "Serie A", "country": "Italy", "logo": "https://media.api-sports.io/football/leagues/135.png", "flag": "https://media.api-sports.io/flags/it.svg", "season": 2025, "round": "Regular Season - 24", "standings": true}, "teams": {"home": {"id": 499, "name": "Atalanta", "logo": "https://media.api-sports.io/football/teams/499.png", "winner": null}, "away": {"id": 520, "name": "Cremonese", "logo": "https://media.api-sports.io/football/teams/520.png", "winner": null}}, "goals": {"home": null, "away": null}, "score": {"halftime": {"home": null, "away": null}, "fulltime": {"home": null, "away": null}, "extratime": {"home": null, "away": null}, "penalty": {"home": null, "away": null}}}, {"fixture": {"id": 1378101, "referee": "M. Marcenaro", "timezone": "UTC", "date": "2026-02-09T19:45:00+00:00", "timestamp": 1770666300, "periods": {"first": null, "second": null}, "venue": {"id": null, "name": "Stadio Olimpico", "city": "Rome"}, "status": {"long": "Not Started", "short": "NS", "elapsed": null, "extra": null}}, "league": {"id": 135, "name": "Serie A", "country": "Italy", "logo": "https://media.api-sports.io/football/leagues/135.png", "flag": "https://media.api-sports.io/flags/it.svg", "season": 2025, "round": "Regular Season - 24", "standings": true}, "teams": {"home": {"id": 497, "name": "AS Roma", "logo": "https://media.api-sports.io/football/teams/497.png", "winner": null}, "away": {"id": 490, "name": "Cagliari", "logo": "https://media.api-sports.io/football/teams/490.png", "winner": null}}, "goals": {"home": null, "away": null}, "score": {"halftime": {"home": null, "away": null}, "fulltime": {"home": null, "away": null}, "extratime": {"home": null, "away": null}, "penalty": {"home": null, "away": null}}}]}