{"get": "fixtures", "parameters": {"league": "135", "season": "2025", "date": "2026-02-16"}, "errors": [], "results": 1, "paging": {"current": 1, "total": 1}, "response": [{"fixture": {"id": 1378104, "referee": "E. Feliciani", "timezone": "UTC", "date": "2026-02-16T19:45:00+00:00", "timestamp": 1771271100, "periods": {"first": null, "second": null}, "venue": {"id": 12275, "name": "Unipol Domus", "city": "Cagliari"}, "status": {"long": "Not Started", "short": "NS", "elapsed": null, "extra": null}}, "league": {"id": 135, "name": "Serie A", "country": "Italy", "logo": "https://media.api-sports.io/football/leagues/135.png", "flag": "https://media.api-sports.io/flags/it.svg", "season": 2025, "round": "Regular Season - 25", "standings": true}, "teams": {"home": {"id": 490, "name": "Cagliari", "logo": "https://media.api-sports.io/football/teams/490.png", "winner": null}, "away": {"id": 867, "name": "Lecce", "logo": "https://media.api-sports.io/football/teams/867.png", "winner": null}}, "goals": {"home": null, "away": null}, "score": {"halftime": {"home": null, "away": null}, "fulltime": {"home": null, "away": null}, "extratime": {"home": null, "away": null}, "penalty": {"home": null, "away": null}}}]}