{"get": "fixtures", "parameters": {"league": "140", "season": "2025", "team": "539", "status": "FT", "last": "10"}, "errors": [], "results": 10, "paging": {"current": 1, "total": 1}, "response": [{"fixture": {"id": 1391040, "referee": "Alejandro Mu\u00f1iz Ruiz, Spain", "timezone": "UTC", "date": "2026-02-08T15:15:00+00:00", "timestamp": 1770563700, "periods": {"first": 1770563700, "second": 1770567300}, "venue": {"id": null, "name": "San Mam\u00e9s", "city": "Bilbao"}, "status": {"long": "Match Finished", "short": "FT", "elapsed": 90, "extra": 10}}, "league": {"id": 140, "name": "La Liga", "country": "Spain", "logo": "https://media.api-sports.io/football/leagues/140.png", "flag": "https://media.api-sports.io/flags/es.svg", "season": 2025, "round": "Regular Season - 23", "standings": true}, "teams": {"home": {"id": 531, "name": "Athletic Club", "logo": "https://media.api-sports.io/football/teams/531.png", "winner": true}, "away": {"id": 539, "name": "Levante", "logo": "https://media.api-sports.io/football/teams/539.png", "winner": false}}, "goals": {"home": 4, "away": 2}, "score": {"halftime": {"home": 2, "away": 0}, "fulltime": {"home": 4, "away": 2}, "extratime": {"home": null, "away": null}, "penalty": {"home": null, "away": null}}}, {"fixture": {"id": 1391034, "referee": "Victor Garcia Verdura, Spain", "timezone": "UTC", "date": "2026-01-31T17:30:00+00:00", "timestamp": 1769880600, "periods": {"first": 1769880600, "second": 1769884200}, "venue": {"id": 1482, "name": "Estadio Ciudad de Valencia", "city": "Valencia"}, "status": {"long": "Match Finished", "short": "FT", "elapsed": 90, "extra": 4}}, "league": {"id": 140, "name": "La Liga", "country": "Spain", "logo": "https://media.api-sports.io/football/leagues/140.png", "flag": "https://media.api-sports.io/flags/es.svg", "season": 2025, "round": "Regular Season - 22", "standings": true}, "teams": {"home": {"id": 539, "name": "Levante", "logo": "https://media.api-sports.io/football/teams/539.png", "winner": null}, "away": {"id": 530, "name": "Atletico Madrid", "logo": "https://media.api-sports.io/football/teams/530.png", "winner": null}}, "goals": {"home": 0, "away": 0}, "score": {"halftime": {"home": 0, "away": 0}, "fulltime": {"home": 0, "away": 0}, "extratime": {"home": null, "away": null}, "penalty": {"home": null, "away": null}}}, {"fixture": {"id": 1391023, "referee": "Jos\u00e9 Luis Munuera Montero, Spain", "timezone": "UTC", "date": "2026-01-23T20:00:00+00:00", "timestamp": 1769198400, "periods": {"first": 1769198400, "second": 1769202000}, "venue": {"id": 1482, "name": "Estadio Ciudad de Valencia", "city": "Valencia"}, "status": {"long": "Match Finished", "short": "FT", "elapsed": 90, "extra": 8}}, "league": {"id": 140, "name": "La Liga", "country": "Spain", "logo": "https://media.api-sports.io/football/leagues/140.png", "flag": "https://media.api-sports.io/flags/es.svg", "season": 2025, "round": "Regular Season - 21", "standings": true}, "teams": {"home": {"id": 539, "name": "Levante", "logo": "https://media.api-sports.io/football/teams/539.png", "winner": true}, "away": {"id": 797, "name": "Elche", "logo": "https://media.api-sports.io/football/teams/797.png", "winner": false}}, "goals": {"home": 3, "away": 2}, "score": {"halftime": {"home": 0, "away": 1}, "fulltime": {"home": 3, "away": 2}, "extratime": {"home": null, "away": null}, "penalty": {"home": null, "away": null}}}, {"fixture": {"id": 1391017, "referee": "Miguel Sesma Espinosa, Spain", "timezone": "UTC", "date": "2026-01-17T13:00:00+00:00", "timestamp": 1768654800, "periods": {"first": 1768654800, "second": 1768658400}, "venue": {"id": 1456, "name": "Estadio Santiago Bernab\u00e9u", "city": "Madrid"}, "status": {"long": "Match Finished", "short": "FT", "elapsed": 90, "extra": 6}}, "league": {"id": 140, "name": "La Liga", "country": "Spain", "logo": "https://media.api-sports.io/football/leagues/140.png", "flag": "https://media.api-sports.io/flags/es.svg", "season": 2025, "round": "Regular Season - 20", "standings": true}, "teams": {"home": {"id": 541, "name": "Real Madrid", "logo": "https://media.api-sports.io/football/teams/541.png", "winner": true}, "away": {"id": 539, "name": "Levante", "logo": "https://media.api-sports.io/football/teams/539.png", "winner": false}}, "goals": {"home": 2, "away": 0}, "score": {"halftime": {"home": 0, "away": 0}, "fulltime": {"home": 2, "away": 0}, "extratime": {"home": null, "away": null}, "penalty": {"home": null, "away": null}}}, {"fixture": {"id": 1391003, "referee": "C\u00e9sar Soto Grado, Spain", "timezone": "UTC", "date": "2026-01-11T15:15:00+00:00", "timestamp": 1768144500, "periods": {"first": 1768144500, "second": 1768148100}, "venue": {"id": 1482, "name": "Estadio Ciudad de Valencia", "city": "Valencia"}, "status": {"long": "Match Finished", "short": "FT", "elapsed": 90, "extra": 8}}, "league": {"id": 140, "name": "La Liga", "country": "Spain", "logo": "https://media.api-sports.io/football/leagues/140.png", "flag": "https://media.api-sports.io/flags/es.svg", "season": 2025, "round": "Regular Season - 19", "standings": true}, "teams": {"home": {"id": 539, "name": "Levante", "logo": "https://media.api-sports.io/football/teams/539.png", "winner": null}, "away": {"id": 540, "name": "Espanyol", "logo": "https://media.api-sports.io/football/teams/540.png", "winner": null}}, "goals": {"home": 1, "away": 1}, "score": {"halftime": {"home": 0, "away": 0}, "fulltime": {"home": 1, "away": 1}, "extratime": {"home": null, "away": null}, "penalty": {"home": null, "away": null}}}, {"fixture": {"id": 1390998, "referee": "Iosu Galech Apezteguia, Spain", "timezone": "UTC", "date": "2026-01-04T13:00:00+00:00", "timestamp": 1767531600, "periods": {"first": 1767531600, "second": 1767535200}, "venue": {"id": 1494, "name": "Estadio Ram\u00f3n S\u00e1nchez Pizju\u00e1n", "city": "Sevilla"}, "status": {"long": "Match Finished", "short": "FT", "elapsed": 90, "extra": 6}}, "league": {"id": 140, "name": "La Liga", "country": "Spain", "logo": "https://media.api-sports.io/football/leagues/140.png", "flag": "https://media.api-sports.io/flags/es.svg", "season": 2025, "round": "Regular Season - 18", "standings": true}, "teams": {"home": {"id": 536, "name": "Sevilla", "logo": "https://media.api-sports.io/football/teams/536.png", "winner": false}, "away": {"id": 539, "name": "Levante", "logo": "https://media.api-sports.io/football/teams/539.png", "winner": true}}, "goals": {"home": 0, "away": 3}, "score": {"halftime": {"home": 0, "away": 1}, "fulltime": {"home": 0, "away": 3}, "extratime": {"home": null, "away": null}, "penalty": {"home": null, "away": null}}}, {"fixture": {"id": 1390983, "referee": "Guillermo Cuadra Fernandez, Spain", "timezone": "UTC", "date": "2025-12-20T15:15:00+00:00", "timestamp": 1766243700, "periods": {"first": 1766243700, "second": 1766247300}, "venue": {"id": 1482, "name": "Estadio Ciudad de Valencia", "city": "Valencia"}, "status": {"long": "Match Finished", "short": "FT", "elapsed": 90, "extra": 7}}, "league": {"id": 140, "name": "La Liga", "country": "Spain", "logo": "https://media.api-sports.io/football/leagues/140.png", "flag": "https://media.api-sports.io/flags/es.svg", "season": 2025, "round": "Regular Season - 17", "standings": true}, "teams": {"home": {"id": 539, "name": "Levante", "logo": "https://media.api-sports.io/football/teams/539.png", "winner": null}, "away": {"id": 548, "name": "Real Sociedad", "logo": "https://media.api-sports.io/football/teams/548.png", "winner": null}}, "goals": {"home": 1, "away": 1}, "score": {"halftime": {"home": 0, "away": 1}, "fulltime": {"home": 1, "away": 1}, "extratime": {"home": null, "away": null}, "penalty": {"home": null, "away": null}}}, {"fixture": {"id": 1390964, "referee": "Jose Luis Guzman Mansilla, Spain", "timezone": "UTC", "date": "2025-12-08T20:00:00+00:00", "timestamp": 1765224000, "periods": {"first": 1765224000, "second": 1765227600}, "venue": {"id": null, "name": "Estadio El Sadar", "city": "Pamplona"}, "status": {"long": "Match Finished", "short": "FT", "elapsed": 90, "extra": 4}}, "league": {"id": 140, "name": "La Liga", "country": "Spain", "logo": "https://media.api-sports.io/football/leagues/140.png", "flag": "https://media.api-sports.io/flags/es.svg", "season": 2025, "round": "Regular Season - 15", "standings": true}, "teams": {"home": {"id": 727, "name": "Osasuna", "logo": "https://media.api-sports.io/football/teams/727.png", "winner": true}, "away": {"id": 539, "name": "Levante", "logo": "https://media.api-sports.io/football/teams/539.png", "winner": false}}, "goals": {"home": 2, "away": 0}, "score": {"halftime": {"home": 2, "away": 0}, "fulltime": {"home": 2, "away": 0}, "extratime": {"home": null, "away": null}, "penalty": {"home": null, "away": null}}}, {"fixture": {"id": 1390954, "referee": "Adrian Cordero Vega, Spain", "timezone": "UTC", "date": "2025-11-29T17:30:00+00:00", "timestamp": 1764437400, "periods": {"first": 1764437400, "second": 1764441000}, "venue": {"id": 1482, "name": "Estadio Ciudad de Valencia", "city": "Valencia"}, "status": {"long": "Match Finished", "short": "FT", "elapsed": 90, "extra": 5}}, "league": {"id": 140, "name": "La Liga", "country": "Spain", "logo": "https://media.api-sports.io/football/leagues/140.png", "flag": "https://media.api-sports.io/flags/es.svg", "season": 2025, "round": "Regular Season - 14", "standings": true}, "teams": {"home": {"id": 539, "name": "Levante", "logo": "https://media.api-sports.io/football/teams/539.png", "winner": false}, "away": {"id": 531, "name": "Athletic Club", "logo": "https://media.api-sports.io/football/teams/531.png", "winner": true}}, "goals": {"home": 0, "away": 2}, "score": {"halftime": {"home": 0, "away": 2}, "fulltime": {"home": 0, "away": 2}, "extratime": {"home": null, "away": null}, "penalty": {"home": null, "away": null}}}, {"fixture": {"id": 1390947, "referee": "Alejandro Mu\u00f1iz Ruiz, Spain", "timezone": "UTC", "date": "2025-11-21T20:00:00+00:00", "timestamp": 1763755200, "periods": {"first": 1763755200, "second": 1763758800}, "venue": {"id": 1497, "name": "Estadio de Mestalla", "city": "Valencia"}, "status": {"long": "Match Finished", "short": "FT", "elapsed": 90, "extra": 9}}, "league": {"id": 140, "name": "La Liga", "country": "Spain", "logo": "https://media.api-sports.io/football/leagues/140.png", "flag": "https://media.api-sports.io/flags/es.svg", "season": 2025, "round": "Regular Season - 13", "standings": true}, "teams": {"home": {"id": 532, "name": "Valencia", "logo": "https://media.api-sports.io/football/teams/532.png", "winner": true}, "away": {"id": 539, "name": "Levante", "logo": "https://media.api-sports.io/football/teams/539.png", "winner": false}}, "goals": {"home": 1, "away": 0}, "score": {"halftime": {"home": 0, "away": 0}, "fulltime": {"home": 1, "away": 0}, "extratime": {"home": null, "away": null}, "penalty": {"home": null, "away": null}}}]}