{"get": "fixtures", "parameters": {"league": "135", "season": "2025", "date": "2026-02-14"}, "errors": [], "results": 3, "paging": {"current": 1, "total": 1}, "response": [{"fixture": {"id": 1378105, "referee": "M. Marchetti", "timezone": "UTC", "date": "2026-02-14T14:00:00+00:00", "timestamp": 1771077600, "periods": {"first": null, "second": null}, "venue": {"id": 892, "name": "Stadio Giuseppe Sinigaglia", "city": "Como"}, "status": {"long": "Not Started", "short": "NS", "elapsed": null, "extra": null}}, "league": {"id": 135, "name": "Serie A", "country": "Italy", "logo": "https://media.api-sports.io/football/leagues/135.png", "flag": "https://media.api-sports.io/flags/it.svg", "season": 2025, "round": "Regular Season - 25", "standings": true}, "teams": {"home": {"id": 895, "name": "Como", "logo": "https://media.api-sports.io/football/teams/895.png", "winner": null}, "away": {"id": 502, "name": "Fiorentina", "logo": "https://media.api-sports.io/football/teams/502.png", "winner": null}}, "goals": {"home": null, "away": null}, "score": {"halftime": {"home": null, "away": null}, "fulltime": {"home": null, "away": null}, "extratime": {"home": null, "away": null}, "penalty": {"home": null, "away": null}}}, {"fixture": {"id": 1378108, "referee": "J. L. Sacchi", "timezone": "UTC", "date": "2026-02-14T17:00:00+00:00", "timestamp": 1771088400, "periods": {"first": null, "second": null}, "venue": {"id": null, "name": "Stadio Olimpico", "city": "Rome"}, "status": {"long": "Not Started", "short": "NS", "elapsed": null, "extra": null}}, "league": {"id": 135, "name": "Serie A", "country": "Italy", "logo": "https://media.api-sports.io/football/leagues/135.png", "flag": "https://media.api-sports.io/flags/it.svg", "season": 2025, "round": "Regular Season - 25", "standings": true}, "teams": {"home": {"id": 487, "name": "Lazio", "logo": "https://media.api-sports.io/football/teams/487.png", "winner": null}, "away": {"id": 499, "name": "Atalanta", "logo": "https://media.api-sports.io/football/teams/499.png", "winner": null}}, "goals": {"home": null, "away": null}, "score": {"halftime": {"home": null, "away": null}, "fulltime": {"home": null, "away": null}, "extratime": {"home": null, "away": null}, "penalty": {"home": null, "away": null}}}, {"fixture": {"id": 1378107, "referee": "F. La Penna", "timezone": "UTC", "date": "2026-02-14T19:45:00+00:00", "timestamp": 1771098300, "periods": {"first": null, "second": null}, "venue": {"id": 907, "name": "Stadio Giuseppe Meazza", "city": "Milan"}, "status": {"long": "Not Started", "short": "NS", "elapsed": null, "extra": null}}, "league": {"id": 135, "name": "Serie A", "country": "Italy", "logo": "https://media.api-sports.io/football/leagues/135.png", "flag": "https://media.api-sports.io/flags/it.svg", "season": 2025, "round": "Regular Season - 25", "standings": true}, "teams": {"home": {"id": 505, "name": "Inter", "logo": "https://media.api-sports.io/football/teams/505.png", "winner": null}, "away": {"id": 496, "name": "Juventus", "logo": "https://media.api-sports.io/football/teams/496.png", "winner": null}}, "goals": {"home": null, "away": null}, "score": {"halftime": {"home": null, "away": null}, "fulltime": {"home": null, "away": null}, "extratime": {"home": null, "away": null}, "penalty": {"home": null, "away": null}}}]}