{"get": "injuries", "parameters": {"league": "2", "season": "2025", "team": "645"}, "errors": [], "results": 47, "paging": {"current": 1, "total": 1}, "response": [{"player": {"id": 145057, "name": "K. Karatas", "photo": "https://media.api-sports.io/football/players/145057.png", "type": "Missing Fixture", "reason": "Inactive"}, "team": {"id": 645, "name": "Galatasaray", "logo": "https://media.api-sports.io/football/teams/645.png"}, "fixture": {"id": 1451034, "timezone": "UTC", "date": "2025-09-18T19:00:00+00:00", "timestamp": 1758222000}, "league": {"id": 2, "season": 2025, "name": "UEFA Champions League", "country": "World", "logo": "https://media.api-sports.io/football/leagues/2.png", "flag": null}}, {"player": {"id": 2780, "name": "V. Osimhen", "photo": "https://media.api-sports.io/football/players/2780.png", "type": "Missing Fixture", "reason": "Ankle Injury"}, "team": {"id": 645, "name": "Galatasaray", "logo": "https://media.api-sports.io/football/teams/645.png"}, "fixture": {"id": 1451034, "timezone": "UTC", "date": "2025-09-18T19:00:00+00:00", "timestamp": 1758222000}, "league": {"id": 2, "season": 2025, "name": "UEFA Champions League", "country": "World", "logo": "https://media.api-sports.io/football/leagues/2.png", "flag": null}}, {"player": {"id": 394222, "name": "G. Gurpuz", "photo": "https://media.api-sports.io/football/players/394222.png", "type": "Missing Fixture", "reason": "Inactive"}, "team": {"id": 645, "name": "Galatasaray", "logo": "https://media.api-sports.io/football/teams/645.png"}, "fixture": {"id": 1451046, "timezone": "UTC", "date": "2025-09-30T19:00:00+00:00", "timestamp": 1759258800}, "league": {"id": 2, "season": 2025, "name": "UEFA Champions League", "country": "World", "logo": "https://media.api-sports.io/football/leagues/2.png", "flag": null}}, {"player": {"id": 145057, "name": "K. Karatas", "photo": "https://media.api-sports.io/football/players/145057.png", "type": "Missing Fixture", "reason": "Inactive"}, "team": {"id": 645, "name": "Galatasaray", "logo": "https://media.api-sports.io/football/teams/645.png"}, "fixture": {"id": 1451046, "timezone": "UTC", "date": "2025-09-30T19:00:00+00:00", "timestamp": 1759258800}, "league": {"id": 2, "season": 2025, "name": "UEFA Champions League", "country": "World", "logo": "https://media.api-sports.io/football/leagues/2.png", "flag": null}}, {"player": {"id": 394222, "name": "G. Gurpuz", "photo": "https://media.api-sports.io/football/players/394222.png", "type": "Missing Fixture", "reason": "Inactive"}, "team": {"id": 645, "name": "Galatasaray", "logo": "https://media.api-sports.io/football/teams/645.png"}, "fixture": {"id": 1451065, "timezone": "UTC", "date": "2025-10-22T16:45:00+00:00", "timestamp": 1761151500}, "league": {"id": 2, "season": 2025, "name": "UEFA Champions League", "country": "World", "logo": "https://media.api-sports.io/football/leagues/2.png", "flag": null}}, {"player": {"id": 145057, "name": "K. Karatas", "photo": "https://media.api-sports.io/football/players/145057.png", "type": "Missing Fixture", "reason": "Inactive"}, "team": {"id": 645, "name": "Galatasaray", "logo": "https://media.api-sports.io/football/teams/645.png"}, "fixture": {"id": 1451065, "timezone": "UTC", "date": "2025-10-22T16:45:00+00:00", "timestamp": 1761151500}, "league": {"id": 2, "season": 2025, "name": "UEFA Champions League", "country": "World", "logo": "https://media.api-sports.io/football/leagues/2.png", "flag": null}}, {"player": {"id": 30504, "name": "W. Singo", "photo": "https://media.api-sports.io/football/players/30504.png", "type": "Missing Fixture", "reason": "Hamstring Injury"}, "team": {"id": 645, "name": "Galatasaray", "logo": "https://media.api-sports.io/football/teams/645.png"}, "fixture": {"id": 1451065, "timezone": "UTC", "date": "2025-10-22T16:45:00+00:00", "timestamp": 1761151500}, "league": {"id": 2, "season": 2025, "name": "UEFA Champions League", "country": "World", "logo": "https://media.api-sports.io/football/leagues/2.png", "flag": null}}, {"player": {"id": 454, "name": "Y. Akgun", "photo": "https://media.api-sports.io/football/players/454.png", "type": "Missing Fixture", "reason": "Groin Injury"}, "team": {"id": 645, "name": "Galatasaray", "logo": "https://media.api-sports.io/football/teams/645.png"}, "fixture": {"id": 1451087, "timezone": "UTC", "date": "2025-11-05T20:00:00+00:00", "timestamp": 1762372800}, "league": {"id": 2, "season": 2025, "name": "UEFA Champions League", "country": "World", "logo": "https://media.api-sports.io/football/leagues/2.png", "flag": null}}, {"player": {"id": 633, "name": "I. Gundogan", "photo": "https://media.api-sports.io/football/players/633.png", "type": "Missing Fixture", "reason": "Calf Injury"}, "team": {"id": 645, "name": "Galatasaray", "logo": "https://media.api-sports.io/football/teams/645.png"}, "fixture": {"id": 1451087, "timezone": "UTC", "date": "2025-11-05T20:00:00+00:00", "timestamp": 1762372800}, "league": {"id": 2, "season": 2025, "name": "UEFA Champions League", "country": "World", "logo": "https://media.api-sports.io/football/leagues/2.png", "flag": null}}, {"player": {"id": 394222, "name": "G. Gurpuz", "photo": "https://media.api-sports.io/football/players/394222.png", "type": "Missing Fixture", "reason": "Inactive"}, "team": {"id": 645, "name": "Galatasaray", "logo": "https://media.api-sports.io/football/teams/645.png"}, "fixture": {"id": 1451087, "timezone": "UTC", "date": "2025-11-05T20:00:00+00:00", "timestamp": 1762372800}, "league": {"id": 2, "season": 2025, "name": "UEFA Champions League", "country": "World", "logo": "https://media.api-sports.io/football/leagues/2.png", "flag": null}}, {"player": {"id": 145057, "name": "K. Karatas", "photo": "https://media.api-sports.io/football/players/145057.png", "type": "Missing Fixture", "reason": "Inactive"}, "team": {"id": 645, "name": "Galatasaray", "logo": "https://media.api-sports.io/football/teams/645.png"}, "fixture": {"id": 1451087, "timezone": "UTC", "date": "2025-11-05T20:00:00+00:00", "timestamp": 1762372800}, "league": {"id": 2, "season": 2025, "name": "UEFA Champions League", "country": "World", "logo": "https://media.api-sports.io/football/leagues/2.png", "flag": null}}, {"player": {"id": 454, "name": "Y. Akgun", "photo": "https://media.api-sports.io/football/players/454.png", "type": "Missing Fixture", "reason": "Groin Injury"}, "team": {"id": 645, "name": "Galatasaray", "logo": "https://media.api-sports.io/football/teams/645.png"}, "fixture": {"id": 1451093, "timezone": "UTC", "date": "2025-11-25T17:45:00+00:00", "timestamp": 1764092700}, "league": {"id": 2, "season": 2025, "name": "UEFA Champions League", "country": "World", "logo": "https://media.api-sports.io/football/leagues/2.png", "flag": null}}, {"player": {"id": 25448, "name": "K. Ayhan", "photo": "https://media.api-sports.io/football/players/25448.png", "type": "Missing Fixture", "reason": "Groin Injury"}, "team": {"id": 645, "name": "Galatasaray", "logo": "https://media.api-sports.io/football/teams/645.png"}, "fixture": {"id": 1451093, "timezone": "UTC", "date": "2025-11-25T17:45:00+00:00", "timestamp": 1764092700}, "league": {"id": 2, "season": 2025, "name": "UEFA Champions League", "country": "World", "logo": "https://media.api-sports.io/football/leagues/2.png", "flag": null}}, {"player": {"id": 162000, "name": "M. Baltaci", "photo": "https://media.api-sports.io/football/players/162000.png", "type": "Missing Fixture", "reason": "Suspended"}, "team": {"id": 645, "name": "Galatasaray", "logo": "https://media.api-sports.io/football/teams/645.png"}, "fixture": {"id": 1451093, "timezone": "UTC", "date": "2025-11-25T17:45:00+00:00", "timestamp": 1764092700}, "league": {"id": 2, "season": 2025, "name": "UEFA Champions League", "country": "World", "logo": "https://media.api-sports.io/football/leagues/2.png", "flag": null}}, {"player": {"id": 50057, "name": "E. Elmali", "photo": "https://media.api-sports.io/football/players/50057.png", "type": "Missing Fixture", "reason": "Suspended"}, "team": {"id": 645, "name": "Galatasaray", "logo": "https://media.api-sports.io/football/teams/645.png"}, "fixture": {"id": 1451093, "timezone": "UTC", "date": "2025-11-25T17:45:00+00:00", "timestamp": 1764092700}, "league": {"id": 2, "season": 2025, "name": "UEFA Champions League", "country": "World", "logo": "https://media.api-sports.io/football/leagues/2.png", "flag": null}}, {"player": {"id": 394222, "name": "G. Gurpuz", "photo": "https://media.api-sports.io/football/players/394222.png", "type": "Missing Fixture", "reason": "Inactive"}, "team": {"id": 645, "name": "Galatasaray", "logo": "https://media.api-sports.io/football/teams/645.png"}, "fixture": {"id": 1451093, "timezone": "UTC", "date": "2025-11-25T17:45:00+00:00", "timestamp": 1764092700}, "league": {"id": 2, "season": 2025, "name": "UEFA Champions League", "country": "World", "logo": "https://media.api-sports.io/football/leagues/2.png", "flag": null}}, {"player": {"id": 145057, "name": "K. Karatas", "photo": "https://media.api-sports.io/football/players/145057.png", "type": "Missing Fixture", "reason": "Inactive"}, "team": {"id": 645, "name": "Galatasaray", "logo": "https://media.api-sports.io/football/teams/645.png"}, "fixture": {"id": 1451093, "timezone": "UTC", "date": "2025-11-25T17:45:00+00:00", "timestamp": 1764092700}, "league": {"id": 2, "season": 2025, "name": "UEFA Champions League", "country": "World", "logo": "https://media.api-sports.io/football/leagues/2.png", "flag": null}}, {"player": {"id": 264627, "name": "B. Kutlu", "photo": "https://media.api-sports.io/football/players/264627.png", "type": "Missing Fixture", "reason": "Injury"}, "team": {"id": 645, "name": "Galatasaray", "logo": "https://media.api-sports.io/football/teams/645.png"}, "fixture": {"id": 1451093, "timezone": "UTC", "date": "2025-11-25T17:45:00+00:00", "timestamp": 1764092700}, "league": {"id": 2, "season": 2025, "name": "UEFA Champions League", "country": "World", "logo": "https://media.api-sports.io/football/leagues/2.png", "flag": null}}, {"player": {"id": 18947, "name": "M. Lemina", "photo": "https://media.api-sports.io/football/players/18947.png", "type": "Missing Fixture", "reason": "Muscle Injury"}, "team": {"id": 645, "name": "Galatasaray", "logo": "https://media.api-sports.io/football/teams/645.png"}, "fixture": {"id": 1451093, "timezone": "UTC", "date": "2025-11-25T17:45:00+00:00", "timestamp": 1764092700}, "league": {"id": 2, "season": 2025, "name": "UEFA Champions League", "country": "World", "logo": "https://media.api-sports.io/football/leagues/2.png", "flag": null}}, {"player": {"id": 2780, "name": "V. Osimhen", "photo": "https://media.api-sports.io/football/players/2780.png", "type": "Missing Fixture", "reason": "Hamstring Injury"}, "team": {"id": 645, "name": "Galatasaray", "logo": "https://media.api-sports.io/football/teams/645.png"}, "fixture": {"id": 1451093, "timezone": "UTC", "date": "2025-11-25T17:45:00+00:00", "timestamp": 1764092700}, "league": {"id": 2, "season": 2025, "name": "UEFA Champions League", "country": "World", "logo": "https://media.api-sports.io/football/leagues/2.png", "flag": null}}, {"player": {"id": 30504, "name": "W. Singo", "photo": "https://media.api-sports.io/football/players/30504.png", "type": "Missing Fixture", "reason": "Muscle Injury"}, "team": {"id": 645, "name": "Galatasaray", "logo": "https://media.api-sports.io/football/teams/645.png"}, "fixture": {"id": 1451093, "timezone": "UTC", "date": "2025-11-25T17:45:00+00:00", "timestamp": 1764092700}, "league": {"id": 2, "season": 2025, "name": "UEFA Champions League", "country": "World", "logo": "https://media.api-sports.io/football/leagues/2.png", "flag": null}}, {"player": {"id": 25448, "name": "K. Ayhan", "photo": "https://media.api-sports.io/football/players/25448.png", "type": "Missing Fixture", "reason": "Injury"}, "team": {"id": 645, "name": "Galatasaray", "logo": "https://media.api-sports.io/football/teams/645.png"}, "fixture": {"id": 1451116, "timezone": "UTC", "date": "2025-12-09T20:00:00+00:00", "timestamp": 1765310400}, "league": {"id": 2, "season": 2025, "name": "UEFA Champions League", "country": "World", "logo": "https://media.api-sports.io/football/leagues/2.png", "flag": null}}, {"player": {"id": 162000, "name": "M. Baltaci", "photo": "https://media.api-sports.io/football/players/162000.png", "type": "Missing Fixture", "reason": "Suspended"}, "team": {"id": 645, "name": "Galatasaray", "logo": "https://media.api-sports.io/football/teams/645.png"}, "fixture": {"id": 1451116, "timezone": "UTC", "date": "2025-12-09T20:00:00+00:00", "timestamp": 1765310400}, "league": {"id": 2, "season": 2025, "name": "UEFA Champions League", "country": "World", "logo": "https://media.api-sports.io/football/leagues/2.png", "flag": null}}, {"player": {"id": 50057, "name": "E. Elmali", "photo": "https://media.api-sports.io/football/players/50057.png", "type": "Missing Fixture", "reason": "Suspended"}, "team": {"id": 645, "name": "Galatasaray", "logo": "https://media.api-sports.io/football/teams/645.png"}, "fixture": {"id": 1451116, "timezone": "UTC", "date": "2025-12-09T20:00:00+00:00", "timestamp": 1765310400}, "league": {"id": 2, "season": 2025, "name": "UEFA Champions League", "country": "World", "logo": "https://media.api-sports.io/football/leagues/2.png", "flag": null}}, {"player": {"id": 394222, "name": "G. Gurpuz", "photo": "https://media.api-sports.io/football/players/394222.png", "type": "Missing Fixture", "reason": "Inactive"}, "team": {"id": 645, "name": "Galatasaray", "logo": "https://media.api-sports.io/football/teams/645.png"}, "fixture": {"id": 1451116, "timezone": "UTC", "date": "2025-12-09T20:00:00+00:00", "timestamp": 1765310400}, "league": {"id": 2, "season": 2025, "name": "UEFA Champions League", "country": "World", "logo": "https://media.api-sports.io/football/leagues/2.png", "flag": null}}, {"player": {"id": 145057, "name": "K. Karatas", "photo": "https://media.api-sports.io/football/players/145057.png", "type": "Missing Fixture", "reason": "Inactive"}, "team": {"id": 645, "name": "Galatasaray", "logo": "https://media.api-sports.io/football/teams/645.png"}, "fixture": {"id": 1451116, "timezone": "UTC", "date": "2025-12-09T20:00:00+00:00", "timestamp": 1765310400}, "league": {"id": 2, "season": 2025, "name": "UEFA Champions League", "country": "World", "logo": "https://media.api-sports.io/football/leagues/2.png", "flag": null}}, {"player": {"id": 18947, "name": "M. Lemina", "photo": "https://media.api-sports.io/football/players/18947.png", "type": "Missing Fixture", "reason": "Injury"}, "team": {"id": 645, "name": "Galatasaray", "logo": "https://media.api-sports.io/football/teams/645.png"}, "fixture": {"id": 1451116, "timezone": "UTC", "date": "2025-12-09T20:00:00+00:00", "timestamp": 1765310400}, "league": {"id": 2, "season": 2025, "name": "UEFA Champions League", "country": "World", "logo": "https://media.api-sports.io/football/leagues/2.png", "flag": null}}, {"player": {"id": 30504, "name": "W. Singo", "photo": "https://media.api-sports.io/football/players/30504.png", "type": "Missing Fixture", "reason": "Muscle Injury"}, "team": {"id": 645, "name": "Galatasaray", "logo": "https://media.api-sports.io/football/teams/645.png"}, "fixture": {"id": 1451116, "timezone": "UTC", "date": "2025-12-09T20:00:00+00:00", "timestamp": 1765310400}, "league": {"id": 2, "season": 2025, "name": "UEFA Champions League", "country": "World", "logo": "https://media.api-sports.io/football/leagues/2.png", "flag": null}}, {"player": {"id": 404443, "name": "A. Unyay", "photo": "https://media.api-sports.io/football/players/404443.png", "type": "Missing Fixture", "reason": "Red Card"}, "team": {"id": 645, "name": "Galatasaray", "logo": "https://media.api-sports.io/football/teams/645.png"}, "fixture": {"id": 1451116, "timezone": "UTC", "date": "2025-12-09T20:00:00+00:00", "timestamp": 1765310400}, "league": {"id": 2, "season": 2025, "name": "UEFA Champions League", "country": "World", "logo": "https://media.api-sports.io/football/leagues/2.png", "flag": null}}, {"player": {"id": 162000, "name": "M. Baltaci", "photo": "https://media.api-sports.io/football/players/162000.png", "type": "Missing Fixture", "reason": "Suspended"}, "team": {"id": 645, "name": "Galatasaray", "logo": "https://media.api-sports.io/football/teams/645.png"}, "fixture": {"id": 1451137, "timezone": "UTC", "date": "2026-01-21T17:45:00+00:00", "timestamp": 1769017500}, "league": {"id": 2, "season": 2025, "name": "UEFA Champions League", "country": "World", "logo": "https://media.api-sports.io/football/leagues/2.png", "flag": null}}, {"player": {"id": 394222, "name": "G. Gurpuz", "photo": "https://media.api-sports.io/football/players/394222.png", "type": "Missing Fixture", "reason": "Inactive"}, "team": {"id": 645, "name": "Galatasaray", "logo": "https://media.api-sports.io/football/teams/645.png"}, "fixture": {"id": 1451137, "timezone": "UTC", "date": "2026-01-21T17:45:00+00:00", "timestamp": 1769017500}, "league": {"id": 2, "season": 2025, "name": "UEFA Champions League", "country": "World", "logo": "https://media.api-sports.io/football/leagues/2.png", "flag": null}}, {"player": {"id": 145057, "name": "K. Karatas", "photo": "https://media.api-sports.io/football/players/145057.png", "type": "Missing Fixture", "reason": "Inactive"}, "team": {"id": 645, "name": "Galatasaray", "logo": "https://media.api-sports.io/football/teams/645.png"}, "fixture": {"id": 1451137, "timezone": "UTC", "date": "2026-01-21T17:45:00+00:00", "timestamp": 1769017500}, "league": {"id": 2, "season": 2025, "name": "UEFA Champions League", "country": "World", "logo": "https://media.api-sports.io/football/leagues/2.png", "flag": null}}, {"player": {"id": 30504, "name": "W. Singo", "photo": "https://media.api-sports.io/football/players/30504.png", "type": "Missing Fixture", "reason": "Muscle Injury"}, "team": {"id": 645, "name": "Galatasaray", "logo": "https://media.api-sports.io/football/teams/645.png"}, "fixture": {"id": 1451137, "timezone": "UTC", "date": "2026-01-21T17:45:00+00:00", "timestamp": 1769017500}, "league": {"id": 2, "season": 2025, "name": "UEFA Champions League", "country": "World", "logo": "https://media.api-sports.io/football/leagues/2.png", "flag": null}}, {"player": {"id": 404443, "name": "A. Unyay", "photo": "https://media.api-sports.io/football/players/404443.png", "type": "Missing Fixture", "reason": "Injury"}, "team": {"id": 645, "name": "Galatasaray", "logo": "https://media.api-sports.io/football/teams/645.png"}, "fixture": {"id": 1451137, "timezone": "UTC", "date": "2026-01-21T17:45:00+00:00", "timestamp": 1769017500}, "league": {"id": 2, "season": 2025, "name": "UEFA Champions League", "country": "World", "logo": "https://media.api-sports.io/football/leagues/2.png", "flag": null}}, {"player": {"id": 281795, "name": "Y. Asprilla", "photo": "https://media.api-sports.io/football/players/281795.png", "type": "Missing Fixture", "reason": "Inactive"}, "team": {"id": 645, "name": "Galatasaray", "logo": "https://media.api-sports.io/football/teams/645.png"}, "fixture": {"id": 1451153, "timezone": "UTC", "date": "2026-01-28T20:00:00+00:00", "timestamp": 1769630400}, "league": {"id": 2, "season": 2025, "name": "UEFA Champions League", "country": "World", "logo": "https://media.api-sports.io/football/leagues/2.png", "flag": null}}, {"player": {"id": 162000, "name": "M. Baltaci", "photo": "https://media.api-sports.io/football/players/162000.png", "type": "Missing Fixture", "reason": "Suspended"}, "team": {"id": 645, "name": "Galatasaray", "logo": "https://media.api-sports.io/football/teams/645.png"}, "fixture": {"id": 1451153, "timezone": "UTC", "date": "2026-01-28T20:00:00+00:00", "timestamp": 1769630400}, "league": {"id": 2, "season": 2025, "name": "UEFA Champions League", "country": "World", "logo": "https://media.api-sports.io/football/leagues/2.png", "flag": null}}, {"player": {"id": 394222, "name": "G. Gurpuz", "photo": "https://media.api-sports.io/football/players/394222.png", "type": "Missing Fixture", "reason": "Inactive"}, "team": {"id": 645, "name": "Galatasaray", "logo": "https://media.api-sports.io/football/teams/645.png"}, "fixture": {"id": 1451153, "timezone": "UTC", "date": "2026-01-28T20:00:00+00:00", "timestamp": 1769630400}, "league": {"id": 2, "season": 2025, "name": "UEFA Champions League", "country": "World", "logo": "https://media.api-sports.io/football/leagues/2.png", "flag": null}}, {"player": {"id": 145057, "name": "K. Karatas", "photo": "https://media.api-sports.io/football/players/145057.png", "type": "Missing Fixture", "reason": "Inactive"}, "team": {"id": 645, "name": "Galatasaray", "logo": "https://media.api-sports.io/football/teams/645.png"}, "fixture": {"id": 1451153, "timezone": "UTC", "date": "2026-01-28T20:00:00+00:00", "timestamp": 1769630400}, "league": {"id": 2, "season": 2025, "name": "UEFA Champions League", "country": "World", "logo": "https://media.api-sports.io/football/leagues/2.png", "flag": null}}, {"player": {"id": 544, "name": "N. Lang", "photo": "https://media.api-sports.io/football/players/544.png", "type": "Missing Fixture", "reason": "Inactive"}, "team": {"id": 645, "name": "Galatasaray", "logo": "https://media.api-sports.io/football/teams/645.png"}, "fixture": {"id": 1451153, "timezone": "UTC", "date": "2026-01-28T20:00:00+00:00", "timestamp": 1769630400}, "league": {"id": 2, "season": 2025, "name": "UEFA Champions League", "country": "World", "logo": "https://media.api-sports.io/football/leagues/2.png", "flag": null}}, {"player": {"id": 404443, "name": "A. Unyay", "photo": "https://media.api-sports.io/football/players/404443.png", "type": "Missing Fixture", "reason": "Injury"}, "team": {"id": 645, "name": "Galatasaray", "logo": "https://media.api-sports.io/football/teams/645.png"}, "fixture": {"id": 1451153, "timezone": "UTC", "date": "2026-01-28T20:00:00+00:00", "timestamp": 1769630400}, "league": {"id": 2, "season": 2025, "name": "UEFA Champions League", "country": "World", "logo": "https://media.api-sports.io/football/leagues/2.png", "flag": null}}, {"player": {"id": 162000, "name": "M. Baltaci", "photo": "https://media.api-sports.io/football/players/162000.png", "type": "Missing Fixture", "reason": "Suspended"}, "team": {"id": 645, "name": "Galatasaray", "logo": "https://media.api-sports.io/football/teams/645.png"}, "fixture": {"id": 1515514, "timezone": "UTC", "date": "2026-02-17T17:45:00+00:00", "timestamp": 1771350300}, "league": {"id": 2, "season": 2025, "name": "UEFA Champions League", "country": "World", "logo": "https://media.api-sports.io/football/leagues/2.png", "flag": null}}, {"player": {"id": 585709, "name": "C. Guner", "photo": "https://media.api-sports.io/football/players/585709.png", "type": "Missing Fixture", "reason": "Inactive"}, "team": {"id": 645, "name": "Galatasaray", "logo": "https://media.api-sports.io/football/teams/645.png"}, "fixture": {"id": 1515514, "timezone": "UTC", "date": "2026-02-17T17:45:00+00:00", "timestamp": 1771350300}, "league": {"id": 2, "season": 2025, "name": "UEFA Champions League", "country": "World", "logo": "https://media.api-sports.io/football/leagues/2.png", "flag": null}}, {"player": {"id": 394222, "name": "G. Gurpuz", "photo": "https://media.api-sports.io/football/players/394222.png", "type": "Missing Fixture", "reason": "Inactive"}, "team": {"id": 645, "name": "Galatasaray", "logo": "https://media.api-sports.io/football/teams/645.png"}, "fixture": {"id": 1515514, "timezone": "UTC", "date": "2026-02-17T17:45:00+00:00", "timestamp": 1771350300}, "league": {"id": 2, "season": 2025, "name": "UEFA Champions League", "country": "World", "logo": "https://media.api-sports.io/football/leagues/2.png", "flag": null}}, {"player": {"id": 422, "name": "A. Kutucu", "photo": "https://media.api-sports.io/football/players/422.png", "type": "Missing Fixture", "reason": "Knock"}, "team": {"id": 645, "name": "Galatasaray", "logo": "https://media.api-sports.io/football/teams/645.png"}, "fixture": {"id": 1515514, "timezone": "UTC", "date": "2026-02-17T17:45:00+00:00", "timestamp": 1771350300}, "league": {"id": 2, "season": 2025, "name": "UEFA Champions League", "country": "World", "logo": "https://media.api-sports.io/football/leagues/2.png", "flag": null}}, {"player": {"id": 18947, "name": "M. Lemina", "photo": "https://media.api-sports.io/football/players/18947.png", "type": "Missing Fixture", "reason": "Yellow Cards"}, "team": {"id": 645, "name": "Galatasaray", "logo": "https://media.api-sports.io/football/teams/645.png"}, "fixture": {"id": 1515514, "timezone": "UTC", "date": "2026-02-17T17:45:00+00:00", "timestamp": 1771350300}, "league": {"id": 2, "season": 2025, "name": "UEFA Champions League", "country": "World", "logo": "https://media.api-sports.io/football/leagues/2.png", "flag": null}}, {"player": {"id": 518567, "name": "R. Nhaga", "photo": "https://media.api-sports.io/football/players/518567.png", "type": "Missing Fixture", "reason": "Inactive"}, "team": {"id": 645, "name": "Galatasaray", "logo": "https://media.api-sports.io/football/teams/645.png"}, "fixture": {"id": 1515514, "timezone": "UTC", "date": "2026-02-17T17:45:00+00:00", "timestamp": 1771350300}, "league": {"id": 2, "season": 2025, "name": "UEFA Champions League", "country": "World", "logo": "https://media.api-sports.io/football/leagues/2.png", "flag": null}}, {"player": {"id": 404443, "name": "A. Unyay", "photo": "https://media.api-sports.io/football/players/404443.png", "type": "Missing Fixture", "reason": "Injury"}, "team": {"id": 645, "name": "Galatasaray", "logo": "https://media.api-sports.io/football/teams/645.png"}, "fixture": {"id": 1515514, "timezone": "UTC", "date": "2026-02-17T17:45:00+00:00", "timestamp": 1771350300}, "league": {"id": 2, "season": 2025, "name": "UEFA Champions League", "country": "World", "logo": "https://media.api-sports.io/football/leagues/2.png", "flag": null}}]}