{"get": "injuries", "parameters": {"league": "140", "season": "2025", "team": "798"}, "errors": [], "results": 64, "paging": {"current": 1, "total": 1}, "response": [{"player": {"id": 190485, "name": "Samuel Almeida Costa", "photo": "https://media.api-sports.io/football/players/190485.png", "type": "Missing Fixture", "reason": "Injured Doubtful"}, "team": {"id": 798, "name": "Mallorca", "logo": "https://media.api-sports.io/football/teams/798.png"}, "fixture": {"id": 1390825, "timezone": "UTC", "date": "2025-08-16T17:30:00+00:00", "timestamp": 1755365400}, "league": {"id": 140, "season": 2025, "name": "La Liga", "country": "Spain", "logo": "https://media.api-sports.io/football/leagues/140.png", "flag": "https://media.api-sports.io/flags/es.svg"}}, {"player": {"id": 47399, "name": "Ivan Cuellar Sacristan", "photo": "https://media.api-sports.io/football/players/47399.png", "type": "Missing Fixture", "reason": "Injured Doubtful"}, "team": {"id": 798, "name": "Mallorca", "logo": "https://media.api-sports.io/football/teams/798.png"}, "fixture": {"id": 1390833, "timezone": "UTC", "date": "2025-08-23T15:00:00+00:00", "timestamp": 1755961200}, "league": {"id": 140, "season": 2025, "name": "La Liga", "country": "Spain", "logo": "https://media.api-sports.io/football/leagues/140.png", "flag": "https://media.api-sports.io/flags/es.svg"}}, {"player": {"id": 50048, "name": "Vedat Muriqi", "photo": "https://media.api-sports.io/football/players/50048.png", "type": "Missing Fixture", "reason": "Red card Suspended"}, "team": {"id": 798, "name": "Mallorca", "logo": "https://media.api-sports.io/football/teams/798.png"}, "fixture": {"id": 1390833, "timezone": "UTC", "date": "2025-08-23T15:00:00+00:00", "timestamp": 1755961200}, "league": {"id": 140, "season": 2025, "name": "La Liga", "country": "Spain", "logo": "https://media.api-sports.io/football/leagues/140.png", "flag": "https://media.api-sports.io/flags/es.svg"}}, {"player": {"id": 1701, "name": "Manuel Morlanes", "photo": "https://media.api-sports.io/football/players/1701.png", "type": "Missing Fixture", "reason": "Red card Suspended"}, "team": {"id": 798, "name": "Mallorca", "logo": "https://media.api-sports.io/football/teams/798.png"}, "fixture": {"id": 1390833, "timezone": "UTC", "date": "2025-08-23T15:00:00+00:00", "timestamp": 1755961200}, "league": {"id": 140, "season": 2025, "name": "La Liga", "country": "Spain", "logo": "https://media.api-sports.io/football/leagues/140.png", "flag": "https://media.api-sports.io/flags/es.svg"}}, {"player": {"id": 190485, "name": "Samuel Almeida Costa", "photo": "https://media.api-sports.io/football/players/190485.png", "type": "Missing Fixture", "reason": "Injured Doubtful"}, "team": {"id": 798, "name": "Mallorca", "logo": "https://media.api-sports.io/football/teams/798.png"}, "fixture": {"id": 1390833, "timezone": "UTC", "date": "2025-08-23T15:00:00+00:00", "timestamp": 1755961200}, "league": {"id": 140, "season": 2025, "name": "La Liga", "country": "Spain", "logo": "https://media.api-sports.io/football/leagues/140.png", "flag": "https://media.api-sports.io/flags/es.svg"}}, {"player": {"id": 26302, "name": "Pablo Maffeo", "photo": "https://media.api-sports.io/football/players/26302.png", "type": "Missing Fixture", "reason": "Leg Injury"}, "team": {"id": 798, "name": "Mallorca", "logo": "https://media.api-sports.io/football/teams/798.png"}, "fixture": {"id": 1390825, "timezone": "UTC", "date": "2025-08-16T17:30:00+00:00", "timestamp": 1755365400}, "league": {"id": 140, "season": 2025, "name": "La Liga", "country": "Spain", "logo": "https://media.api-sports.io/football/leagues/140.png", "flag": "https://media.api-sports.io/flags/es.svg"}}, {"player": {"id": 26302, "name": "Pablo Maffeo", "photo": "https://media.api-sports.io/football/players/26302.png", "type": "Missing Fixture", "reason": "Leg Injury"}, "team": {"id": 798, "name": "Mallorca", "logo": "https://media.api-sports.io/football/teams/798.png"}, "fixture": {"id": 1390833, "timezone": "UTC", "date": "2025-08-23T15:00:00+00:00", "timestamp": 1755961200}, "league": {"id": 140, "season": 2025, "name": "La Liga", "country": "Spain", "logo": "https://media.api-sports.io/football/leagues/140.png", "flag": "https://media.api-sports.io/flags/es.svg"}}, {"player": {"id": 26302, "name": "Pablo Maffeo", "photo": "https://media.api-sports.io/football/players/26302.png", "type": "Missing Fixture", "reason": "Leg Injury"}, "team": {"id": 798, "name": "Mallorca", "logo": "https://media.api-sports.io/football/teams/798.png"}, "fixture": {"id": 1390846, "timezone": "UTC", "date": "2025-08-30T19:30:00+00:00", "timestamp": 1756582200}, "league": {"id": 140, "season": 2025, "name": "La Liga", "country": "Spain", "logo": "https://media.api-sports.io/football/leagues/140.png", "flag": "https://media.api-sports.io/flags/es.svg"}}, {"player": {"id": 293604, "name": "Javi Llabr\u00e9s", "photo": "https://media.api-sports.io/football/players/293604.png", "type": "Missing Fixture", "reason": "Muscle bruise"}, "team": {"id": 798, "name": "Mallorca", "logo": "https://media.api-sports.io/football/teams/798.png"}, "fixture": {"id": 1390853, "timezone": "UTC", "date": "2025-09-15T19:00:00+00:00", "timestamp": 1757962800}, "league": {"id": 140, "season": 2025, "name": "La Liga", "country": "Spain", "logo": "https://media.api-sports.io/football/leagues/140.png", "flag": "https://media.api-sports.io/flags/es.svg"}}, {"player": {"id": 293604, "name": "J. Llabres", "photo": "https://media.api-sports.io/football/players/293604.png", "type": "Missing Fixture", "reason": "Muscle Injury"}, "team": {"id": 798, "name": "Mallorca", "logo": "https://media.api-sports.io/football/teams/798.png"}, "fixture": {"id": 1390864, "timezone": "UTC", "date": "2025-09-21T14:15:00+00:00", "timestamp": 1758464100}, "league": {"id": 140, "season": 2025, "name": "La Liga", "country": "Spain", "logo": "https://media.api-sports.io/football/leagues/140.png", "flag": "https://media.api-sports.io/flags/es.svg"}}, {"player": {"id": 46742, "name": "D. Rodriguez", "photo": "https://media.api-sports.io/football/players/46742.png", "type": "Missing Fixture", "reason": "Suspended"}, "team": {"id": 798, "name": "Mallorca", "logo": "https://media.api-sports.io/football/teams/798.png"}, "fixture": {"id": 1390864, "timezone": "UTC", "date": "2025-09-21T14:15:00+00:00", "timestamp": 1758464100}, "league": {"id": 140, "season": 2025, "name": "La Liga", "country": "Spain", "logo": "https://media.api-sports.io/football/leagues/140.png", "flag": "https://media.api-sports.io/flags/es.svg"}}, {"player": {"id": 30924, "name": "M. Kumbulla", "photo": "https://media.api-sports.io/football/players/30924.png", "type": "Missing Fixture", "reason": "Injury"}, "team": {"id": 798, "name": "Mallorca", "logo": "https://media.api-sports.io/football/teams/798.png"}, "fixture": {"id": 1390876, "timezone": "UTC", "date": "2025-09-24T19:30:00+00:00", "timestamp": 1758742200}, "league": {"id": 140, "season": 2025, "name": "La Liga", "country": "Spain", "logo": "https://media.api-sports.io/football/leagues/140.png", "flag": "https://media.api-sports.io/flags/es.svg"}}, {"player": {"id": 46742, "name": "D. Rodriguez", "photo": "https://media.api-sports.io/football/players/46742.png", "type": "Missing Fixture", "reason": "Suspended"}, "team": {"id": 798, "name": "Mallorca", "logo": "https://media.api-sports.io/football/teams/798.png"}, "fixture": {"id": 1390876, "timezone": "UTC", "date": "2025-09-24T19:30:00+00:00", "timestamp": 1758742200}, "league": {"id": 140, "season": 2025, "name": "La Liga", "country": "Spain", "logo": "https://media.api-sports.io/football/leagues/140.png", "flag": "https://media.api-sports.io/flags/es.svg"}}, {"player": {"id": 491248, "name": "J. Virgili", "photo": "https://media.api-sports.io/football/players/491248.png", "type": "Missing Fixture", "reason": "International duty"}, "team": {"id": 798, "name": "Mallorca", "logo": "https://media.api-sports.io/football/teams/798.png"}, "fixture": {"id": 1390876, "timezone": "UTC", "date": "2025-09-24T19:30:00+00:00", "timestamp": 1758742200}, "league": {"id": 140, "season": 2025, "name": "La Liga", "country": "Spain", "logo": "https://media.api-sports.io/football/leagues/140.png", "flag": "https://media.api-sports.io/flags/es.svg"}}, {"player": {"id": 30924, "name": "M. Kumbulla", "photo": "https://media.api-sports.io/football/players/30924.png", "type": "Missing Fixture", "reason": "Hamstring Injury"}, "team": {"id": 798, "name": "Mallorca", "logo": "https://media.api-sports.io/football/teams/798.png"}, "fixture": {"id": 1390885, "timezone": "UTC", "date": "2025-09-27T16:30:00+00:00", "timestamp": 1758990600}, "league": {"id": 140, "season": 2025, "name": "La Liga", "country": "Spain", "logo": "https://media.api-sports.io/football/leagues/140.png", "flag": "https://media.api-sports.io/flags/es.svg"}}, {"player": {"id": 414, "name": "O. Mascarell", "photo": "https://media.api-sports.io/football/players/414.png", "type": "Missing Fixture", "reason": "Hamstring Injury"}, "team": {"id": 798, "name": "Mallorca", "logo": "https://media.api-sports.io/football/teams/798.png"}, "fixture": {"id": 1390885, "timezone": "UTC", "date": "2025-09-27T16:30:00+00:00", "timestamp": 1758990600}, "league": {"id": 140, "season": 2025, "name": "La Liga", "country": "Spain", "logo": "https://media.api-sports.io/football/leagues/140.png", "flag": "https://media.api-sports.io/flags/es.svg"}}, {"player": {"id": 46742, "name": "D. Rodriguez", "photo": "https://media.api-sports.io/football/players/46742.png", "type": "Missing Fixture", "reason": "Suspended"}, "team": {"id": 798, "name": "Mallorca", "logo": "https://media.api-sports.io/football/teams/798.png"}, "fixture": {"id": 1390885, "timezone": "UTC", "date": "2025-09-27T16:30:00+00:00", "timestamp": 1758990600}, "league": {"id": 140, "season": 2025, "name": "La Liga", "country": "Spain", "logo": "https://media.api-sports.io/football/leagues/140.png", "flag": "https://media.api-sports.io/flags/es.svg"}}, {"player": {"id": 491248, "name": "J. Virgili", "photo": "https://media.api-sports.io/football/players/491248.png", "type": "Missing Fixture", "reason": "International duty"}, "team": {"id": 798, "name": "Mallorca", "logo": "https://media.api-sports.io/football/teams/798.png"}, "fixture": {"id": 1390885, "timezone": "UTC", "date": "2025-09-27T16:30:00+00:00", "timestamp": 1758990600}, "league": {"id": 140, "season": 2025, "name": "La Liga", "country": "Spain", "logo": "https://media.api-sports.io/football/leagues/140.png", "flag": "https://media.api-sports.io/flags/es.svg"}}, {"player": {"id": 25375, "name": "T. Asano", "photo": "https://media.api-sports.io/football/players/25375.png", "type": "Missing Fixture", "reason": "Muscle Injury"}, "team": {"id": 798, "name": "Mallorca", "logo": "https://media.api-sports.io/football/teams/798.png"}, "fixture": {"id": 1390890, "timezone": "UTC", "date": "2025-10-04T16:30:00+00:00", "timestamp": 1759595400}, "league": {"id": 140, "season": 2025, "name": "La Liga", "country": "Spain", "logo": "https://media.api-sports.io/football/leagues/140.png", "flag": "https://media.api-sports.io/flags/es.svg"}}, {"player": {"id": 30924, "name": "M. Kumbulla", "photo": "https://media.api-sports.io/football/players/30924.png", "type": "Missing Fixture", "reason": "Hamstring Injury"}, "team": {"id": 798, "name": "Mallorca", "logo": "https://media.api-sports.io/football/teams/798.png"}, "fixture": {"id": 1390890, "timezone": "UTC", "date": "2025-10-04T16:30:00+00:00", "timestamp": 1759595400}, "league": {"id": 140, "season": 2025, "name": "La Liga", "country": "Spain", "logo": "https://media.api-sports.io/football/leagues/140.png", "flag": "https://media.api-sports.io/flags/es.svg"}}, {"player": {"id": 414, "name": "O. Mascarell", "photo": "https://media.api-sports.io/football/players/414.png", "type": "Missing Fixture", "reason": "Hamstring Injury"}, "team": {"id": 798, "name": "Mallorca", "logo": "https://media.api-sports.io/football/teams/798.png"}, "fixture": {"id": 1390890, "timezone": "UTC", "date": "2025-10-04T16:30:00+00:00", "timestamp": 1759595400}, "league": {"id": 140, "season": 2025, "name": "La Liga", "country": "Spain", "logo": "https://media.api-sports.io/football/leagues/140.png", "flag": "https://media.api-sports.io/flags/es.svg"}}, {"player": {"id": 46742, "name": "D. Rodriguez", "photo": "https://media.api-sports.io/football/players/46742.png", "type": "Missing Fixture", "reason": "Suspended"}, "team": {"id": 798, "name": "Mallorca", "logo": "https://media.api-sports.io/football/teams/798.png"}, "fixture": {"id": 1390890, "timezone": "UTC", "date": "2025-10-04T16:30:00+00:00", "timestamp": 1759595400}, "league": {"id": 140, "season": 2025, "name": "La Liga", "country": "Spain", "logo": "https://media.api-sports.io/football/leagues/140.png", "flag": "https://media.api-sports.io/flags/es.svg"}}, {"player": {"id": 491248, "name": "J. Virgili", "photo": "https://media.api-sports.io/football/players/491248.png", "type": "Missing Fixture", "reason": "International duty"}, "team": {"id": 798, "name": "Mallorca", "logo": "https://media.api-sports.io/football/teams/798.png"}, "fixture": {"id": 1390890, "timezone": "UTC", "date": "2025-10-04T16:30:00+00:00", "timestamp": 1759595400}, "league": {"id": 140, "season": 2025, "name": "La Liga", "country": "Spain", "logo": "https://media.api-sports.io/football/leagues/140.png", "flag": "https://media.api-sports.io/flags/es.svg"}}, {"player": {"id": 25375, "name": "T. Asano", "photo": "https://media.api-sports.io/football/players/25375.png", "type": "Missing Fixture", "reason": "Muscle Injury"}, "team": {"id": 798, "name": "Mallorca", "logo": "https://media.api-sports.io/football/teams/798.png"}, "fixture": {"id": 1390907, "timezone": "UTC", "date": "2025-10-18T12:00:00+00:00", "timestamp": 1760788800}, "league": {"id": 140, "season": 2025, "name": "La Liga", "country": "Spain", "logo": "https://media.api-sports.io/football/leagues/140.png", "flag": "https://media.api-sports.io/flags/es.svg"}}, {"player": {"id": 30924, "name": "M. Kumbulla", "photo": "https://media.api-sports.io/football/players/30924.png", "type": "Missing Fixture", "reason": "Hamstring Injury"}, "team": {"id": 798, "name": "Mallorca", "logo": "https://media.api-sports.io/football/teams/798.png"}, "fixture": {"id": 1390907, "timezone": "UTC", "date": "2025-10-18T12:00:00+00:00", "timestamp": 1760788800}, "league": {"id": 140, "season": 2025, "name": "La Liga", "country": "Spain", "logo": "https://media.api-sports.io/football/leagues/140.png", "flag": "https://media.api-sports.io/flags/es.svg"}}, {"player": {"id": 46742, "name": "D. Rodriguez", "photo": "https://media.api-sports.io/football/players/46742.png", "type": "Missing Fixture", "reason": "Suspended"}, "team": {"id": 798, "name": "Mallorca", "logo": "https://media.api-sports.io/football/teams/798.png"}, "fixture": {"id": 1390907, "timezone": "UTC", "date": "2025-10-18T12:00:00+00:00", "timestamp": 1760788800}, "league": {"id": 140, "season": 2025, "name": "La Liga", "country": "Spain", "logo": "https://media.api-sports.io/football/leagues/140.png", "flag": "https://media.api-sports.io/flags/es.svg"}}, {"player": {"id": 910, "name": "A. Sanchez", "photo": "https://media.api-sports.io/football/players/910.png", "type": "Missing Fixture", "reason": "Red Card"}, "team": {"id": 798, "name": "Mallorca", "logo": "https://media.api-sports.io/football/teams/798.png"}, "fixture": {"id": 1390907, "timezone": "UTC", "date": "2025-10-18T12:00:00+00:00", "timestamp": 1760788800}, "league": {"id": 140, "season": 2025, "name": "La Liga", "country": "Spain", "logo": "https://media.api-sports.io/football/leagues/140.png", "flag": "https://media.api-sports.io/flags/es.svg"}}, {"player": {"id": 30924, "name": "M. Kumbulla", "photo": "https://media.api-sports.io/football/players/30924.png", "type": "Missing Fixture", "reason": "Hamstring Injury"}, "team": {"id": 798, "name": "Mallorca", "logo": "https://media.api-sports.io/football/teams/798.png"}, "fixture": {"id": 1390913, "timezone": "UTC", "date": "2025-10-26T13:00:00+00:00", "timestamp": 1761483600}, "league": {"id": 140, "season": 2025, "name": "La Liga", "country": "Spain", "logo": "https://media.api-sports.io/football/leagues/140.png", "flag": "https://media.api-sports.io/flags/es.svg"}}, {"player": {"id": 920, "name": "T. Lato", "photo": "https://media.api-sports.io/football/players/920.png", "type": "Missing Fixture", "reason": "Injury"}, "team": {"id": 798, "name": "Mallorca", "logo": "https://media.api-sports.io/football/teams/798.png"}, "fixture": {"id": 1390913, "timezone": "UTC", "date": "2025-10-26T13:00:00+00:00", "timestamp": 1761483600}, "league": {"id": 140, "season": 2025, "name": "La Liga", "country": "Spain", "logo": "https://media.api-sports.io/football/leagues/140.png", "flag": "https://media.api-sports.io/flags/es.svg"}}, {"player": {"id": 46742, "name": "D. Rodriguez", "photo": "https://media.api-sports.io/football/players/46742.png", "type": "Missing Fixture", "reason": "Suspended"}, "team": {"id": 798, "name": "Mallorca", "logo": "https://media.api-sports.io/football/teams/798.png"}, "fixture": {"id": 1390913, "timezone": "UTC", "date": "2025-10-26T13:00:00+00:00", "timestamp": 1761483600}, "league": {"id": 140, "season": 2025, "name": "La Liga", "country": "Spain", "logo": "https://media.api-sports.io/football/leagues/140.png", "flag": "https://media.api-sports.io/flags/es.svg"}}, {"player": {"id": 30924, "name": "M. Kumbulla", "photo": "https://media.api-sports.io/football/players/30924.png", "type": "Missing Fixture", "reason": "Hamstring Injury"}, "team": {"id": 798, "name": "Mallorca", "logo": "https://media.api-sports.io/football/teams/798.png"}, "fixture": {"id": 1390922, "timezone": "UTC", "date": "2025-11-02T20:00:00+00:00", "timestamp": 1762113600}, "league": {"id": 140, "season": 2025, "name": "La Liga", "country": "Spain", "logo": "https://media.api-sports.io/football/leagues/140.png", "flag": "https://media.api-sports.io/flags/es.svg"}}, {"player": {"id": 920, "name": "T. Lato", "photo": "https://media.api-sports.io/football/players/920.png", "type": "Missing Fixture", "reason": "Muscle Injury"}, "team": {"id": 798, "name": "Mallorca", "logo": "https://media.api-sports.io/football/teams/798.png"}, "fixture": {"id": 1390922, "timezone": "UTC", "date": "2025-11-02T20:00:00+00:00", "timestamp": 1762113600}, "league": {"id": 140, "season": 2025, "name": "La Liga", "country": "Spain", "logo": "https://media.api-sports.io/football/leagues/140.png", "flag": "https://media.api-sports.io/flags/es.svg"}}, {"player": {"id": 46742, "name": "D. Rodriguez", "photo": "https://media.api-sports.io/football/players/46742.png", "type": "Missing Fixture", "reason": "Suspended"}, "team": {"id": 798, "name": "Mallorca", "logo": "https://media.api-sports.io/football/teams/798.png"}, "fixture": {"id": 1390922, "timezone": "UTC", "date": "2025-11-02T20:00:00+00:00", "timestamp": 1762113600}, "league": {"id": 140, "season": 2025, "name": "La Liga", "country": "Spain", "logo": "https://media.api-sports.io/football/leagues/140.png", "flag": "https://media.api-sports.io/flags/es.svg"}}, {"player": {"id": 179139, "name": "L. Roman", "photo": "https://media.api-sports.io/football/players/179139.png", "type": "Missing Fixture", "reason": "Muscle Injury"}, "team": {"id": 798, "name": "Mallorca", "logo": "https://media.api-sports.io/football/teams/798.png"}, "fixture": {"id": 1390922, "timezone": "UTC", "date": "2025-11-02T20:00:00+00:00", "timestamp": 1762113600}, "league": {"id": 140, "season": 2025, "name": "La Liga", "country": "Spain", "logo": "https://media.api-sports.io/football/leagues/140.png", "flag": "https://media.api-sports.io/flags/es.svg"}}, {"player": {"id": 30924, "name": "M. Kumbulla", "photo": "https://media.api-sports.io/football/players/30924.png", "type": "Missing Fixture", "reason": "Hamstring Injury"}, "team": {"id": 798, "name": "Mallorca", "logo": "https://media.api-sports.io/football/teams/798.png"}, "fixture": {"id": 1390935, "timezone": "UTC", "date": "2025-11-09T17:30:00+00:00", "timestamp": 1762709400}, "league": {"id": 140, "season": 2025, "name": "La Liga", "country": "Spain", "logo": "https://media.api-sports.io/football/leagues/140.png", "flag": "https://media.api-sports.io/flags/es.svg"}}, {"player": {"id": 920, "name": "T. Lato", "photo": "https://media.api-sports.io/football/players/920.png", "type": "Missing Fixture", "reason": "Muscle Injury"}, "team": {"id": 798, "name": "Mallorca", "logo": "https://media.api-sports.io/football/teams/798.png"}, "fixture": {"id": 1390935, "timezone": "UTC", "date": "2025-11-09T17:30:00+00:00", "timestamp": 1762709400}, "league": {"id": 140, "season": 2025, "name": "La Liga", "country": "Spain", "logo": "https://media.api-sports.io/football/leagues/140.png", "flag": "https://media.api-sports.io/flags/es.svg"}}, {"player": {"id": 46742, "name": "D. Rodriguez", "photo": "https://media.api-sports.io/football/players/46742.png", "type": "Missing Fixture", "reason": "Suspended"}, "team": {"id": 798, "name": "Mallorca", "logo": "https://media.api-sports.io/football/teams/798.png"}, "fixture": {"id": 1390935, "timezone": "UTC", "date": "2025-11-09T17:30:00+00:00", "timestamp": 1762709400}, "league": {"id": 140, "season": 2025, "name": "La Liga", "country": "Spain", "logo": "https://media.api-sports.io/football/leagues/140.png", "flag": "https://media.api-sports.io/flags/es.svg"}}, {"player": {"id": 179139, "name": "L. Roman", "photo": "https://media.api-sports.io/football/players/179139.png", "type": "Missing Fixture", "reason": "Muscle Injury"}, "team": {"id": 798, "name": "Mallorca", "logo": "https://media.api-sports.io/football/teams/798.png"}, "fixture": {"id": 1390935, "timezone": "UTC", "date": "2025-11-09T17:30:00+00:00", "timestamp": 1762709400}, "league": {"id": 140, "season": 2025, "name": "La Liga", "country": "Spain", "logo": "https://media.api-sports.io/football/leagues/140.png", "flag": "https://media.api-sports.io/flags/es.svg"}}, {"player": {"id": 30924, "name": "M. Kumbulla", "photo": "https://media.api-sports.io/football/players/30924.png", "type": "Missing Fixture", "reason": "Hamstring Injury"}, "team": {"id": 798, "name": "Mallorca", "logo": "https://media.api-sports.io/football/teams/798.png"}, "fixture": {"id": 1390948, "timezone": "UTC", "date": "2025-11-22T20:00:00+00:00", "timestamp": 1763841600}, "league": {"id": 140, "season": 2025, "name": "La Liga", "country": "Spain", "logo": "https://media.api-sports.io/football/leagues/140.png", "flag": "https://media.api-sports.io/flags/es.svg"}}, {"player": {"id": 920, "name": "T. Lato", "photo": "https://media.api-sports.io/football/players/920.png", "type": "Missing Fixture", "reason": "Muscle Injury"}, "team": {"id": 798, "name": "Mallorca", "logo": "https://media.api-sports.io/football/teams/798.png"}, "fixture": {"id": 1390948, "timezone": "UTC", "date": "2025-11-22T20:00:00+00:00", "timestamp": 1763841600}, "league": {"id": 140, "season": 2025, "name": "La Liga", "country": "Spain", "logo": "https://media.api-sports.io/football/leagues/140.png", "flag": "https://media.api-sports.io/flags/es.svg"}}, {"player": {"id": 46742, "name": "D. Rodriguez", "photo": "https://media.api-sports.io/football/players/46742.png", "type": "Missing Fixture", "reason": "Suspended"}, "team": {"id": 798, "name": "Mallorca", "logo": "https://media.api-sports.io/football/teams/798.png"}, "fixture": {"id": 1390948, "timezone": "UTC", "date": "2025-11-22T20:00:00+00:00", "timestamp": 1763841600}, "league": {"id": 140, "season": 2025, "name": "La Liga", "country": "Spain", "logo": "https://media.api-sports.io/football/leagues/140.png", "flag": "https://media.api-sports.io/flags/es.svg"}}, {"player": {"id": 179139, "name": "L. Roman", "photo": "https://media.api-sports.io/football/players/179139.png", "type": "Missing Fixture", "reason": "Muscle Injury"}, "team": {"id": 798, "name": "Mallorca", "logo": "https://media.api-sports.io/football/teams/798.png"}, "fixture": {"id": 1390948, "timezone": "UTC", "date": "2025-11-22T20:00:00+00:00", "timestamp": 1763841600}, "league": {"id": 140, "season": 2025, "name": "La Liga", "country": "Spain", "logo": "https://media.api-sports.io/football/leagues/140.png", "flag": "https://media.api-sports.io/flags/es.svg"}}, {"player": {"id": 920, "name": "T. Lato", "photo": "https://media.api-sports.io/football/players/920.png", "type": "Missing Fixture", "reason": "Muscle Injury"}, "team": {"id": 798, "name": "Mallorca", "logo": "https://media.api-sports.io/football/teams/798.png"}, "fixture": {"id": 1390955, "timezone": "UTC", "date": "2025-11-29T13:00:00+00:00", "timestamp": 1764421200}, "league": {"id": 140, "season": 2025, "name": "La Liga", "country": "Spain", "logo": "https://media.api-sports.io/football/leagues/140.png", "flag": "https://media.api-sports.io/flags/es.svg"}}, {"player": {"id": 46742, "name": "D. Rodriguez", "photo": "https://media.api-sports.io/football/players/46742.png", "type": "Missing Fixture", "reason": "Suspended"}, "team": {"id": 798, "name": "Mallorca", "logo": "https://media.api-sports.io/football/teams/798.png"}, "fixture": {"id": 1390955, "timezone": "UTC", "date": "2025-11-29T13:00:00+00:00", "timestamp": 1764421200}, "league": {"id": 140, "season": 2025, "name": "La Liga", "country": "Spain", "logo": "https://media.api-sports.io/football/leagues/140.png", "flag": "https://media.api-sports.io/flags/es.svg"}}, {"player": {"id": 179139, "name": "L. Roman", "photo": "https://media.api-sports.io/football/players/179139.png", "type": "Missing Fixture", "reason": "Muscle Injury"}, "team": {"id": 798, "name": "Mallorca", "logo": "https://media.api-sports.io/football/teams/798.png"}, "fixture": {"id": 1390955, "timezone": "UTC", "date": "2025-11-29T13:00:00+00:00", "timestamp": 1764421200}, "league": {"id": 140, "season": 2025, "name": "La Liga", "country": "Spain", "logo": "https://media.api-sports.io/football/leagues/140.png", "flag": "https://media.api-sports.io/flags/es.svg"}}, {"player": {"id": 920, "name": "T. Lato", "photo": "https://media.api-sports.io/football/players/920.png", "type": "Missing Fixture", "reason": "Muscle Injury"}, "team": {"id": 798, "name": "Mallorca", "logo": "https://media.api-sports.io/football/teams/798.png"}, "fixture": {"id": 1390966, "timezone": "UTC", "date": "2025-12-05T20:00:00+00:00", "timestamp": 1764964800}, "league": {"id": 140, "season": 2025, "name": "La Liga", "country": "Spain", "logo": "https://media.api-sports.io/football/leagues/140.png", "flag": "https://media.api-sports.io/flags/es.svg"}}, {"player": {"id": 46742, "name": "D. Rodriguez", "photo": "https://media.api-sports.io/football/players/46742.png", "type": "Missing Fixture", "reason": "Suspended"}, "team": {"id": 798, "name": "Mallorca", "logo": "https://media.api-sports.io/football/teams/798.png"}, "fixture": {"id": 1390966, "timezone": "UTC", "date": "2025-12-05T20:00:00+00:00", "timestamp": 1764964800}, "league": {"id": 140, "season": 2025, "name": "La Liga", "country": "Spain", "logo": "https://media.api-sports.io/football/leagues/140.png", "flag": "https://media.api-sports.io/flags/es.svg"}}, {"player": {"id": 179139, "name": "L. Roman", "photo": "https://media.api-sports.io/football/players/179139.png", "type": "Missing Fixture", "reason": "Muscle Injury"}, "team": {"id": 798, "name": "Mallorca", "logo": "https://media.api-sports.io/football/teams/798.png"}, "fixture": {"id": 1390966, "timezone": "UTC", "date": "2025-12-05T20:00:00+00:00", "timestamp": 1764964800}, "league": {"id": 140, "season": 2025, "name": "La Liga", "country": "Spain", "logo": "https://media.api-sports.io/football/leagues/140.png", "flag": "https://media.api-sports.io/flags/es.svg"}}, {"player": {"id": 47399, "name": "Pichu Cuellar", "photo": "https://media.api-sports.io/football/players/47399.png", "type": "Missing Fixture", "reason": "Coach's decision"}, "team": {"id": 798, "name": "Mallorca", "logo": "https://media.api-sports.io/football/teams/798.png"}, "fixture": {"id": 1390975, "timezone": "UTC", "date": "2025-12-13T15:15:00+00:00", "timestamp": 1765638900}, "league": {"id": 140, "season": 2025, "name": "La Liga", "country": "Spain", "logo": "https://media.api-sports.io/football/leagues/140.png", "flag": "https://media.api-sports.io/flags/es.svg"}}, {"player": {"id": 46742, "name": "D. Rodriguez", "photo": "https://media.api-sports.io/football/players/46742.png", "type": "Missing Fixture", "reason": "Suspended"}, "team": {"id": 798, "name": "Mallorca", "logo": "https://media.api-sports.io/football/teams/798.png"}, "fixture": {"id": 1390975, "timezone": "UTC", "date": "2025-12-13T15:15:00+00:00", "timestamp": 1765638900}, "league": {"id": 140, "season": 2025, "name": "La Liga", "country": "Spain", "logo": "https://media.api-sports.io/football/leagues/140.png", "flag": "https://media.api-sports.io/flags/es.svg"}}, {"player": {"id": 190485, "name": "Samu Costa", "photo": "https://media.api-sports.io/football/players/190485.png", "type": "Missing Fixture", "reason": "Yellow Cards"}, "team": {"id": 798, "name": "Mallorca", "logo": "https://media.api-sports.io/football/teams/798.png"}, "fixture": {"id": 1390975, "timezone": "UTC", "date": "2025-12-13T15:15:00+00:00", "timestamp": 1765638900}, "league": {"id": 140, "season": 2025, "name": "La Liga", "country": "Spain", "logo": "https://media.api-sports.io/football/leagues/140.png", "flag": "https://media.api-sports.io/flags/es.svg"}}, {"player": {"id": 414, "name": "O. Mascarell", "photo": "https://media.api-sports.io/football/players/414.png", "type": "Missing Fixture", "reason": "International duty"}, "team": {"id": 798, "name": "Mallorca", "logo": "https://media.api-sports.io/football/teams/798.png"}, "fixture": {"id": 1390987, "timezone": "UTC", "date": "2025-12-19T20:00:00+00:00", "timestamp": 1766174400}, "league": {"id": 140, "season": 2025, "name": "La Liga", "country": "Spain", "logo": "https://media.api-sports.io/football/leagues/140.png", "flag": "https://media.api-sports.io/flags/es.svg"}}, {"player": {"id": 47399, "name": "Pichu Cuellar", "photo": "https://media.api-sports.io/football/players/47399.png", "type": "Missing Fixture", "reason": "Coach's decision"}, "team": {"id": 798, "name": "Mallorca", "logo": "https://media.api-sports.io/football/teams/798.png"}, "fixture": {"id": 1390987, "timezone": "UTC", "date": "2025-12-19T20:00:00+00:00", "timestamp": 1766174400}, "league": {"id": 140, "season": 2025, "name": "La Liga", "country": "Spain", "logo": "https://media.api-sports.io/football/leagues/140.png", "flag": "https://media.api-sports.io/flags/es.svg"}}, {"player": {"id": 47399, "name": "Pichu Cuellar", "photo": "https://media.api-sports.io/football/players/47399.png", "type": "Missing Fixture", "reason": "Injury"}, "team": {"id": 798, "name": "Mallorca", "logo": "https://media.api-sports.io/football/teams/798.png"}, "fixture": {"id": 1390993, "timezone": "UTC", "date": "2026-01-04T17:30:00+00:00", "timestamp": 1767547800}, "league": {"id": 140, "season": 2025, "name": "La Liga", "country": "Spain", "logo": "https://media.api-sports.io/football/leagues/140.png", "flag": "https://media.api-sports.io/flags/es.svg"}}, {"player": {"id": 26302, "name": "P. Maffeo", "photo": "https://media.api-sports.io/football/players/26302.png", "type": "Missing Fixture", "reason": "Yellow Cards"}, "team": {"id": 798, "name": "Mallorca", "logo": "https://media.api-sports.io/football/teams/798.png"}, "fixture": {"id": 1391015, "timezone": "UTC", "date": "2026-01-17T15:15:00+00:00", "timestamp": 1768662900}, "league": {"id": 140, "season": 2025, "name": "La Liga", "country": "Spain", "logo": "https://media.api-sports.io/football/leagues/140.png", "flag": "https://media.api-sports.io/flags/es.svg"}}, {"player": {"id": 1701, "name": "M. Morlanes", "photo": "https://media.api-sports.io/football/players/1701.png", "type": "Missing Fixture", "reason": "Muscle Injury"}, "team": {"id": 798, "name": "Mallorca", "logo": "https://media.api-sports.io/football/teams/798.png"}, "fixture": {"id": 1391015, "timezone": "UTC", "date": "2026-01-17T15:15:00+00:00", "timestamp": 1768662900}, "league": {"id": 140, "season": 2025, "name": "La Liga", "country": "Spain", "logo": "https://media.api-sports.io/football/leagues/140.png", "flag": "https://media.api-sports.io/flags/es.svg"}}, {"player": {"id": 30924, "name": "M. Kumbulla", "photo": "https://media.api-sports.io/football/players/30924.png", "type": "Missing Fixture", "reason": "Injury"}, "team": {"id": 798, "name": "Mallorca", "logo": "https://media.api-sports.io/football/teams/798.png"}, "fixture": {"id": 1391020, "timezone": "UTC", "date": "2026-01-25T13:00:00+00:00", "timestamp": 1769346000}, "league": {"id": 140, "season": 2025, "name": "La Liga", "country": "Spain", "logo": "https://media.api-sports.io/football/leagues/140.png", "flag": "https://media.api-sports.io/flags/es.svg"}}, {"player": {"id": 920, "name": "T. Lato", "photo": "https://media.api-sports.io/football/players/920.png", "type": "Missing Fixture", "reason": "Muscle Injury"}, "team": {"id": 798, "name": "Mallorca", "logo": "https://media.api-sports.io/football/teams/798.png"}, "fixture": {"id": 1391020, "timezone": "UTC", "date": "2026-01-25T13:00:00+00:00", "timestamp": 1769346000}, "league": {"id": 140, "season": 2025, "name": "La Liga", "country": "Spain", "logo": "https://media.api-sports.io/football/leagues/140.png", "flag": "https://media.api-sports.io/flags/es.svg"}}, {"player": {"id": 1701, "name": "M. Morlanes", "photo": "https://media.api-sports.io/football/players/1701.png", "type": "Missing Fixture", "reason": "Muscle Injury"}, "team": {"id": 798, "name": "Mallorca", "logo": "https://media.api-sports.io/football/teams/798.png"}, "fixture": {"id": 1391020, "timezone": "UTC", "date": "2026-01-25T13:00:00+00:00", "timestamp": 1769346000}, "league": {"id": 140, "season": 2025, "name": "La Liga", "country": "Spain", "logo": "https://media.api-sports.io/football/leagues/140.png", "flag": "https://media.api-sports.io/flags/es.svg"}}, {"player": {"id": 30924, "name": "M. Kumbulla", "photo": "https://media.api-sports.io/football/players/30924.png", "type": "Missing Fixture", "reason": "Injury"}, "team": {"id": 798, "name": "Mallorca", "logo": "https://media.api-sports.io/football/teams/798.png"}, "fixture": {"id": 1391035, "timezone": "UTC", "date": "2026-02-02T20:00:00+00:00", "timestamp": 1770062400}, "league": {"id": 140, "season": 2025, "name": "La Liga", "country": "Spain", "logo": "https://media.api-sports.io/football/leagues/140.png", "flag": "https://media.api-sports.io/flags/es.svg"}}, {"player": {"id": 25375, "name": "T. Asano", "photo": "https://media.api-sports.io/football/players/25375.png", "type": "Missing Fixture", "reason": "Muscle Injury"}, "team": {"id": 798, "name": "Mallorca", "logo": "https://media.api-sports.io/football/teams/798.png"}, "fixture": {"id": 1391042, "timezone": "UTC", "date": "2026-02-07T15:15:00+00:00", "timestamp": 1770477300}, "league": {"id": 140, "season": 2025, "name": "La Liga", "country": "Spain", "logo": "https://media.api-sports.io/football/leagues/140.png", "flag": "https://media.api-sports.io/flags/es.svg"}}, {"player": {"id": 25375, "name": "T. Asano", "photo": "https://media.api-sports.io/football/players/25375.png", "type": "Missing Fixture", "reason": "Muscle Injury"}, "team": {"id": 798, "name": "Mallorca", "logo": "https://media.api-sports.io/football/teams/798.png"}, "fixture": {"id": 1391054, "timezone": "UTC", "date": "2026-02-15T20:00:00+00:00", "timestamp": 1771185600}, "league": {"id": 140, "season": 2025, "name": "La Liga", "country": "Spain", "logo": "https://media.api-sports.io/football/leagues/140.png", "flag": "https://media.api-sports.io/flags/es.svg"}}, {"player": {"id": 30924, "name": "M. Kumbulla", "photo": "https://media.api-sports.io/football/players/30924.png", "type": "Missing Fixture", "reason": "Muscle Injury"}, "team": {"id": 798, "name": "Mallorca", "logo": "https://media.api-sports.io/football/teams/798.png"}, "fixture": {"id": 1391054, "timezone": "UTC", "date": "2026-02-15T20:00:00+00:00", "timestamp": 1771185600}, "league": {"id": 140, "season": 2025, "name": "La Liga", "country": "Spain", "logo": "https://media.api-sports.io/football/leagues/140.png", "flag": "https://media.api-sports.io/flags/es.svg"}}, {"player": {"id": 411424, "name": "J. Salas", "photo": "https://media.api-sports.io/football/players/411424.png", "type": "Missing Fixture", "reason": "Knee Injury"}, "team": {"id": 798, "name": "Mallorca", "logo": "https://media.api-sports.io/football/teams/798.png"}, "fixture": {"id": 1391054, "timezone": "UTC", "date": "2026-02-15T20:00:00+00:00", "timestamp": 1771185600}, "league": {"id": 140, "season": 2025, "name": "La Liga", "country": "Spain", "logo": "https://media.api-sports.io/football/leagues/140.png", "flag": "https://media.api-sports.io/flags/es.svg"}}]}