{"get": "injuries", "parameters": {"league": "2", "season": "2025", "team": "541"}, "errors": [], "results": 47, "paging": {"current": 1, "total": 1}, "response": [{"player": {"id": 377122, "name": "Endrick", "photo": "https://media.api-sports.io/football/players/377122.png", "type": "Missing Fixture", "reason": "Hamstring Injury"}, "team": {"id": 541, "name": "Real Madrid", "logo": "https://media.api-sports.io/football/teams/541.png"}, "fixture": {"id": 1451024, "timezone": "UTC", "date": "2025-09-16T19:00:00+00:00", "timestamp": 1758049200}, "league": {"id": 2, "season": 2025, "name": "UEFA Champions League", "country": "World", "logo": "https://media.api-sports.io/football/leagues/2.png", "flag": null}}, {"player": {"id": 653, "name": "F. Mendy", "photo": "https://media.api-sports.io/football/players/653.png", "type": "Missing Fixture", "reason": "Hamstring Injury"}, "team": {"id": 541, "name": "Real Madrid", "logo": "https://media.api-sports.io/football/teams/541.png"}, "fixture": {"id": 1451024, "timezone": "UTC", "date": "2025-09-16T19:00:00+00:00", "timestamp": 1758049200}, "league": {"id": 2, "season": 2025, "name": "UEFA Champions League", "country": "World", "logo": "https://media.api-sports.io/football/leagues/2.png", "flag": null}}, {"player": {"id": 2285, "name": "A. Rudiger", "photo": "https://media.api-sports.io/football/players/2285.png", "type": "Missing Fixture", "reason": "Thigh Injury"}, "team": {"id": 541, "name": "Real Madrid", "logo": "https://media.api-sports.io/football/teams/541.png"}, "fixture": {"id": 1451024, "timezone": "UTC", "date": "2025-09-16T19:00:00+00:00", "timestamp": 1758049200}, "league": {"id": 2, "season": 2025, "name": "UEFA Champions League", "country": "World", "logo": "https://media.api-sports.io/football/leagues/2.png", "flag": null}}, {"player": {"id": 283, "name": "T. Alexander-Arnold", "photo": "https://media.api-sports.io/football/players/283.png", "type": "Missing Fixture", "reason": "Hamstring Injury"}, "team": {"id": 541, "name": "Real Madrid", "logo": "https://media.api-sports.io/football/teams/541.png"}, "fixture": {"id": 1451038, "timezone": "UTC", "date": "2025-09-30T16:45:00+00:00", "timestamp": 1759250700}, "league": {"id": 2, "season": 2025, "name": "UEFA Champions League", "country": "World", "logo": "https://media.api-sports.io/football/leagues/2.png", "flag": null}}, {"player": {"id": 733, "name": "D. Carvajal", "photo": "https://media.api-sports.io/football/players/733.png", "type": "Missing Fixture", "reason": "Red Card"}, "team": {"id": 541, "name": "Real Madrid", "logo": "https://media.api-sports.io/football/teams/541.png"}, "fixture": {"id": 1451038, "timezone": "UTC", "date": "2025-09-30T16:45:00+00:00", "timestamp": 1759250700}, "league": {"id": 2, "season": 2025, "name": "UEFA Champions League", "country": "World", "logo": "https://media.api-sports.io/football/leagues/2.png", "flag": null}}, {"player": {"id": 372, "name": "Eder Militao", "photo": "https://media.api-sports.io/football/players/372.png", "type": "Missing Fixture", "reason": "Ankle Injury"}, "team": {"id": 541, "name": "Real Madrid", "logo": "https://media.api-sports.io/football/teams/541.png"}, "fixture": {"id": 1451038, "timezone": "UTC", "date": "2025-09-30T16:45:00+00:00", "timestamp": 1759250700}, "league": {"id": 2, "season": 2025, "name": "UEFA Champions League", "country": "World", "logo": "https://media.api-sports.io/football/leagues/2.png", "flag": null}}, {"player": {"id": 653, "name": "F. Mendy", "photo": "https://media.api-sports.io/football/players/653.png", "type": "Missing Fixture", "reason": "Hamstring Injury"}, "team": {"id": 541, "name": "Real Madrid", "logo": "https://media.api-sports.io/football/teams/541.png"}, "fixture": {"id": 1451038, "timezone": "UTC", "date": "2025-09-30T16:45:00+00:00", "timestamp": 1759250700}, "league": {"id": 2, "season": 2025, "name": "UEFA Champions League", "country": "World", "logo": "https://media.api-sports.io/football/leagues/2.png", "flag": null}}, {"player": {"id": 2285, "name": "A. Rudiger", "photo": "https://media.api-sports.io/football/players/2285.png", "type": "Missing Fixture", "reason": "Thigh Injury"}, "team": {"id": 541, "name": "Real Madrid", "logo": "https://media.api-sports.io/football/teams/541.png"}, "fixture": {"id": 1451038, "timezone": "UTC", "date": "2025-09-30T16:45:00+00:00", "timestamp": 1759250700}, "league": {"id": 2, "season": 2025, "name": "UEFA Champions League", "country": "World", "logo": "https://media.api-sports.io/football/leagues/2.png", "flag": null}}, {"player": {"id": 505, "name": "D. Alaba", "photo": "https://media.api-sports.io/football/players/505.png", "type": "Missing Fixture", "reason": "Foot Injury"}, "team": {"id": 541, "name": "Real Madrid", "logo": "https://media.api-sports.io/football/teams/541.png"}, "fixture": {"id": 1451068, "timezone": "UTC", "date": "2025-10-22T19:00:00+00:00", "timestamp": 1761159600}, "league": {"id": 2, "season": 2025, "name": "UEFA Champions League", "country": "World", "logo": "https://media.api-sports.io/football/leagues/2.png", "flag": null}}, {"player": {"id": 283, "name": "T. Alexander-Arnold", "photo": "https://media.api-sports.io/football/players/283.png", "type": "Missing Fixture", "reason": "Hamstring Injury"}, "team": {"id": 541, "name": "Real Madrid", "logo": "https://media.api-sports.io/football/teams/541.png"}, "fixture": {"id": 1451068, "timezone": "UTC", "date": "2025-10-22T19:00:00+00:00", "timestamp": 1761159600}, "league": {"id": 2, "season": 2025, "name": "UEFA Champions League", "country": "World", "logo": "https://media.api-sports.io/football/leagues/2.png", "flag": null}}, {"player": {"id": 733, "name": "D. Carvajal", "photo": "https://media.api-sports.io/football/players/733.png", "type": "Missing Fixture", "reason": "Red Card"}, "team": {"id": 541, "name": "Real Madrid", "logo": "https://media.api-sports.io/football/teams/541.png"}, "fixture": {"id": 1451068, "timezone": "UTC", "date": "2025-10-22T19:00:00+00:00", "timestamp": 1761159600}, "league": {"id": 2, "season": 2025, "name": "UEFA Champions League", "country": "World", "logo": "https://media.api-sports.io/football/leagues/2.png", "flag": null}}, {"player": {"id": 748, "name": "D. Ceballos", "photo": "https://media.api-sports.io/football/players/748.png", "type": "Missing Fixture", "reason": "Muscle Injury"}, "team": {"id": 541, "name": "Real Madrid", "logo": "https://media.api-sports.io/football/teams/541.png"}, "fixture": {"id": 1451068, "timezone": "UTC", "date": "2025-10-22T19:00:00+00:00", "timestamp": 1761159600}, "league": {"id": 2, "season": 2025, "name": "UEFA Champions League", "country": "World", "logo": "https://media.api-sports.io/football/leagues/2.png", "flag": null}}, {"player": {"id": 361497, "name": "D. Huijsen", "photo": "https://media.api-sports.io/football/players/361497.png", "type": "Missing Fixture", "reason": "Muscle Injury"}, "team": {"id": 541, "name": "Real Madrid", "logo": "https://media.api-sports.io/football/teams/541.png"}, "fixture": {"id": 1451068, "timezone": "UTC", "date": "2025-10-22T19:00:00+00:00", "timestamp": 1761159600}, "league": {"id": 2, "season": 2025, "name": "UEFA Champions League", "country": "World", "logo": "https://media.api-sports.io/football/leagues/2.png", "flag": null}}, {"player": {"id": 2285, "name": "A. Rudiger", "photo": "https://media.api-sports.io/football/players/2285.png", "type": "Missing Fixture", "reason": "Thigh Injury"}, "team": {"id": 541, "name": "Real Madrid", "logo": "https://media.api-sports.io/football/teams/541.png"}, "fixture": {"id": 1451068, "timezone": "UTC", "date": "2025-10-22T19:00:00+00:00", "timestamp": 1761159600}, "league": {"id": 2, "season": 2025, "name": "UEFA Champions League", "country": "World", "logo": "https://media.api-sports.io/football/leagues/2.png", "flag": null}}, {"player": {"id": 505, "name": "D. Alaba", "photo": "https://media.api-sports.io/football/players/505.png", "type": "Missing Fixture", "reason": "Foot Injury"}, "team": {"id": 541, "name": "Real Madrid", "logo": "https://media.api-sports.io/football/teams/541.png"}, "fixture": {"id": 1451077, "timezone": "UTC", "date": "2025-11-04T20:00:00+00:00", "timestamp": 1762286400}, "league": {"id": 2, "season": 2025, "name": "UEFA Champions League", "country": "World", "logo": "https://media.api-sports.io/football/leagues/2.png", "flag": null}}, {"player": {"id": 733, "name": "D. Carvajal", "photo": "https://media.api-sports.io/football/players/733.png", "type": "Missing Fixture", "reason": "Knee Injury"}, "team": {"id": 541, "name": "Real Madrid", "logo": "https://media.api-sports.io/football/teams/541.png"}, "fixture": {"id": 1451077, "timezone": "UTC", "date": "2025-11-04T20:00:00+00:00", "timestamp": 1762286400}, "league": {"id": 2, "season": 2025, "name": "UEFA Champions League", "country": "World", "logo": "https://media.api-sports.io/football/leagues/2.png", "flag": null}}, {"player": {"id": 449249, "name": "F. Mastantuono", "photo": "https://media.api-sports.io/football/players/449249.png", "type": "Missing Fixture", "reason": "Groin Injury"}, "team": {"id": 541, "name": "Real Madrid", "logo": "https://media.api-sports.io/football/teams/541.png"}, "fixture": {"id": 1451077, "timezone": "UTC", "date": "2025-11-04T20:00:00+00:00", "timestamp": 1762286400}, "league": {"id": 2, "season": 2025, "name": "UEFA Champions League", "country": "World", "logo": "https://media.api-sports.io/football/leagues/2.png", "flag": null}}, {"player": {"id": 2285, "name": "A. Rudiger", "photo": "https://media.api-sports.io/football/players/2285.png", "type": "Missing Fixture", "reason": "Thigh Injury"}, "team": {"id": 541, "name": "Real Madrid", "logo": "https://media.api-sports.io/football/teams/541.png"}, "fixture": {"id": 1451077, "timezone": "UTC", "date": "2025-11-04T20:00:00+00:00", "timestamp": 1762286400}, "league": {"id": 2, "season": 2025, "name": "UEFA Champions League", "country": "World", "logo": "https://media.api-sports.io/football/leagues/2.png", "flag": null}}, {"player": {"id": 505, "name": "D. Alaba", "photo": "https://media.api-sports.io/football/players/505.png", "type": "Missing Fixture", "reason": "Muscle Injury"}, "team": {"id": 541, "name": "Real Madrid", "logo": "https://media.api-sports.io/football/teams/541.png"}, "fixture": {"id": 1451103, "timezone": "UTC", "date": "2025-11-26T20:00:00+00:00", "timestamp": 1764187200}, "league": {"id": 2, "season": 2025, "name": "UEFA Champions League", "country": "World", "logo": "https://media.api-sports.io/football/leagues/2.png", "flag": null}}, {"player": {"id": 733, "name": "D. Carvajal", "photo": "https://media.api-sports.io/football/players/733.png", "type": "Missing Fixture", "reason": "Knee Injury"}, "team": {"id": 541, "name": "Real Madrid", "logo": "https://media.api-sports.io/football/teams/541.png"}, "fixture": {"id": 1451103, "timezone": "UTC", "date": "2025-11-26T20:00:00+00:00", "timestamp": 1764187200}, "league": {"id": 2, "season": 2025, "name": "UEFA Champions League", "country": "World", "logo": "https://media.api-sports.io/football/leagues/2.png", "flag": null}}, {"player": {"id": 730, "name": "T. Courtois", "photo": "https://media.api-sports.io/football/players/730.png", "type": "Missing Fixture", "reason": "Illness"}, "team": {"id": 541, "name": "Real Madrid", "logo": "https://media.api-sports.io/football/teams/541.png"}, "fixture": {"id": 1451103, "timezone": "UTC", "date": "2025-11-26T20:00:00+00:00", "timestamp": 1764187200}, "league": {"id": 2, "season": 2025, "name": "UEFA Champions League", "country": "World", "logo": "https://media.api-sports.io/football/leagues/2.png", "flag": null}}, {"player": {"id": 372, "name": "Eder Militao", "photo": "https://media.api-sports.io/football/players/372.png", "type": "Missing Fixture", "reason": "Groin Injury"}, "team": {"id": 541, "name": "Real Madrid", "logo": "https://media.api-sports.io/football/teams/541.png"}, "fixture": {"id": 1451103, "timezone": "UTC", "date": "2025-11-26T20:00:00+00:00", "timestamp": 1764187200}, "league": {"id": 2, "season": 2025, "name": "UEFA Champions League", "country": "World", "logo": "https://media.api-sports.io/football/leagues/2.png", "flag": null}}, {"player": {"id": 361497, "name": "D. Huijsen", "photo": "https://media.api-sports.io/football/players/361497.png", "type": "Missing Fixture", "reason": "Muscle Injury"}, "team": {"id": 541, "name": "Real Madrid", "logo": "https://media.api-sports.io/football/teams/541.png"}, "fixture": {"id": 1451103, "timezone": "UTC", "date": "2025-11-26T20:00:00+00:00", "timestamp": 1764187200}, "league": {"id": 2, "season": 2025, "name": "UEFA Champions League", "country": "World", "logo": "https://media.api-sports.io/football/leagues/2.png", "flag": null}}, {"player": {"id": 449249, "name": "F. Mastantuono", "photo": "https://media.api-sports.io/football/players/449249.png", "type": "Missing Fixture", "reason": "Groin Injury"}, "team": {"id": 541, "name": "Real Madrid", "logo": "https://media.api-sports.io/football/teams/541.png"}, "fixture": {"id": 1451103, "timezone": "UTC", "date": "2025-11-26T20:00:00+00:00", "timestamp": 1764187200}, "league": {"id": 2, "season": 2025, "name": "UEFA Champions League", "country": "World", "logo": "https://media.api-sports.io/football/leagues/2.png", "flag": null}}, {"player": {"id": 2285, "name": "A. Rudiger", "photo": "https://media.api-sports.io/football/players/2285.png", "type": "Missing Fixture", "reason": "Thigh Injury"}, "team": {"id": 541, "name": "Real Madrid", "logo": "https://media.api-sports.io/football/teams/541.png"}, "fixture": {"id": 1451103, "timezone": "UTC", "date": "2025-11-26T20:00:00+00:00", "timestamp": 1764187200}, "league": {"id": 2, "season": 2025, "name": "UEFA Champions League", "country": "World", "logo": "https://media.api-sports.io/football/leagues/2.png", "flag": null}}, {"player": {"id": 505, "name": "D. Alaba", "photo": "https://media.api-sports.io/football/players/505.png", "type": "Missing Fixture", "reason": "Muscle Injury"}, "team": {"id": 541, "name": "Real Madrid", "logo": "https://media.api-sports.io/football/teams/541.png"}, "fixture": {"id": 1451121, "timezone": "UTC", "date": "2025-12-10T20:00:00+00:00", "timestamp": 1765396800}, "league": {"id": 2, "season": 2025, "name": "UEFA Champions League", "country": "World", "logo": "https://media.api-sports.io/football/leagues/2.png", "flag": null}}, {"player": {"id": 283, "name": "T. Alexander-Arnold", "photo": "https://media.api-sports.io/football/players/283.png", "type": "Missing Fixture", "reason": "Thigh Injury"}, "team": {"id": 541, "name": "Real Madrid", "logo": "https://media.api-sports.io/football/teams/541.png"}, "fixture": {"id": 1451121, "timezone": "UTC", "date": "2025-12-10T20:00:00+00:00", "timestamp": 1765396800}, "league": {"id": 2, "season": 2025, "name": "UEFA Champions League", "country": "World", "logo": "https://media.api-sports.io/football/leagues/2.png", "flag": null}}, {"player": {"id": 2207, "name": "E. Camavinga", "photo": "https://media.api-sports.io/football/players/2207.png", "type": "Missing Fixture", "reason": "Ankle Injury"}, "team": {"id": 541, "name": "Real Madrid", "logo": "https://media.api-sports.io/football/teams/541.png"}, "fixture": {"id": 1451121, "timezone": "UTC", "date": "2025-12-10T20:00:00+00:00", "timestamp": 1765396800}, "league": {"id": 2, "season": 2025, "name": "UEFA Champions League", "country": "World", "logo": "https://media.api-sports.io/football/leagues/2.png", "flag": null}}, {"player": {"id": 733, "name": "D. Carvajal", "photo": "https://media.api-sports.io/football/players/733.png", "type": "Missing Fixture", "reason": "Knee Injury"}, "team": {"id": 541, "name": "Real Madrid", "logo": "https://media.api-sports.io/football/teams/541.png"}, "fixture": {"id": 1451121, "timezone": "UTC", "date": "2025-12-10T20:00:00+00:00", "timestamp": 1765396800}, "league": {"id": 2, "season": 2025, "name": "UEFA Champions League", "country": "World", "logo": "https://media.api-sports.io/football/leagues/2.png", "flag": null}}, {"player": {"id": 372, "name": "Eder Militao", "photo": "https://media.api-sports.io/football/players/372.png", "type": "Missing Fixture", "reason": "Hamstring Injury"}, "team": {"id": 541, "name": "Real Madrid", "logo": "https://media.api-sports.io/football/teams/541.png"}, "fixture": {"id": 1451121, "timezone": "UTC", "date": "2025-12-10T20:00:00+00:00", "timestamp": 1765396800}, "league": {"id": 2, "season": 2025, "name": "UEFA Champions League", "country": "World", "logo": "https://media.api-sports.io/football/leagues/2.png", "flag": null}}, {"player": {"id": 361497, "name": "D. Huijsen", "photo": "https://media.api-sports.io/football/players/361497.png", "type": "Missing Fixture", "reason": "Muscle Injury"}, "team": {"id": 541, "name": "Real Madrid", "logo": "https://media.api-sports.io/football/teams/541.png"}, "fixture": {"id": 1451121, "timezone": "UTC", "date": "2025-12-10T20:00:00+00:00", "timestamp": 1765396800}, "league": {"id": 2, "season": 2025, "name": "UEFA Champions League", "country": "World", "logo": "https://media.api-sports.io/football/leagues/2.png", "flag": null}}, {"player": {"id": 653, "name": "F. Mendy", "photo": "https://media.api-sports.io/football/players/653.png", "type": "Missing Fixture", "reason": "Muscle Injury"}, "team": {"id": 541, "name": "Real Madrid", "logo": "https://media.api-sports.io/football/teams/541.png"}, "fixture": {"id": 1451121, "timezone": "UTC", "date": "2025-12-10T20:00:00+00:00", "timestamp": 1765396800}, "league": {"id": 2, "season": 2025, "name": "UEFA Champions League", "country": "World", "logo": "https://media.api-sports.io/football/leagues/2.png", "flag": null}}, {"player": {"id": 283, "name": "T. Alexander-Arnold", "photo": "https://media.api-sports.io/football/players/283.png", "type": "Missing Fixture", "reason": "Thigh Injury"}, "team": {"id": 541, "name": "Real Madrid", "logo": "https://media.api-sports.io/football/teams/541.png"}, "fixture": {"id": 1451130, "timezone": "UTC", "date": "2026-01-20T20:00:00+00:00", "timestamp": 1768939200}, "league": {"id": 2, "season": 2025, "name": "UEFA Champions League", "country": "World", "logo": "https://media.api-sports.io/football/leagues/2.png", "flag": null}}, {"player": {"id": 284300, "name": "A. Carreras", "photo": "https://media.api-sports.io/football/players/284300.png", "type": "Missing Fixture", "reason": "Yellow Cards"}, "team": {"id": 541, "name": "Real Madrid", "logo": "https://media.api-sports.io/football/teams/541.png"}, "fixture": {"id": 1451130, "timezone": "UTC", "date": "2026-01-20T20:00:00+00:00", "timestamp": 1768939200}, "league": {"id": 2, "season": 2025, "name": "UEFA Champions League", "country": "World", "logo": "https://media.api-sports.io/football/leagues/2.png", "flag": null}}, {"player": {"id": 744, "name": "B. Diaz", "photo": "https://media.api-sports.io/football/players/744.png", "type": "Missing Fixture", "reason": "Rest"}, "team": {"id": 541, "name": "Real Madrid", "logo": "https://media.api-sports.io/football/teams/541.png"}, "fixture": {"id": 1451130, "timezone": "UTC", "date": "2026-01-20T20:00:00+00:00", "timestamp": 1768939200}, "league": {"id": 2, "season": 2025, "name": "UEFA Champions League", "country": "World", "logo": "https://media.api-sports.io/football/leagues/2.png", "flag": null}}, {"player": {"id": 372, "name": "Eder Militao", "photo": "https://media.api-sports.io/football/players/372.png", "type": "Missing Fixture", "reason": "Hamstring Injury"}, "team": {"id": 541, "name": "Real Madrid", "logo": "https://media.api-sports.io/football/teams/541.png"}, "fixture": {"id": 1451130, "timezone": "UTC", "date": "2026-01-20T20:00:00+00:00", "timestamp": 1768939200}, "league": {"id": 2, "season": 2025, "name": "UEFA Champions League", "country": "World", "logo": "https://media.api-sports.io/football/leagues/2.png", "flag": null}}, {"player": {"id": 653, "name": "F. Mendy", "photo": "https://media.api-sports.io/football/players/653.png", "type": "Missing Fixture", "reason": "Calf Injury"}, "team": {"id": 541, "name": "Real Madrid", "logo": "https://media.api-sports.io/football/teams/541.png"}, "fixture": {"id": 1451130, "timezone": "UTC", "date": "2026-01-20T20:00:00+00:00", "timestamp": 1768939200}, "league": {"id": 2, "season": 2025, "name": "UEFA Champions League", "country": "World", "logo": "https://media.api-sports.io/football/leagues/2.png", "flag": null}}, {"player": {"id": 10009, "name": "Rodrygo", "photo": "https://media.api-sports.io/football/players/10009.png", "type": "Missing Fixture", "reason": "Injury"}, "team": {"id": 541, "name": "Real Madrid", "logo": "https://media.api-sports.io/football/teams/541.png"}, "fixture": {"id": 1451130, "timezone": "UTC", "date": "2026-01-20T20:00:00+00:00", "timestamp": 1768939200}, "league": {"id": 2, "season": 2025, "name": "UEFA Champions League", "country": "World", "logo": "https://media.api-sports.io/football/leagues/2.png", "flag": null}}, {"player": {"id": 2285, "name": "A. Rudiger", "photo": "https://media.api-sports.io/football/players/2285.png", "type": "Missing Fixture", "reason": "Knee Injury"}, "team": {"id": 541, "name": "Real Madrid", "logo": "https://media.api-sports.io/football/teams/541.png"}, "fixture": {"id": 1451130, "timezone": "UTC", "date": "2026-01-20T20:00:00+00:00", "timestamp": 1768939200}, "league": {"id": 2, "season": 2025, "name": "UEFA Champions League", "country": "World", "logo": "https://media.api-sports.io/football/leagues/2.png", "flag": null}}, {"player": {"id": 283, "name": "T. Alexander-Arnold", "photo": "https://media.api-sports.io/football/players/283.png", "type": "Missing Fixture", "reason": "Thigh Injury"}, "team": {"id": 541, "name": "Real Madrid", "logo": "https://media.api-sports.io/football/teams/541.png"}, "fixture": {"id": 1451162, "timezone": "UTC", "date": "2026-01-28T20:00:00+00:00", "timestamp": 1769630400}, "league": {"id": 2, "season": 2025, "name": "UEFA Champions League", "country": "World", "logo": "https://media.api-sports.io/football/leagues/2.png", "flag": null}}, {"player": {"id": 372, "name": "Eder Militao", "photo": "https://media.api-sports.io/football/players/372.png", "type": "Missing Fixture", "reason": "Hamstring Injury"}, "team": {"id": 541, "name": "Real Madrid", "logo": "https://media.api-sports.io/football/teams/541.png"}, "fixture": {"id": 1451162, "timezone": "UTC", "date": "2026-01-28T20:00:00+00:00", "timestamp": 1769630400}, "league": {"id": 2, "season": 2025, "name": "UEFA Champions League", "country": "World", "logo": "https://media.api-sports.io/football/leagues/2.png", "flag": null}}, {"player": {"id": 653, "name": "F. Mendy", "photo": "https://media.api-sports.io/football/players/653.png", "type": "Missing Fixture", "reason": "Calf Injury"}, "team": {"id": 541, "name": "Real Madrid", "logo": "https://media.api-sports.io/football/teams/541.png"}, "fixture": {"id": 1451162, "timezone": "UTC", "date": "2026-01-28T20:00:00+00:00", "timestamp": 1769630400}, "league": {"id": 2, "season": 2025, "name": "UEFA Champions League", "country": "World", "logo": "https://media.api-sports.io/football/leagues/2.png", "flag": null}}, {"player": {"id": 2285, "name": "A. Rudiger", "photo": "https://media.api-sports.io/football/players/2285.png", "type": "Missing Fixture", "reason": "Knee Injury"}, "team": {"id": 541, "name": "Real Madrid", "logo": "https://media.api-sports.io/football/teams/541.png"}, "fixture": {"id": 1451162, "timezone": "UTC", "date": "2026-01-28T20:00:00+00:00", "timestamp": 1769630400}, "league": {"id": 2, "season": 2025, "name": "UEFA Champions League", "country": "World", "logo": "https://media.api-sports.io/football/leagues/2.png", "flag": null}}, {"player": {"id": 341640, "name": "R. Asencio", "photo": "https://media.api-sports.io/football/players/341640.png", "type": "Missing Fixture", "reason": "Red Card"}, "team": {"id": 541, "name": "Real Madrid", "logo": "https://media.api-sports.io/football/teams/541.png"}, "fixture": {"id": 1515515, "timezone": "UTC", "date": "2026-02-17T20:00:00+00:00", "timestamp": 1771358400}, "league": {"id": 2, "season": 2025, "name": "UEFA Champions League", "country": "World", "logo": "https://media.api-sports.io/football/leagues/2.png", "flag": null}}, {"player": {"id": 129718, "name": "J. Bellingham", "photo": "https://media.api-sports.io/football/players/129718.png", "type": "Missing Fixture", "reason": "Hamstring Injury"}, "team": {"id": 541, "name": "Real Madrid", "logo": "https://media.api-sports.io/football/teams/541.png"}, "fixture": {"id": 1515515, "timezone": "UTC", "date": "2026-02-17T20:00:00+00:00", "timestamp": 1771358400}, "league": {"id": 2, "season": 2025, "name": "UEFA Champions League", "country": "World", "logo": "https://media.api-sports.io/football/leagues/2.png", "flag": null}}, {"player": {"id": 372, "name": "Eder Militao", "photo": "https://media.api-sports.io/football/players/372.png", "type": "Missing Fixture", "reason": "Hamstring Injury"}, "team": {"id": 541, "name": "Real Madrid", "logo": "https://media.api-sports.io/football/teams/541.png"}, "fixture": {"id": 1515515, "timezone": "UTC", "date": "2026-02-17T20:00:00+00:00", "timestamp": 1771358400}, "league": {"id": 2, "season": 2025, "name": "UEFA Champions League", "country": "World", "logo": "https://media.api-sports.io/football/leagues/2.png", "flag": null}}, {"player": {"id": 10009, "name": "Rodrygo", "photo": "https://media.api-sports.io/football/players/10009.png", "type": "Missing Fixture", "reason": "Red Card"}, "team": {"id": 541, "name": "Real Madrid", "logo": "https://media.api-sports.io/football/teams/541.png"}, "fixture": {"id": 1515515, "timezone": "UTC", "date": "2026-02-17T20:00:00+00:00", "timestamp": 1771358400}, "league": {"id": 2, "season": 2025, "name": "UEFA Champions League", "country": "World", "logo": "https://media.api-sports.io/football/leagues/2.png", "flag": null}}]}