{"get": "fixtures", "parameters": {"league": "78", "season": "2025", "date": "2026-02-13"}, "errors": [], "results": 1, "paging": {"current": 1, "total": 1}, "response": [{"fixture": {"id": 1388499, "referee": null, "timezone": "UTC", "date": "2026-02-13T19:30:00+00:00", "timestamp": 1771011000, "periods": {"first": null, "second": null}, "venue": {"id": null, "name": "SIGNAL IDUNA PARK", "city": "Dortmund"}, "status": {"long": "Not Started", "short": "NS", "elapsed": null, "extra": null}}, "league": {"id": 78, "name": "Bundesliga", "country": "Germany", "logo": "https://media.api-sports.io/football/leagues/78.png", "flag": "https://media.api-sports.io/flags/de.svg", "season": 2025, "round": "Regular Season - 22", "standings": true}, "teams": {"home": {"id": 165, "name": "Borussia Dortmund", "logo": "https://media.api-sports.io/football/teams/165.png", "winner": null}, "away": {"id": 164, "name": "FSV Mainz 05", "logo": "https://media.api-sports.io/football/teams/164.png", "winner": null}}, "goals": {"home": null, "away": null}, "score": {"halftime": {"home": null, "away": null}, "fulltime": {"home": null, "away": null}, "extratime": {"home": null, "away": null}, "penalty": {"home": null, "away": null}}}]}