{"get": "injuries", "parameters": {"league": "39", "season": "2025", "team": "44"}, "errors": [], "results": 125, "paging": {"current": 1, "total": 1}, "response": [{"player": {"id": 36927, "name": "Zian Flemming", "photo": "https://media.api-sports.io/football/players/36927.png", "type": "Missing Fixture", "reason": "Injured Doubtful"}, "team": {"id": 44, "name": "Burnley", "logo": "https://media.api-sports.io/football/teams/44.png"}, "fixture": {"id": 1378974, "timezone": "UTC", "date": "2025-08-16T14:00:00+00:00", "timestamp": 1755352800}, "league": {"id": 39, "season": 2025, "name": "Premier League", "country": "England", "logo": "https://media.api-sports.io/football/leagues/39.png", "flag": "https://media.api-sports.io/flags/gb-eng.svg"}}, {"player": {"id": 19182, "name": "Axel Tuanzebe", "photo": "https://media.api-sports.io/football/players/19182.png", "type": "Missing Fixture", "reason": "Injured Doubtful"}, "team": {"id": 44, "name": "Burnley", "logo": "https://media.api-sports.io/football/teams/44.png"}, "fixture": {"id": 1378982, "timezone": "UTC", "date": "2025-08-23T14:00:00+00:00", "timestamp": 1755957600}, "league": {"id": 39, "season": 2025, "name": "Premier League", "country": "England", "logo": "https://media.api-sports.io/football/leagues/39.png", "flag": "https://media.api-sports.io/flags/gb-eng.svg"}}, {"player": {"id": 138822, "name": "A. Broja", "photo": "https://media.api-sports.io/football/players/138822.png", "type": "Missing Fixture", "reason": "Fitness"}, "team": {"id": 44, "name": "Burnley", "logo": "https://media.api-sports.io/football/teams/44.png"}, "fixture": {"id": 1378974, "timezone": "UTC", "date": "2025-08-16T14:00:00+00:00", "timestamp": 1755352800}, "league": {"id": 39, "season": 2025, "name": "Premier League", "country": "England", "logo": "https://media.api-sports.io/football/leagues/39.png", "flag": "https://media.api-sports.io/flags/gb-eng.svg"}}, {"player": {"id": 138822, "name": "A. Broja", "photo": "https://media.api-sports.io/football/players/138822.png", "type": "Missing Fixture", "reason": "Fitness"}, "team": {"id": 44, "name": "Burnley", "logo": "https://media.api-sports.io/football/teams/44.png"}, "fixture": {"id": 1378982, "timezone": "UTC", "date": "2025-08-23T14:00:00+00:00", "timestamp": 1755957600}, "league": {"id": 39, "season": 2025, "name": "Premier League", "country": "England", "logo": "https://media.api-sports.io/football/leagues/39.png", "flag": "https://media.api-sports.io/flags/gb-eng.svg"}}, {"player": {"id": 138822, "name": "A. Broja", "photo": "https://media.api-sports.io/football/players/138822.png", "type": "Missing Fixture", "reason": "Fitness"}, "team": {"id": 44, "name": "Burnley", "logo": "https://media.api-sports.io/football/teams/44.png"}, "fixture": {"id": 1378994, "timezone": "UTC", "date": "2025-08-30T14:00:00+00:00", "timestamp": 1756562400}, "league": {"id": 39, "season": 2025, "name": "Premier League", "country": "England", "logo": "https://media.api-sports.io/football/leagues/39.png", "flag": "https://media.api-sports.io/flags/gb-eng.svg"}}, {"player": {"id": 25628, "name": "J. Beyer", "photo": "https://media.api-sports.io/football/players/25628.png", "type": "Missing Fixture", "reason": "Hamstring Injury"}, "team": {"id": 44, "name": "Burnley", "logo": "https://media.api-sports.io/football/teams/44.png"}, "fixture": {"id": 1378974, "timezone": "UTC", "date": "2025-08-16T14:00:00+00:00", "timestamp": 1755352800}, "league": {"id": 39, "season": 2025, "name": "Premier League", "country": "England", "logo": "https://media.api-sports.io/football/leagues/39.png", "flag": "https://media.api-sports.io/flags/gb-eng.svg"}}, {"player": {"id": 25628, "name": "J. Beyer", "photo": "https://media.api-sports.io/football/players/25628.png", "type": "Missing Fixture", "reason": "Hamstring Injury"}, "team": {"id": 44, "name": "Burnley", "logo": "https://media.api-sports.io/football/teams/44.png"}, "fixture": {"id": 1378982, "timezone": "UTC", "date": "2025-08-23T14:00:00+00:00", "timestamp": 1755957600}, "league": {"id": 39, "season": 2025, "name": "Premier League", "country": "England", "logo": "https://media.api-sports.io/football/leagues/39.png", "flag": "https://media.api-sports.io/flags/gb-eng.svg"}}, {"player": {"id": 25628, "name": "J. Beyer", "photo": "https://media.api-sports.io/football/players/25628.png", "type": "Missing Fixture", "reason": "Hamstring Injury"}, "team": {"id": 44, "name": "Burnley", "logo": "https://media.api-sports.io/football/teams/44.png"}, "fixture": {"id": 1378994, "timezone": "UTC", "date": "2025-08-30T14:00:00+00:00", "timestamp": 1756562400}, "league": {"id": 39, "season": 2025, "name": "Premier League", "country": "England", "logo": "https://media.api-sports.io/football/leagues/39.png", "flag": "https://media.api-sports.io/flags/gb-eng.svg"}}, {"player": {"id": 181797, "name": "B. Humphreys", "photo": "https://media.api-sports.io/football/players/181797.png", "type": "Missing Fixture", "reason": "Thigh problems"}, "team": {"id": 44, "name": "Burnley", "logo": "https://media.api-sports.io/football/teams/44.png"}, "fixture": {"id": 1378974, "timezone": "UTC", "date": "2025-08-16T14:00:00+00:00", "timestamp": 1755352800}, "league": {"id": 39, "season": 2025, "name": "Premier League", "country": "England", "logo": "https://media.api-sports.io/football/leagues/39.png", "flag": "https://media.api-sports.io/flags/gb-eng.svg"}}, {"player": {"id": 181797, "name": "B. Humphreys", "photo": "https://media.api-sports.io/football/players/181797.png", "type": "Missing Fixture", "reason": "Thigh problems"}, "team": {"id": 44, "name": "Burnley", "logo": "https://media.api-sports.io/football/teams/44.png"}, "fixture": {"id": 1378982, "timezone": "UTC", "date": "2025-08-23T14:00:00+00:00", "timestamp": 1755957600}, "league": {"id": 39, "season": 2025, "name": "Premier League", "country": "England", "logo": "https://media.api-sports.io/football/leagues/39.png", "flag": "https://media.api-sports.io/flags/gb-eng.svg"}}, {"player": {"id": 181797, "name": "B. Humphreys", "photo": "https://media.api-sports.io/football/players/181797.png", "type": "Missing Fixture", "reason": "Thigh problems"}, "team": {"id": 44, "name": "Burnley", "logo": "https://media.api-sports.io/football/teams/44.png"}, "fixture": {"id": 1378994, "timezone": "UTC", "date": "2025-08-30T14:00:00+00:00", "timestamp": 1756562400}, "league": {"id": 39, "season": 2025, "name": "Premier League", "country": "England", "logo": "https://media.api-sports.io/football/leagues/39.png", "flag": "https://media.api-sports.io/flags/gb-eng.svg"}}, {"player": {"id": 181797, "name": "B. Humphreys", "photo": "https://media.api-sports.io/football/players/181797.png", "type": "Missing Fixture", "reason": "Thigh problems"}, "team": {"id": 44, "name": "Burnley", "logo": "https://media.api-sports.io/football/teams/44.png"}, "fixture": {"id": 1379002, "timezone": "UTC", "date": "2025-09-14T13:00:00+00:00", "timestamp": 1757854800}, "league": {"id": 39, "season": 2025, "name": "Premier League", "country": "England", "logo": "https://media.api-sports.io/football/leagues/39.png", "flag": "https://media.api-sports.io/flags/gb-eng.svg"}}, {"player": {"id": 123469, "name": "Z. Amdouni", "photo": "https://media.api-sports.io/football/players/123469.png", "type": "Missing Fixture", "reason": "Cruciate Ligament Rupture"}, "team": {"id": 44, "name": "Burnley", "logo": "https://media.api-sports.io/football/teams/44.png"}, "fixture": {"id": 1378974, "timezone": "UTC", "date": "2025-08-16T14:00:00+00:00", "timestamp": 1755352800}, "league": {"id": 39, "season": 2025, "name": "Premier League", "country": "England", "logo": "https://media.api-sports.io/football/leagues/39.png", "flag": "https://media.api-sports.io/flags/gb-eng.svg"}}, {"player": {"id": 123469, "name": "Z. Amdouni", "photo": "https://media.api-sports.io/football/players/123469.png", "type": "Missing Fixture", "reason": "Cruciate Ligament Rupture"}, "team": {"id": 44, "name": "Burnley", "logo": "https://media.api-sports.io/football/teams/44.png"}, "fixture": {"id": 1378982, "timezone": "UTC", "date": "2025-08-23T14:00:00+00:00", "timestamp": 1755957600}, "league": {"id": 39, "season": 2025, "name": "Premier League", "country": "England", "logo": "https://media.api-sports.io/football/leagues/39.png", "flag": "https://media.api-sports.io/flags/gb-eng.svg"}}, {"player": {"id": 123469, "name": "Z. Amdouni", "photo": "https://media.api-sports.io/football/players/123469.png", "type": "Missing Fixture", "reason": "Cruciate Ligament Rupture"}, "team": {"id": 44, "name": "Burnley", "logo": "https://media.api-sports.io/football/teams/44.png"}, "fixture": {"id": 1378994, "timezone": "UTC", "date": "2025-08-30T14:00:00+00:00", "timestamp": 1756562400}, "league": {"id": 39, "season": 2025, "name": "Premier League", "country": "England", "logo": "https://media.api-sports.io/football/leagues/39.png", "flag": "https://media.api-sports.io/flags/gb-eng.svg"}}, {"player": {"id": 123469, "name": "Z. Amdouni", "photo": "https://media.api-sports.io/football/players/123469.png", "type": "Missing Fixture", "reason": "Cruciate Ligament Rupture"}, "team": {"id": 44, "name": "Burnley", "logo": "https://media.api-sports.io/football/teams/44.png"}, "fixture": {"id": 1379002, "timezone": "UTC", "date": "2025-09-14T13:00:00+00:00", "timestamp": 1757854800}, "league": {"id": 39, "season": 2025, "name": "Premier League", "country": "England", "logo": "https://media.api-sports.io/football/leagues/39.png", "flag": "https://media.api-sports.io/flags/gb-eng.svg"}}, {"player": {"id": 19331, "name": "C. Roberts", "photo": "https://media.api-sports.io/football/players/19331.png", "type": "Missing Fixture", "reason": "Groin Injury"}, "team": {"id": 44, "name": "Burnley", "logo": "https://media.api-sports.io/football/teams/44.png"}, "fixture": {"id": 1378974, "timezone": "UTC", "date": "2025-08-16T14:00:00+00:00", "timestamp": 1755352800}, "league": {"id": 39, "season": 2025, "name": "Premier League", "country": "England", "logo": "https://media.api-sports.io/football/leagues/39.png", "flag": "https://media.api-sports.io/flags/gb-eng.svg"}}, {"player": {"id": 19331, "name": "C. Roberts", "photo": "https://media.api-sports.io/football/players/19331.png", "type": "Missing Fixture", "reason": "Groin Injury"}, "team": {"id": 44, "name": "Burnley", "logo": "https://media.api-sports.io/football/teams/44.png"}, "fixture": {"id": 1378982, "timezone": "UTC", "date": "2025-08-23T14:00:00+00:00", "timestamp": 1755957600}, "league": {"id": 39, "season": 2025, "name": "Premier League", "country": "England", "logo": "https://media.api-sports.io/football/leagues/39.png", "flag": "https://media.api-sports.io/flags/gb-eng.svg"}}, {"player": {"id": 19331, "name": "C. Roberts", "photo": "https://media.api-sports.io/football/players/19331.png", "type": "Missing Fixture", "reason": "Groin Injury"}, "team": {"id": 44, "name": "Burnley", "logo": "https://media.api-sports.io/football/teams/44.png"}, "fixture": {"id": 1378994, "timezone": "UTC", "date": "2025-08-30T14:00:00+00:00", "timestamp": 1756562400}, "league": {"id": 39, "season": 2025, "name": "Premier League", "country": "England", "logo": "https://media.api-sports.io/football/leagues/39.png", "flag": "https://media.api-sports.io/flags/gb-eng.svg"}}, {"player": {"id": 123469, "name": "Z. Amdouni", "photo": "https://media.api-sports.io/football/players/123469.png", "type": "Missing Fixture", "reason": "Knee Injury"}, "team": {"id": 44, "name": "Burnley", "logo": "https://media.api-sports.io/football/teams/44.png"}, "fixture": {"id": 1379012, "timezone": "UTC", "date": "2025-09-20T14:00:00+00:00", "timestamp": 1758376800}, "league": {"id": 39, "season": 2025, "name": "Premier League", "country": "England", "logo": "https://media.api-sports.io/football/leagues/39.png", "flag": "https://media.api-sports.io/flags/gb-eng.svg"}}, {"player": {"id": 25628, "name": "J. Beyer", "photo": "https://media.api-sports.io/football/players/25628.png", "type": "Missing Fixture", "reason": "Hamstring Injury"}, "team": {"id": 44, "name": "Burnley", "logo": "https://media.api-sports.io/football/teams/44.png"}, "fixture": {"id": 1379012, "timezone": "UTC", "date": "2025-09-20T14:00:00+00:00", "timestamp": 1758376800}, "league": {"id": 39, "season": 2025, "name": "Premier League", "country": "England", "logo": "https://media.api-sports.io/football/leagues/39.png", "flag": "https://media.api-sports.io/flags/gb-eng.svg"}}, {"player": {"id": 19331, "name": "C. Roberts", "photo": "https://media.api-sports.io/football/players/19331.png", "type": "Missing Fixture", "reason": "Groin Injury"}, "team": {"id": 44, "name": "Burnley", "logo": "https://media.api-sports.io/football/teams/44.png"}, "fixture": {"id": 1379012, "timezone": "UTC", "date": "2025-09-20T14:00:00+00:00", "timestamp": 1758376800}, "league": {"id": 39, "season": 2025, "name": "Premier League", "country": "England", "logo": "https://media.api-sports.io/football/leagues/39.png", "flag": "https://media.api-sports.io/flags/gb-eng.svg"}}, {"player": {"id": 270508, "name": "L. Ugochukwu", "photo": "https://media.api-sports.io/football/players/270508.png", "type": "Missing Fixture", "reason": "Red Card"}, "team": {"id": 44, "name": "Burnley", "logo": "https://media.api-sports.io/football/teams/44.png"}, "fixture": {"id": 1379012, "timezone": "UTC", "date": "2025-09-20T14:00:00+00:00", "timestamp": 1758376800}, "league": {"id": 39, "season": 2025, "name": "Premier League", "country": "England", "logo": "https://media.api-sports.io/football/leagues/39.png", "flag": "https://media.api-sports.io/flags/gb-eng.svg"}}, {"player": {"id": 22, "name": "J. Bruun Larsen", "photo": "https://media.api-sports.io/football/players/22.png", "type": "Questionable", "reason": "Knock"}, "team": {"id": 44, "name": "Burnley", "logo": "https://media.api-sports.io/football/teams/44.png"}, "fixture": {"id": 1379012, "timezone": "UTC", "date": "2025-09-20T14:00:00+00:00", "timestamp": 1758376800}, "league": {"id": 39, "season": 2025, "name": "Premier League", "country": "England", "logo": "https://media.api-sports.io/football/leagues/39.png", "flag": "https://media.api-sports.io/flags/gb-eng.svg"}}, {"player": {"id": 123469, "name": "Z. Amdouni", "photo": "https://media.api-sports.io/football/players/123469.png", "type": "Missing Fixture", "reason": "Knee Injury"}, "team": {"id": 44, "name": "Burnley", "logo": "https://media.api-sports.io/football/teams/44.png"}, "fixture": {"id": 1379025, "timezone": "UTC", "date": "2025-09-27T14:00:00+00:00", "timestamp": 1758981600}, "league": {"id": 39, "season": 2025, "name": "Premier League", "country": "England", "logo": "https://media.api-sports.io/football/leagues/39.png", "flag": "https://media.api-sports.io/flags/gb-eng.svg"}}, {"player": {"id": 25628, "name": "J. Beyer", "photo": "https://media.api-sports.io/football/players/25628.png", "type": "Missing Fixture", "reason": "Hamstring Injury"}, "team": {"id": 44, "name": "Burnley", "logo": "https://media.api-sports.io/football/teams/44.png"}, "fixture": {"id": 1379025, "timezone": "UTC", "date": "2025-09-27T14:00:00+00:00", "timestamp": 1758981600}, "league": {"id": 39, "season": 2025, "name": "Premier League", "country": "England", "logo": "https://media.api-sports.io/football/leagues/39.png", "flag": "https://media.api-sports.io/flags/gb-eng.svg"}}, {"player": {"id": 19331, "name": "C. Roberts", "photo": "https://media.api-sports.io/football/players/19331.png", "type": "Missing Fixture", "reason": "Groin Injury"}, "team": {"id": 44, "name": "Burnley", "logo": "https://media.api-sports.io/football/teams/44.png"}, "fixture": {"id": 1379025, "timezone": "UTC", "date": "2025-09-27T14:00:00+00:00", "timestamp": 1758981600}, "league": {"id": 39, "season": 2025, "name": "Premier League", "country": "England", "logo": "https://media.api-sports.io/football/leagues/39.png", "flag": "https://media.api-sports.io/flags/gb-eng.svg"}}, {"player": {"id": 123469, "name": "Z. Amdouni", "photo": "https://media.api-sports.io/football/players/123469.png", "type": "Missing Fixture", "reason": "Knee Injury"}, "team": {"id": 44, "name": "Burnley", "logo": "https://media.api-sports.io/football/teams/44.png"}, "fixture": {"id": 1379030, "timezone": "UTC", "date": "2025-10-05T13:00:00+00:00", "timestamp": 1759669200}, "league": {"id": 39, "season": 2025, "name": "Premier League", "country": "England", "logo": "https://media.api-sports.io/football/leagues/39.png", "flag": "https://media.api-sports.io/flags/gb-eng.svg"}}, {"player": {"id": 25628, "name": "J. Beyer", "photo": "https://media.api-sports.io/football/players/25628.png", "type": "Missing Fixture", "reason": "Hamstring Injury"}, "team": {"id": 44, "name": "Burnley", "logo": "https://media.api-sports.io/football/teams/44.png"}, "fixture": {"id": 1379030, "timezone": "UTC", "date": "2025-10-05T13:00:00+00:00", "timestamp": 1759669200}, "league": {"id": 39, "season": 2025, "name": "Premier League", "country": "England", "logo": "https://media.api-sports.io/football/leagues/39.png", "flag": "https://media.api-sports.io/flags/gb-eng.svg"}}, {"player": {"id": 19331, "name": "C. Roberts", "photo": "https://media.api-sports.io/football/players/19331.png", "type": "Missing Fixture", "reason": "Groin Injury"}, "team": {"id": 44, "name": "Burnley", "logo": "https://media.api-sports.io/football/teams/44.png"}, "fixture": {"id": 1379030, "timezone": "UTC", "date": "2025-10-05T13:00:00+00:00", "timestamp": 1759669200}, "league": {"id": 39, "season": 2025, "name": "Premier League", "country": "England", "logo": "https://media.api-sports.io/football/leagues/39.png", "flag": "https://media.api-sports.io/flags/gb-eng.svg"}}, {"player": {"id": 123469, "name": "Z. Amdouni", "photo": "https://media.api-sports.io/football/players/123469.png", "type": "Missing Fixture", "reason": "Knee Injury"}, "team": {"id": 44, "name": "Burnley", "logo": "https://media.api-sports.io/football/teams/44.png"}, "fixture": {"id": 1379040, "timezone": "UTC", "date": "2025-10-18T14:00:00+00:00", "timestamp": 1760796000}, "league": {"id": 39, "season": 2025, "name": "Premier League", "country": "England", "logo": "https://media.api-sports.io/football/leagues/39.png", "flag": "https://media.api-sports.io/flags/gb-eng.svg"}}, {"player": {"id": 25628, "name": "J. Beyer", "photo": "https://media.api-sports.io/football/players/25628.png", "type": "Missing Fixture", "reason": "Hamstring Injury"}, "team": {"id": 44, "name": "Burnley", "logo": "https://media.api-sports.io/football/teams/44.png"}, "fixture": {"id": 1379040, "timezone": "UTC", "date": "2025-10-18T14:00:00+00:00", "timestamp": 1760796000}, "league": {"id": 39, "season": 2025, "name": "Premier League", "country": "England", "logo": "https://media.api-sports.io/football/leagues/39.png", "flag": "https://media.api-sports.io/flags/gb-eng.svg"}}, {"player": {"id": 19331, "name": "C. Roberts", "photo": "https://media.api-sports.io/football/players/19331.png", "type": "Missing Fixture", "reason": "Groin Injury"}, "team": {"id": 44, "name": "Burnley", "logo": "https://media.api-sports.io/football/teams/44.png"}, "fixture": {"id": 1379040, "timezone": "UTC", "date": "2025-10-18T14:00:00+00:00", "timestamp": 1760796000}, "league": {"id": 39, "season": 2025, "name": "Premier League", "country": "England", "logo": "https://media.api-sports.io/football/leagues/39.png", "flag": "https://media.api-sports.io/flags/gb-eng.svg"}}, {"player": {"id": 98936, "name": "L. Foster", "photo": "https://media.api-sports.io/football/players/98936.png", "type": "Questionable", "reason": "Knock"}, "team": {"id": 44, "name": "Burnley", "logo": "https://media.api-sports.io/football/teams/44.png"}, "fixture": {"id": 1379040, "timezone": "UTC", "date": "2025-10-18T14:00:00+00:00", "timestamp": 1760796000}, "league": {"id": 39, "season": 2025, "name": "Premier League", "country": "England", "logo": "https://media.api-sports.io/football/leagues/39.png", "flag": "https://media.api-sports.io/flags/gb-eng.svg"}}, {"player": {"id": 123469, "name": "Z. Amdouni", "photo": "https://media.api-sports.io/football/players/123469.png", "type": "Missing Fixture", "reason": "Knee Injury"}, "team": {"id": 44, "name": "Burnley", "logo": "https://media.api-sports.io/football/teams/44.png"}, "fixture": {"id": 1379058, "timezone": "UTC", "date": "2025-10-26T14:00:00+00:00", "timestamp": 1761487200}, "league": {"id": 39, "season": 2025, "name": "Premier League", "country": "England", "logo": "https://media.api-sports.io/football/leagues/39.png", "flag": "https://media.api-sports.io/flags/gb-eng.svg"}}, {"player": {"id": 25628, "name": "J. Beyer", "photo": "https://media.api-sports.io/football/players/25628.png", "type": "Missing Fixture", "reason": "Hamstring Injury"}, "team": {"id": 44, "name": "Burnley", "logo": "https://media.api-sports.io/football/teams/44.png"}, "fixture": {"id": 1379058, "timezone": "UTC", "date": "2025-10-26T14:00:00+00:00", "timestamp": 1761487200}, "league": {"id": 39, "season": 2025, "name": "Premier League", "country": "England", "logo": "https://media.api-sports.io/football/leagues/39.png", "flag": "https://media.api-sports.io/flags/gb-eng.svg"}}, {"player": {"id": 19331, "name": "C. Roberts", "photo": "https://media.api-sports.io/football/players/19331.png", "type": "Missing Fixture", "reason": "Groin Injury"}, "team": {"id": 44, "name": "Burnley", "logo": "https://media.api-sports.io/football/teams/44.png"}, "fixture": {"id": 1379058, "timezone": "UTC", "date": "2025-10-26T14:00:00+00:00", "timestamp": 1761487200}, "league": {"id": 39, "season": 2025, "name": "Premier League", "country": "England", "logo": "https://media.api-sports.io/football/leagues/39.png", "flag": "https://media.api-sports.io/flags/gb-eng.svg"}}, {"player": {"id": 123469, "name": "Z. Amdouni", "photo": "https://media.api-sports.io/football/players/123469.png", "type": "Missing Fixture", "reason": "Knee Injury"}, "team": {"id": 44, "name": "Burnley", "logo": "https://media.api-sports.io/football/teams/44.png"}, "fixture": {"id": 1379060, "timezone": "UTC", "date": "2025-11-01T15:00:00+00:00", "timestamp": 1762009200}, "league": {"id": 39, "season": 2025, "name": "Premier League", "country": "England", "logo": "https://media.api-sports.io/football/leagues/39.png", "flag": "https://media.api-sports.io/flags/gb-eng.svg"}}, {"player": {"id": 25628, "name": "J. Beyer", "photo": "https://media.api-sports.io/football/players/25628.png", "type": "Missing Fixture", "reason": "Hamstring Injury"}, "team": {"id": 44, "name": "Burnley", "logo": "https://media.api-sports.io/football/teams/44.png"}, "fixture": {"id": 1379060, "timezone": "UTC", "date": "2025-11-01T15:00:00+00:00", "timestamp": 1762009200}, "league": {"id": 39, "season": 2025, "name": "Premier League", "country": "England", "logo": "https://media.api-sports.io/football/leagues/39.png", "flag": "https://media.api-sports.io/flags/gb-eng.svg"}}, {"player": {"id": 19331, "name": "C. Roberts", "photo": "https://media.api-sports.io/football/players/19331.png", "type": "Missing Fixture", "reason": "Groin Injury"}, "team": {"id": 44, "name": "Burnley", "logo": "https://media.api-sports.io/football/teams/44.png"}, "fixture": {"id": 1379060, "timezone": "UTC", "date": "2025-11-01T15:00:00+00:00", "timestamp": 1762009200}, "league": {"id": 39, "season": 2025, "name": "Premier League", "country": "England", "logo": "https://media.api-sports.io/football/leagues/39.png", "flag": "https://media.api-sports.io/flags/gb-eng.svg"}}, {"player": {"id": 123469, "name": "Z. Amdouni", "photo": "https://media.api-sports.io/football/players/123469.png", "type": "Missing Fixture", "reason": "Knee Injury"}, "team": {"id": 44, "name": "Burnley", "logo": "https://media.api-sports.io/football/teams/44.png"}, "fixture": {"id": 1379078, "timezone": "UTC", "date": "2025-11-08T15:00:00+00:00", "timestamp": 1762614000}, "league": {"id": 39, "season": 2025, "name": "Premier League", "country": "England", "logo": "https://media.api-sports.io/football/leagues/39.png", "flag": "https://media.api-sports.io/flags/gb-eng.svg"}}, {"player": {"id": 25628, "name": "J. Beyer", "photo": "https://media.api-sports.io/football/players/25628.png", "type": "Missing Fixture", "reason": "Hamstring Injury"}, "team": {"id": 44, "name": "Burnley", "logo": "https://media.api-sports.io/football/teams/44.png"}, "fixture": {"id": 1379078, "timezone": "UTC", "date": "2025-11-08T15:00:00+00:00", "timestamp": 1762614000}, "league": {"id": 39, "season": 2025, "name": "Premier League", "country": "England", "logo": "https://media.api-sports.io/football/leagues/39.png", "flag": "https://media.api-sports.io/flags/gb-eng.svg"}}, {"player": {"id": 19331, "name": "C. Roberts", "photo": "https://media.api-sports.io/football/players/19331.png", "type": "Missing Fixture", "reason": "Groin Injury"}, "team": {"id": 44, "name": "Burnley", "logo": "https://media.api-sports.io/football/teams/44.png"}, "fixture": {"id": 1379078, "timezone": "UTC", "date": "2025-11-08T15:00:00+00:00", "timestamp": 1762614000}, "league": {"id": 39, "season": 2025, "name": "Premier League", "country": "England", "logo": "https://media.api-sports.io/football/leagues/39.png", "flag": "https://media.api-sports.io/flags/gb-eng.svg"}}, {"player": {"id": 123469, "name": "Z. Amdouni", "photo": "https://media.api-sports.io/football/players/123469.png", "type": "Missing Fixture", "reason": "Knee Injury"}, "team": {"id": 44, "name": "Burnley", "logo": "https://media.api-sports.io/football/teams/44.png"}, "fixture": {"id": 1379082, "timezone": "UTC", "date": "2025-11-22T12:30:00+00:00", "timestamp": 1763814600}, "league": {"id": 39, "season": 2025, "name": "Premier League", "country": "England", "logo": "https://media.api-sports.io/football/leagues/39.png", "flag": "https://media.api-sports.io/flags/gb-eng.svg"}}, {"player": {"id": 25628, "name": "J. Beyer", "photo": "https://media.api-sports.io/football/players/25628.png", "type": "Missing Fixture", "reason": "Hamstring Injury"}, "team": {"id": 44, "name": "Burnley", "logo": "https://media.api-sports.io/football/teams/44.png"}, "fixture": {"id": 1379082, "timezone": "UTC", "date": "2025-11-22T12:30:00+00:00", "timestamp": 1763814600}, "league": {"id": 39, "season": 2025, "name": "Premier League", "country": "England", "logo": "https://media.api-sports.io/football/leagues/39.png", "flag": "https://media.api-sports.io/flags/gb-eng.svg"}}, {"player": {"id": 19331, "name": "C. Roberts", "photo": "https://media.api-sports.io/football/players/19331.png", "type": "Missing Fixture", "reason": "Groin Injury"}, "team": {"id": 44, "name": "Burnley", "logo": "https://media.api-sports.io/football/teams/44.png"}, "fixture": {"id": 1379082, "timezone": "UTC", "date": "2025-11-22T12:30:00+00:00", "timestamp": 1763814600}, "league": {"id": 39, "season": 2025, "name": "Premier League", "country": "England", "logo": "https://media.api-sports.io/football/leagues/39.png", "flag": "https://media.api-sports.io/flags/gb-eng.svg"}}, {"player": {"id": 123469, "name": "Z. Amdouni", "photo": "https://media.api-sports.io/football/players/123469.png", "type": "Missing Fixture", "reason": "Knee Injury"}, "team": {"id": 44, "name": "Burnley", "logo": "https://media.api-sports.io/football/teams/44.png"}, "fixture": {"id": 1379090, "timezone": "UTC", "date": "2025-11-29T15:00:00+00:00", "timestamp": 1764428400}, "league": {"id": 39, "season": 2025, "name": "Premier League", "country": "England", "logo": "https://media.api-sports.io/football/leagues/39.png", "flag": "https://media.api-sports.io/flags/gb-eng.svg"}}, {"player": {"id": 25628, "name": "J. Beyer", "photo": "https://media.api-sports.io/football/players/25628.png", "type": "Missing Fixture", "reason": "Hamstring Injury"}, "team": {"id": 44, "name": "Burnley", "logo": "https://media.api-sports.io/football/teams/44.png"}, "fixture": {"id": 1379090, "timezone": "UTC", "date": "2025-11-29T15:00:00+00:00", "timestamp": 1764428400}, "league": {"id": 39, "season": 2025, "name": "Premier League", "country": "England", "logo": "https://media.api-sports.io/football/leagues/39.png", "flag": "https://media.api-sports.io/flags/gb-eng.svg"}}, {"player": {"id": 19331, "name": "C. Roberts", "photo": "https://media.api-sports.io/football/players/19331.png", "type": "Missing Fixture", "reason": "Groin Injury"}, "team": {"id": 44, "name": "Burnley", "logo": "https://media.api-sports.io/football/teams/44.png"}, "fixture": {"id": 1379090, "timezone": "UTC", "date": "2025-11-29T15:00:00+00:00", "timestamp": 1764428400}, "league": {"id": 39, "season": 2025, "name": "Premier League", "country": "England", "logo": "https://media.api-sports.io/football/leagues/39.png", "flag": "https://media.api-sports.io/flags/gb-eng.svg"}}, {"player": {"id": 123469, "name": "Z. Amdouni", "photo": "https://media.api-sports.io/football/players/123469.png", "type": "Missing Fixture", "reason": "Knee Injury"}, "team": {"id": 44, "name": "Burnley", "logo": "https://media.api-sports.io/football/teams/44.png"}, "fixture": {"id": 1379102, "timezone": "UTC", "date": "2025-12-03T19:30:00+00:00", "timestamp": 1764790200}, "league": {"id": 39, "season": 2025, "name": "Premier League", "country": "England", "logo": "https://media.api-sports.io/football/leagues/39.png", "flag": "https://media.api-sports.io/flags/gb-eng.svg"}}, {"player": {"id": 25628, "name": "J. Beyer", "photo": "https://media.api-sports.io/football/players/25628.png", "type": "Missing Fixture", "reason": "Hamstring Injury"}, "team": {"id": 44, "name": "Burnley", "logo": "https://media.api-sports.io/football/teams/44.png"}, "fixture": {"id": 1379102, "timezone": "UTC", "date": "2025-12-03T19:30:00+00:00", "timestamp": 1764790200}, "league": {"id": 39, "season": 2025, "name": "Premier League", "country": "England", "logo": "https://media.api-sports.io/football/leagues/39.png", "flag": "https://media.api-sports.io/flags/gb-eng.svg"}}, {"player": {"id": 19331, "name": "C. Roberts", "photo": "https://media.api-sports.io/football/players/19331.png", "type": "Missing Fixture", "reason": "Groin Injury"}, "team": {"id": 44, "name": "Burnley", "logo": "https://media.api-sports.io/football/teams/44.png"}, "fixture": {"id": 1379102, "timezone": "UTC", "date": "2025-12-03T19:30:00+00:00", "timestamp": 1764790200}, "league": {"id": 39, "season": 2025, "name": "Premier League", "country": "England", "logo": "https://media.api-sports.io/football/leagues/39.png", "flag": "https://media.api-sports.io/flags/gb-eng.svg"}}, {"player": {"id": 123469, "name": "Z. Amdouni", "photo": "https://media.api-sports.io/football/players/123469.png", "type": "Missing Fixture", "reason": "Knee Injury"}, "team": {"id": 44, "name": "Burnley", "logo": "https://media.api-sports.io/football/teams/44.png"}, "fixture": {"id": 1379116, "timezone": "UTC", "date": "2025-12-06T15:00:00+00:00", "timestamp": 1765033200}, "league": {"id": 39, "season": 2025, "name": "Premier League", "country": "England", "logo": "https://media.api-sports.io/football/leagues/39.png", "flag": "https://media.api-sports.io/flags/gb-eng.svg"}}, {"player": {"id": 25628, "name": "J. Beyer", "photo": "https://media.api-sports.io/football/players/25628.png", "type": "Missing Fixture", "reason": "Hamstring Injury"}, "team": {"id": 44, "name": "Burnley", "logo": "https://media.api-sports.io/football/teams/44.png"}, "fixture": {"id": 1379116, "timezone": "UTC", "date": "2025-12-06T15:00:00+00:00", "timestamp": 1765033200}, "league": {"id": 39, "season": 2025, "name": "Premier League", "country": "England", "logo": "https://media.api-sports.io/football/leagues/39.png", "flag": "https://media.api-sports.io/flags/gb-eng.svg"}}, {"player": {"id": 19331, "name": "C. Roberts", "photo": "https://media.api-sports.io/football/players/19331.png", "type": "Missing Fixture", "reason": "Groin Injury"}, "team": {"id": 44, "name": "Burnley", "logo": "https://media.api-sports.io/football/teams/44.png"}, "fixture": {"id": 1379116, "timezone": "UTC", "date": "2025-12-06T15:00:00+00:00", "timestamp": 1765033200}, "league": {"id": 39, "season": 2025, "name": "Premier League", "country": "England", "logo": "https://media.api-sports.io/football/leagues/39.png", "flag": "https://media.api-sports.io/flags/gb-eng.svg"}}, {"player": {"id": 19182, "name": "A. Tuanzebe", "photo": "https://media.api-sports.io/football/players/19182.png", "type": "Questionable", "reason": "Muscle Injury"}, "team": {"id": 44, "name": "Burnley", "logo": "https://media.api-sports.io/football/teams/44.png"}, "fixture": {"id": 1379116, "timezone": "UTC", "date": "2025-12-06T15:00:00+00:00", "timestamp": 1765033200}, "league": {"id": 39, "season": 2025, "name": "Premier League", "country": "England", "logo": "https://media.api-sports.io/football/leagues/39.png", "flag": "https://media.api-sports.io/flags/gb-eng.svg"}}, {"player": {"id": 123469, "name": "Z. Amdouni", "photo": "https://media.api-sports.io/football/players/123469.png", "type": "Missing Fixture", "reason": "Knee Injury"}, "team": {"id": 44, "name": "Burnley", "logo": "https://media.api-sports.io/football/teams/44.png"}, "fixture": {"id": 1379121, "timezone": "UTC", "date": "2025-12-13T17:30:00+00:00", "timestamp": 1765647000}, "league": {"id": 39, "season": 2025, "name": "Premier League", "country": "England", "logo": "https://media.api-sports.io/football/leagues/39.png", "flag": "https://media.api-sports.io/flags/gb-eng.svg"}}, {"player": {"id": 25628, "name": "J. Beyer", "photo": "https://media.api-sports.io/football/players/25628.png", "type": "Missing Fixture", "reason": "Hamstring Injury"}, "team": {"id": 44, "name": "Burnley", "logo": "https://media.api-sports.io/football/teams/44.png"}, "fixture": {"id": 1379121, "timezone": "UTC", "date": "2025-12-13T17:30:00+00:00", "timestamp": 1765647000}, "league": {"id": 39, "season": 2025, "name": "Premier League", "country": "England", "logo": "https://media.api-sports.io/football/leagues/39.png", "flag": "https://media.api-sports.io/flags/gb-eng.svg"}}, {"player": {"id": 181797, "name": "B. Humphreys", "photo": "https://media.api-sports.io/football/players/181797.png", "type": "Missing Fixture", "reason": "Lacking Match Fitness"}, "team": {"id": 44, "name": "Burnley", "logo": "https://media.api-sports.io/football/teams/44.png"}, "fixture": {"id": 1379121, "timezone": "UTC", "date": "2025-12-13T17:30:00+00:00", "timestamp": 1765647000}, "league": {"id": 39, "season": 2025, "name": "Premier League", "country": "England", "logo": "https://media.api-sports.io/football/leagues/39.png", "flag": "https://media.api-sports.io/flags/gb-eng.svg"}}, {"player": {"id": 330238, "name": "Lucas Pires", "photo": "https://media.api-sports.io/football/players/330238.png", "type": "Missing Fixture", "reason": "Red Card"}, "team": {"id": 44, "name": "Burnley", "logo": "https://media.api-sports.io/football/teams/44.png"}, "fixture": {"id": 1379121, "timezone": "UTC", "date": "2025-12-13T17:30:00+00:00", "timestamp": 1765647000}, "league": {"id": 39, "season": 2025, "name": "Premier League", "country": "England", "logo": "https://media.api-sports.io/football/leagues/39.png", "flag": "https://media.api-sports.io/flags/gb-eng.svg"}}, {"player": {"id": 180560, "name": "H. Mejbri", "photo": "https://media.api-sports.io/football/players/180560.png", "type": "Missing Fixture", "reason": "Suspended"}, "team": {"id": 44, "name": "Burnley", "logo": "https://media.api-sports.io/football/teams/44.png"}, "fixture": {"id": 1379121, "timezone": "UTC", "date": "2025-12-13T17:30:00+00:00", "timestamp": 1765647000}, "league": {"id": 39, "season": 2025, "name": "Premier League", "country": "England", "logo": "https://media.api-sports.io/football/leagues/39.png", "flag": "https://media.api-sports.io/flags/gb-eng.svg"}}, {"player": {"id": 19331, "name": "C. Roberts", "photo": "https://media.api-sports.io/football/players/19331.png", "type": "Missing Fixture", "reason": "Groin Injury"}, "team": {"id": 44, "name": "Burnley", "logo": "https://media.api-sports.io/football/teams/44.png"}, "fixture": {"id": 1379121, "timezone": "UTC", "date": "2025-12-13T17:30:00+00:00", "timestamp": 1765647000}, "league": {"id": 39, "season": 2025, "name": "Premier League", "country": "England", "logo": "https://media.api-sports.io/football/leagues/39.png", "flag": "https://media.api-sports.io/flags/gb-eng.svg"}}, {"player": {"id": 627, "name": "K. Walker", "photo": "https://media.api-sports.io/football/players/627.png", "type": "Missing Fixture", "reason": "Yellow Cards"}, "team": {"id": 44, "name": "Burnley", "logo": "https://media.api-sports.io/football/teams/44.png"}, "fixture": {"id": 1379121, "timezone": "UTC", "date": "2025-12-13T17:30:00+00:00", "timestamp": 1765647000}, "league": {"id": 39, "season": 2025, "name": "Premier League", "country": "England", "logo": "https://media.api-sports.io/football/leagues/39.png", "flag": "https://media.api-sports.io/flags/gb-eng.svg"}}, {"player": {"id": 123469, "name": "Z. Amdouni", "photo": "https://media.api-sports.io/football/players/123469.png", "type": "Missing Fixture", "reason": "Knee Injury"}, "team": {"id": 44, "name": "Burnley", "logo": "https://media.api-sports.io/football/teams/44.png"}, "fixture": {"id": 1379130, "timezone": "UTC", "date": "2025-12-20T15:00:00+00:00", "timestamp": 1766242800}, "league": {"id": 39, "season": 2025, "name": "Premier League", "country": "England", "logo": "https://media.api-sports.io/football/leagues/39.png", "flag": "https://media.api-sports.io/flags/gb-eng.svg"}}, {"player": {"id": 25628, "name": "J. Beyer", "photo": "https://media.api-sports.io/football/players/25628.png", "type": "Missing Fixture", "reason": "Hamstring Injury"}, "team": {"id": 44, "name": "Burnley", "logo": "https://media.api-sports.io/football/teams/44.png"}, "fixture": {"id": 1379130, "timezone": "UTC", "date": "2025-12-20T15:00:00+00:00", "timestamp": 1766242800}, "league": {"id": 39, "season": 2025, "name": "Premier League", "country": "England", "logo": "https://media.api-sports.io/football/leagues/39.png", "flag": "https://media.api-sports.io/flags/gb-eng.svg"}}, {"player": {"id": 98936, "name": "L. Foster", "photo": "https://media.api-sports.io/football/players/98936.png", "type": "Missing Fixture", "reason": "International duty"}, "team": {"id": 44, "name": "Burnley", "logo": "https://media.api-sports.io/football/teams/44.png"}, "fixture": {"id": 1379130, "timezone": "UTC", "date": "2025-12-20T15:00:00+00:00", "timestamp": 1766242800}, "league": {"id": 39, "season": 2025, "name": "Premier League", "country": "England", "logo": "https://media.api-sports.io/football/leagues/39.png", "flag": "https://media.api-sports.io/flags/gb-eng.svg"}}, {"player": {"id": 180560, "name": "H. Mejbri", "photo": "https://media.api-sports.io/football/players/180560.png", "type": "Missing Fixture", "reason": "Suspended"}, "team": {"id": 44, "name": "Burnley", "logo": "https://media.api-sports.io/football/teams/44.png"}, "fixture": {"id": 1379130, "timezone": "UTC", "date": "2025-12-20T15:00:00+00:00", "timestamp": 1766242800}, "league": {"id": 39, "season": 2025, "name": "Premier League", "country": "England", "logo": "https://media.api-sports.io/football/leagues/39.png", "flag": "https://media.api-sports.io/flags/gb-eng.svg"}}, {"player": {"id": 19331, "name": "C. Roberts", "photo": "https://media.api-sports.io/football/players/19331.png", "type": "Missing Fixture", "reason": "Groin Injury"}, "team": {"id": 44, "name": "Burnley", "logo": "https://media.api-sports.io/football/teams/44.png"}, "fixture": {"id": 1379130, "timezone": "UTC", "date": "2025-12-20T15:00:00+00:00", "timestamp": 1766242800}, "league": {"id": 39, "season": 2025, "name": "Premier League", "country": "England", "logo": "https://media.api-sports.io/football/leagues/39.png", "flag": "https://media.api-sports.io/flags/gb-eng.svg"}}, {"player": {"id": 19182, "name": "A. Tuanzebe", "photo": "https://media.api-sports.io/football/players/19182.png", "type": "Missing Fixture", "reason": "International duty"}, "team": {"id": 44, "name": "Burnley", "logo": "https://media.api-sports.io/football/teams/44.png"}, "fixture": {"id": 1379130, "timezone": "UTC", "date": "2025-12-20T15:00:00+00:00", "timestamp": 1766242800}, "league": {"id": 39, "season": 2025, "name": "Premier League", "country": "England", "logo": "https://media.api-sports.io/football/leagues/39.png", "flag": "https://media.api-sports.io/flags/gb-eng.svg"}}, {"player": {"id": 123469, "name": "Z. Amdouni", "photo": "https://media.api-sports.io/football/players/123469.png", "type": "Missing Fixture", "reason": "Knee Injury"}, "team": {"id": 44, "name": "Burnley", "logo": "https://media.api-sports.io/football/teams/44.png"}, "fixture": {"id": 1379141, "timezone": "UTC", "date": "2025-12-27T15:00:00+00:00", "timestamp": 1766847600}, "league": {"id": 39, "season": 2025, "name": "Premier League", "country": "England", "logo": "https://media.api-sports.io/football/leagues/39.png", "flag": "https://media.api-sports.io/flags/gb-eng.svg"}}, {"player": {"id": 25628, "name": "J. Beyer", "photo": "https://media.api-sports.io/football/players/25628.png", "type": "Missing Fixture", "reason": "Hamstring Injury"}, "team": {"id": 44, "name": "Burnley", "logo": "https://media.api-sports.io/football/teams/44.png"}, "fixture": {"id": 1379141, "timezone": "UTC", "date": "2025-12-27T15:00:00+00:00", "timestamp": 1766847600}, "league": {"id": 39, "season": 2025, "name": "Premier League", "country": "England", "logo": "https://media.api-sports.io/football/leagues/39.png", "flag": "https://media.api-sports.io/flags/gb-eng.svg"}}, {"player": {"id": 98936, "name": "L. Foster", "photo": "https://media.api-sports.io/football/players/98936.png", "type": "Missing Fixture", "reason": "International duty"}, "team": {"id": 44, "name": "Burnley", "logo": "https://media.api-sports.io/football/teams/44.png"}, "fixture": {"id": 1379141, "timezone": "UTC", "date": "2025-12-27T15:00:00+00:00", "timestamp": 1766847600}, "league": {"id": 39, "season": 2025, "name": "Premier League", "country": "England", "logo": "https://media.api-sports.io/football/leagues/39.png", "flag": "https://media.api-sports.io/flags/gb-eng.svg"}}, {"player": {"id": 180560, "name": "H. Mejbri", "photo": "https://media.api-sports.io/football/players/180560.png", "type": "Missing Fixture", "reason": "Suspended"}, "team": {"id": 44, "name": "Burnley", "logo": "https://media.api-sports.io/football/teams/44.png"}, "fixture": {"id": 1379141, "timezone": "UTC", "date": "2025-12-27T15:00:00+00:00", "timestamp": 1766847600}, "league": {"id": 39, "season": 2025, "name": "Premier League", "country": "England", "logo": "https://media.api-sports.io/football/leagues/39.png", "flag": "https://media.api-sports.io/flags/gb-eng.svg"}}, {"player": {"id": 19331, "name": "C. Roberts", "photo": "https://media.api-sports.io/football/players/19331.png", "type": "Missing Fixture", "reason": "Groin Injury"}, "team": {"id": 44, "name": "Burnley", "logo": "https://media.api-sports.io/football/teams/44.png"}, "fixture": {"id": 1379141, "timezone": "UTC", "date": "2025-12-27T15:00:00+00:00", "timestamp": 1766847600}, "league": {"id": 39, "season": 2025, "name": "Premier League", "country": "England", "logo": "https://media.api-sports.io/football/leagues/39.png", "flag": "https://media.api-sports.io/flags/gb-eng.svg"}}, {"player": {"id": 19182, "name": "A. Tuanzebe", "photo": "https://media.api-sports.io/football/players/19182.png", "type": "Missing Fixture", "reason": "International duty"}, "team": {"id": 44, "name": "Burnley", "logo": "https://media.api-sports.io/football/teams/44.png"}, "fixture": {"id": 1379141, "timezone": "UTC", "date": "2025-12-27T15:00:00+00:00", "timestamp": 1766847600}, "league": {"id": 39, "season": 2025, "name": "Premier League", "country": "England", "logo": "https://media.api-sports.io/football/leagues/39.png", "flag": "https://media.api-sports.io/flags/gb-eng.svg"}}, {"player": {"id": 179400, "name": "M. Esteve", "photo": "https://media.api-sports.io/football/players/179400.png", "type": "Questionable", "reason": "Knock"}, "team": {"id": 44, "name": "Burnley", "logo": "https://media.api-sports.io/football/teams/44.png"}, "fixture": {"id": 1379141, "timezone": "UTC", "date": "2025-12-27T15:00:00+00:00", "timestamp": 1766847600}, "league": {"id": 39, "season": 2025, "name": "Premier League", "country": "England", "logo": "https://media.api-sports.io/football/leagues/39.png", "flag": "https://media.api-sports.io/flags/gb-eng.svg"}}, {"player": {"id": 123469, "name": "Z. Amdouni", "photo": "https://media.api-sports.io/football/players/123469.png", "type": "Missing Fixture", "reason": "Knee Injury"}, "team": {"id": 44, "name": "Burnley", "logo": "https://media.api-sports.io/football/teams/44.png"}, "fixture": {"id": 1379151, "timezone": "UTC", "date": "2025-12-30T19:30:00+00:00", "timestamp": 1767123000}, "league": {"id": 39, "season": 2025, "name": "Premier League", "country": "England", "logo": "https://media.api-sports.io/football/leagues/39.png", "flag": "https://media.api-sports.io/flags/gb-eng.svg"}}, {"player": {"id": 25628, "name": "J. Beyer", "photo": "https://media.api-sports.io/football/players/25628.png", "type": "Missing Fixture", "reason": "Hamstring Injury"}, "team": {"id": 44, "name": "Burnley", "logo": "https://media.api-sports.io/football/teams/44.png"}, "fixture": {"id": 1379151, "timezone": "UTC", "date": "2025-12-30T19:30:00+00:00", "timestamp": 1767123000}, "league": {"id": 39, "season": 2025, "name": "Premier League", "country": "England", "logo": "https://media.api-sports.io/football/leagues/39.png", "flag": "https://media.api-sports.io/flags/gb-eng.svg"}}, {"player": {"id": 19827, "name": "J. Cullen", "photo": "https://media.api-sports.io/football/players/19827.png", "type": "Missing Fixture", "reason": "Injury"}, "team": {"id": 44, "name": "Burnley", "logo": "https://media.api-sports.io/football/teams/44.png"}, "fixture": {"id": 1379151, "timezone": "UTC", "date": "2025-12-30T19:30:00+00:00", "timestamp": 1767123000}, "league": {"id": 39, "season": 2025, "name": "Premier League", "country": "England", "logo": "https://media.api-sports.io/football/leagues/39.png", "flag": "https://media.api-sports.io/flags/gb-eng.svg"}}, {"player": {"id": 98936, "name": "L. Foster", "photo": "https://media.api-sports.io/football/players/98936.png", "type": "Missing Fixture", "reason": "International duty"}, "team": {"id": 44, "name": "Burnley", "logo": "https://media.api-sports.io/football/teams/44.png"}, "fixture": {"id": 1379151, "timezone": "UTC", "date": "2025-12-30T19:30:00+00:00", "timestamp": 1767123000}, "league": {"id": 39, "season": 2025, "name": "Premier League", "country": "England", "logo": "https://media.api-sports.io/football/leagues/39.png", "flag": "https://media.api-sports.io/flags/gb-eng.svg"}}, {"player": {"id": 180560, "name": "H. Mejbri", "photo": "https://media.api-sports.io/football/players/180560.png", "type": "Missing Fixture", "reason": "Suspended"}, "team": {"id": 44, "name": "Burnley", "logo": "https://media.api-sports.io/football/teams/44.png"}, "fixture": {"id": 1379151, "timezone": "UTC", "date": "2025-12-30T19:30:00+00:00", "timestamp": 1767123000}, "league": {"id": 39, "season": 2025, "name": "Premier League", "country": "England", "logo": "https://media.api-sports.io/football/leagues/39.png", "flag": "https://media.api-sports.io/flags/gb-eng.svg"}}, {"player": {"id": 19331, "name": "C. Roberts", "photo": "https://media.api-sports.io/football/players/19331.png", "type": "Missing Fixture", "reason": "Groin Injury"}, "team": {"id": 44, "name": "Burnley", "logo": "https://media.api-sports.io/football/teams/44.png"}, "fixture": {"id": 1379151, "timezone": "UTC", "date": "2025-12-30T19:30:00+00:00", "timestamp": 1767123000}, "league": {"id": 39, "season": 2025, "name": "Premier League", "country": "England", "logo": "https://media.api-sports.io/football/leagues/39.png", "flag": "https://media.api-sports.io/flags/gb-eng.svg"}}, {"player": {"id": 19182, "name": "A. Tuanzebe", "photo": "https://media.api-sports.io/football/players/19182.png", "type": "Missing Fixture", "reason": "International duty"}, "team": {"id": 44, "name": "Burnley", "logo": "https://media.api-sports.io/football/teams/44.png"}, "fixture": {"id": 1379151, "timezone": "UTC", "date": "2025-12-30T19:30:00+00:00", "timestamp": 1767123000}, "league": {"id": 39, "season": 2025, "name": "Premier League", "country": "England", "logo": "https://media.api-sports.io/football/leagues/39.png", "flag": "https://media.api-sports.io/flags/gb-eng.svg"}}, {"player": {"id": 1746, "name": "J. Worrall", "photo": "https://media.api-sports.io/football/players/1746.png", "type": "Questionable", "reason": "Injury"}, "team": {"id": 44, "name": "Burnley", "logo": "https://media.api-sports.io/football/teams/44.png"}, "fixture": {"id": 1379151, "timezone": "UTC", "date": "2025-12-30T19:30:00+00:00", "timestamp": 1767123000}, "league": {"id": 39, "season": 2025, "name": "Premier League", "country": "England", "logo": "https://media.api-sports.io/football/leagues/39.png", "flag": "https://media.api-sports.io/flags/gb-eng.svg"}}, {"player": {"id": 123469, "name": "Z. Amdouni", "photo": "https://media.api-sports.io/football/players/123469.png", "type": "Missing Fixture", "reason": "Knee Injury"}, "team": {"id": 44, "name": "Burnley", "logo": "https://media.api-sports.io/football/teams/44.png"}, "fixture": {"id": 1379161, "timezone": "UTC", "date": "2026-01-03T15:00:00+00:00", "timestamp": 1767452400}, "league": {"id": 39, "season": 2025, "name": "Premier League", "country": "England", "logo": "https://media.api-sports.io/football/leagues/39.png", "flag": "https://media.api-sports.io/flags/gb-eng.svg"}}, {"player": {"id": 25628, "name": "J. Beyer", "photo": "https://media.api-sports.io/football/players/25628.png", "type": "Missing Fixture", "reason": "Hamstring Injury"}, "team": {"id": 44, "name": "Burnley", "logo": "https://media.api-sports.io/football/teams/44.png"}, "fixture": {"id": 1379161, "timezone": "UTC", "date": "2026-01-03T15:00:00+00:00", "timestamp": 1767452400}, "league": {"id": 39, "season": 2025, "name": "Premier League", "country": "England", "logo": "https://media.api-sports.io/football/leagues/39.png", "flag": "https://media.api-sports.io/flags/gb-eng.svg"}}, {"player": {"id": 19827, "name": "J. Cullen", "photo": "https://media.api-sports.io/football/players/19827.png", "type": "Missing Fixture", "reason": "Injury"}, "team": {"id": 44, "name": "Burnley", "logo": "https://media.api-sports.io/football/teams/44.png"}, "fixture": {"id": 1379161, "timezone": "UTC", "date": "2026-01-03T15:00:00+00:00", "timestamp": 1767452400}, "league": {"id": 39, "season": 2025, "name": "Premier League", "country": "England", "logo": "https://media.api-sports.io/football/leagues/39.png", "flag": "https://media.api-sports.io/flags/gb-eng.svg"}}, {"player": {"id": 98936, "name": "L. Foster", "photo": "https://media.api-sports.io/football/players/98936.png", "type": "Missing Fixture", "reason": "International duty"}, "team": {"id": 44, "name": "Burnley", "logo": "https://media.api-sports.io/football/teams/44.png"}, "fixture": {"id": 1379161, "timezone": "UTC", "date": "2026-01-03T15:00:00+00:00", "timestamp": 1767452400}, "league": {"id": 39, "season": 2025, "name": "Premier League", "country": "England", "logo": "https://media.api-sports.io/football/leagues/39.png", "flag": "https://media.api-sports.io/flags/gb-eng.svg"}}, {"player": {"id": 180560, "name": "H. Mejbri", "photo": "https://media.api-sports.io/football/players/180560.png", "type": "Missing Fixture", "reason": "International duty"}, "team": {"id": 44, "name": "Burnley", "logo": "https://media.api-sports.io/football/teams/44.png"}, "fixture": {"id": 1379161, "timezone": "UTC", "date": "2026-01-03T15:00:00+00:00", "timestamp": 1767452400}, "league": {"id": 39, "season": 2025, "name": "Premier League", "country": "England", "logo": "https://media.api-sports.io/football/leagues/39.png", "flag": "https://media.api-sports.io/flags/gb-eng.svg"}}, {"player": {"id": 19331, "name": "C. Roberts", "photo": "https://media.api-sports.io/football/players/19331.png", "type": "Missing Fixture", "reason": "Groin Injury"}, "team": {"id": 44, "name": "Burnley", "logo": "https://media.api-sports.io/football/teams/44.png"}, "fixture": {"id": 1379161, "timezone": "UTC", "date": "2026-01-03T15:00:00+00:00", "timestamp": 1767452400}, "league": {"id": 39, "season": 2025, "name": "Premier League", "country": "England", "logo": "https://media.api-sports.io/football/leagues/39.png", "flag": "https://media.api-sports.io/flags/gb-eng.svg"}}, {"player": {"id": 19182, "name": "A. Tuanzebe", "photo": "https://media.api-sports.io/football/players/19182.png", "type": "Missing Fixture", "reason": "International duty"}, "team": {"id": 44, "name": "Burnley", "logo": "https://media.api-sports.io/football/teams/44.png"}, "fixture": {"id": 1379161, "timezone": "UTC", "date": "2026-01-03T15:00:00+00:00", "timestamp": 1767452400}, "league": {"id": 39, "season": 2025, "name": "Premier League", "country": "England", "logo": "https://media.api-sports.io/football/leagues/39.png", "flag": "https://media.api-sports.io/flags/gb-eng.svg"}}, {"player": {"id": 1746, "name": "J. Worrall", "photo": "https://media.api-sports.io/football/players/1746.png", "type": "Missing Fixture", "reason": "Injury"}, "team": {"id": 44, "name": "Burnley", "logo": "https://media.api-sports.io/football/teams/44.png"}, "fixture": {"id": 1379161, "timezone": "UTC", "date": "2026-01-03T15:00:00+00:00", "timestamp": 1767452400}, "league": {"id": 39, "season": 2025, "name": "Premier League", "country": "England", "logo": "https://media.api-sports.io/football/leagues/39.png", "flag": "https://media.api-sports.io/flags/gb-eng.svg"}}, {"player": {"id": 179400, "name": "M. Esteve", "photo": "https://media.api-sports.io/football/players/179400.png", "type": "Questionable", "reason": "Muscle Injury"}, "team": {"id": 44, "name": "Burnley", "logo": "https://media.api-sports.io/football/teams/44.png"}, "fixture": {"id": 1379161, "timezone": "UTC", "date": "2026-01-03T15:00:00+00:00", "timestamp": 1767452400}, "league": {"id": 39, "season": 2025, "name": "Premier League", "country": "England", "logo": "https://media.api-sports.io/football/leagues/39.png", "flag": "https://media.api-sports.io/flags/gb-eng.svg"}}, {"player": {"id": 36927, "name": "Z. Flemming", "photo": "https://media.api-sports.io/football/players/36927.png", "type": "Questionable", "reason": "Knock"}, "team": {"id": 44, "name": "Burnley", "logo": "https://media.api-sports.io/football/teams/44.png"}, "fixture": {"id": 1379161, "timezone": "UTC", "date": "2026-01-03T15:00:00+00:00", "timestamp": 1767452400}, "league": {"id": 39, "season": 2025, "name": "Premier League", "country": "England", "logo": "https://media.api-sports.io/football/leagues/39.png", "flag": "https://media.api-sports.io/flags/gb-eng.svg"}}, {"player": {"id": 123469, "name": "Z. Amdouni", "photo": "https://media.api-sports.io/football/players/123469.png", "type": "Missing Fixture", "reason": "Knee Injury"}, "team": {"id": 44, "name": "Burnley", "logo": "https://media.api-sports.io/football/teams/44.png"}, "fixture": {"id": 1379183, "timezone": "UTC", "date": "2026-01-17T15:00:00+00:00", "timestamp": 1768662000}, "league": {"id": 39, "season": 2025, "name": "Premier League", "country": "England", "logo": "https://media.api-sports.io/football/leagues/39.png", "flag": "https://media.api-sports.io/flags/gb-eng.svg"}}, {"player": {"id": 25628, "name": "J. Beyer", "photo": "https://media.api-sports.io/football/players/25628.png", "type": "Missing Fixture", "reason": "Hamstring Injury"}, "team": {"id": 44, "name": "Burnley", "logo": "https://media.api-sports.io/football/teams/44.png"}, "fixture": {"id": 1379183, "timezone": "UTC", "date": "2026-01-17T15:00:00+00:00", "timestamp": 1768662000}, "league": {"id": 39, "season": 2025, "name": "Premier League", "country": "England", "logo": "https://media.api-sports.io/football/leagues/39.png", "flag": "https://media.api-sports.io/flags/gb-eng.svg"}}, {"player": {"id": 19827, "name": "J. Cullen", "photo": "https://media.api-sports.io/football/players/19827.png", "type": "Missing Fixture", "reason": "Knee Injury"}, "team": {"id": 44, "name": "Burnley", "logo": "https://media.api-sports.io/football/teams/44.png"}, "fixture": {"id": 1379183, "timezone": "UTC", "date": "2026-01-17T15:00:00+00:00", "timestamp": 1768662000}, "league": {"id": 39, "season": 2025, "name": "Premier League", "country": "England", "logo": "https://media.api-sports.io/football/leagues/39.png", "flag": "https://media.api-sports.io/flags/gb-eng.svg"}}, {"player": {"id": 36927, "name": "Z. Flemming", "photo": "https://media.api-sports.io/football/players/36927.png", "type": "Missing Fixture", "reason": "Knock"}, "team": {"id": 44, "name": "Burnley", "logo": "https://media.api-sports.io/football/teams/44.png"}, "fixture": {"id": 1379183, "timezone": "UTC", "date": "2026-01-17T15:00:00+00:00", "timestamp": 1768662000}, "league": {"id": 39, "season": 2025, "name": "Premier League", "country": "England", "logo": "https://media.api-sports.io/football/leagues/39.png", "flag": "https://media.api-sports.io/flags/gb-eng.svg"}}, {"player": {"id": 19331, "name": "C. Roberts", "photo": "https://media.api-sports.io/football/players/19331.png", "type": "Missing Fixture", "reason": "Groin Injury"}, "team": {"id": 44, "name": "Burnley", "logo": "https://media.api-sports.io/football/teams/44.png"}, "fixture": {"id": 1379183, "timezone": "UTC", "date": "2026-01-17T15:00:00+00:00", "timestamp": 1768662000}, "league": {"id": 39, "season": 2025, "name": "Premier League", "country": "England", "logo": "https://media.api-sports.io/football/leagues/39.png", "flag": "https://media.api-sports.io/flags/gb-eng.svg"}}, {"player": {"id": 37381, "name": "M. Tresor Ndayishimiye", "photo": "https://media.api-sports.io/football/players/37381.png", "type": "Missing Fixture", "reason": "Ankle Injury"}, "team": {"id": 44, "name": "Burnley", "logo": "https://media.api-sports.io/football/teams/44.png"}, "fixture": {"id": 1379183, "timezone": "UTC", "date": "2026-01-17T15:00:00+00:00", "timestamp": 1768662000}, "league": {"id": 39, "season": 2025, "name": "Premier League", "country": "England", "logo": "https://media.api-sports.io/football/leagues/39.png", "flag": "https://media.api-sports.io/flags/gb-eng.svg"}}, {"player": {"id": 1746, "name": "J. Worrall", "photo": "https://media.api-sports.io/football/players/1746.png", "type": "Questionable", "reason": "Injury"}, "team": {"id": 44, "name": "Burnley", "logo": "https://media.api-sports.io/football/teams/44.png"}, "fixture": {"id": 1379183, "timezone": "UTC", "date": "2026-01-17T15:00:00+00:00", "timestamp": 1768662000}, "league": {"id": 39, "season": 2025, "name": "Premier League", "country": "England", "logo": "https://media.api-sports.io/football/leagues/39.png", "flag": "https://media.api-sports.io/flags/gb-eng.svg"}}, {"player": {"id": 123469, "name": "Z. Amdouni", "photo": "https://media.api-sports.io/football/players/123469.png", "type": "Missing Fixture", "reason": "Knee Injury"}, "team": {"id": 44, "name": "Burnley", "logo": "https://media.api-sports.io/football/teams/44.png"}, "fixture": {"id": 1379192, "timezone": "UTC", "date": "2026-01-24T15:00:00+00:00", "timestamp": 1769266800}, "league": {"id": 39, "season": 2025, "name": "Premier League", "country": "England", "logo": "https://media.api-sports.io/football/leagues/39.png", "flag": "https://media.api-sports.io/flags/gb-eng.svg"}}, {"player": {"id": 25628, "name": "J. Beyer", "photo": "https://media.api-sports.io/football/players/25628.png", "type": "Missing Fixture", "reason": "Thigh Injury"}, "team": {"id": 44, "name": "Burnley", "logo": "https://media.api-sports.io/football/teams/44.png"}, "fixture": {"id": 1379192, "timezone": "UTC", "date": "2026-01-24T15:00:00+00:00", "timestamp": 1769266800}, "league": {"id": 39, "season": 2025, "name": "Premier League", "country": "England", "logo": "https://media.api-sports.io/football/leagues/39.png", "flag": "https://media.api-sports.io/flags/gb-eng.svg"}}, {"player": {"id": 19827, "name": "J. Cullen", "photo": "https://media.api-sports.io/football/players/19827.png", "type": "Missing Fixture", "reason": "Knee Injury"}, "team": {"id": 44, "name": "Burnley", "logo": "https://media.api-sports.io/football/teams/44.png"}, "fixture": {"id": 1379192, "timezone": "UTC", "date": "2026-01-24T15:00:00+00:00", "timestamp": 1769266800}, "league": {"id": 39, "season": 2025, "name": "Premier League", "country": "England", "logo": "https://media.api-sports.io/football/leagues/39.png", "flag": "https://media.api-sports.io/flags/gb-eng.svg"}}, {"player": {"id": 19331, "name": "C. Roberts", "photo": "https://media.api-sports.io/football/players/19331.png", "type": "Missing Fixture", "reason": "Groin Injury"}, "team": {"id": 44, "name": "Burnley", "logo": "https://media.api-sports.io/football/teams/44.png"}, "fixture": {"id": 1379192, "timezone": "UTC", "date": "2026-01-24T15:00:00+00:00", "timestamp": 1769266800}, "league": {"id": 39, "season": 2025, "name": "Premier League", "country": "England", "logo": "https://media.api-sports.io/football/leagues/39.png", "flag": "https://media.api-sports.io/flags/gb-eng.svg"}}, {"player": {"id": 37381, "name": "M. Tresor Ndayishimiye", "photo": "https://media.api-sports.io/football/players/37381.png", "type": "Missing Fixture", "reason": "Ankle Injury"}, "team": {"id": 44, "name": "Burnley", "logo": "https://media.api-sports.io/football/teams/44.png"}, "fixture": {"id": 1379192, "timezone": "UTC", "date": "2026-01-24T15:00:00+00:00", "timestamp": 1769266800}, "league": {"id": 39, "season": 2025, "name": "Premier League", "country": "England", "logo": "https://media.api-sports.io/football/leagues/39.png", "flag": "https://media.api-sports.io/flags/gb-eng.svg"}}, {"player": {"id": 36927, "name": "Z. Flemming", "photo": "https://media.api-sports.io/football/players/36927.png", "type": "Questionable", "reason": "Knock"}, "team": {"id": 44, "name": "Burnley", "logo": "https://media.api-sports.io/football/teams/44.png"}, "fixture": {"id": 1379192, "timezone": "UTC", "date": "2026-01-24T15:00:00+00:00", "timestamp": 1769266800}, "league": {"id": 39, "season": 2025, "name": "Premier League", "country": "England", "logo": "https://media.api-sports.io/football/leagues/39.png", "flag": "https://media.api-sports.io/flags/gb-eng.svg"}}, {"player": {"id": 1746, "name": "J. Worrall", "photo": "https://media.api-sports.io/football/players/1746.png", "type": "Questionable", "reason": "Injury"}, "team": {"id": 44, "name": "Burnley", "logo": "https://media.api-sports.io/football/teams/44.png"}, "fixture": {"id": 1379192, "timezone": "UTC", "date": "2026-01-24T15:00:00+00:00", "timestamp": 1769266800}, "league": {"id": 39, "season": 2025, "name": "Premier League", "country": "England", "logo": "https://media.api-sports.io/football/leagues/39.png", "flag": "https://media.api-sports.io/flags/gb-eng.svg"}}, {"player": {"id": 123469, "name": "Z. Amdouni", "photo": "https://media.api-sports.io/football/players/123469.png", "type": "Missing Fixture", "reason": "Knee Injury"}, "team": {"id": 44, "name": "Burnley", "logo": "https://media.api-sports.io/football/teams/44.png"}, "fixture": {"id": 1379206, "timezone": "UTC", "date": "2026-02-02T20:00:00+00:00", "timestamp": 1770062400}, "league": {"id": 39, "season": 2025, "name": "Premier League", "country": "England", "logo": "https://media.api-sports.io/football/leagues/39.png", "flag": "https://media.api-sports.io/flags/gb-eng.svg"}}, {"player": {"id": 25628, "name": "J. Beyer", "photo": "https://media.api-sports.io/football/players/25628.png", "type": "Missing Fixture", "reason": "Thigh Injury"}, "team": {"id": 44, "name": "Burnley", "logo": "https://media.api-sports.io/football/teams/44.png"}, "fixture": {"id": 1379206, "timezone": "UTC", "date": "2026-02-02T20:00:00+00:00", "timestamp": 1770062400}, "league": {"id": 39, "season": 2025, "name": "Premier League", "country": "England", "logo": "https://media.api-sports.io/football/leagues/39.png", "flag": "https://media.api-sports.io/flags/gb-eng.svg"}}, {"player": {"id": 19827, "name": "J. Cullen", "photo": "https://media.api-sports.io/football/players/19827.png", "type": "Missing Fixture", "reason": "Knee Injury"}, "team": {"id": 44, "name": "Burnley", "logo": "https://media.api-sports.io/football/teams/44.png"}, "fixture": {"id": 1379206, "timezone": "UTC", "date": "2026-02-02T20:00:00+00:00", "timestamp": 1770062400}, "league": {"id": 39, "season": 2025, "name": "Premier League", "country": "England", "logo": "https://media.api-sports.io/football/leagues/39.png", "flag": "https://media.api-sports.io/flags/gb-eng.svg"}}, {"player": {"id": 19331, "name": "C. Roberts", "photo": "https://media.api-sports.io/football/players/19331.png", "type": "Missing Fixture", "reason": "Groin Injury"}, "team": {"id": 44, "name": "Burnley", "logo": "https://media.api-sports.io/football/teams/44.png"}, "fixture": {"id": 1379206, "timezone": "UTC", "date": "2026-02-02T20:00:00+00:00", "timestamp": 1770062400}, "league": {"id": 39, "season": 2025, "name": "Premier League", "country": "England", "logo": "https://media.api-sports.io/football/leagues/39.png", "flag": "https://media.api-sports.io/flags/gb-eng.svg"}}, {"player": {"id": 37381, "name": "M. Tresor Ndayishimiye", "photo": "https://media.api-sports.io/football/players/37381.png", "type": "Missing Fixture", "reason": "Ankle Injury"}, "team": {"id": 44, "name": "Burnley", "logo": "https://media.api-sports.io/football/teams/44.png"}, "fixture": {"id": 1379206, "timezone": "UTC", "date": "2026-02-02T20:00:00+00:00", "timestamp": 1770062400}, "league": {"id": 39, "season": 2025, "name": "Premier League", "country": "England", "logo": "https://media.api-sports.io/football/leagues/39.png", "flag": "https://media.api-sports.io/flags/gb-eng.svg"}}, {"player": {"id": 123469, "name": "Z. Amdouni", "photo": "https://media.api-sports.io/football/players/123469.png", "type": "Missing Fixture", "reason": "Knee Injury"}, "team": {"id": 44, "name": "Burnley", "logo": "https://media.api-sports.io/football/teams/44.png"}, "fixture": {"id": 1379212, "timezone": "UTC", "date": "2026-02-07T15:00:00+00:00", "timestamp": 1770476400}, "league": {"id": 39, "season": 2025, "name": "Premier League", "country": "England", "logo": "https://media.api-sports.io/football/leagues/39.png", "flag": "https://media.api-sports.io/flags/gb-eng.svg"}}, {"player": {"id": 25628, "name": "J. Beyer", "photo": "https://media.api-sports.io/football/players/25628.png", "type": "Missing Fixture", "reason": "Thigh Injury"}, "team": {"id": 44, "name": "Burnley", "logo": "https://media.api-sports.io/football/teams/44.png"}, "fixture": {"id": 1379212, "timezone": "UTC", "date": "2026-02-07T15:00:00+00:00", "timestamp": 1770476400}, "league": {"id": 39, "season": 2025, "name": "Premier League", "country": "England", "logo": "https://media.api-sports.io/football/leagues/39.png", "flag": "https://media.api-sports.io/flags/gb-eng.svg"}}, {"player": {"id": 19827, "name": "J. Cullen", "photo": "https://media.api-sports.io/football/players/19827.png", "type": "Missing Fixture", "reason": "Knee Injury"}, "team": {"id": 44, "name": "Burnley", "logo": "https://media.api-sports.io/football/teams/44.png"}, "fixture": {"id": 1379212, "timezone": "UTC", "date": "2026-02-07T15:00:00+00:00", "timestamp": 1770476400}, "league": {"id": 39, "season": 2025, "name": "Premier League", "country": "England", "logo": "https://media.api-sports.io/football/leagues/39.png", "flag": "https://media.api-sports.io/flags/gb-eng.svg"}}, {"player": {"id": 19331, "name": "C. Roberts", "photo": "https://media.api-sports.io/football/players/19331.png", "type": "Missing Fixture", "reason": "Groin Injury"}, "team": {"id": 44, "name": "Burnley", "logo": "https://media.api-sports.io/football/teams/44.png"}, "fixture": {"id": 1379212, "timezone": "UTC", "date": "2026-02-07T15:00:00+00:00", "timestamp": 1770476400}, "league": {"id": 39, "season": 2025, "name": "Premier League", "country": "England", "logo": "https://media.api-sports.io/football/leagues/39.png", "flag": "https://media.api-sports.io/flags/gb-eng.svg"}}, {"player": {"id": 37381, "name": "M. Tresor Ndayishimiye", "photo": "https://media.api-sports.io/football/players/37381.png", "type": "Missing Fixture", "reason": "Ankle Injury"}, "team": {"id": 44, "name": "Burnley", "logo": "https://media.api-sports.io/football/teams/44.png"}, "fixture": {"id": 1379212, "timezone": "UTC", "date": "2026-02-07T15:00:00+00:00", "timestamp": 1770476400}, "league": {"id": 39, "season": 2025, "name": "Premier League", "country": "England", "logo": "https://media.api-sports.io/football/leagues/39.png", "flag": "https://media.api-sports.io/flags/gb-eng.svg"}}, {"player": {"id": 2938, "name": "J. Ward-Prowse", "photo": "https://media.api-sports.io/football/players/2938.png", "type": "Missing Fixture", "reason": "Loan agreement"}, "team": {"id": 44, "name": "Burnley", "logo": "https://media.api-sports.io/football/teams/44.png"}, "fixture": {"id": 1379212, "timezone": "UTC", "date": "2026-02-07T15:00:00+00:00", "timestamp": 1770476400}, "league": {"id": 39, "season": 2025, "name": "Premier League", "country": "England", "logo": "https://media.api-sports.io/football/leagues/39.png", "flag": "https://media.api-sports.io/flags/gb-eng.svg"}}, {"player": {"id": 123469, "name": "Z. Amdouni", "photo": "https://media.api-sports.io/football/players/123469.png", "type": "Missing Fixture", "reason": "Knee Injury"}, "team": {"id": 44, "name": "Burnley", "logo": "https://media.api-sports.io/football/teams/44.png"}, "fixture": {"id": 1379222, "timezone": "UTC", "date": "2026-02-11T19:30:00+00:00", "timestamp": 1770838200}, "league": {"id": 39, "season": 2025, "name": "Premier League", "country": "England", "logo": "https://media.api-sports.io/football/leagues/39.png", "flag": "https://media.api-sports.io/flags/gb-eng.svg"}}, {"player": {"id": 25628, "name": "J. Beyer", "photo": "https://media.api-sports.io/football/players/25628.png", "type": "Missing Fixture", "reason": "Thigh Injury"}, "team": {"id": 44, "name": "Burnley", "logo": "https://media.api-sports.io/football/teams/44.png"}, "fixture": {"id": 1379222, "timezone": "UTC", "date": "2026-02-11T19:30:00+00:00", "timestamp": 1770838200}, "league": {"id": 39, "season": 2025, "name": "Premier League", "country": "England", "logo": "https://media.api-sports.io/football/leagues/39.png", "flag": "https://media.api-sports.io/flags/gb-eng.svg"}}, {"player": {"id": 19827, "name": "J. Cullen", "photo": "https://media.api-sports.io/football/players/19827.png", "type": "Missing Fixture", "reason": "Knee Injury"}, "team": {"id": 44, "name": "Burnley", "logo": "https://media.api-sports.io/football/teams/44.png"}, "fixture": {"id": 1379222, "timezone": "UTC", "date": "2026-02-11T19:30:00+00:00", "timestamp": 1770838200}, "league": {"id": 39, "season": 2025, "name": "Premier League", "country": "England", "logo": "https://media.api-sports.io/football/leagues/39.png", "flag": "https://media.api-sports.io/flags/gb-eng.svg"}}, {"player": {"id": 19331, "name": "C. Roberts", "photo": "https://media.api-sports.io/football/players/19331.png", "type": "Missing Fixture", "reason": "Groin Injury"}, "team": {"id": 44, "name": "Burnley", "logo": "https://media.api-sports.io/football/teams/44.png"}, "fixture": {"id": 1379222, "timezone": "UTC", "date": "2026-02-11T19:30:00+00:00", "timestamp": 1770838200}, "league": {"id": 39, "season": 2025, "name": "Premier League", "country": "England", "logo": "https://media.api-sports.io/football/leagues/39.png", "flag": "https://media.api-sports.io/flags/gb-eng.svg"}}, {"player": {"id": 37381, "name": "M. Tresor Ndayishimiye", "photo": "https://media.api-sports.io/football/players/37381.png", "type": "Missing Fixture", "reason": "Ankle Injury"}, "team": {"id": 44, "name": "Burnley", "logo": "https://media.api-sports.io/football/teams/44.png"}, "fixture": {"id": 1379222, "timezone": "UTC", "date": "2026-02-11T19:30:00+00:00", "timestamp": 1770838200}, "league": {"id": 39, "season": 2025, "name": "Premier League", "country": "England", "logo": "https://media.api-sports.io/football/leagues/39.png", "flag": "https://media.api-sports.io/flags/gb-eng.svg"}}, {"player": {"id": 19182, "name": "A. Tuanzebe", "photo": "https://media.api-sports.io/football/players/19182.png", "type": "Questionable", "reason": "Achilles Tendon Injury"}, "team": {"id": 44, "name": "Burnley", "logo": "https://media.api-sports.io/football/teams/44.png"}, "fixture": {"id": 1379222, "timezone": "UTC", "date": "2026-02-11T19:30:00+00:00", "timestamp": 1770838200}, "league": {"id": 39, "season": 2025, "name": "Premier League", "country": "England", "logo": "https://media.api-sports.io/football/leagues/39.png", "flag": "https://media.api-sports.io/flags/gb-eng.svg"}}]}