{"get": "fixtures", "parameters": {"league": "78", "season": "2025", "team": "175", "status": "FT", "last": "10"}, "errors": [], "results": 10, "paging": {"current": 1, "total": 1}, "response": [{"fixture": {"id": 1388492, "referee": "Daniel Siebert, Germany", "timezone": "UTC", "date": "2026-02-07T14:30:00+00:00", "timestamp": 1770474600, "periods": {"first": 1770474600, "second": 1770478200}, "venue": {"id": 723, "name": "Voith-Arena", "city": "Heidenheim an der Brenz"}, "status": {"long": "Match Finished", "short": "FT", "elapsed": 90, "extra": 7}}, "league": {"id": 78, "name": "Bundesliga", "country": "Germany", "logo": "https://media.api-sports.io/football/leagues/78.png", "flag": "https://media.api-sports.io/flags/de.svg", "season": 2025, "round": "Regular Season - 21", "standings": true}, "teams": {"home": {"id": 180, "name": "1. FC Heidenheim", "logo": "https://media.api-sports.io/football/teams/180.png", "winner": false}, "away": {"id": 175, "name": "Hamburger SV", "logo": "https://media.api-sports.io/football/teams/175.png", "winner": true}}, "goals": {"home": 0, "away": 2}, "score": {"halftime": {"home": 0, "away": 1}, "fulltime": {"home": 0, "away": 2}, "extratime": {"home": null, "away": null}, "penalty": {"home": null, "away": null}}}, {"fixture": {"id": 1388483, "referee": "Harm Osmers, Germany", "timezone": "UTC", "date": "2026-01-31T17:30:00+00:00", "timestamp": 1769880600, "periods": {"first": 1769880600, "second": 1769884200}, "venue": {"id": 720, "name": "Volksparkstadion", "city": "Hamburg"}, "status": {"long": "Match Finished", "short": "FT", "elapsed": 90, "extra": 10}}, "league": {"id": 78, "name": "Bundesliga", "country": "Germany", "logo": "https://media.api-sports.io/football/leagues/78.png", "flag": "https://media.api-sports.io/flags/de.svg", "season": 2025, "round": "Regular Season - 20", "standings": true}, "teams": {"home": {"id": 175, "name": "Hamburger SV", "logo": "https://media.api-sports.io/football/teams/175.png", "winner": null}, "away": {"id": 157, "name": "Bayern M\u00fcnchen", "logo": "https://media.api-sports.io/football/teams/157.png", "winner": null}}, "goals": {"home": 2, "away": 2}, "score": {"halftime": {"home": 1, "away": 1}, "fulltime": {"home": 2, "away": 2}, "extratime": {"home": null, "away": null}, "penalty": {"home": null, "away": null}}}, {"fixture": {"id": 1388477, "referee": "Tobias Welz, Germany", "timezone": "UTC", "date": "2026-01-23T19:30:00+00:00", "timestamp": 1769196600, "periods": {"first": 1769196600, "second": 1769200200}, "venue": {"id": 745, "name": "Millerntor-Stadion", "city": "Hamburg"}, "status": {"long": "Match Finished", "short": "FT", "elapsed": 90, "extra": 3}}, "league": {"id": 78, "name": "Bundesliga", "country": "Germany", "logo": "https://media.api-sports.io/football/leagues/78.png", "flag": "https://media.api-sports.io/flags/de.svg", "season": 2025, "round": "Regular Season - 19", "standings": true}, "teams": {"home": {"id": 186, "name": "FC St. Pauli", "logo": "https://media.api-sports.io/football/teams/186.png", "winner": null}, "away": {"id": 175, "name": "Hamburger SV", "logo": "https://media.api-sports.io/football/teams/175.png", "winner": null}}, "goals": {"home": 0, "away": 0}, "score": {"halftime": {"home": 0, "away": 0}, "fulltime": {"home": 0, "away": 0}, "extratime": {"home": null, "away": null}, "penalty": {"home": null, "away": null}}}, {"fixture": {"id": 1388464, "referee": "Robert Schr\u00f6der, Germany", "timezone": "UTC", "date": "2026-01-17T14:30:00+00:00", "timestamp": 1768660200, "periods": {"first": 1768660200, "second": 1768663800}, "venue": {"id": 720, "name": "Volksparkstadion", "city": "Hamburg"}, "status": {"long": "Match Finished", "short": "FT", "elapsed": 90, "extra": 10}}, "league": {"id": 78, "name": "Bundesliga", "country": "Germany", "logo": "https://media.api-sports.io/football/leagues/78.png", "flag": "https://media.api-sports.io/flags/de.svg", "season": 2025, "round": "Regular Season - 18", "standings": true}, "teams": {"home": {"id": 175, "name": "Hamburger SV", "logo": "https://media.api-sports.io/football/teams/175.png", "winner": null}, "away": {"id": 163, "name": "Borussia M\u00f6nchengladbach", "logo": "https://media.api-sports.io/football/teams/163.png", "winner": null}}, "goals": {"home": 0, "away": 0}, "score": {"halftime": {"home": 0, "away": 0}, "fulltime": {"home": 0, "away": 0}, "extratime": {"home": null, "away": null}, "penalty": {"home": null, "away": null}}}, {"fixture": {"id": 1388447, "referee": "Timo Gerach, Germany", "timezone": "UTC", "date": "2026-01-10T14:30:00+00:00", "timestamp": 1768055400, "periods": {"first": 1768055400, "second": 1768059000}, "venue": {"id": 12717, "name": "Europa-Park-Stadion", "city": "Freiburg im Breisgau"}, "status": {"long": "Match Finished", "short": "FT", "elapsed": 90, "extra": 12}}, "league": {"id": 78, "name": "Bundesliga", "country": "Germany", "logo": "https://media.api-sports.io/football/leagues/78.png", "flag": "https://media.api-sports.io/flags/de.svg", "season": 2025, "round": "Regular Season - 16", "standings": true}, "teams": {"home": {"id": 160, "name": "SC Freiburg", "logo": "https://media.api-sports.io/football/teams/160.png", "winner": true}, "away": {"id": 175, "name": "Hamburger SV", "logo": "https://media.api-sports.io/football/teams/175.png", "winner": false}}, "goals": {"home": 2, "away": 1}, "score": {"halftime": {"home": 0, "away": 0}, "fulltime": {"home": 2, "away": 1}, "extratime": {"home": null, "away": null}, "penalty": {"home": null, "away": null}}}, {"fixture": {"id": 1388437, "referee": "Tobias Stieler, Germany", "timezone": "UTC", "date": "2025-12-20T14:30:00+00:00", "timestamp": 1766241000, "periods": {"first": 1766241000, "second": 1766244600}, "venue": {"id": 720, "name": "Volksparkstadion", "city": "Hamburg"}, "status": {"long": "Match Finished", "short": "FT", "elapsed": 90, "extra": 10}}, "league": {"id": 78, "name": "Bundesliga", "country": "Germany", "logo": "https://media.api-sports.io/football/leagues/78.png", "flag": "https://media.api-sports.io/flags/de.svg", "season": 2025, "round": "Regular Season - 15", "standings": true}, "teams": {"home": {"id": 175, "name": "Hamburger SV", "logo": "https://media.api-sports.io/football/teams/175.png", "winner": null}, "away": {"id": 169, "name": "Eintracht Frankfurt", "logo": "https://media.api-sports.io/football/teams/169.png", "winner": null}}, "goals": {"home": 1, "away": 1}, "score": {"halftime": {"home": 1, "away": 1}, "fulltime": {"home": 1, "away": 1}, "extratime": {"home": null, "away": null}, "penalty": {"home": null, "away": null}}}, {"fixture": {"id": 1388430, "referee": "Martin Petersen, Germany", "timezone": "UTC", "date": "2025-12-13T14:30:00+00:00", "timestamp": 1765636200, "periods": {"first": 1765636200, "second": 1765639800}, "venue": {"id": 724, "name": "PreZero Arena", "city": "Sinsheim"}, "status": {"long": "Match Finished", "short": "FT", "elapsed": 90, "extra": 5}}, "league": {"id": 78, "name": "Bundesliga", "country": "Germany", "logo": "https://media.api-sports.io/football/leagues/78.png", "flag": "https://media.api-sports.io/flags/de.svg", "season": 2025, "round": "Regular Season - 14", "standings": true}, "teams": {"home": {"id": 167, "name": "1899 Hoffenheim", "logo": "https://media.api-sports.io/football/teams/167.png", "winner": true}, "away": {"id": 175, "name": "Hamburger SV", "logo": "https://media.api-sports.io/football/teams/175.png", "winner": false}}, "goals": {"home": 4, "away": 1}, "score": {"halftime": {"home": 2, "away": 0}, "fulltime": {"home": 4, "away": 1}, "extratime": {"home": null, "away": null}, "penalty": {"home": null, "away": null}}}, {"fixture": {"id": 1388419, "referee": "Sascha Stegemann, Germany", "timezone": "UTC", "date": "2025-12-07T14:30:00+00:00", "timestamp": 1765117800, "periods": {"first": 1765117800, "second": 1765121400}, "venue": {"id": 720, "name": "Volksparkstadion", "city": "Hamburg"}, "status": {"long": "Match Finished", "short": "FT", "elapsed": 90, "extra": 7}}, "league": {"id": 78, "name": "Bundesliga", "country": "Germany", "logo": "https://media.api-sports.io/football/leagues/78.png", "flag": "https://media.api-sports.io/flags/de.svg", "season": 2025, "round": "Regular Season - 13", "standings": true}, "teams": {"home": {"id": 175, "name": "Hamburger SV", "logo": "https://media.api-sports.io/football/teams/175.png", "winner": true}, "away": {"id": 162, "name": "Werder Bremen", "logo": "https://media.api-sports.io/football/teams/162.png", "winner": false}}, "goals": {"home": 3, "away": 2}, "score": {"halftime": {"home": 0, "away": 1}, "fulltime": {"home": 3, "away": 2}, "extratime": {"home": null, "away": null}, "penalty": {"home": null, "away": null}}}, {"fixture": {"id": 1388412, "referee": "S\u00f6ren Storks, Germany", "timezone": "UTC", "date": "2025-11-30T14:30:00+00:00", "timestamp": 1764513000, "periods": {"first": 1764513000, "second": 1764516600}, "venue": {"id": 720, "name": "Volksparkstadion", "city": "Hamburg"}, "status": {"long": "Match Finished", "short": "FT", "elapsed": 90, "extra": 3}}, "league": {"id": 78, "name": "Bundesliga", "country": "Germany", "logo": "https://media.api-sports.io/football/leagues/78.png", "flag": "https://media.api-sports.io/flags/de.svg", "season": 2025, "round": "Regular Season - 12", "standings": true}, "teams": {"home": {"id": 175, "name": "Hamburger SV", "logo": "https://media.api-sports.io/football/teams/175.png", "winner": true}, "away": {"id": 172, "name": "VfB Stuttgart", "logo": "https://media.api-sports.io/football/teams/172.png", "winner": false}}, "goals": {"home": 2, "away": 1}, "score": {"halftime": {"home": 1, "away": 0}, "fulltime": {"home": 2, "away": 1}, "extratime": {"home": null, "away": null}, "penalty": {"home": null, "away": null}}}, {"fixture": {"id": 1388398, "referee": "Robin Braun, Germany", "timezone": "UTC", "date": "2025-11-22T14:30:00+00:00", "timestamp": 1763821800, "periods": {"first": 1763821800, "second": 1763825400}, "venue": {"id": 698, "name": "WWK Arena", "city": "Augsburg"}, "status": {"long": "Match Finished", "short": "FT", "elapsed": 90, "extra": 5}}, "league": {"id": 78, "name": "Bundesliga", "country": "Germany", "logo": "https://media.api-sports.io/football/leagues/78.png", "flag": "https://media.api-sports.io/flags/de.svg", "season": 2025, "round": "Regular Season - 11", "standings": true}, "teams": {"home": {"id": 170, "name": "FC Augsburg", "logo": "https://media.api-sports.io/football/teams/170.png", "winner": true}, "away": {"id": 175, "name": "Hamburger SV", "logo": "https://media.api-sports.io/football/teams/175.png", "winner": false}}, "goals": {"home": 1, "away": 0}, "score": {"halftime": {"home": 0, "away": 0}, "fulltime": {"home": 1, "away": 0}, "extratime": {"home": null, "away": null}, "penalty": {"home": null, "away": null}}}]}