{"get": "fixtures", "parameters": {"league": "140", "season": "2025", "date": "2026-02-09"}, "errors": [], "results": 1, "paging": {"current": 1, "total": 1}, "response": [{"fixture": {"id": 1391048, "referee": null, "timezone": "UTC", "date": "2026-02-09T20:00:00+00:00", "timestamp": 1770667200, "periods": {"first": null, "second": null}, "venue": {"id": 1498, "name": "Estadio de la Ceramica", "city": "Villarreal"}, "status": {"long": "Not Started", "short": "NS", "elapsed": null, "extra": null}}, "league": {"id": 140, "name": "La Liga", "country": "Spain", "logo": "https://media.api-sports.io/football/leagues/140.png", "flag": "https://media.api-sports.io/flags/es.svg", "season": 2025, "round": "Regular Season - 23", "standings": true}, "teams": {"home": {"id": 533, "name": "Villarreal", "logo": "https://media.api-sports.io/football/teams/533.png", "winner": null}, "away": {"id": 540, "name": "Espanyol", "logo": "https://media.api-sports.io/football/teams/540.png", "winner": null}}, "goals": {"home": null, "away": null}, "score": {"halftime": {"home": null, "away": null}, "fulltime": {"home": null, "away": null}, "extratime": {"home": null, "away": null}, "penalty": {"home": null, "away": null}}}]}