{"get": "injuries", "parameters": {"league": "78", "season": "2025", "team": "192"}, "errors": [], "results": 74, "paging": {"current": 1, "total": 1}, "response": [{"player": {"id": 15907, "name": "Jacob Christensen", "photo": "https://media.api-sports.io/football/players/15907.png", "type": "Missing Fixture", "reason": "Injured Doubtful"}, "team": {"id": 192, "name": "1.FC K\u00f6ln", "logo": "https://media.api-sports.io/football/teams/192.png"}, "fixture": {"id": 1388314, "timezone": "UTC", "date": "2025-08-24T13:30:00+00:00", "timestamp": 1756042200}, "league": {"id": 78, "season": 2025, "name": "Bundesliga", "country": "Germany", "logo": "https://media.api-sports.io/football/leagues/78.png", "flag": "https://media.api-sports.io/flags/de.svg"}}, {"player": {"id": 392761, "name": "Julian Pauli", "photo": "https://media.api-sports.io/football/players/392761.png", "type": "Missing Fixture", "reason": "Ankle Injury"}, "team": {"id": 192, "name": "1.FC K\u00f6ln", "logo": "https://media.api-sports.io/football/teams/192.png"}, "fixture": {"id": 1388314, "timezone": "UTC", "date": "2025-08-24T13:30:00+00:00", "timestamp": 1756042200}, "league": {"id": 78, "season": 2025, "name": "Bundesliga", "country": "Germany", "logo": "https://media.api-sports.io/football/leagues/78.png", "flag": "https://media.api-sports.io/flags/de.svg"}}, {"player": {"id": 108474, "name": "L. Kilian", "photo": "https://media.api-sports.io/football/players/108474.png", "type": "Missing Fixture", "reason": "Cruciate ligament stretch"}, "team": {"id": 192, "name": "1.FC K\u00f6ln", "logo": "https://media.api-sports.io/football/teams/192.png"}, "fixture": {"id": 1388448, "timezone": "UTC", "date": "2026-01-10T15:00:00+00:00", "timestamp": 1768057200}, "league": {"id": 78, "season": 2025, "name": "Bundesliga", "country": "Germany", "logo": "https://media.api-sports.io/football/leagues/78.png", "flag": "https://media.api-sports.io/flags/de.svg"}}, {"player": {"id": 108474, "name": "L. Kilian", "photo": "https://media.api-sports.io/football/players/108474.png", "type": "Missing Fixture", "reason": "Cruciate ligament stretch"}, "team": {"id": 192, "name": "1.FC K\u00f6ln", "logo": "https://media.api-sports.io/football/teams/192.png"}, "fixture": {"id": 1388454, "timezone": "UTC", "date": "2026-01-14T15:00:00+00:00", "timestamp": 1768402800}, "league": {"id": 78, "season": 2025, "name": "Bundesliga", "country": "Germany", "logo": "https://media.api-sports.io/football/leagues/78.png", "flag": "https://media.api-sports.io/flags/de.svg"}}, {"player": {"id": 108474, "name": "L. Kilian", "photo": "https://media.api-sports.io/football/players/108474.png", "type": "Missing Fixture", "reason": "Cruciate ligament stretch"}, "team": {"id": 192, "name": "1.FC K\u00f6ln", "logo": "https://media.api-sports.io/football/teams/192.png"}, "fixture": {"id": 1388507, "timezone": "UTC", "date": "2026-02-21T15:00:00+00:00", "timestamp": 1771686000}, "league": {"id": 78, "season": 2025, "name": "Bundesliga", "country": "Germany", "logo": "https://media.api-sports.io/football/leagues/78.png", "flag": "https://media.api-sports.io/flags/de.svg"}}, {"player": {"id": 108474, "name": "L. Kilian", "photo": "https://media.api-sports.io/football/players/108474.png", "type": "Missing Fixture", "reason": "Cruciate ligament stretch"}, "team": {"id": 192, "name": "1.FC K\u00f6ln", "logo": "https://media.api-sports.io/football/teams/192.png"}, "fixture": {"id": 1388515, "timezone": "UTC", "date": "2026-02-28T15:00:00+00:00", "timestamp": 1772290800}, "league": {"id": 78, "season": 2025, "name": "Bundesliga", "country": "Germany", "logo": "https://media.api-sports.io/football/leagues/78.png", "flag": "https://media.api-sports.io/flags/de.svg"}}, {"player": {"id": 108474, "name": "L. Kilian", "photo": "https://media.api-sports.io/football/players/108474.png", "type": "Missing Fixture", "reason": "Jumpers knee"}, "team": {"id": 192, "name": "1.FC K\u00f6ln", "logo": "https://media.api-sports.io/football/teams/192.png"}, "fixture": {"id": 1388314, "timezone": "UTC", "date": "2025-08-24T13:30:00+00:00", "timestamp": 1756042200}, "league": {"id": 78, "season": 2025, "name": "Bundesliga", "country": "Germany", "logo": "https://media.api-sports.io/football/leagues/78.png", "flag": "https://media.api-sports.io/flags/de.svg"}}, {"player": {"id": 108474, "name": "L. Kilian", "photo": "https://media.api-sports.io/football/players/108474.png", "type": "Missing Fixture", "reason": "Jumpers knee"}, "team": {"id": 192, "name": "1.FC K\u00f6ln", "logo": "https://media.api-sports.io/football/teams/192.png"}, "fixture": {"id": 1388319, "timezone": "UTC", "date": "2025-08-31T17:30:00+00:00", "timestamp": 1756661400}, "league": {"id": 78, "season": 2025, "name": "Bundesliga", "country": "Germany", "logo": "https://media.api-sports.io/football/leagues/78.png", "flag": "https://media.api-sports.io/flags/de.svg"}}, {"player": {"id": 108474, "name": "L. Kilian", "photo": "https://media.api-sports.io/football/players/108474.png", "type": "Missing Fixture", "reason": "Jumpers knee"}, "team": {"id": 192, "name": "1.FC K\u00f6ln", "logo": "https://media.api-sports.io/football/teams/192.png"}, "fixture": {"id": 1388334, "timezone": "UTC", "date": "2025-09-13T13:30:00+00:00", "timestamp": 1757770200}, "league": {"id": 78, "season": 2025, "name": "Bundesliga", "country": "Germany", "logo": "https://media.api-sports.io/football/leagues/78.png", "flag": "https://media.api-sports.io/flags/de.svg"}}, {"player": {"id": 48198, "name": "\u00cd. Bergmann J\u00f3hannesson", "photo": "https://media.api-sports.io/football/players/48198.png", "type": "Missing Fixture", "reason": "Muscle bruise"}, "team": {"id": 192, "name": "1.FC K\u00f6ln", "logo": "https://media.api-sports.io/football/teams/192.png"}, "fixture": {"id": 1388334, "timezone": "UTC", "date": "2025-09-13T13:30:00+00:00", "timestamp": 1757770200}, "league": {"id": 78, "season": 2025, "name": "Bundesliga", "country": "Germany", "logo": "https://media.api-sports.io/football/leagues/78.png", "flag": "https://media.api-sports.io/flags/de.svg"}}, {"player": {"id": 108474, "name": "L. Kilian", "photo": "https://media.api-sports.io/football/players/108474.png", "type": "Missing Fixture", "reason": "Knee Injury"}, "team": {"id": 192, "name": "1.FC K\u00f6ln", "logo": "https://media.api-sports.io/football/teams/192.png"}, "fixture": {"id": 1388341, "timezone": "UTC", "date": "2025-09-20T16:30:00+00:00", "timestamp": 1758385800}, "league": {"id": 78, "season": 2025, "name": "Bundesliga", "country": "Germany", "logo": "https://media.api-sports.io/football/leagues/78.png", "flag": "https://media.api-sports.io/flags/de.svg"}}, {"player": {"id": 287916, "name": "R. van den Berg", "photo": "https://media.api-sports.io/football/players/287916.png", "type": "Missing Fixture", "reason": "Shoulder Injury"}, "team": {"id": 192, "name": "1.FC K\u00f6ln", "logo": "https://media.api-sports.io/football/teams/192.png"}, "fixture": {"id": 1388341, "timezone": "UTC", "date": "2025-09-20T16:30:00+00:00", "timestamp": 1758385800}, "league": {"id": 78, "season": 2025, "name": "Bundesliga", "country": "Germany", "logo": "https://media.api-sports.io/football/leagues/78.png", "flag": "https://media.api-sports.io/flags/de.svg"}}, {"player": {"id": 25242, "name": "M. Bulter", "photo": "https://media.api-sports.io/football/players/25242.png", "type": "Missing Fixture", "reason": "Achilles Tendon Injury"}, "team": {"id": 192, "name": "1.FC K\u00f6ln", "logo": "https://media.api-sports.io/football/teams/192.png"}, "fixture": {"id": 1388346, "timezone": "UTC", "date": "2025-09-28T15:30:00+00:00", "timestamp": 1759073400}, "league": {"id": 78, "season": 2025, "name": "Bundesliga", "country": "Germany", "logo": "https://media.api-sports.io/football/leagues/78.png", "flag": "https://media.api-sports.io/flags/de.svg"}}, {"player": {"id": 108474, "name": "L. Kilian", "photo": "https://media.api-sports.io/football/players/108474.png", "type": "Missing Fixture", "reason": "Knee Injury"}, "team": {"id": 192, "name": "1.FC K\u00f6ln", "logo": "https://media.api-sports.io/football/teams/192.png"}, "fixture": {"id": 1388346, "timezone": "UTC", "date": "2025-09-28T15:30:00+00:00", "timestamp": 1759073400}, "league": {"id": 78, "season": 2025, "name": "Bundesliga", "country": "Germany", "logo": "https://media.api-sports.io/football/leagues/78.png", "flag": "https://media.api-sports.io/flags/de.svg"}}, {"player": {"id": 287916, "name": "R. van den Berg", "photo": "https://media.api-sports.io/football/players/287916.png", "type": "Missing Fixture", "reason": "Shoulder Injury"}, "team": {"id": 192, "name": "1.FC K\u00f6ln", "logo": "https://media.api-sports.io/football/teams/192.png"}, "fixture": {"id": 1388346, "timezone": "UTC", "date": "2025-09-28T15:30:00+00:00", "timestamp": 1759073400}, "league": {"id": 78, "season": 2025, "name": "Bundesliga", "country": "Germany", "logo": "https://media.api-sports.io/football/leagues/78.png", "flag": "https://media.api-sports.io/flags/de.svg"}}, {"player": {"id": 25242, "name": "M. Bulter", "photo": "https://media.api-sports.io/football/players/25242.png", "type": "Missing Fixture", "reason": "Achilles Tendon Injury"}, "team": {"id": 192, "name": "1.FC K\u00f6ln", "logo": "https://media.api-sports.io/football/teams/192.png"}, "fixture": {"id": 1388359, "timezone": "UTC", "date": "2025-10-03T18:30:00+00:00", "timestamp": 1759516200}, "league": {"id": 78, "season": 2025, "name": "Bundesliga", "country": "Germany", "logo": "https://media.api-sports.io/football/leagues/78.png", "flag": "https://media.api-sports.io/flags/de.svg"}}, {"player": {"id": 108474, "name": "L. Kilian", "photo": "https://media.api-sports.io/football/players/108474.png", "type": "Missing Fixture", "reason": "Knee Injury"}, "team": {"id": 192, "name": "1.FC K\u00f6ln", "logo": "https://media.api-sports.io/football/teams/192.png"}, "fixture": {"id": 1388359, "timezone": "UTC", "date": "2025-10-03T18:30:00+00:00", "timestamp": 1759516200}, "league": {"id": 78, "season": 2025, "name": "Bundesliga", "country": "Germany", "logo": "https://media.api-sports.io/football/leagues/78.png", "flag": "https://media.api-sports.io/flags/de.svg"}}, {"player": {"id": 287916, "name": "R. van den Berg", "photo": "https://media.api-sports.io/football/players/287916.png", "type": "Missing Fixture", "reason": "Shoulder Injury"}, "team": {"id": 192, "name": "1.FC K\u00f6ln", "logo": "https://media.api-sports.io/football/teams/192.png"}, "fixture": {"id": 1388359, "timezone": "UTC", "date": "2025-10-03T18:30:00+00:00", "timestamp": 1759516200}, "league": {"id": 78, "season": 2025, "name": "Bundesliga", "country": "Germany", "logo": "https://media.api-sports.io/football/leagues/78.png", "flag": "https://media.api-sports.io/flags/de.svg"}}, {"player": {"id": 108474, "name": "L. Kilian", "photo": "https://media.api-sports.io/football/players/108474.png", "type": "Missing Fixture", "reason": "Knee Injury"}, "team": {"id": 192, "name": "1.FC K\u00f6ln", "logo": "https://media.api-sports.io/football/teams/192.png"}, "fixture": {"id": 1388363, "timezone": "UTC", "date": "2025-10-18T13:30:00+00:00", "timestamp": 1760794200}, "league": {"id": 78, "season": 2025, "name": "Bundesliga", "country": "Germany", "logo": "https://media.api-sports.io/football/leagues/78.png", "flag": "https://media.api-sports.io/flags/de.svg"}}, {"player": {"id": 287916, "name": "R. van den Berg", "photo": "https://media.api-sports.io/football/players/287916.png", "type": "Questionable", "reason": "Shoulder Injury"}, "team": {"id": 192, "name": "1.FC K\u00f6ln", "logo": "https://media.api-sports.io/football/teams/192.png"}, "fixture": {"id": 1388363, "timezone": "UTC", "date": "2025-10-18T13:30:00+00:00", "timestamp": 1760794200}, "league": {"id": 78, "season": 2025, "name": "Bundesliga", "country": "Germany", "logo": "https://media.api-sports.io/football/leagues/78.png", "flag": "https://media.api-sports.io/flags/de.svg"}}, {"player": {"id": 108474, "name": "L. Kilian", "photo": "https://media.api-sports.io/football/players/108474.png", "type": "Missing Fixture", "reason": "Knee Injury"}, "team": {"id": 192, "name": "1.FC K\u00f6ln", "logo": "https://media.api-sports.io/football/teams/192.png"}, "fixture": {"id": 1388374, "timezone": "UTC", "date": "2025-10-25T16:30:00+00:00", "timestamp": 1761409800}, "league": {"id": 78, "season": 2025, "name": "Bundesliga", "country": "Germany", "logo": "https://media.api-sports.io/football/leagues/78.png", "flag": "https://media.api-sports.io/flags/de.svg"}}, {"player": {"id": 181908, "name": "J. Thielmann", "photo": "https://media.api-sports.io/football/players/181908.png", "type": "Missing Fixture", "reason": "Muscle Injury"}, "team": {"id": 192, "name": "1.FC K\u00f6ln", "logo": "https://media.api-sports.io/football/teams/192.png"}, "fixture": {"id": 1388374, "timezone": "UTC", "date": "2025-10-25T16:30:00+00:00", "timestamp": 1761409800}, "league": {"id": 78, "season": 2025, "name": "Bundesliga", "country": "Germany", "logo": "https://media.api-sports.io/football/leagues/78.png", "flag": "https://media.api-sports.io/flags/de.svg"}}, {"player": {"id": 287916, "name": "R. van den Berg", "photo": "https://media.api-sports.io/football/players/287916.png", "type": "Missing Fixture", "reason": "Shoulder Injury"}, "team": {"id": 192, "name": "1.FC K\u00f6ln", "logo": "https://media.api-sports.io/football/teams/192.png"}, "fixture": {"id": 1388374, "timezone": "UTC", "date": "2025-10-25T16:30:00+00:00", "timestamp": 1761409800}, "league": {"id": 78, "season": 2025, "name": "Bundesliga", "country": "Germany", "logo": "https://media.api-sports.io/football/leagues/78.png", "flag": "https://media.api-sports.io/flags/de.svg"}}, {"player": {"id": 90641, "name": "T. Hubers", "photo": "https://media.api-sports.io/football/players/90641.png", "type": "Missing Fixture", "reason": "Knee Injury"}, "team": {"id": 192, "name": "1.FC K\u00f6ln", "logo": "https://media.api-sports.io/football/teams/192.png"}, "fixture": {"id": 1388382, "timezone": "UTC", "date": "2025-11-02T14:30:00+00:00", "timestamp": 1762093800}, "league": {"id": 78, "season": 2025, "name": "Bundesliga", "country": "Germany", "logo": "https://media.api-sports.io/football/leagues/78.png", "flag": "https://media.api-sports.io/flags/de.svg"}}, {"player": {"id": 108474, "name": "L. Kilian", "photo": "https://media.api-sports.io/football/players/108474.png", "type": "Missing Fixture", "reason": "Knee Injury"}, "team": {"id": 192, "name": "1.FC K\u00f6ln", "logo": "https://media.api-sports.io/football/teams/192.png"}, "fixture": {"id": 1388382, "timezone": "UTC", "date": "2025-11-02T14:30:00+00:00", "timestamp": 1762093800}, "league": {"id": 78, "season": 2025, "name": "Bundesliga", "country": "Germany", "logo": "https://media.api-sports.io/football/leagues/78.png", "flag": "https://media.api-sports.io/flags/de.svg"}}, {"player": {"id": 181908, "name": "J. Thielmann", "photo": "https://media.api-sports.io/football/players/181908.png", "type": "Missing Fixture", "reason": "Muscle Injury"}, "team": {"id": 192, "name": "1.FC K\u00f6ln", "logo": "https://media.api-sports.io/football/teams/192.png"}, "fixture": {"id": 1388382, "timezone": "UTC", "date": "2025-11-02T14:30:00+00:00", "timestamp": 1762093800}, "league": {"id": 78, "season": 2025, "name": "Bundesliga", "country": "Germany", "logo": "https://media.api-sports.io/football/leagues/78.png", "flag": "https://media.api-sports.io/flags/de.svg"}}, {"player": {"id": 287916, "name": "R. van den Berg", "photo": "https://media.api-sports.io/football/players/287916.png", "type": "Missing Fixture", "reason": "Shoulder Injury"}, "team": {"id": 192, "name": "1.FC K\u00f6ln", "logo": "https://media.api-sports.io/football/teams/192.png"}, "fixture": {"id": 1388382, "timezone": "UTC", "date": "2025-11-02T14:30:00+00:00", "timestamp": 1762093800}, "league": {"id": 78, "season": 2025, "name": "Bundesliga", "country": "Germany", "logo": "https://media.api-sports.io/football/leagues/78.png", "flag": "https://media.api-sports.io/flags/de.svg"}}, {"player": {"id": 90641, "name": "T. Hubers", "photo": "https://media.api-sports.io/football/players/90641.png", "type": "Missing Fixture", "reason": "Knee Injury"}, "team": {"id": 192, "name": "1.FC K\u00f6ln", "logo": "https://media.api-sports.io/football/teams/192.png"}, "fixture": {"id": 1388390, "timezone": "UTC", "date": "2025-11-08T17:30:00+00:00", "timestamp": 1762623000}, "league": {"id": 78, "season": 2025, "name": "Bundesliga", "country": "Germany", "logo": "https://media.api-sports.io/football/leagues/78.png", "flag": "https://media.api-sports.io/flags/de.svg"}}, {"player": {"id": 108474, "name": "L. Kilian", "photo": "https://media.api-sports.io/football/players/108474.png", "type": "Missing Fixture", "reason": "Knee Injury"}, "team": {"id": 192, "name": "1.FC K\u00f6ln", "logo": "https://media.api-sports.io/football/teams/192.png"}, "fixture": {"id": 1388390, "timezone": "UTC", "date": "2025-11-08T17:30:00+00:00", "timestamp": 1762623000}, "league": {"id": 78, "season": 2025, "name": "Bundesliga", "country": "Germany", "logo": "https://media.api-sports.io/football/leagues/78.png", "flag": "https://media.api-sports.io/flags/de.svg"}}, {"player": {"id": 181908, "name": "J. Thielmann", "photo": "https://media.api-sports.io/football/players/181908.png", "type": "Missing Fixture", "reason": "Muscle Injury"}, "team": {"id": 192, "name": "1.FC K\u00f6ln", "logo": "https://media.api-sports.io/football/teams/192.png"}, "fixture": {"id": 1388390, "timezone": "UTC", "date": "2025-11-08T17:30:00+00:00", "timestamp": 1762623000}, "league": {"id": 78, "season": 2025, "name": "Bundesliga", "country": "Germany", "logo": "https://media.api-sports.io/football/leagues/78.png", "flag": "https://media.api-sports.io/flags/de.svg"}}, {"player": {"id": 287916, "name": "R. van den Berg", "photo": "https://media.api-sports.io/football/players/287916.png", "type": "Missing Fixture", "reason": "Shoulder Injury"}, "team": {"id": 192, "name": "1.FC K\u00f6ln", "logo": "https://media.api-sports.io/football/teams/192.png"}, "fixture": {"id": 1388390, "timezone": "UTC", "date": "2025-11-08T17:30:00+00:00", "timestamp": 1762623000}, "league": {"id": 78, "season": 2025, "name": "Bundesliga", "country": "Germany", "logo": "https://media.api-sports.io/football/leagues/78.png", "flag": "https://media.api-sports.io/flags/de.svg"}}, {"player": {"id": 90641, "name": "T. Hubers", "photo": "https://media.api-sports.io/football/players/90641.png", "type": "Missing Fixture", "reason": "Knee Injury"}, "team": {"id": 192, "name": "1.FC K\u00f6ln", "logo": "https://media.api-sports.io/football/teams/192.png"}, "fixture": {"id": 1388401, "timezone": "UTC", "date": "2025-11-22T17:30:00+00:00", "timestamp": 1763832600}, "league": {"id": 78, "season": 2025, "name": "Bundesliga", "country": "Germany", "logo": "https://media.api-sports.io/football/leagues/78.png", "flag": "https://media.api-sports.io/flags/de.svg"}}, {"player": {"id": 108474, "name": "L. Kilian", "photo": "https://media.api-sports.io/football/players/108474.png", "type": "Missing Fixture", "reason": "Knee Injury"}, "team": {"id": 192, "name": "1.FC K\u00f6ln", "logo": "https://media.api-sports.io/football/teams/192.png"}, "fixture": {"id": 1388401, "timezone": "UTC", "date": "2025-11-22T17:30:00+00:00", "timestamp": 1763832600}, "league": {"id": 78, "season": 2025, "name": "Bundesliga", "country": "Germany", "logo": "https://media.api-sports.io/football/leagues/78.png", "flag": "https://media.api-sports.io/flags/de.svg"}}, {"player": {"id": 287916, "name": "R. van den Berg", "photo": "https://media.api-sports.io/football/players/287916.png", "type": "Questionable", "reason": "Injury"}, "team": {"id": 192, "name": "1.FC K\u00f6ln", "logo": "https://media.api-sports.io/football/teams/192.png"}, "fixture": {"id": 1388401, "timezone": "UTC", "date": "2025-11-22T17:30:00+00:00", "timestamp": 1763832600}, "league": {"id": 78, "season": 2025, "name": "Bundesliga", "country": "Germany", "logo": "https://media.api-sports.io/football/leagues/78.png", "flag": "https://media.api-sports.io/flags/de.svg"}}, {"player": {"id": 37439, "name": "R. Ache", "photo": "https://media.api-sports.io/football/players/37439.png", "type": "Missing Fixture", "reason": "Concussion"}, "team": {"id": 192, "name": "1. FC K\u00f6ln", "logo": "https://media.api-sports.io/football/teams/192.png"}, "fixture": {"id": 1388415, "timezone": "UTC", "date": "2025-11-29T14:30:00+00:00", "timestamp": 1764426600}, "league": {"id": 78, "season": 2025, "name": "Bundesliga", "country": "Germany", "logo": "https://media.api-sports.io/football/leagues/78.png", "flag": "https://media.api-sports.io/flags/de.svg"}}, {"player": {"id": 90641, "name": "T. Hubers", "photo": "https://media.api-sports.io/football/players/90641.png", "type": "Missing Fixture", "reason": "Knee Injury"}, "team": {"id": 192, "name": "1. FC K\u00f6ln", "logo": "https://media.api-sports.io/football/teams/192.png"}, "fixture": {"id": 1388415, "timezone": "UTC", "date": "2025-11-29T14:30:00+00:00", "timestamp": 1764426600}, "league": {"id": 78, "season": 2025, "name": "Bundesliga", "country": "Germany", "logo": "https://media.api-sports.io/football/leagues/78.png", "flag": "https://media.api-sports.io/flags/de.svg"}}, {"player": {"id": 108474, "name": "L. Kilian", "photo": "https://media.api-sports.io/football/players/108474.png", "type": "Missing Fixture", "reason": "Knee Injury"}, "team": {"id": 192, "name": "1. FC K\u00f6ln", "logo": "https://media.api-sports.io/football/teams/192.png"}, "fixture": {"id": 1388415, "timezone": "UTC", "date": "2025-11-29T14:30:00+00:00", "timestamp": 1764426600}, "league": {"id": 78, "season": 2025, "name": "Bundesliga", "country": "Germany", "logo": "https://media.api-sports.io/football/leagues/78.png", "flag": "https://media.api-sports.io/flags/de.svg"}}, {"player": {"id": 48765, "name": "J. Schmied", "photo": "https://media.api-sports.io/football/players/48765.png", "type": "Missing Fixture", "reason": "Thigh Injury"}, "team": {"id": 192, "name": "1. FC K\u00f6ln", "logo": "https://media.api-sports.io/football/teams/192.png"}, "fixture": {"id": 1388415, "timezone": "UTC", "date": "2025-11-29T14:30:00+00:00", "timestamp": 1764426600}, "league": {"id": 78, "season": 2025, "name": "Bundesliga", "country": "Germany", "logo": "https://media.api-sports.io/football/leagues/78.png", "flag": "https://media.api-sports.io/flags/de.svg"}}, {"player": {"id": 26237, "name": "D. Heintz", "photo": "https://media.api-sports.io/football/players/26237.png", "type": "Missing Fixture", "reason": "Injury"}, "team": {"id": 192, "name": "1. FC K\u00f6ln", "logo": "https://media.api-sports.io/football/teams/192.png"}, "fixture": {"id": 1388418, "timezone": "UTC", "date": "2025-12-06T14:30:00+00:00", "timestamp": 1765031400}, "league": {"id": 78, "season": 2025, "name": "Bundesliga", "country": "Germany", "logo": "https://media.api-sports.io/football/leagues/78.png", "flag": "https://media.api-sports.io/flags/de.svg"}}, {"player": {"id": 90641, "name": "T. Hubers", "photo": "https://media.api-sports.io/football/players/90641.png", "type": "Missing Fixture", "reason": "Knee Injury"}, "team": {"id": 192, "name": "1. FC K\u00f6ln", "logo": "https://media.api-sports.io/football/teams/192.png"}, "fixture": {"id": 1388418, "timezone": "UTC", "date": "2025-12-06T14:30:00+00:00", "timestamp": 1765031400}, "league": {"id": 78, "season": 2025, "name": "Bundesliga", "country": "Germany", "logo": "https://media.api-sports.io/football/leagues/78.png", "flag": "https://media.api-sports.io/flags/de.svg"}}, {"player": {"id": 108474, "name": "L. Kilian", "photo": "https://media.api-sports.io/football/players/108474.png", "type": "Missing Fixture", "reason": "Knee Injury"}, "team": {"id": 192, "name": "1. FC K\u00f6ln", "logo": "https://media.api-sports.io/football/teams/192.png"}, "fixture": {"id": 1388418, "timezone": "UTC", "date": "2025-12-06T14:30:00+00:00", "timestamp": 1765031400}, "league": {"id": 78, "season": 2025, "name": "Bundesliga", "country": "Germany", "logo": "https://media.api-sports.io/football/leagues/78.png", "flag": "https://media.api-sports.io/flags/de.svg"}}, {"player": {"id": 48765, "name": "J. Schmied", "photo": "https://media.api-sports.io/football/players/48765.png", "type": "Missing Fixture", "reason": "Thigh Injury"}, "team": {"id": 192, "name": "1. FC K\u00f6ln", "logo": "https://media.api-sports.io/football/teams/192.png"}, "fixture": {"id": 1388418, "timezone": "UTC", "date": "2025-12-06T14:30:00+00:00", "timestamp": 1765031400}, "league": {"id": 78, "season": 2025, "name": "Bundesliga", "country": "Germany", "logo": "https://media.api-sports.io/football/leagues/78.png", "flag": "https://media.api-sports.io/flags/de.svg"}}, {"player": {"id": 26237, "name": "D. Heintz", "photo": "https://media.api-sports.io/football/players/26237.png", "type": "Missing Fixture", "reason": "Injury"}, "team": {"id": 192, "name": "1. FC K\u00f6ln", "logo": "https://media.api-sports.io/football/teams/192.png"}, "fixture": {"id": 1388425, "timezone": "UTC", "date": "2025-12-13T17:30:00+00:00", "timestamp": 1765647000}, "league": {"id": 78, "season": 2025, "name": "Bundesliga", "country": "Germany", "logo": "https://media.api-sports.io/football/leagues/78.png", "flag": "https://media.api-sports.io/flags/de.svg"}}, {"player": {"id": 90641, "name": "T. Hubers", "photo": "https://media.api-sports.io/football/players/90641.png", "type": "Missing Fixture", "reason": "Knee Injury"}, "team": {"id": 192, "name": "1. FC K\u00f6ln", "logo": "https://media.api-sports.io/football/teams/192.png"}, "fixture": {"id": 1388425, "timezone": "UTC", "date": "2025-12-13T17:30:00+00:00", "timestamp": 1765647000}, "league": {"id": 78, "season": 2025, "name": "Bundesliga", "country": "Germany", "logo": "https://media.api-sports.io/football/leagues/78.png", "flag": "https://media.api-sports.io/flags/de.svg"}}, {"player": {"id": 108474, "name": "L. Kilian", "photo": "https://media.api-sports.io/football/players/108474.png", "type": "Missing Fixture", "reason": "Knee Injury"}, "team": {"id": 192, "name": "1. FC K\u00f6ln", "logo": "https://media.api-sports.io/football/teams/192.png"}, "fixture": {"id": 1388425, "timezone": "UTC", "date": "2025-12-13T17:30:00+00:00", "timestamp": 1765647000}, "league": {"id": 78, "season": 2025, "name": "Bundesliga", "country": "Germany", "logo": "https://media.api-sports.io/football/leagues/78.png", "flag": "https://media.api-sports.io/flags/de.svg"}}, {"player": {"id": 48765, "name": "J. Schmied", "photo": "https://media.api-sports.io/football/players/48765.png", "type": "Missing Fixture", "reason": "Thigh Injury"}, "team": {"id": 192, "name": "1. FC K\u00f6ln", "logo": "https://media.api-sports.io/football/teams/192.png"}, "fixture": {"id": 1388425, "timezone": "UTC", "date": "2025-12-13T17:30:00+00:00", "timestamp": 1765647000}, "league": {"id": 78, "season": 2025, "name": "Bundesliga", "country": "Germany", "logo": "https://media.api-sports.io/football/leagues/78.png", "flag": "https://media.api-sports.io/flags/de.svg"}}, {"player": {"id": 90641, "name": "T. Hubers", "photo": "https://media.api-sports.io/football/players/90641.png", "type": "Missing Fixture", "reason": "Knee Injury"}, "team": {"id": 192, "name": "1. FC K\u00f6ln", "logo": "https://media.api-sports.io/football/teams/192.png"}, "fixture": {"id": 1388436, "timezone": "UTC", "date": "2025-12-20T14:30:00+00:00", "timestamp": 1766241000}, "league": {"id": 78, "season": 2025, "name": "Bundesliga", "country": "Germany", "logo": "https://media.api-sports.io/football/leagues/78.png", "flag": "https://media.api-sports.io/flags/de.svg"}}, {"player": {"id": 108474, "name": "L. Kilian", "photo": "https://media.api-sports.io/football/players/108474.png", "type": "Missing Fixture", "reason": "Knee Injury"}, "team": {"id": 192, "name": "1. FC K\u00f6ln", "logo": "https://media.api-sports.io/football/teams/192.png"}, "fixture": {"id": 1388436, "timezone": "UTC", "date": "2025-12-20T14:30:00+00:00", "timestamp": 1766241000}, "league": {"id": 78, "season": 2025, "name": "Bundesliga", "country": "Germany", "logo": "https://media.api-sports.io/football/leagues/78.png", "flag": "https://media.api-sports.io/flags/de.svg"}}, {"player": {"id": 48765, "name": "J. Schmied", "photo": "https://media.api-sports.io/football/players/48765.png", "type": "Missing Fixture", "reason": "Thigh Injury"}, "team": {"id": 192, "name": "1. FC K\u00f6ln", "logo": "https://media.api-sports.io/football/teams/192.png"}, "fixture": {"id": 1388436, "timezone": "UTC", "date": "2025-12-20T14:30:00+00:00", "timestamp": 1766241000}, "league": {"id": 78, "season": 2025, "name": "Bundesliga", "country": "Germany", "logo": "https://media.api-sports.io/football/leagues/78.png", "flag": "https://media.api-sports.io/flags/de.svg"}}, {"player": {"id": 26237, "name": "D. Heintz", "photo": "https://media.api-sports.io/football/players/26237.png", "type": "Missing Fixture", "reason": "Inactive"}, "team": {"id": 192, "name": "1. FC K\u00f6ln", "logo": "https://media.api-sports.io/football/teams/192.png"}, "fixture": {"id": 1388463, "timezone": "UTC", "date": "2026-01-17T14:30:00+00:00", "timestamp": 1768660200}, "league": {"id": 78, "season": 2025, "name": "Bundesliga", "country": "Germany", "logo": "https://media.api-sports.io/football/leagues/78.png", "flag": "https://media.api-sports.io/flags/de.svg"}}, {"player": {"id": 90641, "name": "T. Hubers", "photo": "https://media.api-sports.io/football/players/90641.png", "type": "Missing Fixture", "reason": "Knee Injury"}, "team": {"id": 192, "name": "1. FC K\u00f6ln", "logo": "https://media.api-sports.io/football/teams/192.png"}, "fixture": {"id": 1388463, "timezone": "UTC", "date": "2026-01-17T14:30:00+00:00", "timestamp": 1768660200}, "league": {"id": 78, "season": 2025, "name": "Bundesliga", "country": "Germany", "logo": "https://media.api-sports.io/football/leagues/78.png", "flag": "https://media.api-sports.io/flags/de.svg"}}, {"player": {"id": 108474, "name": "L. Kilian", "photo": "https://media.api-sports.io/football/players/108474.png", "type": "Missing Fixture", "reason": "Knee Injury"}, "team": {"id": 192, "name": "1. FC K\u00f6ln", "logo": "https://media.api-sports.io/football/teams/192.png"}, "fixture": {"id": 1388463, "timezone": "UTC", "date": "2026-01-17T14:30:00+00:00", "timestamp": 1768660200}, "league": {"id": 78, "season": 2025, "name": "Bundesliga", "country": "Germany", "logo": "https://media.api-sports.io/football/leagues/78.png", "flag": "https://media.api-sports.io/flags/de.svg"}}, {"player": {"id": 48765, "name": "J. Schmied", "photo": "https://media.api-sports.io/football/players/48765.png", "type": "Missing Fixture", "reason": "Thigh Injury"}, "team": {"id": 192, "name": "1. FC K\u00f6ln", "logo": "https://media.api-sports.io/football/teams/192.png"}, "fixture": {"id": 1388463, "timezone": "UTC", "date": "2026-01-17T14:30:00+00:00", "timestamp": 1768660200}, "league": {"id": 78, "season": 2025, "name": "Bundesliga", "country": "Germany", "logo": "https://media.api-sports.io/football/leagues/78.png", "flag": "https://media.api-sports.io/flags/de.svg"}}, {"player": {"id": 26237, "name": "D. Heintz", "photo": "https://media.api-sports.io/football/players/26237.png", "type": "Missing Fixture", "reason": "Injury"}, "team": {"id": 192, "name": "1. FC K\u00f6ln", "logo": "https://media.api-sports.io/football/teams/192.png"}, "fixture": {"id": 1388474, "timezone": "UTC", "date": "2026-01-25T16:30:00+00:00", "timestamp": 1769358600}, "league": {"id": 78, "season": 2025, "name": "Bundesliga", "country": "Germany", "logo": "https://media.api-sports.io/football/leagues/78.png", "flag": "https://media.api-sports.io/flags/de.svg"}}, {"player": {"id": 90641, "name": "T. Hubers", "photo": "https://media.api-sports.io/football/players/90641.png", "type": "Missing Fixture", "reason": "Knee Injury"}, "team": {"id": 192, "name": "1. FC K\u00f6ln", "logo": "https://media.api-sports.io/football/teams/192.png"}, "fixture": {"id": 1388474, "timezone": "UTC", "date": "2026-01-25T16:30:00+00:00", "timestamp": 1769358600}, "league": {"id": 78, "season": 2025, "name": "Bundesliga", "country": "Germany", "logo": "https://media.api-sports.io/football/leagues/78.png", "flag": "https://media.api-sports.io/flags/de.svg"}}, {"player": {"id": 108474, "name": "L. Kilian", "photo": "https://media.api-sports.io/football/players/108474.png", "type": "Missing Fixture", "reason": "Knee Injury"}, "team": {"id": 192, "name": "1. FC K\u00f6ln", "logo": "https://media.api-sports.io/football/teams/192.png"}, "fixture": {"id": 1388474, "timezone": "UTC", "date": "2026-01-25T16:30:00+00:00", "timestamp": 1769358600}, "league": {"id": 78, "season": 2025, "name": "Bundesliga", "country": "Germany", "logo": "https://media.api-sports.io/football/leagues/78.png", "flag": "https://media.api-sports.io/flags/de.svg"}}, {"player": {"id": 48765, "name": "J. Schmied", "photo": "https://media.api-sports.io/football/players/48765.png", "type": "Missing Fixture", "reason": "Thigh Injury"}, "team": {"id": 192, "name": "1. FC K\u00f6ln", "logo": "https://media.api-sports.io/football/teams/192.png"}, "fixture": {"id": 1388474, "timezone": "UTC", "date": "2026-01-25T16:30:00+00:00", "timestamp": 1769358600}, "league": {"id": 78, "season": 2025, "name": "Bundesliga", "country": "Germany", "logo": "https://media.api-sports.io/football/leagues/78.png", "flag": "https://media.api-sports.io/flags/de.svg"}}, {"player": {"id": 404656, "name": "J. Simpson-Pusey", "photo": "https://media.api-sports.io/football/players/404656.png", "type": "Missing Fixture", "reason": "Muscle Injury"}, "team": {"id": 192, "name": "1. FC K\u00f6ln", "logo": "https://media.api-sports.io/football/teams/192.png"}, "fixture": {"id": 1388474, "timezone": "UTC", "date": "2026-01-25T16:30:00+00:00", "timestamp": 1769358600}, "league": {"id": 78, "season": 2025, "name": "Bundesliga", "country": "Germany", "logo": "https://media.api-sports.io/football/leagues/78.png", "flag": "https://media.api-sports.io/flags/de.svg"}}, {"player": {"id": 90641, "name": "T. Hubers", "photo": "https://media.api-sports.io/football/players/90641.png", "type": "Missing Fixture", "reason": "Knee Injury"}, "team": {"id": 192, "name": "1. FC K\u00f6ln", "logo": "https://media.api-sports.io/football/teams/192.png"}, "fixture": {"id": 1388482, "timezone": "UTC", "date": "2026-01-30T19:30:00+00:00", "timestamp": 1769801400}, "league": {"id": 78, "season": 2025, "name": "Bundesliga", "country": "Germany", "logo": "https://media.api-sports.io/football/leagues/78.png", "flag": "https://media.api-sports.io/flags/de.svg"}}, {"player": {"id": 108474, "name": "L. Kilian", "photo": "https://media.api-sports.io/football/players/108474.png", "type": "Missing Fixture", "reason": "Knee Injury"}, "team": {"id": 192, "name": "1. FC K\u00f6ln", "logo": "https://media.api-sports.io/football/teams/192.png"}, "fixture": {"id": 1388482, "timezone": "UTC", "date": "2026-01-30T19:30:00+00:00", "timestamp": 1769801400}, "league": {"id": 78, "season": 2025, "name": "Bundesliga", "country": "Germany", "logo": "https://media.api-sports.io/football/leagues/78.png", "flag": "https://media.api-sports.io/flags/de.svg"}}, {"player": {"id": 48765, "name": "J. Schmied", "photo": "https://media.api-sports.io/football/players/48765.png", "type": "Missing Fixture", "reason": "Thigh Injury"}, "team": {"id": 192, "name": "1. FC K\u00f6ln", "logo": "https://media.api-sports.io/football/teams/192.png"}, "fixture": {"id": 1388482, "timezone": "UTC", "date": "2026-01-30T19:30:00+00:00", "timestamp": 1769801400}, "league": {"id": 78, "season": 2025, "name": "Bundesliga", "country": "Germany", "logo": "https://media.api-sports.io/football/leagues/78.png", "flag": "https://media.api-sports.io/flags/de.svg"}}, {"player": {"id": 404656, "name": "J. Simpson-Pusey", "photo": "https://media.api-sports.io/football/players/404656.png", "type": "Missing Fixture", "reason": "Muscle Injury"}, "team": {"id": 192, "name": "1. FC K\u00f6ln", "logo": "https://media.api-sports.io/football/teams/192.png"}, "fixture": {"id": 1388482, "timezone": "UTC", "date": "2026-01-30T19:30:00+00:00", "timestamp": 1769801400}, "league": {"id": 78, "season": 2025, "name": "Bundesliga", "country": "Germany", "logo": "https://media.api-sports.io/football/leagues/78.png", "flag": "https://media.api-sports.io/flags/de.svg"}}, {"player": {"id": 8641, "name": "A. Castro-Montes", "photo": "https://media.api-sports.io/football/players/8641.png", "type": "Missing Fixture", "reason": "Injury"}, "team": {"id": 192, "name": "1. FC K\u00f6ln", "logo": "https://media.api-sports.io/football/teams/192.png"}, "fixture": {"id": 1388490, "timezone": "UTC", "date": "2026-02-08T14:30:00+00:00", "timestamp": 1770561000}, "league": {"id": 78, "season": 2025, "name": "Bundesliga", "country": "Germany", "logo": "https://media.api-sports.io/football/leagues/78.png", "flag": "https://media.api-sports.io/flags/de.svg"}}, {"player": {"id": 90641, "name": "T. Hubers", "photo": "https://media.api-sports.io/football/players/90641.png", "type": "Missing Fixture", "reason": "Knee Injury"}, "team": {"id": 192, "name": "1. FC K\u00f6ln", "logo": "https://media.api-sports.io/football/teams/192.png"}, "fixture": {"id": 1388490, "timezone": "UTC", "date": "2026-02-08T14:30:00+00:00", "timestamp": 1770561000}, "league": {"id": 78, "season": 2025, "name": "Bundesliga", "country": "Germany", "logo": "https://media.api-sports.io/football/leagues/78.png", "flag": "https://media.api-sports.io/flags/de.svg"}}, {"player": {"id": 108474, "name": "L. Kilian", "photo": "https://media.api-sports.io/football/players/108474.png", "type": "Missing Fixture", "reason": "Knee Injury"}, "team": {"id": 192, "name": "1. FC K\u00f6ln", "logo": "https://media.api-sports.io/football/teams/192.png"}, "fixture": {"id": 1388490, "timezone": "UTC", "date": "2026-02-08T14:30:00+00:00", "timestamp": 1770561000}, "league": {"id": 78, "season": 2025, "name": "Bundesliga", "country": "Germany", "logo": "https://media.api-sports.io/football/leagues/78.png", "flag": "https://media.api-sports.io/flags/de.svg"}}, {"player": {"id": 25380, "name": "L. Maina", "photo": "https://media.api-sports.io/football/players/25380.png", "type": "Missing Fixture", "reason": "Ribs Injury"}, "team": {"id": 192, "name": "1. FC K\u00f6ln", "logo": "https://media.api-sports.io/football/teams/192.png"}, "fixture": {"id": 1388490, "timezone": "UTC", "date": "2026-02-08T14:30:00+00:00", "timestamp": 1770561000}, "league": {"id": 78, "season": 2025, "name": "Bundesliga", "country": "Germany", "logo": "https://media.api-sports.io/football/leagues/78.png", "flag": "https://media.api-sports.io/flags/de.svg"}}, {"player": {"id": 404656, "name": "J. Simpson-Pusey", "photo": "https://media.api-sports.io/football/players/404656.png", "type": "Missing Fixture", "reason": "Muscle Injury"}, "team": {"id": 192, "name": "1. FC K\u00f6ln", "logo": "https://media.api-sports.io/football/teams/192.png"}, "fixture": {"id": 1388490, "timezone": "UTC", "date": "2026-02-08T14:30:00+00:00", "timestamp": 1770561000}, "league": {"id": 78, "season": 2025, "name": "Bundesliga", "country": "Germany", "logo": "https://media.api-sports.io/football/leagues/78.png", "flag": "https://media.api-sports.io/flags/de.svg"}}, {"player": {"id": 26237, "name": "D. Heintz", "photo": "https://media.api-sports.io/football/players/26237.png", "type": "Missing Fixture", "reason": "Injury"}, "team": {"id": 192, "name": "1. FC K\u00f6ln", "logo": "https://media.api-sports.io/football/teams/192.png"}, "fixture": {"id": 1388504, "timezone": "UTC", "date": "2026-02-14T17:30:00+00:00", "timestamp": 1771090200}, "league": {"id": 78, "season": 2025, "name": "Bundesliga", "country": "Germany", "logo": "https://media.api-sports.io/football/leagues/78.png", "flag": "https://media.api-sports.io/flags/de.svg"}}, {"player": {"id": 90641, "name": "T. Hubers", "photo": "https://media.api-sports.io/football/players/90641.png", "type": "Missing Fixture", "reason": "Knee Injury"}, "team": {"id": 192, "name": "1. FC K\u00f6ln", "logo": "https://media.api-sports.io/football/teams/192.png"}, "fixture": {"id": 1388504, "timezone": "UTC", "date": "2026-02-14T17:30:00+00:00", "timestamp": 1771090200}, "league": {"id": 78, "season": 2025, "name": "Bundesliga", "country": "Germany", "logo": "https://media.api-sports.io/football/leagues/78.png", "flag": "https://media.api-sports.io/flags/de.svg"}}, {"player": {"id": 48198, "name": "I. Johannesson", "photo": "https://media.api-sports.io/football/players/48198.png", "type": "Missing Fixture", "reason": "Illness"}, "team": {"id": 192, "name": "1. FC K\u00f6ln", "logo": "https://media.api-sports.io/football/teams/192.png"}, "fixture": {"id": 1388504, "timezone": "UTC", "date": "2026-02-14T17:30:00+00:00", "timestamp": 1771090200}, "league": {"id": 78, "season": 2025, "name": "Bundesliga", "country": "Germany", "logo": "https://media.api-sports.io/football/leagues/78.png", "flag": "https://media.api-sports.io/flags/de.svg"}}, {"player": {"id": 108474, "name": "L. Kilian", "photo": "https://media.api-sports.io/football/players/108474.png", "type": "Missing Fixture", "reason": "Knee Injury"}, "team": {"id": 192, "name": "1. FC K\u00f6ln", "logo": "https://media.api-sports.io/football/teams/192.png"}, "fixture": {"id": 1388504, "timezone": "UTC", "date": "2026-02-14T17:30:00+00:00", "timestamp": 1771090200}, "league": {"id": 78, "season": 2025, "name": "Bundesliga", "country": "Germany", "logo": "https://media.api-sports.io/football/leagues/78.png", "flag": "https://media.api-sports.io/flags/de.svg"}}, {"player": {"id": 25380, "name": "L. Maina", "photo": "https://media.api-sports.io/football/players/25380.png", "type": "Missing Fixture", "reason": "Ribs Injury"}, "team": {"id": 192, "name": "1. FC K\u00f6ln", "logo": "https://media.api-sports.io/football/teams/192.png"}, "fixture": {"id": 1388504, "timezone": "UTC", "date": "2026-02-14T17:30:00+00:00", "timestamp": 1771090200}, "league": {"id": 78, "season": 2025, "name": "Bundesliga", "country": "Germany", "logo": "https://media.api-sports.io/football/leagues/78.png", "flag": "https://media.api-sports.io/flags/de.svg"}}, {"player": {"id": 404656, "name": "J. Simpson-Pusey", "photo": "https://media.api-sports.io/football/players/404656.png", "type": "Missing Fixture", "reason": "Muscle Injury"}, "team": {"id": 192, "name": "1. FC K\u00f6ln", "logo": "https://media.api-sports.io/football/teams/192.png"}, "fixture": {"id": 1388504, "timezone": "UTC", "date": "2026-02-14T17:30:00+00:00", "timestamp": 1771090200}, "league": {"id": 78, "season": 2025, "name": "Bundesliga", "country": "Germany", "logo": "https://media.api-sports.io/football/leagues/78.png", "flag": "https://media.api-sports.io/flags/de.svg"}}, {"player": {"id": 8641, "name": "A. Castro-Montes", "photo": "https://media.api-sports.io/football/players/8641.png", "type": "Questionable", "reason": "Injury"}, "team": {"id": 192, "name": "1. FC K\u00f6ln", "logo": "https://media.api-sports.io/football/teams/192.png"}, "fixture": {"id": 1388504, "timezone": "UTC", "date": "2026-02-14T17:30:00+00:00", "timestamp": 1771090200}, "league": {"id": 78, "season": 2025, "name": "Bundesliga", "country": "Germany", "logo": "https://media.api-sports.io/football/leagues/78.png", "flag": "https://media.api-sports.io/flags/de.svg"}}]}