{"get": "fixtures", "parameters": {"league": "135", "season": "2025", "team": "492", "status": "FT", "last": "10"}, "errors": [], "results": 10, "paging": {"current": 1, "total": 1}, "response": [{"fixture": {"id": 1378097, "referee": "Davide Massa, Italy", "timezone": "UTC", "date": "2026-02-07T17:00:00+00:00", "timestamp": 1770483600, "periods": {"first": 1770483600, "second": 1770487200}, "venue": {"id": 905, "name": "Stadio Luigi Ferraris", "city": "Genoa"}, "status": {"long": "Match Finished", "short": "FT", "elapsed": 90, "extra": 9}}, "league": {"id": 135, "name": "Serie A", "country": "Italy", "logo": "https://media.api-sports.io/football/leagues/135.png", "flag": "https://media.api-sports.io/flags/it.svg", "season": 2025, "round": "Regular Season - 24", "standings": true}, "teams": {"home": {"id": 495, "name": "Genoa", "logo": "https://media.api-sports.io/football/teams/495.png", "winner": false}, "away": {"id": 492, "name": "Napoli", "logo": "https://media.api-sports.io/football/teams/492.png", "winner": true}}, "goals": {"home": 2, "away": 3}, "score": {"halftime": {"home": 1, "away": 2}, "fulltime": {"home": 2, "away": 3}, "extratime": {"home": null, "away": null}, "penalty": {"home": null, "away": null}}}, {"fixture": {"id": 1378089, "referee": "Federico La Penna, Italy", "timezone": "UTC", "date": "2026-01-31T17:00:00+00:00", "timestamp": 1769878800, "periods": {"first": 1769878800, "second": 1769882400}, "venue": {"id": null, "name": "Stadio Diego Armando Maradona", "city": "Naples"}, "status": {"long": "Match Finished", "short": "FT", "elapsed": 90, "extra": 5}}, "league": {"id": 135, "name": "Serie A", "country": "Italy", "logo": "https://media.api-sports.io/football/leagues/135.png", "flag": "https://media.api-sports.io/flags/it.svg", "season": 2025, "round": "Regular Season - 23", "standings": true}, "teams": {"home": {"id": 492, "name": "Napoli", "logo": "https://media.api-sports.io/football/teams/492.png", "winner": true}, "away": {"id": 502, "name": "Fiorentina", "logo": "https://media.api-sports.io/football/teams/502.png", "winner": false}}, "goals": {"home": 2, "away": 1}, "score": {"halftime": {"home": 1, "away": 0}, "fulltime": {"home": 2, "away": 1}, "extratime": {"home": null, "away": null}, "penalty": {"home": null, "away": null}}}, {"fixture": {"id": 1378079, "referee": "Maurizio Mariani, Italy", "timezone": "UTC", "date": "2026-01-25T17:00:00+00:00", "timestamp": 1769360400, "periods": {"first": 1769360400, "second": 1769364000}, "venue": {"id": null, "name": "Allianz Stadium", "city": "Turin"}, "status": {"long": "Match Finished", "short": "FT", "elapsed": 90, "extra": 4}}, "league": {"id": 135, "name": "Serie A", "country": "Italy", "logo": "https://media.api-sports.io/football/leagues/135.png", "flag": "https://media.api-sports.io/flags/it.svg", "season": 2025, "round": "Regular Season - 22", "standings": true}, "teams": {"home": {"id": 496, "name": "Juventus", "logo": "https://media.api-sports.io/football/teams/496.png", "winner": true}, "away": {"id": 492, "name": "Napoli", "logo": "https://media.api-sports.io/football/teams/492.png", "winner": false}}, "goals": {"home": 3, "away": 0}, "score": {"halftime": {"home": 1, "away": 0}, "fulltime": {"home": 3, "away": 0}, "extratime": {"home": null, "away": null}, "penalty": {"home": null, "away": null}}}, {"fixture": {"id": 1378069, "referee": "Francesco Fourneau, Italy", "timezone": "UTC", "date": "2026-01-17T17:00:00+00:00", "timestamp": 1768669200, "periods": {"first": 1768669200, "second": 1768672800}, "venue": {"id": null, "name": "Stadio Diego Armando Maradona", "city": "Naples"}, "status": {"long": "Match Finished", "short": "FT", "elapsed": 90, "extra": 7}}, "league": {"id": 135, "name": "Serie A", "country": "Italy", "logo": "https://media.api-sports.io/football/leagues/135.png", "flag": "https://media.api-sports.io/flags/it.svg", "season": 2025, "round": "Regular Season - 21", "standings": true}, "teams": {"home": {"id": 492, "name": "Napoli", "logo": "https://media.api-sports.io/football/teams/492.png", "winner": true}, "away": {"id": 488, "name": "Sassuolo", "logo": "https://media.api-sports.io/football/teams/488.png", "winner": false}}, "goals": {"home": 1, "away": 0}, "score": {"halftime": {"home": 1, "away": 0}, "fulltime": {"home": 1, "away": 0}, "extratime": {"home": null, "away": null}, "penalty": {"home": null, "away": null}}}, {"fixture": {"id": 1378021, "referee": "Michael Fabbri, Italy", "timezone": "UTC", "date": "2026-01-14T17:30:00+00:00", "timestamp": 1768411800, "periods": {"first": 1768411800, "second": 1768415400}, "venue": {"id": null, "name": "Stadio Diego Armando Maradona", "city": "Naples"}, "status": {"long": "Match Finished", "short": "FT", "elapsed": 90, "extra": 5}}, "league": {"id": 135, "name": "Serie A", "country": "Italy", "logo": "https://media.api-sports.io/football/leagues/135.png", "flag": "https://media.api-sports.io/flags/it.svg", "season": 2025, "round": "Regular Season - 16", "standings": true}, "teams": {"home": {"id": 492, "name": "Napoli", "logo": "https://media.api-sports.io/football/teams/492.png", "winner": null}, "away": {"id": 523, "name": "Parma", "logo": "https://media.api-sports.io/football/teams/523.png", "winner": null}}, "goals": {"home": 0, "away": 0}, "score": {"halftime": {"home": 0, "away": 0}, "fulltime": {"home": 0, "away": 0}, "extratime": {"home": null, "away": null}, "penalty": {"home": null, "away": null}}}, {"fixture": {"id": 1378058, "referee": "Daniele Doveri, Italy", "timezone": "UTC", "date": "2026-01-11T19:45:00+00:00", "timestamp": 1768160700, "periods": {"first": 1768160700, "second": 1768164300}, "venue": {"id": 907, "name": "Stadio Giuseppe Meazza", "city": "Milan"}, "status": {"long": "Match Finished", "short": "FT", "elapsed": 90, "extra": 6}}, "league": {"id": 135, "name": "Serie A", "country": "Italy", "logo": "https://media.api-sports.io/football/leagues/135.png", "flag": "https://media.api-sports.io/flags/it.svg", "season": 2025, "round": "Regular Season - 20", "standings": true}, "teams": {"home": {"id": 505, "name": "Inter", "logo": "https://media.api-sports.io/football/teams/505.png", "winner": null}, "away": {"id": 492, "name": "Napoli", "logo": "https://media.api-sports.io/football/teams/492.png", "winner": null}}, "goals": {"home": 2, "away": 2}, "score": {"halftime": {"home": 1, "away": 1}, "fulltime": {"home": 2, "away": 2}, "extratime": {"home": null, "away": null}, "penalty": {"home": null, "away": null}}}, {"fixture": {"id": 1378049, "referee": "Matteo Marchetti, Italy", "timezone": "UTC", "date": "2026-01-07T17:30:00+00:00", "timestamp": 1767807000, "periods": {"first": 1767807000, "second": 1767810600}, "venue": {"id": null, "name": "Stadio Diego Armando Maradona", "city": "Naples"}, "status": {"long": "Match Finished", "short": "FT", "elapsed": 90, "extra": 8}}, "league": {"id": 135, "name": "Serie A", "country": "Italy", "logo": "https://media.api-sports.io/football/leagues/135.png", "flag": "https://media.api-sports.io/flags/it.svg", "season": 2025, "round": "Regular Season - 19", "standings": true}, "teams": {"home": {"id": 492, "name": "Napoli", "logo": "https://media.api-sports.io/football/teams/492.png", "winner": null}, "away": {"id": 504, "name": "Verona", "logo": "https://media.api-sports.io/football/teams/504.png", "winner": null}}, "goals": {"home": 2, "away": 2}, "score": {"halftime": {"home": 0, "away": 2}, "fulltime": {"home": 2, "away": 2}, "extratime": {"home": null, "away": null}, "penalty": {"home": null, "away": null}}}, {"fixture": {"id": 1378041, "referee": "Davide Massa, Italy", "timezone": "UTC", "date": "2026-01-04T11:30:00+00:00", "timestamp": 1767526200, "periods": {"first": 1767526200, "second": 1767529800}, "venue": {"id": null, "name": "Stadio Olimpico", "city": "Rome"}, "status": {"long": "Match Finished", "short": "FT", "elapsed": 90, "extra": 5}}, "league": {"id": 135, "name": "Serie A", "country": "Italy", "logo": "https://media.api-sports.io/football/leagues/135.png", "flag": "https://media.api-sports.io/flags/it.svg", "season": 2025, "round": "Regular Season - 18", "standings": true}, "teams": {"home": {"id": 487, "name": "Lazio", "logo": "https://media.api-sports.io/football/teams/487.png", "winner": false}, "away": {"id": 492, "name": "Napoli", "logo": "https://media.api-sports.io/football/teams/492.png", "winner": true}}, "goals": {"home": 0, "away": 2}, "score": {"halftime": {"home": 0, "away": 2}, "fulltime": {"home": 0, "away": 2}, "extratime": {"home": null, "away": null}, "penalty": {"home": null, "away": null}}}, {"fixture": {"id": 1378026, "referee": "Maurizio Mariani, Italy", "timezone": "UTC", "date": "2025-12-28T14:00:00+00:00", "timestamp": 1766930400, "periods": {"first": 1766930400, "second": 1766934000}, "venue": {"id": 894, "name": "Stadio Giovanni Zini", "city": "Cremona"}, "status": {"long": "Match Finished", "short": "FT", "elapsed": 90, "extra": 5}}, "league": {"id": 135, "name": "Serie A", "country": "Italy", "logo": "https://media.api-sports.io/football/leagues/135.png", "flag": "https://media.api-sports.io/flags/it.svg", "season": 2025, "round": "Regular Season - 17", "standings": true}, "teams": {"home": {"id": 520, "name": "Cremonese", "logo": "https://media.api-sports.io/football/teams/520.png", "winner": false}, "away": {"id": 492, "name": "Napoli", "logo": "https://media.api-sports.io/football/teams/492.png", "winner": true}}, "goals": {"home": 0, "away": 2}, "score": {"halftime": {"home": 0, "away": 2}, "fulltime": {"home": 0, "away": 2}, "extratime": {"home": null, "away": null}, "penalty": {"home": null, "away": null}}}, {"fixture": {"id": 1378013, "referee": "Simone Sozza, Italy", "timezone": "UTC", "date": "2025-12-14T14:00:00+00:00", "timestamp": 1765720800, "periods": {"first": 1765720800, "second": 1765724400}, "venue": {"id": 20416, "name": "Bluenergy Stadium - Stadio Friuli", "city": "Udine"}, "status": {"long": "Match Finished", "short": "FT", "elapsed": 90, "extra": 7}}, "league": {"id": 135, "name": "Serie A", "country": "Italy", "logo": "https://media.api-sports.io/football/leagues/135.png", "flag": "https://media.api-sports.io/flags/it.svg", "season": 2025, "round": "Regular Season - 15", "standings": true}, "teams": {"home": {"id": 494, "name": "Udinese", "logo": "https://media.api-sports.io/football/teams/494.png", "winner": true}, "away": {"id": 492, "name": "Napoli", "logo": "https://media.api-sports.io/football/teams/492.png", "winner": false}}, "goals": {"home": 1, "away": 0}, "score": {"halftime": {"home": 0, "away": 0}, "fulltime": {"home": 1, "away": 0}, "extratime": {"home": null, "away": null}, "penalty": {"home": null, "away": null}}}]}