{"get": "fixtures", "parameters": {"league": "135", "season": "2025", "team": "502", "status": "FT", "last": "10"}, "errors": [], "results": 10, "paging": {"current": 1, "total": 1}, "response": [{"fixture": {"id": 1378096, "referee": "Andrea Colombo, Italy", "timezone": "UTC", "date": "2026-02-07T19:45:00+00:00", "timestamp": 1770493500, "periods": {"first": 1770493500, "second": 1770497100}, "venue": {"id": null, "name": "Stadio Artemio Franchi", "city": "Florence"}, "status": {"long": "Match Finished", "short": "FT", "elapsed": 90, "extra": 7}}, "league": {"id": 135, "name": "Serie A", "country": "Italy", "logo": "https://media.api-sports.io/football/leagues/135.png", "flag": "https://media.api-sports.io/flags/it.svg", "season": 2025, "round": "Regular Season - 24", "standings": true}, "teams": {"home": {"id": 502, "name": "Fiorentina", "logo": "https://media.api-sports.io/football/teams/502.png", "winner": null}, "away": {"id": 503, "name": "Torino", "logo": "https://media.api-sports.io/football/teams/503.png", "winner": null}}, "goals": {"home": 2, "away": 2}, "score": {"halftime": {"home": 0, "away": 1}, "fulltime": {"home": 2, "away": 2}, "extratime": {"home": null, "away": null}, "penalty": {"home": null, "away": null}}}, {"fixture": {"id": 1378089, "referee": "Federico La Penna, Italy", "timezone": "UTC", "date": "2026-01-31T17:00:00+00:00", "timestamp": 1769878800, "periods": {"first": 1769878800, "second": 1769882400}, "venue": {"id": null, "name": "Stadio Diego Armando Maradona", "city": "Naples"}, "status": {"long": "Match Finished", "short": "FT", "elapsed": 90, "extra": 5}}, "league": {"id": 135, "name": "Serie A", "country": "Italy", "logo": "https://media.api-sports.io/football/leagues/135.png", "flag": "https://media.api-sports.io/flags/it.svg", "season": 2025, "round": "Regular Season - 23", "standings": true}, "teams": {"home": {"id": 492, "name": "Napoli", "logo": "https://media.api-sports.io/football/teams/492.png", "winner": true}, "away": {"id": 502, "name": "Fiorentina", "logo": "https://media.api-sports.io/football/teams/502.png", "winner": false}}, "goals": {"home": 2, "away": 1}, "score": {"halftime": {"home": 1, "away": 0}, "fulltime": {"home": 2, "away": 1}, "extratime": {"home": null, "away": null}, "penalty": {"home": null, "away": null}}}, {"fixture": {"id": 1378076, "referee": "Marco Guida, Italy", "timezone": "UTC", "date": "2026-01-24T17:00:00+00:00", "timestamp": 1769274000, "periods": {"first": 1769274000, "second": 1769277600}, "venue": {"id": null, "name": "Stadio Artemio Franchi", "city": "Florence"}, "status": {"long": "Match Finished", "short": "FT", "elapsed": 90, "extra": 8}}, "league": {"id": 135, "name": "Serie A", "country": "Italy", "logo": "https://media.api-sports.io/football/leagues/135.png", "flag": "https://media.api-sports.io/flags/it.svg", "season": 2025, "round": "Regular Season - 22", "standings": true}, "teams": {"home": {"id": 502, "name": "Fiorentina", "logo": "https://media.api-sports.io/football/teams/502.png", "winner": false}, "away": {"id": 490, "name": "Cagliari", "logo": "https://media.api-sports.io/football/teams/490.png", "winner": true}}, "goals": {"home": 1, "away": 2}, "score": {"halftime": {"home": 0, "away": 1}, "fulltime": {"home": 1, "away": 2}, "extratime": {"home": null, "away": null}, "penalty": {"home": null, "away": null}}}, {"fixture": {"id": 1378064, "referee": "Daniele Doveri, Italy", "timezone": "UTC", "date": "2026-01-18T14:00:00+00:00", "timestamp": 1768744800, "periods": {"first": 1768744800, "second": 1768748400}, "venue": {"id": 881, "name": "Stadio Renato Dall'Ara", "city": "Bologna"}, "status": {"long": "Match Finished", "short": "FT", "elapsed": 90, "extra": 7}}, "league": {"id": 135, "name": "Serie A", "country": "Italy", "logo": "https://media.api-sports.io/football/leagues/135.png", "flag": "https://media.api-sports.io/flags/it.svg", "season": 2025, "round": "Regular Season - 21", "standings": true}, "teams": {"home": {"id": 500, "name": "Bologna", "logo": "https://media.api-sports.io/football/teams/500.png", "winner": false}, "away": {"id": 502, "name": "Fiorentina", "logo": "https://media.api-sports.io/football/teams/502.png", "winner": true}}, "goals": {"home": 1, "away": 2}, "score": {"halftime": {"home": 0, "away": 2}, "fulltime": {"home": 1, "away": 2}, "extratime": {"home": null, "away": null}, "penalty": {"home": null, "away": null}}}, {"fixture": {"id": 1378056, "referee": "Davide Massa, Italy", "timezone": "UTC", "date": "2026-01-11T14:00:00+00:00", "timestamp": 1768140000, "periods": {"first": 1768140000, "second": 1768143600}, "venue": {"id": null, "name": "Stadio Artemio Franchi", "city": "Florence"}, "status": {"long": "Match Finished", "short": "FT", "elapsed": 90, "extra": 8}}, "league": {"id": 135, "name": "Serie A", "country": "Italy", "logo": "https://media.api-sports.io/football/leagues/135.png", "flag": "https://media.api-sports.io/flags/it.svg", "season": 2025, "round": "Regular Season - 20", "standings": true}, "teams": {"home": {"id": 502, "name": "Fiorentina", "logo": "https://media.api-sports.io/football/teams/502.png", "winner": null}, "away": {"id": 489, "name": "AC Milan", "logo": "https://media.api-sports.io/football/teams/489.png", "winner": null}}, "goals": {"home": 1, "away": 1}, "score": {"halftime": {"home": 0, "away": 0}, "fulltime": {"home": 1, "away": 1}, "extratime": {"home": null, "away": null}, "penalty": {"home": null, "away": null}}}, {"fixture": {"id": 1378046, "referee": "Simone Sozza, Italy", "timezone": "UTC", "date": "2026-01-07T19:45:00+00:00", "timestamp": 1767815100, "periods": {"first": 1767815100, "second": 1767818700}, "venue": {"id": null, "name": "Stadio Olimpico", "city": "Rome"}, "status": {"long": "Match Finished", "short": "FT", "elapsed": 90, "extra": 9}}, "league": {"id": 135, "name": "Serie A", "country": "Italy", "logo": "https://media.api-sports.io/football/leagues/135.png", "flag": "https://media.api-sports.io/flags/it.svg", "season": 2025, "round": "Regular Season - 19", "standings": true}, "teams": {"home": {"id": 487, "name": "Lazio", "logo": "https://media.api-sports.io/football/teams/487.png", "winner": null}, "away": {"id": 502, "name": "Fiorentina", "logo": "https://media.api-sports.io/football/teams/502.png", "winner": null}}, "goals": {"home": 2, "away": 2}, "score": {"halftime": {"home": 0, "away": 0}, "fulltime": {"home": 2, "away": 2}, "extratime": {"home": null, "away": null}, "penalty": {"home": null, "away": null}}}, {"fixture": {"id": 1378037, "referee": "Federico La Penna, Italy", "timezone": "UTC", "date": "2026-01-04T14:00:00+00:00", "timestamp": 1767535200, "periods": {"first": 1767535200, "second": 1767538800}, "venue": {"id": null, "name": "Stadio Artemio Franchi", "city": "Florence"}, "status": {"long": "Match Finished", "short": "FT", "elapsed": 90, "extra": 6}}, "league": {"id": 135, "name": "Serie A", "country": "Italy", "logo": "https://media.api-sports.io/football/leagues/135.png", "flag": "https://media.api-sports.io/flags/it.svg", "season": 2025, "round": "Regular Season - 18", "standings": true}, "teams": {"home": {"id": 502, "name": "Fiorentina", "logo": "https://media.api-sports.io/football/teams/502.png", "winner": true}, "away": {"id": 520, "name": "Cremonese", "logo": "https://media.api-sports.io/football/teams/520.png", "winner": false}}, "goals": {"home": 1, "away": 0}, "score": {"halftime": {"home": 0, "away": 0}, "fulltime": {"home": 1, "away": 0}, "extratime": {"home": null, "away": null}, "penalty": {"home": null, "away": null}}}, {"fixture": {"id": 1378029, "referee": "Marco Guida, Italy", "timezone": "UTC", "date": "2025-12-27T11:30:00+00:00", "timestamp": 1766835000, "periods": {"first": 1766835000, "second": 1766838600}, "venue": {"id": 921, "name": "Stadio Ennio Tardini", "city": "Parma"}, "status": {"long": "Match Finished", "short": "FT", "elapsed": 90, "extra": 10}}, "league": {"id": 135, "name": "Serie A", "country": "Italy", "logo": "https://media.api-sports.io/football/leagues/135.png", "flag": "https://media.api-sports.io/flags/it.svg", "season": 2025, "round": "Regular Season - 17", "standings": true}, "teams": {"home": {"id": 523, "name": "Parma", "logo": "https://media.api-sports.io/football/teams/523.png", "winner": true}, "away": {"id": 502, "name": "Fiorentina", "logo": "https://media.api-sports.io/football/teams/502.png", "winner": false}}, "goals": {"home": 1, "away": 0}, "score": {"halftime": {"home": 0, "away": 0}, "fulltime": {"home": 1, "away": 0}, "extratime": {"home": null, "away": null}, "penalty": {"home": null, "away": null}}}, {"fixture": {"id": 1378016, "referee": "Maurizio Mariani, Italy", "timezone": "UTC", "date": "2025-12-21T17:00:00+00:00", "timestamp": 1766336400, "periods": {"first": 1766336400, "second": 1766340000}, "venue": {"id": null, "name": "Stadio Artemio Franchi", "city": "Florence"}, "status": {"long": "Match Finished", "short": "FT", "elapsed": 90, "extra": 4}}, "league": {"id": 135, "name": "Serie A", "country": "Italy", "logo": "https://media.api-sports.io/football/leagues/135.png", "flag": "https://media.api-sports.io/flags/it.svg", "season": 2025, "round": "Regular Season - 16", "standings": true}, "teams": {"home": {"id": 502, "name": "Fiorentina", "logo": "https://media.api-sports.io/football/teams/502.png", "winner": true}, "away": {"id": 494, "name": "Udinese", "logo": "https://media.api-sports.io/football/teams/494.png", "winner": false}}, "goals": {"home": 5, "away": 1}, "score": {"halftime": {"home": 3, "away": 0}, "fulltime": {"home": 5, "away": 1}, "extratime": {"home": null, "away": null}, "penalty": {"home": null, "away": null}}}, {"fixture": {"id": 1378006, "referee": "Andrea Colombo, Italy", "timezone": "UTC", "date": "2025-12-14T14:00:00+00:00", "timestamp": 1765720800, "periods": {"first": 1765720800, "second": 1765724400}, "venue": {"id": null, "name": "Stadio Artemio Franchi", "city": "Florence"}, "status": {"long": "Match Finished", "short": "FT", "elapsed": 90, "extra": 7}}, "league": {"id": 135, "name": "Serie A", "country": "Italy", "logo": "https://media.api-sports.io/football/leagues/135.png", "flag": "https://media.api-sports.io/flags/it.svg", "season": 2025, "round": "Regular Season - 15", "standings": true}, "teams": {"home": {"id": 502, "name": "Fiorentina", "logo": "https://media.api-sports.io/football/teams/502.png", "winner": false}, "away": {"id": 504, "name": "Verona", "logo": "https://media.api-sports.io/football/teams/504.png", "winner": true}}, "goals": {"home": 1, "away": 2}, "score": {"halftime": {"home": 0, "away": 1}, "fulltime": {"home": 1, "away": 2}, "extratime": {"home": null, "away": null}, "penalty": {"home": null, "away": null}}}]}