{"get": "standings", "parameters": {"league": "78", "season": "2025"}, "errors": [], "results": 1, "paging": {"current": 1, "total": 1}, "response": [{"league": {"id": 78, "name": "Bundesliga", "country": "Germany", "logo": "https://media.api-sports.io/football/leagues/78.png", "flag": "https://media.api-sports.io/flags/de.svg", "season": 2025, "standings": [[{"rank": 1, "team": {"id": 157, "name": "Bayern M\u00fcnchen", "logo": "https://media.api-sports.io/football/teams/157.png"}, "points": 57, "goalsDiff": 63, "group": "Bundesliga ", "form": "WWDLW", "status": "same", "description": "Champions League", "all": {"played": 22, "win": 18, "draw": 3, "lose": 1, "goals": {"for": 82, "against": 19}}, "home": {"played": 11, "win": 9, "draw": 1, "lose": 1, "goals": {"for": 45, "against": 10}}, "away": {"played": 11, "win": 9, "draw": 2, "lose": 0, "goals": {"for": 37, "against": 9}}, "update": "2026-02-15T00:00:00+00:00"}, {"rank": 2, "team": {"id": 165, "name": "Borussia Dortmund", "logo": "https://media.api-sports.io/football/teams/165.png"}, "points": 51, "goalsDiff": 27, "group": "Bundesliga ", "form": "WWWWW", "status": "same", "description": "Champions League", "all": {"played": 22, "win": 15, "draw": 6, "lose": 1, "goals": {"for": 47, "against": 20}}, "home": {"played": 11, "win": 9, "draw": 2, "lose": 0, "goals": {"for": 26, "against": 8}}, "away": {"played": 11, "win": 6, "draw": 4, "lose": 1, "goals": {"for": 21, "against": 12}}, "update": "2026-02-15T00:00:00+00:00"}, {"rank": 3, "team": {"id": 167, "name": "1899 Hoffenheim", "logo": "https://media.api-sports.io/football/teams/167.png"}, "points": 45, "goalsDiff": 19, "group": "Bundesliga ", "form": "WLWWW", "status": "same", "description": "Champions League", "all": {"played": 22, "win": 14, "draw": 3, "lose": 5, "goals": {"for": 47, "against": 28}}, "home": {"played": 11, "win": 8, "draw": 0, "lose": 3, "goals": {"for": 27, "against": 13}}, "away": {"played": 11, "win": 6, "draw": 3, "lose": 2, "goals": {"for": 20, "against": 15}}, "update": "2026-02-15T00:00:00+00:00"}, {"rank": 4, "team": {"id": 172, "name": "VfB Stuttgart", "logo": "https://media.api-sports.io/football/teams/172.png"}, "points": 42, "goalsDiff": 12, "group": "Bundesliga ", "form": "WLWWD", "status": "same", "description": "Champions League", "all": {"played": 22, "win": 13, "draw": 3, "lose": 6, "goals": {"for": 41, "against": 29}}, "home": {"played": 11, "win": 8, "draw": 2, "lose": 1, "goals": {"for": 17, "against": 12}}, "away": {"played": 11, "win": 5, "draw": 1, "lose": 5, "goals": {"for": 24, "against": 17}}, "update": "2026-02-15T00:00:00+00:00"}, {"rank": 5, "team": {"id": 168, "name": "Bayer Leverkusen", "logo": "https://media.api-sports.io/football/teams/168.png"}, "points": 39, "goalsDiff": 16, "group": "Bundesliga ", "form": "WDWWL", "status": "same", "description": "UEFA Europa League", "all": {"played": 21, "win": 12, "draw": 3, "lose": 6, "goals": {"for": 43, "against": 27}}, "home": {"played": 11, "win": 7, "draw": 1, "lose": 3, "goals": {"for": 24, "against": 10}}, "away": {"played": 10, "win": 5, "draw": 2, "lose": 3, "goals": {"for": 19, "against": 17}}, "update": "2026-02-15T00:00:00+00:00"}, {"rank": 6, "team": {"id": 173, "name": "RB Leipzig", "logo": "https://media.api-sports.io/football/teams/173.png"}, "points": 39, "goalsDiff": 12, "group": "Bundesliga ", "form": "WLDWL", "status": "same", "description": "Conference League Qualification", "all": {"played": 21, "win": 12, "draw": 3, "lose": 6, "goals": {"for": 40, "against": 28}}, "home": {"played": 10, "win": 7, "draw": 0, "lose": 3, "goals": {"for": 23, "against": 13}}, "away": {"played": 11, "win": 5, "draw": 3, "lose": 3, "goals": {"for": 17, "against": 15}}, "update": "2026-02-15T00:00:00+00:00"}, {"rank": 7, "team": {"id": 169, "name": "Eintracht Frankfurt", "logo": "https://media.api-sports.io/football/teams/169.png"}, "points": 31, "goalsDiff": -2, "group": "Bundesliga ", "form": "WDLLD", "status": "same", "description": null, "all": {"played": 22, "win": 8, "draw": 7, "lose": 7, "goals": {"for": 44, "against": 46}}, "home": {"played": 11, "win": 5, "draw": 2, "lose": 4, "goals": {"for": 20, "against": 18}}, "away": {"played": 11, "win": 3, "draw": 5, "lose": 3, "goals": {"for": 24, "against": 28}}, "update": "2026-02-15T00:00:00+00:00"}, {"rank": 8, "team": {"id": 160, "name": "SC Freiburg", "logo": "https://media.api-sports.io/football/teams/160.png"}, "points": 30, "goalsDiff": -4, "group": "Bundesliga ", "form": "LWLWD", "status": "same", "description": null, "all": {"played": 22, "win": 8, "draw": 6, "lose": 8, "goals": {"for": 32, "against": 36}}, "home": {"played": 10, "win": 6, "draw": 3, "lose": 1, "goals": {"for": 19, "against": 11}}, "away": {"played": 12, "win": 2, "draw": 3, "lose": 7, "goals": {"for": 13, "against": 25}}, "update": "2026-02-15T00:00:00+00:00"}, {"rank": 9, "team": {"id": 175, "name": "Hamburger SV", "logo": "https://media.api-sports.io/football/teams/175.png"}, "points": 25, "goalsDiff": -7, "group": "Bundesliga ", "form": "WWDDD", "status": "same", "description": null, "all": {"played": 21, "win": 6, "draw": 7, "lose": 8, "goals": {"for": 24, "against": 31}}, "home": {"played": 11, "win": 5, "draw": 4, "lose": 2, "goals": {"for": 18, "against": 13}}, "away": {"played": 10, "win": 1, "draw": 3, "lose": 6, "goals": {"for": 6, "against": 18}}, "update": "2026-02-15T00:00:00+00:00"}, {"rank": 10, "team": {"id": 182, "name": "Union Berlin", "logo": "https://media.api-sports.io/football/teams/182.png"}, "points": 25, "goalsDiff": -9, "group": "Bundesliga ", "form": "LDLLD", "status": "same", "description": null, "all": {"played": 22, "win": 6, "draw": 7, "lose": 9, "goals": {"for": 28, "against": 37}}, "home": {"played": 11, "win": 3, "draw": 5, "lose": 3, "goals": {"for": 16, "against": 17}}, "away": {"played": 11, "win": 3, "draw": 2, "lose": 6, "goals": {"for": 12, "against": 20}}, "update": "2026-02-15T00:00:00+00:00"}, {"rank": 11, "team": {"id": 192, "name": "1. FC K\u00f6ln", "logo": "https://media.api-sports.io/football/teams/192.png"}, "points": 23, "goalsDiff": -6, "group": "Bundesliga ", "form": "LLWLW", "status": "same", "description": null, "all": {"played": 22, "win": 6, "draw": 5, "lose": 11, "goals": {"for": 31, "against": 37}}, "home": {"played": 11, "win": 4, "draw": 2, "lose": 5, "goals": {"for": 19, "against": 17}}, "away": {"played": 11, "win": 2, "draw": 3, "lose": 6, "goals": {"for": 12, "against": 20}}, "update": "2026-02-15T00:00:00+00:00"}, {"rank": 12, "team": {"id": 163, "name": "Borussia M\u00f6nchengladbach", "logo": "https://media.api-sports.io/football/teams/163.png"}, "points": 22, "goalsDiff": -12, "group": "Bundesliga ", "form": "LDDLD", "status": "same", "description": null, "all": {"played": 22, "win": 5, "draw": 7, "lose": 10, "goals": {"for": 25, "against": 37}}, "home": {"played": 11, "win": 2, "draw": 4, "lose": 5, "goals": {"for": 13, "against": 21}}, "away": {"played": 11, "win": 3, "draw": 3, "lose": 5, "goals": {"for": 12, "against": 16}}, "update": "2026-02-15T00:00:00+00:00"}, {"rank": 13, "team": {"id": 170, "name": "FC Augsburg", "logo": "https://media.api-sports.io/football/teams/170.png"}, "points": 22, "goalsDiff": -15, "group": "Bundesliga ", "form": "LWWDD", "status": "same", "description": null, "all": {"played": 21, "win": 6, "draw": 4, "lose": 11, "goals": {"for": 24, "against": 39}}, "home": {"played": 11, "win": 4, "draw": 3, "lose": 4, "goals": {"for": 14, "against": 19}}, "away": {"played": 10, "win": 2, "draw": 1, "lose": 7, "goals": {"for": 10, "against": 20}}, "update": "2026-02-15T00:00:00+00:00"}, {"rank": 14, "team": {"id": 164, "name": "FSV Mainz 05", "logo": "https://media.api-sports.io/football/teams/164.png"}, "points": 21, "goalsDiff": -12, "group": "Bundesliga ", "form": "LWWWL", "status": "same", "description": null, "all": {"played": 22, "win": 5, "draw": 6, "lose": 11, "goals": {"for": 25, "against": 37}}, "home": {"played": 11, "win": 3, "draw": 3, "lose": 5, "goals": {"for": 12, "against": 13}}, "away": {"played": 11, "win": 2, "draw": 3, "lose": 6, "goals": {"for": 13, "against": 24}}, "update": "2026-02-15T00:00:00+00:00"}, {"rank": 15, "team": {"id": 161, "name": "VfL Wolfsburg", "logo": "https://media.api-sports.io/football/teams/161.png"}, "points": 19, "goalsDiff": -15, "group": "Bundesliga ", "form": "LLLDW", "status": "same", "description": null, "all": {"played": 21, "win": 5, "draw": 4, "lose": 12, "goals": {"for": 29, "against": 44}}, "home": {"played": 11, "win": 2, "draw": 3, "lose": 6, "goals": {"for": 17, "against": 23}}, "away": {"played": 10, "win": 3, "draw": 1, "lose": 6, "goals": {"for": 12, "against": 21}}, "update": "2026-02-15T00:00:00+00:00"}, {"rank": 16, "team": {"id": 162, "name": "Werder Bremen", "logo": "https://media.api-sports.io/football/teams/162.png"}, "points": 19, "goalsDiff": -20, "group": "Bundesliga ", "form": "LLDLL", "status": "same", "description": "Relegation Playoffs", "all": {"played": 22, "win": 4, "draw": 7, "lose": 11, "goals": {"for": 22, "against": 42}}, "home": {"played": 11, "win": 3, "draw": 4, "lose": 4, "goals": {"for": 12, "against": 21}}, "away": {"played": 11, "win": 1, "draw": 3, "lose": 7, "goals": {"for": 10, "against": 21}}, "update": "2026-02-15T00:00:00+00:00"}, {"rank": 17, "team": {"id": 186, "name": "FC St. Pauli", "logo": "https://media.api-sports.io/football/teams/186.png"}, "points": 17, "goalsDiff": -19, "group": "Bundesliga ", "form": "LWLDD", "status": "same", "description": "Relegation", "all": {"played": 22, "win": 4, "draw": 5, "lose": 13, "goals": {"for": 20, "against": 39}}, "home": {"played": 10, "win": 3, "draw": 3, "lose": 4, "goals": {"for": 11, "against": 17}}, "away": {"played": 12, "win": 1, "draw": 2, "lose": 9, "goals": {"for": 9, "against": 22}}, "update": "2026-02-15T00:00:00+00:00"}, {"rank": 18, "team": {"id": 180, "name": "1. FC Heidenheim", "logo": "https://media.api-sports.io/football/teams/180.png"}, "points": 13, "goalsDiff": -28, "group": "Bundesliga ", "form": "LLLDL", "status": "same", "description": "Relegation", "all": {"played": 21, "win": 3, "draw": 4, "lose": 14, "goals": {"for": 19, "against": 47}}, "home": {"played": 11, "win": 2, "draw": 3, "lose": 6, "goals": {"for": 10, "against": 24}}, "away": {"played": 10, "win": 1, "draw": 1, "lose": 8, "goals": {"for": 9, "against": 23}}, "update": "2026-02-15T00:00:00+00:00"}]]}}]}